openTime,open,high,low,close,volume
1647475200000,1.00000000,28.00000000,1.00000000,8.51920000,59422632.28000000
1647561600000,8.51920000,18.00000000,8.51920000,13.08000000,182561145.14000000
1647648000000,13.08010000,14.75000000,11.42540000,11.72130000,54793544.04000000
1647734400000,11.72800000,11.94720000,9.50470000,9.63020000,48059311.98000000
1647820800000,9.62910000,11.00790000,9.56840000,10.50420000,50390386.20000000
1647907200000,10.51090000,12.58570000,10.20500000,12.21700000,47568581.62000000
1647993600000,12.21670000,13.50830000,11.50050000,13.31200000,45585881.45000000
1648080000000,13.30770000,14.50000000,12.77000000,12.90320000,37851263.85000000
1648166400000,12.89730000,13.69770000,12.23160000,12.38610000,22887281.56000000
1648252800000,12.38640000,14.24990000,12.35350000,13.82870000,25971798.54000000
1648339200000,13.82880000,14.35680000,13.29500000,14.27000000,21363791.31000000
1648425600000,14.27020000,15.55710000,13.88800000,14.02750000,29875468.71000000
1648512000000,14.02690000,14.56760000,13.33330000,13.59500000,18102005.94000000
1648598400000,13.59500000,14.58050000,13.03850000,14.21030000,21323972.74000000
1648684800000,14.21020000,14.39880000,12.50000000,12.70250000,17286226.74000000
1648771200000,12.70400000,13.60000000,12.23640000,12.81850000,12975716.19000000
1648857600000,12.82370000,13.81690000,12.35530000,12.42380000,14458733.18000000
1648944000000,12.42210000,12.92300000,11.86210000,12.38240000,10132758.77000000
1649030400000,12.38740000,12.42200000,11.13570000,11.93250000,9277266.58000000
1649116800000,11.93170000,12.79530000,11.51010000,11.62990000,12152740.59000000
1649203200000,11.62980000,12.03800000,10.51500000,10.65970000,15209336.26000000
1649289600000,10.66020000,11.29900000,10.62250000,11.17570000,8712817.38000000
1649376000000,11.17480000,11.61310000,10.66610000,10.77970000,8823281.11000000
1649462400000,10.77870000,11.04980000,10.60000000,10.97570000,4152046.25000000
1649548800000,10.97580000,12.40000000,10.83000000,12.07110000,15555338.06000000
1649635200000,12.07380000,12.22320000,10.66120000,10.94040000,21586866.39000000
1649721600000,10.94640000,12.11000000,10.70000000,11.59020000,15868878.55000000
1649808000000,11.58970000,13.48000000,11.45490000,13.24230000,24772560.10000000
1649894400000,13.24150000,13.57210000,11.93150000,12.26760000,18569350.36000000
1649980800000,12.26750000,12.62060000,11.98140000,12.23460000,8458715.80000000
1650067200000,12.23600000,12.29360000,11.29670000,11.66430000,7883047.11000000
1650153600000,11.66360000,12.10000000,11.44990000,11.69910000,7762109.63000000
1650240000000,11.69480000,11.91690000,10.90000000,11.86720000,10872749.99000000
1650326400000,11.87120000,13.53080000,11.67100000,13.37390000,19252702.66000000
1650412800000,13.37390000,17.52000000,12.96480000,16.72690000,66101707.85000000
1650499200000,16.72200000,16.78630000,14.05370000,14.28850000,34980312.88000000
1650585600000,14.28870000,15.48720000,13.69210000,15.36930000,24889565.67000000
1650672000000,15.36940000,18.44970000,15.16600000,16.69210000,49136851.02000000
1650758400000,16.68300000,17.87440000,15.90470000,16.81710000,31602952.93000000
1650844800000,16.81840000,19.60000000,16.18000000,19.33480000,42495151.45000000
1650931200000,19.34160000,19.57000000,17.41000000,18.07980000,35939105.05000000
1651017600000,18.08570000,19.94000000,17.84720000,19.41620000,27807055.02000000
1651104000000,19.41630000,27.60150000,19.10530000,23.70680000,57626916.47000000
1651190400000,23.70860000,24.45500000,18.31140000,19.12920000,89223935.77000000
1651276800000,19.13590000,25.60660000,19.13350000,19.97930000,71727724.55000000
1651363200000,19.99000000,20.44060000,15.53140000,15.87100000,61487032.79000000
1651449600000,15.87030000,17.35040000,14.20600000,15.05090000,45518047.50000000
1651536000000,15.05370000,15.79460000,13.86690000,14.15750000,29395157.23000000
1651622400000,14.15500000,17.65370000,14.00000000,15.57000000,63692099.24000000
1651708800000,15.56850000,16.77000000,12.88290000,13.69180000,41333698.49000000
1651795200000,13.69040000,13.89990000,12.68190000,13.26220000,26592139.24000000
1651881600000,13.26430000,13.33000000,12.11620000,12.34880000,20508145.81000000
1651968000000,12.35470000,12.51250000,11.07040000,11.23650000,19712511.95000000
1652054400000,11.23350000,11.64540000,7.90910000,8.00530000,51398074.34000000
1652140800000,8.00570000,10.20000000,7.79160000,9.03160000,60222967.90000000
1652227200000,9.02710000,9.44980000,5.17010000,5.71490000,74276573.90000000
1652313600000,5.73050000,9.05920000,5.40000000,7.82130000,93732691.29000000
1652400000000,7.82130000,9.80000000,7.66070000,8.54790000,62732824.19000000
1652486400000,8.54810000,9.16000000,7.21470000,8.66530000,31430619.30000000
1652572800000,8.65980000,9.20000000,8.06360000,9.13180000,23673432.40000000
1652659200000,9.12820000,9.12930000,7.82480000,8.07970000,23215633.64000000
1652745600000,8.07980000,9.27420000,8.06170000,8.87900000,29652737.67000000
1652832000000,8.87900000,9.08090000,7.62700000,7.98070000,23079746.63000000
1652918400000,7.97990000,8.30000000,7.42750000,8.07070000,19798250.03000000
1653004800000,8.07260000,8.38000000,7.52320000,7.75900000,16146037.64000000
1653091200000,7.75870000,8.24150000,7.56910000,8.03050000,9594357.81000000
1653177600000,8.02950000,8.23000000,7.76510000,8.02840000,10813623.45000000
1653264000000,8.02610000,8.49990000,7.59300000,7.75700000,18986691.13000000
1653350400000,7.75670000,7.89590000,7.00430000,7.51020000,15783449.03000000
1653436800000,7.50990000,7.72940000,7.25570000,7.34170000,10838531.20000000
1653523200000,7.34000000,7.44860000,6.21460000,6.37630000,19394466.71000000
1653609600000,6.37590000,6.47520000,5.79600000,6.08570000,21290874.69000000
1653696000000,6.08500000,6.40240000,6.04160000,6.23140000,9925437.65000000
1653782400000,6.23140000,6.36500000,5.97270000,6.23650000,8333366.69000000
1653868800000,6.23750000,7.48000000,6.15600000,7.22240000,18367483.52000000
1653955200000,7.22270000,7.33990000,6.53780000,6.78010000,14914826.07000000
1654041600000,6.77940000,7.03460000,5.93860000,6.10820000,13660019.41000000
1654128000000,6.10660000,6.48890000,5.97360000,6.39680000,10322055.81000000
1654214400000,6.39680000,6.49590000,5.99370000,6.13090000,7379608.78000000
1654300800000,6.13090000,6.22980000,6.00730000,6.19590000,4202035.37000000
1654387200000,6.19880000,6.26300000,6.05000000,6.09910000,4210884.26000000
1654473600000,6.09700000,6.44370000,6.08040000,6.38990000,6661532.03000000
1654560000000,6.38950000,6.39800000,5.84150000,6.03230000,8584157.25000000
1654646400000,6.03230000,6.12460000,5.65700000,5.70500000,6851756.57000000
1654732800000,5.70800000,5.92240000,5.65230000,5.72140000,4370853.33000000
1654819200000,5.72120000,5.74210000,5.12000000,5.17650000,7254260.86000000
1654905600000,5.17630000,5.59550000,4.67900000,4.74660000,12633238.78000000
1654992000000,4.74690000,4.79830000,3.87530000,3.88870000,18922599.38000000
1655078400000,3.88730000,3.98990000,3.20960000,3.49130000,39750183.90000000
1655164800000,3.48540000,3.95000000,3.25000000,3.61630000,26868223.80000000
1655251200000,3.61630000,4.28300000,3.06610000,4.16350000,33068151.90000000
1655337600000,4.16290000,4.30000000,3.29670000,3.37780000,23356912.72000000
1655424000000,3.37780000,3.84690000,3.34540000,3.74290000,16100535.18000000
1655510400000,3.74270000,3.86750000,3.11940000,3.61970000,23328092.71000000
1655596800000,3.62150000,4.52310000,3.40480000,4.13030000,30261238.76000000
1655683200000,4.12920000,4.83480000,3.85540000,4.49220000,34815348.57000000
1655769600000,4.49010000,4.86000000,4.32240000,4.39730000,24165513.07000000
1655856000000,4.40020000,4.40550000,3.95160000,3.98180000,17450320.19000000
1655942400000,3.97990000,4.48000000,3.96060000,4.39120000,13364319.05000000
1656028800000,4.39220000,4.62070000,4.35000000,4.48710000,10164910.38000000
1656115200000,4.48830000,4.67800000,4.28580000,4.55600000,9554570.86000000
1656201600000,4.55580000,5.30500000,4.51390000,4.69670000,24961138.04000000
1656288000000,4.69530000,5.26130000,4.65360000,5.11930000,15601708.87000000
1656374400000,5.12000000,5.57690000,4.79370000,4.90140000,26569329.17000000
1656460800000,4.90270000,5.13510000,4.60730000,4.69820000,16829446.42000000
1656547200000,4.69950000,4.75830000,4.21550000,4.63850000,12348701.27000000
1656633600000,4.63490000,4.82590000,4.35130000,4.53200000,10353847.96000000
1656720000000,4.53450000,4.63380000,4.36240000,4.52020000,5513401.97000000
1656806400000,4.52040000,4.71000000,4.47110000,4.57230000,5535552.55000000
1656892800000,4.57170000,4.95000000,4.41000000,4.92260000,8003259.43000000
1656979200000,4.92430000,5.10000000,4.61380000,4.91630000,13261930.39000000
1657065600000,4.91630000,5.20000000,4.75760000,5.02270000,13503392.46000000
1657152000000,5.02140000,5.26000000,4.88820000,5.10740000,9380336.96000000
1657238400000,5.10910000,5.30760000,4.91410000,4.94570000,8044650.12000000
1657324800000,4.94610000,5.09620000,4.94510000,5.01200000,4209557.64000000
1657411200000,5.01220000,5.04810000,4.70000000,4.78330000,5077740.08000000
1657497600000,4.78610000,4.78610000,4.28190000,4.33660000,6444448.33000000
1657584000000,4.33670000,4.39500000,4.17480000,4.24170000,5661336.95000000
1657670400000,4.24280000,4.60060000,4.18750000,4.58130000,14031576.75000000
1657756800000,4.58120000,4.75770000,4.33390000,4.68720000,9366266.98000000
1657843200000,4.68750000,4.79560000,4.52650000,4.60280000,7395200.03000000
1657929600000,4.60300000,4.89000000,4.45000000,4.77020000,7686298.10000000
1658016000000,4.77000000,5.17340000,4.63840000,4.97240000,13206369.87000000
1658102400000,4.97310000,6.26530000,4.97220000,5.98760000,27141743.35000000
1658188800000,5.99280000,6.45730000,5.62650000,6.07870000,19316854.11000000
1658275200000,6.07900000,6.49990000,5.80710000,5.87230000,16523470.35000000
1658361600000,5.87050000,6.54990000,5.63910000,6.42120000,14176503.43000000
1658448000000,6.42090000,6.94280000,6.17380000,6.19300000,18915607.19000000
1658534400000,6.19220000,6.89070000,6.12810000,6.63740000,13791162.15000000
1658620800000,6.63940000,6.93940000,6.42220000,6.44780000,9255619.32000000
1658707200000,6.44800000,6.65810000,5.97580000,5.99700000,12066170.55000000
1658793600000,5.99920000,6.05630000,5.42710000,5.75630000,10001732.12000000
1658880000000,5.75600000,6.91480000,5.63420000,6.82290000,14845071.81000000
1658966400000,6.82430000,7.21310000,6.32710000,6.92260000,20027040.74000000
1659052800000,6.92440000,7.16660000,6.51430000,6.66970000,12270308.80000000
1659139200000,6.67130000,7.12300000,6.58000000,6.69060000,8923067.75000000
1659225600000,6.69350000,7.30000000,6.60420000,6.71750000,9133492.66000000
1659312000000,6.71750000,7.26490000,6.46420000,6.64230000,13668503.90000000
1659398400000,6.64140000,6.99380000,6.21000000,6.64070000,14238458.54000000
1659484800000,6.63860000,7.80000000,6.56250000,7.16570000,19645035.58000000
1659571200000,7.16830000,7.73130000,7.11320000,7.43740000,12643068.22000000
1659657600000,7.43540000,7.71000000,7.33420000,7.57100000,8660956.79000000
1659744000000,7.57380000,7.58550000,7.21400000,7.26260000,5113034.00000000
1659830400000,7.26490000,7.37510000,7.10000000,7.21060000,4543087.75000000
1659916800000,7.20880000,7.56470000,7.17820000,7.31570000,6551878.83000000
1660003200000,7.31360000,7.48180000,6.80930000,7.02260000,6977447.30000000
1660089600000,7.02360000,7.31900000,6.65090000,7.11090000,13750975.39000000
1660176000000,7.11410000,7.27940000,6.80000000,6.91790000,8747444.97000000
1660262400000,6.92060000,7.10000000,6.73300000,7.02900000,5568468.12000000
1660348800000,7.02780000,7.15220000,6.57940000,6.65310000,6862116.12000000
1660435200000,6.65250000,6.89480000,6.34300000,6.36930000,8526221.78000000
1660521600000,6.36960000,6.80550000,6.06550000,6.21430000,9668036.96000000
1660608000000,6.21210000,6.36160000,6.10600000,6.19700000,5751096.72000000
1660694400000,6.19600000,6.43880000,5.94000000,6.10900000,5303742.88000000
1660780800000,6.10800000,6.42800000,5.55560000,5.77100000,7948231.70000000
1660867200000,5.77100000,5.80300000,5.06900000,5.10600000,14978411.50000000
1660953600000,5.10800000,5.33600000,4.84330000,5.03400000,9418968.53000000
1661040000000,5.03400000,5.33300000,4.86500000,5.19200000,9357128.33000000
1661126400000,5.19100000,5.21800000,4.90200000,5.20600000,7636216.68000000
1661212800000,5.20700000,5.30800000,5.00600000,5.25000000,5391054.64000000
1661299200000,5.25100000,5.59600000,5.06300000,5.31100000,9009854.40000000
1661385600000,5.31100000,5.49600000,5.17600000,5.37600000,4937010.54000000
1661472000000,5.37400000,5.38500000,4.72200000,4.77500000,7778415.29000000
1661558400000,4.77300000,4.83800000,4.66100000,4.75400000,5595636.99000000
1661644800000,4.75400000,5.07100000,4.61500000,4.64900000,6424621.13000000
1661731200000,4.64900000,5.02600000,4.59300000,4.98300000,6354069.74000000
1661817600000,4.98300000,5.08400000,4.67300000,4.81100000,5371575.06000000
1661904000000,4.81100000,4.99900000,4.72400000,4.76000000,4136642.38000000
1661990400000,4.76100000,4.81000000,4.59600000,4.77000000,3709543.24000000
1662076800000,4.77000000,4.86700000,4.64200000,4.70400000,3939177.73000000
1662163200000,4.70200000,4.78900000,4.67000000,4.76000000,2216647.40000000
1662249600000,4.76000000,4.81600000,4.69700000,4.79800000,3371923.90000000
1662336000000,4.79800000,4.84400000,4.62700000,4.74800000,3020364.98000000
1662422400000,4.74900000,4.81400000,4.28300000,4.30300000,7605861.99000000
1662508800000,4.30200000,4.48200000,4.16500000,4.42200000,4583196.32000000
1662595200000,4.42400000,4.55000000,4.35000000,4.50100000,5561349.43000000
1662681600000,4.50100000,5.30000000,4.49400000,5.04700000,12424960.32000000
1662768000000,5.04800000,5.12200000,4.91700000,5.04800000,6253900.95000000
1662854400000,5.04900000,5.82700000,4.95600000,5.67800000,16400310.97000000
1662940800000,5.67700000,5.68400000,5.21900000,5.49000000,10677071.21000000
1663027200000,5.48900000,5.90000000,5.02100000,5.13500000,18918051.39000000
1663113600000,5.13700000,5.26300000,4.82100000,5.10300000,10014480.06000000
1663200000000,5.10300000,5.36300000,4.85500000,4.91100000,10887231.08000000
1663286400000,4.91300000,4.98100000,4.56100000,4.66400000,6807236.83000000
1663372800000,4.66400000,5.80000000,4.66200000,5.63100000,8842888.81000000
1663459200000,5.63200000,5.72400000,5.01500000,5.08300000,12553556.66000000
1663545600000,5.08400000,6.19700000,4.92900000,5.86900000,20412324.25000000
1663632000000,5.86800000,6.03300000,5.55000000,5.72400000,14199834.57000000
1663718400000,5.72900000,6.40000000,5.49500000,5.78900000,19633037.60000000
1663804800000,5.78800000,6.03400000,5.59200000,5.90800000,11305188.43000000
1663891200000,5.90800000,6.10500000,5.41700000,5.67900000,10893598.43000000
1663977600000,5.67900000,5.70900000,5.37000000,5.42100000,5848243.66000000
1664064000000,5.42200000,5.76300000,5.34300000,5.71900000,8247881.03000000
1664150400000,5.71900000,5.82900000,5.36000000,5.51400000,6857656.15000000
1664236800000,5.51400000,5.79500000,5.28800000,5.41400000,10408840.22000000
1664323200000,5.41600000,5.46900000,5.21500000,5.38000000,4604487.31000000
1664409600000,5.38000000,5.49700000,5.27600000,5.43700000,3674381.71000000
1664496000000,5.43800000,5.57600000,5.35000000,5.40700000,4320967.18000000
1664582400000,5.40800000,5.43800000,5.17600000,5.25000000,2677228.34000000
1664668800000,5.25000000,5.31900000,4.97000000,5.01000000,2994641.00000000
1664755200000,5.01200000,5.22000000,4.95100000,5.17700000,3777661.73000000
1664841600000,5.17600000,5.36200000,5.16600000,5.26200000,2813467.30000000
1664928000000,5.26200000,5.27700000,5.07100000,5.20300000,2687687.54000000
1665014400000,5.20100000,5.41900000,5.11700000,5.16400000,4294745.42000000
1665100800000,5.16300000,5.25000000,5.06600000,5.18100000,2806118.70000000
1665187200000,5.18000000,5.23400000,5.10900000,5.16500000,1269371.67000000
1665273600000,5.16500000,5.31300000,5.13900000,5.26400000,1718516.38000000
1665360000000,5.26400000,5.35400000,5.11700000,5.13400000,2786565.77000000
1665446400000,5.13400000,5.17000000,4.61000000,4.69400000,11726020.38000000
1665532800000,4.69300000,4.77700000,4.62300000,4.71500000,4503650.42000000
1665619200000,4.71500000,4.73800000,4.12300000,4.55000000,9273621.37000000
1665705600000,4.55000000,4.76100000,4.43600000,4.51300000,4470332.85000000
1665792000000,4.51200000,4.55900000,4.40800000,4.44000000,2126361.68000000
1665878400000,4.43900000,4.58400000,4.42700000,4.51100000,2359297.57000000
1665964800000,4.51100000,4.58800000,4.47600000,4.56000000,1861313.35000000
1666051200000,4.56000000,4.63000000,4.31700000,4.41600000,3374992.68000000
1666137600000,4.41600000,4.42500000,4.23100000,4.25600000,2553964.81000000
1666224000000,4.25800000,4.37000000,4.13600000,4.20300000,2668433.60000000
1666310400000,4.20300000,4.54200000,3.97500000,4.45600000,7848985.16000000
1666396800000,4.45500000,4.60000000,4.41100000,4.47400000,3056009.68000000
1666483200000,4.47500000,4.68700000,4.43500000,4.63600000,2644208.18000000
1666569600000,4.63600000,4.69800000,4.48000000,4.50700000,2911572.70000000
1666656000000,4.50700000,4.99800000,4.43500000,4.73700000,5227827.55000000
1666742400000,4.73600000,4.81700000,4.62200000,4.69600000,3132256.17000000
1666828800000,4.69400000,5.05000000,4.57000000,4.61000000,5204026.21000000
1666915200000,4.61000000,5.11000000,4.54000000,4.97200000,5616867.71000000
1667001600000,4.97200000,5.12600000,4.83800000,4.92300000,5850799.49000000
1667088000000,4.92400000,5.14200000,4.70700000,4.79400000,4912944.52000000
1667174400000,4.79400000,4.88300000,4.63600000,4.72800000,4548769.73000000
1667260800000,4.72700000,4.78300000,4.44400000,4.50300000,3576295.73000000
1667347200000,4.50400000,4.52900000,4.15100000,4.22800000,6596756.96000000
1667433600000,4.22800000,4.57500000,4.21400000,4.35500000,5343756.98000000
1667520000000,4.35500000,4.77000000,4.30900000,4.72600000,6106616.37000000
1667606400000,4.72800000,5.25000000,4.69900000,5.12200000,11758747.60000000
1667692800000,5.12200000,5.24000000,4.72400000,4.73700000,7354099.71000000
1667779200000,4.73600000,4.83600000,4.52700000,4.60200000,7302334.32000000
1667865600000,4.60100000,4.65000000,3.20000000,3.91600000,16651382.15000000
1667952000000,3.91600000,3.93400000,2.79300000,2.89100000,17960694.23000000
1668038400000,2.89100000,3.65900000,2.82900000,3.52300000,15330279.12000000
1668124800000,3.52400000,3.53400000,2.90000000,3.21000000,13975029.08000000
1668211200000,3.21100000,3.21200000,2.84300000,2.89000000,8972956.41000000
1668297600000,2.89100000,3.04200000,2.80000000,2.88600000,8446748.79000000
1668384000000,2.88600000,3.10400000,2.61800000,3.00000000,12670617.22000000
1668470400000,3.00000000,3.09000000,2.89100000,2.93900000,6894233.13000000
1668556800000,2.93900000,3.07800000,2.82000000,2.98000000,5912354.75000000
1668643200000,2.98000000,3.03700000,2.82600000,2.87800000,3230939.43000000
1668729600000,2.87900000,3.23600000,2.87500000,3.16700000,7951916.13000000
1668816000000,3.16700000,3.40000000,3.04100000,3.31700000,7144398.43000000
1668902400000,3.31600000,3.35800000,2.94100000,3.03700000,5957149.58000000
1668988800000,3.03600000,3.20300000,2.90500000,3.15900000,8788012.52000000
1669075200000,3.15900000,3.28200000,2.84500000,3.27000000,9379103.09000000
1669161600000,3.27000000,3.50000000,3.14500000,3.45300000,8364229.66000000
1669248000000,3.45200000,3.47300000,3.23300000,3.32400000,5935962.32000000
1669334400000,3.32500000,3.33800000,3.17700000,3.23200000,3665723.96000000
1669420800000,3.23200000,3.64600000,3.21900000,3.56600000,8828829.62000000
1669507200000,3.56500000,4.11800000,3.53200000,3.83600000,11117248.45000000
1669593600000,3.83600000,4.26000000,3.51900000,4.05900000,16593286.36000000
1669680000000,4.05900000,4.23900000,3.99700000,4.07700000,10166955.31000000
1669766400000,4.07700000,4.48300000,3.92000000,4.09600000,13957110.05000000
1669852800000,4.09400000,4.10200000,3.85300000,3.89300000,5456112.62000000
1669939200000,3.89300000,4.05300000,3.77800000,3.96600000,5260186.80000000
1670025600000,3.96600000,4.04500000,3.86400000,3.87100000,4419526.49000000
1670112000000,3.87100000,4.05000000,3.86700000,3.98900000,5264559.45000000
1670198400000,3.98800000,4.36600000,3.89100000,3.94800000,8458201.87000000
1670284800000,3.94700000,4.34000000,3.91700000,4.18600000,7535797.61000000
1670371200000,4.18500000,4.19800000,3.85000000,3.90500000,8056329.15000000
1670457600000,3.90500000,3.96700000,3.75100000,3.95600000,5474686.55000000
1670544000000,3.95700000,4.03400000,3.87000000,3.90800000,4016940.81000000
1670630400000,3.90700000,4.16100000,3.89300000,4.08300000,6088755.60000000
1670716800000,4.08400000,4.58700000,4.03000000,4.29500000,11297087.38000000
1670803200000,4.29300000,4.46000000,4.15600000,4.40600000,11353931.64000000
1670889600000,4.40600000,4.50000000,3.90900000,4.08200000,10990145.74000000
1670976000000,4.08200000,4.14200000,3.95000000,4.03000000,6229461.69000000
1671062400000,4.03000000,4.08000000,3.92500000,3.97600000,5164259.62000000
1671148800000,3.97600000,4.05900000,3.39000000,3.44900000,6695073.00000000
1671235200000,3.44800000,3.57200000,3.25400000,3.55600000,4313329.14000000
1671321600000,3.55600000,3.57900000,3.42600000,3.48000000,3393023.41000000
1671408000000,3.47900000,3.59100000,3.32600000,3.41900000,4123851.94000000
1671494400000,3.41800000,3.59600000,3.38000000,3.52500000,4325031.55000000
1671580800000,3.52600000,3.58600000,3.45600000,3.57200000,3676280.31000000
1671667200000,3.57100000,3.67900000,3.48000000,3.60400000,3617691.02000000
1671753600000,3.60400000,3.71500000,3.52500000,3.56900000,3097451.87000000
1671840000000,3.56900000,3.64700000,3.54900000,3.61200000,2324792.01000000
1671926400000,3.61300000,3.62300000,3.54000000,3.59300000,1993709.61000000
1672012800000,3.59200000,3.61500000,3.53300000,3.59200000,1557474.17000000
1672099200000,3.59400000,3.65600000,3.57400000,3.65400000,3010211.74000000
1672185600000,3.65300000,3.67500000,3.53900000,3.62000000,4424359.50000000
1672272000000,3.62000000,3.66200000,3.56500000,3.61900000,2886992.05000000
1672358400000,3.61900000,3.64600000,3.56200000,3.60300000,2401684.17000000
1672444800000,3.60300000,3.65000000,3.59000000,3.63600000,970996.11000000
1672531200000,3.63600000,4.05000000,3.61500000,3.86800000,3330633.68000000
1672617600000,3.86800000,3.98800000,3.79500000,3.95600000,3456790.02000000
1672704000000,3.95500000,4.04500000,3.87100000,4.00600000,2853850.83000000
1672790400000,4.00600000,4.20000000,3.99000000,4.05600000,4784314.20000000
1672876800000,4.05600000,4.10600000,3.96500000,4.00600000,2893622.94000000
1672963200000,4.00800000,4.06400000,3.88400000,4.04000000,2457026.88000000
1673049600000,4.04100000,4.24800000,4.01700000,4.16500000,3272822.50000000
1673136000000,4.16400000,4.49500000,4.07800000,4.44900000,5418298.54000000
1673222400000,4.44900000,5.00000000,4.36600000,4.60300000,12953915.53000000
1673308800000,4.60300000,5.10000000,4.46500000,4.91300000,10166303.76000000
1673395200000,4.91300000,5.19700000,4.71000000,4.97900000,8447225.54000000
1673481600000,4.98200000,5.08000000,4.49900000,4.84800000,15192753.14000000
1673568000000,4.84800000,4.99500000,4.69100000,4.95000000,8763020.02000000
1673654400000,4.95100000,5.54500000,4.91400000,5.19500000,14575798.09000000
1673740800000,5.19400000,5.30700000,4.92000000,5.13700000,6441089.73000000
1673827200000,5.14100000,5.32600000,4.79200000,4.97800000,7395318.68000000
1673913600000,4.97900000,5.12800000,4.85400000,4.89900000,4467452.65000000
1674000000000,4.89700000,4.93100000,4.47500000,4.50500000,5847758.73000000
1674086400000,4.50400000,4.84100000,4.50200000,4.83400000,3339952.51000000
1674172800000,4.83400000,5.24600000,4.79200000,5.19200000,5367992.42000000
1674259200000,5.19200000,6.00000000,5.06100000,5.51100000,10937765.83000000
1674345600000,5.51100000,5.87000000,5.37800000,5.54300000,7700267.40000000
1674432000000,5.54300000,5.96200000,5.53600000,5.60700000,5962498.01000000
1674518400000,5.60900000,5.94900000,5.31200000,5.46000000,5964964.43000000
1674604800000,5.45900000,6.23300000,5.29000000,6.03300000,9943950.60000000
1674691200000,6.03500000,6.41800000,5.93700000,6.09500000,7394788.05000000
1674777600000,6.09600000,6.40600000,5.87300000,6.29100000,6308314.92000000
1674864000000,6.28900000,6.37100000,5.93900000,6.04600000,4694773.58000000
1674950400000,6.04500000,6.31300000,5.94400000,6.23300000,3688147.00000000
1675036800000,6.23300000,6.31300000,5.66600000,5.81000000,4589547.54000000
1675123200000,5.81000000,5.97800000,5.74300000,5.86600000,2804731.55000000
1675209600000,5.87000000,6.15400000,5.50800000,6.05300000,4175626.03000000
1675296000000,6.05300000,6.28200000,5.82300000,5.88200000,4555109.95000000
1675382400000,5.88400000,6.02100000,5.80200000,5.95800000,2517112.47000000
1675468800000,5.96000000,6.02100000,5.85600000,5.89700000,3130160.37000000
1675555200000,5.89700000,5.93500000,5.58600000,5.79500000,2677616.88000000
1675641600000,5.79400000,5.81000000,5.56800000,5.60000000,2057129.29000000
1675728000000,5.60000000,5.98000000,5.57000000,5.96200000,4381014.84000000
1675814400000,5.96200000,6.14700000,5.65000000,5.74700000,4360564.06000000
1675900800000,5.74800000,5.80800000,4.90000000,5.07100000,4864812.83000000
1675987200000,5.07200000,5.49900000,4.92300000,5.07000000,3525644.24000000
1676073600000,5.07000000,5.42000000,5.01400000,5.34800000,3299957.10000000
1676160000000,5.34900000,5.40900000,5.08900000,5.22600000,3628073.93000000
1676246400000,5.22900000,5.40600000,4.75700000,5.00200000,5844990.52000000
1676332800000,5.00400000,5.25400000,4.94300000,5.24200000,4024753.33000000
1676419200000,5.24200000,5.67900000,5.17600000,5.62200000,3917005.47000000
1676505600000,5.62200000,5.81600000,5.15200000,5.16300000,4785743.56000000
1676592000000,5.16200000,5.69700000,5.15600000,5.51300000,4111621.28000000
1676678400000,5.51400000,5.85000000,5.51400000,5.65400000,3118672.04000000
1676764800000,5.65300000,5.78900000,5.50000000,5.59000000,2641283.43000000
1676851200000,5.58600000,5.95900000,5.45000000,5.87700000,3371648.56000000
1676937600000,5.87800000,5.92800000,5.44300000,5.55800000,3165287.30000000
1677024000000,5.55800000,5.61000000,5.25000000,5.52200000,3123060.36000000
1677110400000,5.52300000,5.65100000,5.39900000,5.44800000,2086719.41000000
1677196800000,5.45200000,5.59300000,5.01100000,5.18000000,2781960.85000000
1677283200000,5.17900000,5.19500000,4.85000000,5.03900000,3282861.34000000
1677369600000,5.03700000,5.30800000,5.00300000,5.25800000,1763229.30000000
1677456000000,5.25700000,5.28800000,4.97400000,5.06100000,2094028.96000000
1677542400000,5.06100000,5.19100000,4.91800000,5.01000000,2351404.35000000
1677628800000,5.01000000,5.21800000,4.97000000,5.07800000,2317159.23000000
1677715200000,5.07800000,5.11100000,4.91700000,4.99300000,1923018.05000000
1677801600000,4.99300000,4.99900000,4.55900000,4.80100000,3547752.57000000
1677888000000,4.80000000,4.85800000,4.57700000,4.74600000,1823815.86000000
1677974400000,4.74800000,4.90900000,4.69200000,4.76900000,1741868.31000000
1678060800000,4.76800000,4.88000000,4.73800000,4.80700000,1469447.65000000
1678147200000,4.80700000,4.87800000,4.54600000,4.73400000,2411015.37000000
1678233600000,4.73600000,4.74900000,4.30400000,4.35700000,2513831.63000000
1678320000000,4.35600000,4.51400000,3.82200000,3.98700000,4541243.15000000
1678406400000,3.98800000,4.08300000,3.79800000,4.03300000,4370091.51000000
1678492800000,4.03500000,4.14000000,3.59100000,3.77500000,4606935.85000000
1678579200000,3.77500000,4.52800000,3.73300000,4.51300000,5229284.52000000
1678665600000,4.51300000,4.69800000,4.19500000,4.46300000,7228760.18000000
1678752000000,4.46400000,4.66500000,4.14300000,4.27000000,6655406.91000000
1678838400000,4.26900000,4.44900000,4.00000000,4.09600000,6702815.55000000
1678924800000,4.09600000,4.37400000,4.01500000,4.11200000,5711489.09000000
1679011200000,4.11100000,4.47300000,4.07400000,4.43400000,6457470.97000000
1679097600000,4.43400000,4.62600000,4.21000000,4.25100000,5788755.69000000
1679184000000,4.25000000,4.43000000,4.22400000,4.27900000,3166986.23000000
1679270400000,4.27800000,4.37400000,4.02000000,4.05800000,4676588.07000000
1679356800000,4.05700000,4.21600000,3.91400000,4.13000000,3479995.08000000
1679443200000,4.13000000,4.13500000,3.81100000,3.98900000,4976622.01000000
1679529600000,3.98900000,4.36000000,3.97500000,4.16200000,3621488.35000000
1679616000000,4.16100000,4.21500000,3.92700000,4.08800000,3573725.55000000
1679702400000,4.09100000,4.30000000,3.93200000,4.00300000,4033439.26000000
1679788800000,4.00200000,4.20000000,3.97800000,4.10800000,2598607.38000000
1679875200000,4.10800000,4.11700000,3.79600000,3.91400000,4860043.10000000
1679961600000,3.91400000,4.15000000,3.87500000,4.07000000,4465792.99000000
1680048000000,4.07200000,4.30000000,4.05700000,4.11000000,4107479.81000000
1680134400000,4.11000000,4.20000000,3.98500000,4.05700000,3641661.00000000
1680220800000,4.05800000,4.20700000,4.03900000,4.18000000,3442970.06000000
1680307200000,4.17800000,4.28500000,4.16300000,4.25700000,2780001.17000000
1680393600000,4.25800000,4.39400000,4.07400000,4.18400000,4029217.51000000
1680480000000,4.18400000,4.39000000,4.04000000,4.26200000,7727650.17000000
1680566400000,4.26300000,4.35700000,4.15800000,4.23400000,4621934.48000000
1680652800000,4.23500000,4.37000000,4.16300000,4.23200000,4085891.43000000
1680739200000,4.23200000,4.23900000,4.14400000,4.22900000,2579201.72000000
1680825600000,4.22800000,4.34500000,4.13800000,4.20400000,4621288.11000000
1680912000000,4.20400000,4.32200000,4.17600000,4.19600000,2836636.64000000
1680998400000,4.19600000,4.22400000,4.14500000,4.19000000,1543165.23000000
1681084800000,4.19100000,4.33800000,4.16200000,4.32800000,2994951.33000000
1681171200000,4.32700000,4.40000000,4.29300000,4.34000000,3559083.01000000
1681257600000,4.34000000,4.75000000,4.17000000,4.49600000,14100325.91000000
1681344000000,4.49600000,4.60000000,4.41000000,4.47400000,6307478.57000000
1681430400000,4.47200000,4.67400000,4.36900000,4.56500000,6040004.87000000
1681516800000,4.56400000,4.56800000,4.46300000,4.54300000,2472987.65000000
1681603200000,4.54200000,4.56000000,4.44500000,4.52800000,2390222.75000000
1681689600000,4.52800000,4.59600000,4.36400000,4.48800000,5393818.94000000
1681776000000,4.48800000,4.57000000,4.41400000,4.50200000,4172413.46000000
1681862400000,4.50300000,4.50600000,4.07000000,4.14400000,6196832.23000000
1681948800000,4.14400000,4.22400000,4.01100000,4.07500000,3908579.26000000
1682035200000,4.07500000,4.10100000,3.84400000,3.89200000,3482932.07000000
1682121600000,3.89000000,3.98100000,3.85000000,3.96300000,2383731.81000000
1682208000000,3.96300000,4.04200000,3.89600000,3.96300000,2575869.00000000
1682294400000,3.96200000,4.03000000,3.89000000,3.95500000,2190973.76000000
1682380800000,3.95800000,4.01300000,3.83600000,4.00200000,2403751.64000000
1682467200000,4.00200000,4.13900000,3.77700000,3.91500000,4458669.15000000
1682553600000,3.91500000,4.16500000,3.90300000,4.09300000,3633384.83000000
1682640000000,4.09100000,4.09500000,3.96100000,4.03200000,1581997.47000000
1682726400000,4.03200000,4.11000000,4.01900000,4.07500000,1192303.60000000
1682812800000,4.07400000,4.09100000,3.87500000,3.88200000,1874296.79000000
1682899200000,3.88200000,3.92300000,3.78400000,3.86200000,2660422.61000000
1682985600000,3.86100000,3.88200000,3.81000000,3.82600000,1468160.21000000
1683072000000,3.82500000,3.87900000,3.75200000,3.86800000,1902564.95000000
1683158400000,3.86900000,3.89900000,3.76600000,3.77700000,2406316.67000000
1683244800000,3.77700000,3.83800000,3.69600000,3.79400000,1857753.31000000
1683331200000,3.79400000,3.81800000,3.51000000,3.57600000,2388473.78000000
1683417600000,3.57600000,3.63400000,3.52100000,3.54400000,1577872.49000000
1683504000000,3.54500000,3.57600000,3.22700000,3.36600000,4918018.74000000
1683590400000,3.36700000,3.38600000,3.29600000,3.34100000,1918473.76000000
1683676800000,3.34100000,3.39200000,3.16300000,3.33900000,5403356.79000000
1683763200000,3.33900000,3.34200000,3.10000000,3.21700000,5691296.34000000
1683849600000,3.21600000,3.33100000,3.12400000,3.31200000,3415535.49000000
1683936000000,3.31100000,3.36000000,3.22100000,3.25500000,2177546.58000000
1684022400000,3.25600000,3.39000000,3.22000000,3.30600000,2353527.23000000
1684108800000,3.30500000,3.42300000,3.27600000,3.36400000,3109392.87000000
1684195200000,3.36400000,3.45900000,3.32700000,3.42400000,2456735.64000000
1684281600000,3.42400000,3.48600000,3.33400000,3.41800000,4622307.00000000
1684368000000,3.42000000,3.45000000,3.32100000,3.39100000,3297029.33000000
1684454400000,3.39100000,3.47100000,3.37300000,3.42600000,2152726.33000000
1684540800000,3.42600000,3.45500000,3.40000000,3.44500000,995680.93000000
1684627200000,3.44600000,3.52000000,3.42700000,3.46400000,2258692.19000000
1684713600000,3.46300000,3.49500000,3.41600000,3.43100000,1527936.00000000
1684800000000,3.43000000,3.52600000,3.42000000,3.50000000,1568129.96000000
1684886400000,3.50000000,3.52600000,3.31100000,3.33600000,3426726.28000000
1684972800000,3.33500000,3.34300000,3.19300000,3.23600000,2179646.41000000
1685059200000,3.23400000,3.25800000,3.19400000,3.23000000,1666462.42000000
1685145600000,3.23000000,3.25400000,3.15800000,3.23800000,1369934.88000000
1685232000000,3.23900000,3.35300000,3.22600000,3.30600000,1764752.09000000
1685318400000,3.30700000,3.33100000,3.18300000,3.19800000,2062995.30000000
1685404800000,3.19800000,3.23700000,3.17100000,3.19100000,1568295.16000000
1685491200000,3.19000000,3.20400000,3.09400000,3.15000000,2928177.61000000
1685577600000,3.14900000,3.17300000,3.05300000,3.06600000,2286078.80000000
1685664000000,3.06600000,3.18500000,3.01100000,3.14000000,2786083.95000000
1685750400000,3.14100000,3.16000000,3.10300000,3.11900000,1297538.66000000
1685836800000,3.11900000,3.37200000,3.10500000,3.31000000,3497188.99000000
1685923200000,3.30900000,3.33600000,2.78600000,2.83600000,9879286.07000000
1686009600000,2.83700000,3.26900000,2.83200000,3.12200000,10223720.48000000
1686096000000,3.12200000,3.12300000,2.85500000,2.89700000,5725343.67000000
1686182400000,2.89600000,2.94800000,2.84800000,2.91600000,2980675.24000000
1686268800000,2.91600000,2.92800000,2.80400000,2.81200000,2622313.48000000
1686355200000,2.81300000,2.81300000,2.07800000,2.28600000,18355133.05000000
1686441600000,2.28600000,2.42000000,2.22800000,2.35800000,6041342.75000000
1686528000000,2.35700000,2.35800000,2.18100000,2.25200000,7272427.60000000
1686614400000,2.25300000,2.32000000,2.19300000,2.23400000,6135177.92000000
1686700800000,2.23400000,2.29600000,2.00000000,2.06300000,15531828.19000000
1686787200000,2.06300000,2.15300000,2.05400000,2.09000000,10274149.54000000
1686873600000,2.09000000,2.12700000,2.02000000,2.09800000,5761744.46000000
1686960000000,2.09800000,2.16500000,2.08300000,2.10900000,5333369.81000000
1687046400000,2.10800000,2.14400000,2.00000000,2.04700000,4648776.76000000
1687132800000,2.04800000,2.09300000,1.95300000,2.06400000,9062762.67000000
1687219200000,2.06400000,2.16500000,2.00100000,2.15300000,7115086.32000000
1687305600000,2.15400000,2.25700000,2.13000000,2.22500000,7997942.87000000
1687392000000,2.22500000,2.39300000,2.17300000,2.18100000,10100315.44000000
1687478400000,2.18200000,2.34700000,2.13300000,2.27400000,9612543.16000000
1687564800000,2.27400000,2.33200000,2.13200000,2.18400000,8690651.48000000
1687651200000,2.18400000,2.48500000,2.16900000,2.30600000,12273796.16000000
1687737600000,2.30600000,2.52500000,2.27200000,2.32400000,16308308.61000000
1687824000000,2.32500000,2.38000000,2.26700000,2.31500000,6195831.08000000
1687910400000,2.31600000,2.31700000,2.14000000,2.19900000,6327291.44000000
1687996800000,2.19900000,2.26300000,2.16900000,2.23700000,4732929.69000000
1688083200000,2.23600000,2.33100000,2.05000000,2.22500000,10631068.81000000
1688169600000,2.22500000,2.29000000,2.17200000,2.26700000,4873744.05000000
1688256000000,2.26700000,2.28200000,2.15000000,2.17500000,6036997.01000000
1688342400000,2.17500000,2.24800000,2.17000000,2.20700000,6290466.09000000
1688428800000,2.20800000,2.22800000,2.10800000,2.14900000,5914414.27000000
1688515200000,2.14900000,2.16800000,2.04300000,2.07700000,4770911.60000000
1688601600000,2.07700000,2.13400000,1.91300000,1.91800000,6559001.69000000
1688688000000,1.91800000,1.92900000,1.83600000,1.90700000,8867790.22000000
1688774400000,1.90600000,2.05600000,1.89900000,1.99600000,10847050.20000000
1688860800000,1.99500000,2.04400000,1.95600000,2.00000000,6184385.74000000
1688947200000,2.00000000,2.00900000,1.84400000,1.93100000,9341294.52000000
1689033600000,1.93100000,1.93400000,1.88900000,1.92200000,3281594.95000000
1689120000000,1.92200000,1.93800000,1.85000000,1.87900000,5093271.26000000
1689206400000,1.88000000,2.02900000,1.81000000,2.01500000,11567248.44000000
1689292800000,2.01600000,2.32700000,1.97900000,2.04200000,26023052.33000000
1689379200000,2.04200000,2.11600000,2.00600000,2.06800000,5686165.69000000
1689465600000,2.06700000,2.09300000,1.95700000,1.98100000,4855695.88000000
1689552000000,1.98000000,2.03200000,1.91200000,1.98000000,5825236.25000000
1689638400000,1.98000000,2.09700000,1.97300000,2.04000000,12151676.55000000
1689724800000,2.04100000,2.15000000,2.03400000,2.04500000,7082626.06000000
1689811200000,2.04600000,2.17700000,2.01600000,2.12900000,9486889.01000000
1689897600000,2.12900000,2.20600000,2.09800000,2.15600000,8209386.14000000
1689984000000,2.15700000,2.18400000,2.04500000,2.07000000,4064734.48000000
1690070400000,2.07000000,2.12700000,2.06000000,2.09400000,3323793.75000000
1690156800000,2.09400000,2.15800000,2.01600000,2.03300000,11104348.59000000
1690243200000,2.03300000,2.05400000,1.97500000,1.99400000,6739237.55000000
1690329600000,1.99400000,2.01900000,1.95600000,1.99500000,5244128.73000000
1690416000000,1.99500000,2.02700000,1.96700000,1.97300000,3025464.63000000
1690502400000,1.97300000,1.99900000,1.95400000,1.97100000,3355545.82000000
1690588800000,1.97000000,1.98700000,1.96200000,1.97200000,2004529.57000000
1690675200000,1.97200000,1.98900000,1.86100000,1.90100000,3946371.39000000
1690761600000,1.90000000,1.92300000,1.81400000,1.85900000,5027325.95000000
1690848000000,1.85900000,1.86800000,1.73000000,1.84800000,6689320.61000000
1690934400000,1.84800000,1.85900000,1.74800000,1.78700000,3947544.07000000
1691020800000,1.78700000,1.83900000,1.77300000,1.80400000,3910246.25000000
1691107200000,1.80400000,1.83300000,1.76300000,1.80000000,2665004.79000000
1691193600000,1.80100000,1.87000000,1.77700000,1.84800000,3562217.17000000
1691280000000,1.84700000,2.07800000,1.83700000,1.85900000,14311288.79000000
1691366400000,1.86000000,1.96800000,1.75200000,1.82200000,10000681.08000000
1691452800000,1.82200000,1.88600000,1.79800000,1.86100000,7914638.82000000
1691539200000,1.86100000,1.87400000,1.81100000,1.83500000,4293185.05000000
1691625600000,1.83600000,1.88200000,1.82000000,1.87100000,4010458.31000000
1691712000000,1.87200000,1.91000000,1.83600000,1.90800000,5440336.22000000
1691798400000,1.90700000,2.05200000,1.89800000,2.01500000,14971167.76000000
1691884800000,2.01500000,2.07000000,1.96200000,2.00000000,10095012.18000000
1691971200000,2.00100000,2.12600000,1.99800000,2.05800000,13935100.03000000
1692057600000,2.05800000,2.08400000,1.78200000,1.84800000,12783319.05000000
1692144000000,1.84600000,1.84900000,1.66000000,1.72900000,11981046.33000000
1692230400000,1.73000000,1.84300000,1.34500000,1.54600000,30568724.36000000
1692316800000,1.54600000,1.59800000,1.48800000,1.56100000,11650263.78000000
1692403200000,1.56100000,1.62800000,1.54400000,1.60400000,4228186.98000000
1692489600000,1.60500000,1.63700000,1.58000000,1.59200000,4086091.43000000
1692576000000,1.59100000,1.59600000,1.49200000,1.53700000,4810889.53000000
1692662400000,1.53800000,1.57200000,1.44100000,1.50200000,12798281.95000000
1692748800000,1.50200000,1.56000000,1.47700000,1.50000000,8033972.66000000
1692835200000,1.49900000,1.51100000,1.41300000,1.43900000,6471843.60000000
1692921600000,1.43900000,1.45000000,1.38800000,1.44800000,6490271.89000000
1693008000000,1.44900000,1.49100000,1.40300000,1.41700000,7421237.50000000
1693094400000,1.41600000,1.43500000,1.40500000,1.42600000,2211098.18000000
1693180800000,1.42500000,1.51000000,1.38000000,1.45300000,13278878.88000000
1693267200000,1.45300000,1.51100000,1.40300000,1.48700000,10265125.71000000
1693353600000,1.48700000,1.49400000,1.44300000,1.47500000,4372086.93000000
1693440000000,1.47500000,1.50000000,1.40700000,1.42800000,5663935.91000000
1693526400000,1.42800000,1.44000000,1.36800000,1.39200000,5144617.27000000
1693612800000,1.39100000,1.40800000,1.36900000,1.38400000,1979325.18000000
1693699200000,1.38400000,1.38600000,1.31600000,1.35600000,8319842.59000000
1693785600000,1.35600000,1.38900000,1.31500000,1.34500000,6824443.25000000
1693872000000,1.34500000,1.36000000,1.32600000,1.34900000,3486450.84000000
1693958400000,1.35000000,1.35800000,1.28000000,1.33200000,5474137.74000000
1694044800000,1.33200000,1.37100000,1.33100000,1.36200000,4902735.59000000
1694131200000,1.36200000,1.37400000,1.30300000,1.33000000,3307601.22000000
1694217600000,1.33000000,1.35100000,1.31900000,1.32100000,4083611.93000000
1694304000000,1.32200000,1.32200000,1.20600000,1.22700000,6415481.27000000
1694390400000,1.22600000,1.23400000,1.12400000,1.14500000,10984477.76000000
1694476800000,1.14500000,1.18300000,1.12500000,1.13300000,8904173.94000000
1694563200000,1.13300000,1.17000000,1.10500000,1.14900000,6609409.26000000
1694649600000,1.14900000,1.19400000,1.10700000,1.11600000,10556929.08000000
1694736000000,1.11600000,1.12600000,1.07600000,1.11300000,21012629.36000000
1694822400000,1.11200000,1.17100000,1.09200000,1.10700000,12704799.74000000
1694908800000,1.10700000,1.15400000,1.05900000,1.11000000,15261883.27000000
1694995200000,1.11100000,1.17100000,1.11000000,1.13500000,17405417.08000000
1695081600000,1.13600000,1.16900000,1.12500000,1.14300000,9526173.98000000
1695168000000,1.14300000,1.15100000,1.09400000,1.12800000,8557641.64000000
1695254400000,1.12800000,1.13400000,1.08700000,1.11000000,8161201.66000000
1695340800000,1.10900000,1.14300000,1.09800000,1.12700000,6046514.39000000
1695427200000,1.12900000,1.13700000,1.11200000,1.12500000,5537999.48000000
1695513600000,1.12500000,1.12500000,1.08900000,1.10500000,4258388.67000000
1695600000000,1.10500000,1.12800000,1.08500000,1.12100000,5327657.10000000
1695686400000,1.12000000,1.15600000,1.09100000,1.11400000,7828817.82000000
1695772800000,1.11300000,1.13200000,1.10000000,1.11500000,6431513.16000000
1695859200000,1.11400000,1.21600000,1.11200000,1.20300000,19527612.82000000
1695945600000,1.20300000,1.28300000,1.18900000,1.20700000,18402644.77000000
1696032000000,1.20700000,1.26400000,1.20200000,1.24400000,7843618.37000000
1696118400000,1.24300000,1.29300000,1.22200000,1.28400000,10727725.11000000
1696204800000,1.28400000,1.30500000,1.14200000,1.17800000,18563333.21000000
1696291200000,1.17900000,1.19200000,1.14100000,1.14600000,5847122.95000000
1696377600000,1.14700000,1.15000000,1.09200000,1.14000000,6044354.87000000
1696464000000,1.13900000,1.15200000,1.07300000,1.08000000,6455463.64000000
1696550400000,1.07900000,1.15200000,1.06400000,1.09100000,24135304.90000000
1696636800000,1.09200000,1.10800000,1.08400000,1.09700000,4015532.49000000
1696723200000,1.09700000,1.10300000,1.07700000,1.08800000,3029768.87000000
1696809600000,1.08700000,1.09600000,0.99300000,1.02700000,9752445.08000000
1696896000000,1.02700000,1.04000000,1.00200000,1.02600000,11038406.99000000
1696982400000,1.02600000,1.04300000,1.00400000,1.04200000,7264712.67000000
1697068800000,1.04100000,1.06000000,1.02400000,1.04900000,8255266.71000000
1697155200000,1.04800000,1.06600000,1.03200000,1.04800000,6921977.94000000
1697241600000,1.04800000,1.05700000,1.04400000,1.05300000,2749676.64000000
1697328000000,1.05300000,1.07800000,1.04900000,1.06800000,3979112.99000000
1697414400000,1.06800000,1.10400000,1.05400000,1.07300000,7619920.94000000
1697500800000,1.07300000,1.13700000,1.06900000,1.09000000,18957950.78000000
1697587200000,1.09100000,1.14500000,1.07500000,1.11000000,11635691.93000000
1697673600000,1.11000000,1.12900000,1.03300000,1.04500000,7900138.51000000
1697760000000,1.04500000,1.10100000,1.03400000,1.09100000,7067224.59000000
1697846400000,1.09100000,1.13700000,1.08300000,1.12100000,8082140.53000000
1697932800000,1.12200000,1.15700000,1.10200000,1.14300000,7180587.60000000
1698019200000,1.14300000,1.22000000,1.09600000,1.18900000,12080503.59000000
1698105600000,1.19000000,1.27900000,1.18200000,1.23200000,18277591.94000000
1698192000000,1.23200000,1.38800000,1.21200000,1.32200000,21849387.17000000
1698278400000,1.32200000,1.38200000,1.24900000,1.32300000,15316607.16000000
1698364800000,1.32400000,1.32800000,1.25800000,1.30200000,7477476.95000000
1698451200000,1.30100000,1.39300000,1.29900000,1.36900000,9093642.62000000
1698537600000,1.36900000,1.43400000,1.34000000,1.40100000,10291484.04000000
1698624000000,1.40200000,1.40700000,1.33000000,1.38100000,7617349.11000000
1698710400000,1.38100000,1.39800000,1.27000000,1.32700000,7675149.34000000
1698796800000,1.32700000,1.37400000,1.27400000,1.35700000,17689600.88000000
1698883200000,1.35700000,1.39100000,1.29100000,1.38000000,10707731.39000000
1698969600000,1.38100000,1.43700000,1.32600000,1.35700000,16178871.74000000
1699056000000,1.35600000,1.41300000,1.34200000,1.39800000,6554368.60000000
1699142400000,1.39900000,1.48800000,1.39000000,1.45300000,16664499.29000000
1699228800000,1.45400000,1.51700000,1.40800000,1.49900000,14266915.70000000
1699315200000,1.50000000,1.50100000,1.37600000,1.42100000,9646875.47000000
1699401600000,1.42100000,1.48700000,1.40500000,1.46700000,7020754.63000000
1699488000000,1.46700000,1.53400000,1.15000000,1.38700000,22620898.35000000
1699574400000,1.38700000,1.44200000,1.34300000,1.43800000,13165512.37000000
1699660800000,1.43800000,1.47300000,1.38200000,1.43300000,13478454.33000000
1699747200000,1.43300000,1.48600000,1.36100000,1.48500000,13530280.19000000
1699833600000,1.48600000,1.57600000,1.41600000,1.46100000,26708940.11000000
1699920000000,1.46100000,1.49700000,1.31000000,1.39000000,16142530.11000000
1700006400000,1.39000000,1.48000000,1.38400000,1.46700000,11156064.31000000
1700092800000,1.46800000,1.50000000,1.36600000,1.38800000,12469269.88000000
1700179200000,1.38800000,1.44300000,1.29700000,1.36700000,9541071.72000000
1700265600000,1.36700000,1.36700000,1.26500000,1.34100000,6062717.74000000
1700352000000,1.34100000,1.38800000,1.30600000,1.38200000,5176570.00000000
1700438400000,1.38300000,1.53400000,1.37000000,1.51000000,19852345.37000000
1700524800000,1.51100000,1.55900000,1.31600000,1.32800000,23514088.95000000
1700611200000,1.32800000,1.46500000,1.32400000,1.44500000,8955008.97000000
1700697600000,1.44500000,1.50900000,1.40500000,1.42300000,7891765.53000000
1700784000000,1.42200000,1.50200000,1.39600000,1.48600000,11942374.18000000
1700870400000,1.48600000,1.75400000,1.47600000,1.69100000,38014756.09000000
1700956800000,1.69000000,1.78100000,1.61800000,1.63800000,21644874.20000000
1701043200000,1.63800000,1.66800000,1.57200000,1.63000000,15696797.28000000
1701129600000,1.63000000,1.67600000,1.55000000,1.58200000,13459501.97000000
1701216000000,1.58200000,1.62300000,1.51400000,1.57900000,12376114.91000000
1701302400000,1.57900000,1.63600000,1.56000000,1.57300000,9977926.21000000
1701388800000,1.57300000,1.62600000,1.55900000,1.60300000,7322453.90000000
1701475200000,1.60300000,1.65000000,1.58400000,1.63700000,7203090.10000000
1701561600000,1.63700000,1.64500000,1.57300000,1.59000000,7705924.67000000
1701648000000,1.59100000,1.68800000,1.53000000,1.61700000,16599291.47000000
1701734400000,1.61700000,1.71900000,1.58600000,1.70000000,18102199.28000000
1701820800000,1.70000000,1.73000000,1.58200000,1.62000000,15603138.65000000
1701907200000,1.62100000,1.69900000,1.56500000,1.66400000,10937794.06000000
1701993600000,1.66400000,1.77000000,1.64200000,1.75800000,11231947.12000000
1702080000000,1.75700000,1.86000000,1.75700000,1.77500000,15941068.51000000
1702166400000,1.77500000,1.88700000,1.76400000,1.78900000,10244526.84000000
1702252800000,1.79000000,1.80900000,1.54400000,1.62700000,16960269.80000000
1702339200000,1.62700000,1.68000000,1.58800000,1.64000000,8662143.53000000
1702425600000,1.63900000,1.83000000,1.55000000,1.81500000,14716481.66000000
1702512000000,1.81600000,1.85500000,1.74500000,1.79400000,12084109.76000000
1702598400000,1.79500000,1.79800000,1.65500000,1.67200000,10786552.70000000
1702684800000,1.67100000,1.78500000,1.65600000,1.74700000,7182251.61000000
1702771200000,1.74600000,1.75200000,1.66300000,1.68000000,6753389.55000000
1702857600000,1.67900000,1.69500000,1.54900000,1.65100000,9489923.27000000
1702944000000,1.65200000,1.67700000,1.57000000,1.58700000,8856450.01000000
1703030400000,1.58600000,1.66400000,1.57700000,1.62400000,8155211.40000000
1703116800000,1.62400000,1.68200000,1.61100000,1.67400000,7215030.63000000
1703203200000,1.67600000,1.72600000,1.63800000,1.72200000,9925936.20000000
1703289600000,1.72200000,1.73400000,1.65500000,1.70800000,7383047.56000000
1703376000000,1.70800000,1.74000000,1.65100000,1.70200000,12931823.98000000
1703462400000,1.70400000,1.83800000,1.69100000,1.79700000,15508754.77000000
1703548800000,1.79700000,1.82600000,1.58000000,1.71100000,16737528.25000000
1703635200000,1.71100000,1.77800000,1.65500000,1.77300000,13777235.86000000
1703721600000,1.77300000,1.81200000,1.67600000,1.69400000,11991425.50000000
1703808000000,1.69500000,1.76500000,1.63200000,1.66700000,9653055.38000000
1703894400000,1.66700000,1.68000000,1.62600000,1.65100000,5606871.11000000
1703980800000,1.65100000,1.67200000,1.58400000,1.62100000,5922404.32000000
1704067200000,1.62100000,1.70000000,1.58100000,1.69900000,7065999.23000000
1704153600000,1.69800000,1.75800000,1.66100000,1.69000000,9490789.17000000
1704240000000,1.68900000,1.75500000,1.22900000,1.45800000,27253493.78000000
1704326400000,1.45800000,1.53300000,1.42900000,1.51800000,10603460.29000000
1704412800000,1.51900000,1.53100000,1.36500000,1.44000000,11551915.32000000
1704499200000,1.43800000,1.44200000,1.33600000,1.40400000,8777893.04000000
1704585600000,1.40400000,1.48400000,1.35000000,1.36900000,13086797.31000000
1704672000000,1.36800000,1.41200000,1.25200000,1.40700000,14739545.88000000
1704758400000,1.40700000,1.41400000,1.25900000,1.31900000,12781353.89000000
1704844800000,1.31800000,1.44200000,1.27800000,1.41900000,14887634.43000000
1704931200000,1.42000000,1.49500000,1.40200000,1.45400000,11454689.69000000
1705017600000,1.45400000,1.53200000,1.37800000,1.44200000,18356320.96000000
1705104000000,1.44200000,1.47100000,1.39500000,1.45700000,8222993.09000000
1705190400000,1.45800000,1.46100000,1.37200000,1.37900000,7537361.52000000
1705276800000,1.37900000,1.45900000,1.37800000,1.44100000,10292513.27000000
1705363200000,1.44200000,1.47100000,1.40800000,1.45700000,6499868.79000000
1705449600000,1.45800000,1.69000000,1.44200000,1.54300000,35536783.42000000
1705536000000,1.54300000,1.55000000,1.36000000,1.38800000,20747346.81000000
1705622400000,1.38800000,1.40500000,1.31000000,1.39100000,12783888.11000000
1705708800000,1.39000000,1.42000000,1.37200000,1.39700000,6308230.54000000
1705795200000,1.39700000,1.43200000,1.38400000,1.40000000,4782110.81000000
1705881600000,1.40000000,1.41200000,1.30200000,1.31500000,8596859.38000000
1705968000000,1.31500000,1.34000000,1.23300000,1.30200000,9695411.66000000
1706054400000,1.30300000,1.33100000,1.28400000,1.32800000,4656883.45000000
1706140800000,1.32800000,1.34200000,1.27700000,1.31500000,5619082.33000000
1706227200000,1.31500000,1.39900000,1.30000000,1.39600000,6492527.77000000
1706313600000,1.39700000,1.46100000,1.39500000,1.41300000,8546440.72000000
1706400000000,1.41200000,1.45200000,1.36600000,1.38700000,5143995.21000000
1706486400000,1.38700000,1.47200000,1.37800000,1.43000000,6988174.39000000
1706572800000,1.43100000,1.44800000,1.39400000,1.43000000,6557495.54000000
1706659200000,1.43000000,1.44800000,1.36800000,1.39300000,8217025.46000000
1706745600000,1.39300000,1.53800000,1.37600000,1.50500000,24086374.14000000
1706832000000,1.50400000,1.52400000,1.40300000,1.42400000,12978102.58000000
1706918400000,1.42400000,1.44000000,1.39300000,1.39800000,5079222.11000000
1707004800000,1.39700000,1.39700000,1.34500000,1.35800000,4742083.32000000
1707091200000,1.35900000,1.38600000,1.33100000,1.37700000,6007257.75000000
1707177600000,1.37600000,1.39100000,1.35500000,1.35500000,7374549.20000000
1707264000000,1.35600000,1.39800000,1.33500000,1.39500000,12105616.71000000
1707350400000,1.39500000,1.40800000,1.37700000,1.40000000,6710312.06000000
1707436800000,1.39900000,1.45000000,1.38900000,1.42300000,22384117.82000000
1707523200000,1.42400000,1.44800000,1.40600000,1.43200000,8925072.89000000
1707609600000,1.43200000,1.47100000,1.41300000,1.42900000,6499186.94000000
1707696000000,1.42800000,1.49100000,1.41000000,1.47600000,8931607.32000000
1707782400000,1.47700000,1.53200000,1.44200000,1.52700000,15205492.25000000
1707868800000,1.52700000,1.59800000,1.50200000,1.56400000,13017087.01000000
1707955200000,1.56500000,1.68000000,1.53100000,1.60300000,18833776.84000000
1708041600000,1.60400000,1.69900000,1.58200000,1.69900000,16022361.94000000
1708128000000,1.69900000,1.69900000,1.55800000,1.64600000,13617009.69000000
1708214400000,1.64700000,1.75000000,1.61900000,1.73200000,12512821.04000000
1708300800000,1.73300000,1.77500000,1.67800000,1.72400000,12668549.72000000
1708387200000,1.72400000,1.91200000,1.68400000,1.84800000,27901894.87000000
1708473600000,1.84800000,1.85600000,1.63100000,1.71500000,11982187.41000000
1708560000000,1.71600000,1.75300000,1.64400000,1.69000000,10526544.44000000
1708646400000,1.68900000,1.70700000,1.61100000,1.66300000,8280300.76000000
1708732800000,1.66300000,1.77300000,1.63300000,1.76500000,9610868.79000000
1708819200000,1.76500000,1.84700000,1.75000000,1.84300000,9801145.97000000
1708905600000,1.84400000,2.08600000,1.80600000,1.98600000,28203193.71000000
1708992000000,1.98700000,2.06800000,1.90200000,1.94200000,15891499.64000000
1709078400000,1.94300000,2.00600000,1.65500000,1.85600000,22827487.23000000
1709164800000,1.85700000,2.04300000,1.82900000,1.90900000,19011592.69000000
1709251200000,1.90900000,2.13300000,1.90900000,2.12700000,17981503.30000000
1709337600000,2.12800000,2.50000000,2.05800000,2.28700000,27564172.14000000
1709424000000,2.28800000,2.39100000,2.02000000,2.23400000,18419481.11000000
1709510400000,2.23500000,2.50000000,2.13300000,2.36000000,32881608.28000000
1709596800000,2.35900000,2.37800000,1.84400000,2.08600000,33992039.42000000
1709683200000,2.08500000,2.22000000,1.97300000,2.20900000,19402683.72000000
1709769600000,2.20900000,2.25000000,2.13500000,2.20800000,12541095.34000000
1709856000000,2.20800000,2.25700000,2.02500000,2.18100000,15911025.64000000
1709942400000,2.18200000,2.36900000,2.12000000,2.27000000,17756414.87000000
1710028800000,2.26900000,2.45000000,2.18000000,2.29000000,17654328.38000000
1710115200000,2.29000000,2.35400000,2.14300000,2.33200000,18314540.45000000
1710201600000,2.33300000,2.35700000,2.10200000,2.28900000,24586044.92000000
1710288000000,2.28900000,2.68300000,2.26800000,2.42300000,30830907.81000000
1710374400000,2.42300000,2.42900000,2.18500000,2.32300000,24701179.26000000
1710460800000,2.32300000,2.34900000,2.00100000,2.19700000,21090657.25000000
1710547200000,2.19800000,2.24600000,2.00900000,2.07000000,15947459.30000000
1710633600000,2.06900000,2.13000000,1.93400000,2.10700000,11555912.68000000
1710720000000,2.10700000,2.15600000,1.95100000,1.99300000,11084300.80000000
1710806400000,1.99300000,2.02600000,1.72800000,1.79300000,23580652.13000000
1710892800000,1.79300000,1.95200000,1.70000000,1.92300000,16451992.15000000
1710979200000,1.92300000,1.95200000,1.85000000,1.90600000,11625323.59000000
1711065600000,1.90500000,1.95000000,1.80100000,1.87000000,10761517.98000000
1711152000000,1.87000000,1.94400000,1.85000000,1.88800000,6924070.61000000
1711238400000,1.88800000,1.99300000,1.86600000,1.98800000,7705409.15000000
1711324800000,1.98700000,2.08200000,1.97100000,2.06000000,9599198.13000000
1711411200000,2.06000000,2.14100000,2.01900000,2.07000000,9056420.51000000
1711497600000,2.07000000,2.11200000,1.95500000,1.99500000,9755584.82000000
1711584000000,1.99500000,2.06200000,1.95800000,2.04800000,7440950.90000000
1711670400000,2.04800000,2.07600000,1.97500000,2.00900000,10184529.94000000
1711756800000,2.00900000,2.02100000,1.96200000,1.97400000,6698156.79000000
1711843200000,1.97300000,2.03000000,1.96400000,2.01000000,4804221.04000000
1711929600000,2.01000000,2.01200000,1.83000000,1.88100000,11525085.92000000
1712016000000,1.88000000,1.88100000,1.70100000,1.71900000,13657119.70000000
1712102400000,1.71900000,1.78600000,1.64800000,1.67800000,10312993.03000000
1712188800000,1.67800000,1.75300000,1.64400000,1.69700000,7918537.59000000
1712275200000,1.69700000,1.70400000,1.60000000,1.66200000,9586695.71000000
1712361600000,1.66200000,1.72500000,1.65100000,1.70500000,4932812.49000000
1712448000000,1.70500000,1.74100000,1.69000000,1.72300000,6494557.51000000
1712534400000,1.72300000,1.82000000,1.67400000,1.80100000,11849169.39000000
1712620800000,1.80100000,1.80700000,1.67300000,1.68600000,11491835.27000000
1712707200000,1.68500000,1.69700000,1.58100000,1.66100000,11023505.60000000
1712793600000,1.66000000,1.68700000,1.60400000,1.62300000,7130776.45000000
1712880000000,1.62400000,1.65400000,1.06200000,1.30500000,27645913.35000000
1712966400000,1.30500000,1.31900000,1.00000000,1.14600000,34020545.23000000
1713052800000,1.14600000,1.24600000,1.09400000,1.22600000,17152243.77000000
1713139200000,1.22600000,1.26900000,1.14300000,1.18400000,12986975.19000000
1713225600000,1.18400000,1.21900000,1.12000000,1.20000000,9354366.44000000
1713312000000,1.19900000,1.22500000,1.13300000,1.18600000,10050944.62000000
1713398400000,1.18500000,1.26800000,1.15700000,1.25100000,10432514.55000000
1713484800000,1.25100000,1.27400000,1.15400000,1.22200000,10862045.16000000
1713571200000,1.22300000,1.32300000,1.20500000,1.31600000,6052615.69000000
1713657600000,1.31600000,1.32700000,1.25800000,1.28600000,6914823.96000000
1713744000000,1.28600000,1.36000000,1.27300000,1.34500000,8709174.26000000
1713830400000,1.34400000,1.36300000,1.30400000,1.31700000,5299612.43000000
1713916800000,1.31600000,1.35900000,1.22700000,1.24400000,8488074.62000000
1714003200000,1.24400000,1.28800000,1.20500000,1.26900000,6139904.59000000
1714089600000,1.26800000,1.45400000,1.23400000,1.38700000,20949948.15000000
1714176000000,1.38800000,1.38800000,1.22100000,1.27300000,13487857.74000000
1714262400000,1.27400000,1.34700000,1.26800000,1.27800000,9011491.46000000
1714348800000,1.27700000,1.29500000,1.20300000,1.23400000,8672243.35000000
1714435200000,1.23400000,1.25300000,1.13300000,1.16900000,12227698.10000000
1714521600000,1.16900000,1.21700000,1.09200000,1.17400000,14042288.99000000
1714608000000,1.17300000,1.21400000,1.14200000,1.20400000,7351118.63000000
1714694400000,1.20300000,1.25500000,1.19400000,1.24300000,7151146.43000000
1714780800000,1.24400000,1.26600000,1.23400000,1.23900000,4784693.85000000
1714867200000,1.23800000,1.28100000,1.20900000,1.26300000,5918356.98000000
1714953600000,1.26300000,1.32100000,1.24100000,1.25200000,10168945.61000000
1715040000000,1.25300000,1.32000000,1.23000000,1.23500000,8487070.84000000
1715126400000,1.23400000,1.24300000,1.19100000,1.21200000,8492078.10000000
1715212800000,1.21200000,1.28900000,1.20900000,1.28300000,7363751.00000000
1715299200000,1.28200000,1.30200000,1.20000000,1.21600000,8599115.04000000
1715385600000,1.21500000,1.23600000,1.20300000,1.21300000,3495386.19000000
1715472000000,1.21300000,1.24700000,1.18400000,1.19800000,3477053.36000000
1715558400000,1.19900000,1.21500000,1.14000000,1.17500000,6424220.87000000
1715644800000,1.17500000,1.18100000,1.13100000,1.14300000,7317559.18000000
1715731200000,1.14200000,1.22900000,1.12700000,1.21600000,7442437.61000000
1715817600000,1.21600000,1.24100000,1.16500000,1.21200000,5726118.70000000
1715904000000,1.21200000,1.27300000,1.19000000,1.25200000,5436795.03000000
1715990400000,1.25200000,1.26700000,1.22700000,1.25600000,3284536.67000000
1716076800000,1.25600000,1.26800000,1.17700000,1.19100000,5199550.27000000
1716163200000,1.19100000,1.30100000,1.17100000,1.29700000,9825911.53000000
1716249600000,1.29800000,1.33300000,1.28200000,1.29800000,11384334.66000000
1716336000000,1.29700000,1.32700000,1.26100000,1.27600000,11030768.52000000
1716422400000,1.27600000,1.30900000,1.18400000,1.26600000,10337211.28000000
1716508800000,1.26500000,1.32800000,1.26200000,1.32200000,9815831.79000000
1716595200000,1.32100000,1.34600000,1.29700000,1.31700000,4886701.81000000
1716681600000,1.31700000,1.31900000,1.26300000,1.27900000,5019150.63000000
1716768000000,1.28000000,1.34900000,1.26900000,1.34400000,6152182.88000000
1716854400000,1.34400000,1.35100000,1.27400000,1.31500000,6845237.30000000
1716940800000,1.31500000,1.35000000,1.29600000,1.30000000,5835365.56000000
1717027200000,1.29900000,1.31900000,1.25400000,1.27800000,5756731.91000000
1717113600000,1.27800000,1.28100000,1.23300000,1.24900000,7474900.26000000
1717200000000,1.24800000,1.30100000,1.23600000,1.29200000,3495540.82000000
1717286400000,1.29200000,1.32200000,1.27300000,1.27800000,4901617.50000000
1717372800000,1.27800000,1.33200000,1.26100000,1.30200000,6535134.10000000
1717459200000,1.30100000,1.33400000,1.28200000,1.31900000,6156904.93000000
1717545600000,1.31900000,1.36700000,1.31500000,1.36200000,5425562.68000000
1717632000000,1.36100000,1.36500000,1.30300000,1.33000000,6832709.77000000
1717718400000,1.32900000,1.33400000,1.10000000,1.19500000,12805721.26000000
1717804800000,1.19400000,1.19700000,1.11300000,1.12100000,9039021.10000000
1717891200000,1.12100000,1.16900000,1.10100000,1.15500000,4576173.91000000
1717977600000,1.15400000,1.16400000,1.11000000,1.13000000,5837478.65000000
1718064000000,1.13100000,1.14100000,1.05100000,1.07900000,11219370.90000000
1718150400000,1.08000000,1.14200000,1.05600000,1.11900000,6795119.44000000
1718236800000,1.11800000,1.12400000,1.05300000,1.07200000,5078785.16000000
1718323200000,1.07200000,1.09200000,0.99200000,1.01400000,8779046.23000000
1718409600000,1.01400000,1.06900000,1.00900000,1.04700000,4431510.84000000
1718496000000,1.04700000,1.08500000,1.03100000,1.08500000,3248185.68000000
1718582400000,1.08400000,1.09000000,0.99400000,1.01500000,7794797.21000000
1718668800000,1.01600000,1.02000000,0.86800000,0.91500000,16680502.32000000
1718755200000,0.91500000,0.94300000,0.90100000,0.91600000,7134105.83000000
1718841600000,0.91500000,0.97200000,0.90200000,0.91500000,6723660.56000000
1718928000000,0.91500000,0.94400000,0.89800000,0.94200000,6089815.42000000
1719014400000,0.94200000,0.94400000,0.91800000,0.92300000,3158171.78000000
1719100800000,0.92300000,0.95000000,0.89300000,0.90400000,4769427.87000000
1719187200000,0.90400000,0.95700000,0.84000000,0.95400000,7967966.55000000
1719273600000,0.95500000,0.98700000,0.95200000,0.97000000,4287972.34000000
1719360000000,0.97000000,0.98500000,0.94300000,0.97200000,3792324.31000000
1719446400000,0.97200000,0.99800000,0.94700000,0.97300000,3984435.20000000
1719532800000,0.97300000,0.99400000,0.95700000,0.95700000,4019115.38000000
1719619200000,0.95700000,0.98000000,0.93900000,0.94100000,2263462.30000000
1719705600000,0.94100000,0.99400000,0.93600000,0.98600000,3050167.73000000
1719792000000,0.98500000,1.00100000,0.90600000,0.90700000,5528066.89000000
1719878400000,0.90700000,0.94700000,0.89400000,0.93100000,5009138.72000000
1719964800000,0.93200000,0.93800000,0.87800000,0.89100000,5267695.70000000
1720051200000,0.89100000,0.89700000,0.76100000,0.76900000,9466139.91000000
1720137600000,0.77000000,0.77100000,0.65400000,0.70800000,18964818.42000000
1720224000000,0.70700000,0.76800000,0.70300000,0.76300000,4414026.02000000
1720310400000,0.76300000,0.76300000,0.69500000,0.69900000,4665479.79000000
1720396800000,0.70000000,0.74800000,0.66300000,0.71900000,7003289.44000000
1720483200000,0.71900000,0.73600000,0.70000000,0.72400000,4999919.89000000
1720569600000,0.72500000,0.74800000,0.71400000,0.72900000,4043097.97000000
1720656000000,0.72800000,0.76200000,0.70900000,0.71400000,6529187.69000000
1720742400000,0.71500000,0.74000000,0.70500000,0.72400000,4799592.88000000
1720828800000,0.72400000,0.74800000,0.71900000,0.73800000,6171329.43000000
1720915200000,0.73900000,0.76300000,0.72600000,0.75700000,5404179.36000000
1721001600000,0.75700000,0.80800000,0.74900000,0.80400000,9162721.16000000
1721088000000,0.80500000,0.82700000,0.76600000,0.81200000,10744215.86000000
1721174400000,0.81100000,0.84600000,0.81000000,0.81300000,7461602.42000000
1721260800000,0.81400000,0.86000000,0.78200000,0.80600000,7765044.77000000
1721347200000,0.80600000,0.83700000,0.78700000,0.82900000,5465189.01000000
1721433600000,0.82900000,0.84900000,0.81600000,0.84100000,5002202.04000000
1721520000000,0.84100000,0.86800000,0.80600000,0.86300000,6740804.04000000
1721606400000,0.86300000,0.87300000,0.80500000,0.80900000,6339266.90000000
1721692800000,0.80900000,0.83100000,0.77600000,0.79400000,6197862.20000000
1721779200000,0.79500000,0.82700000,0.77200000,0.77900000,4977208.41000000
1721865600000,0.77800000,0.78400000,0.71500000,0.74600000,8851039.85000000
1721952000000,0.74600000,0.79500000,0.74400000,0.78900000,4106306.47000000
1722038400000,0.78900000,0.80600000,0.77300000,0.79100000,4030826.34000000
1722124800000,0.79100000,0.79600000,0.76100000,0.77000000,3563812.38000000
1722211200000,0.77100000,0.80400000,0.76900000,0.77300000,4514550.99000000
1722297600000,0.77300000,0.81000000,0.76400000,0.77500000,4756976.44000000
1722384000000,0.77500000,0.79700000,0.74100000,0.74900000,4875730.11000000
1722470400000,0.75000000,0.76100000,0.66800000,0.71900000,8869680.32000000
1722556800000,0.72000000,0.72500000,0.65500000,0.66800000,7026919.18000000
1722643200000,0.66700000,0.69100000,0.60900000,0.62800000,11790715.38000000
1722729600000,0.62800000,0.65100000,0.58100000,0.60700000,10534523.47000000
1722816000000,0.60800000,0.61400000,0.47500000,0.54600000,34852822.68000000
1722902400000,0.54600000,0.58700000,0.54600000,0.57700000,10412835.17000000
1722988800000,0.57700000,0.60100000,0.55000000,0.55900000,8253253.03000000
1723075200000,0.55900000,0.62100000,0.54900000,0.61900000,7318286.89000000
1723161600000,0.61800000,0.61800000,0.59500000,0.61400000,5994931.31000000
1723248000000,0.61400000,0.62700000,0.60500000,0.62000000,3820460.66000000
1723334400000,0.62000000,0.62900000,0.57100000,0.57500000,5485826.66000000
1723420800000,0.57500000,0.62300000,0.57100000,0.61500000,5811868.78000000
1723507200000,0.61400000,0.61700000,0.59400000,0.60500000,5890058.61000000
1723593600000,0.60500000,0.61200000,0.57700000,0.58900000,5160858.89000000
1723680000000,0.58900000,0.60500000,0.56200000,0.57200000,5039985.49000000
1723766400000,0.57200000,0.58500000,0.54700000,0.56100000,5526937.63000000
1723852800000,0.56100000,0.58500000,0.55600000,0.58500000,3876536.50000000
1723939200000,0.58500000,0.61400000,0.57700000,0.58400000,4145672.84000000
1724025600000,0.58400000,0.61200000,0.57900000,0.59600000,9442341.96000000
1724112000000,0.59700000,0.61100000,0.58000000,0.60500000,5907941.14000000
1724198400000,0.60500000,0.64400000,0.60100000,0.63400000,8996419.57000000
1724284800000,0.63400000,0.65400000,0.62800000,0.63600000,9284859.03000000
1724371200000,0.63500000,0.71700000,0.63500000,0.71500000,8639625.47000000
1724457600000,0.71500000,0.79900000,0.70300000,0.75900000,12545351.58000000
1724544000000,0.76000000,0.76000000,0.71300000,0.73000000,7536503.73000000
1724630400000,0.73100000,0.73800000,0.68300000,0.68800000,7872518.25000000
1724716800000,0.68800000,0.72300000,0.64300000,0.66300000,8737122.06000000
1724803200000,0.66300000,0.69300000,0.63300000,0.64000000,11255068.65000000
1724889600000,0.64000000,0.65700000,0.61200000,0.62600000,10326601.74000000
1724976000000,0.62700000,0.64000000,0.60200000,0.63400000,8667440.72000000
1725062400000,0.63400000,0.64300000,0.60400000,0.60700000,3210398.26000000
1725148800000,0.60700000,0.62100000,0.56400000,0.56900000,5978912.91000000
1725235200000,0.56900000,0.60600000,0.56500000,0.60200000,6430985.06000000
1725321600000,0.60200000,0.61300000,0.58800000,0.58900000,5478618.30000000
1725408000000,0.58900000,0.61500000,0.56600000,0.60600000,9342461.93000000
1725494400000,0.60600000,0.67100000,0.60100000,0.64800000,17862844.03000000
1725580800000,0.64800000,0.65600000,0.61000000,0.63800000,11972182.10000000
1725667200000,0.63700000,0.75200000,0.63400000,0.73400000,26515316.56000000
1725753600000,0.73300000,0.76400000,0.71100000,0.74500000,18272585.21000000
1725840000000,0.74400000,0.89400000,0.72200000,0.85100000,27806802.99000000
1725926400000,0.85200000,0.86300000,0.80800000,0.82900000,20101122.85000000
1726012800000,0.82900000,0.83000000,0.75000000,0.75400000,15409392.91000000
1726099200000,0.75400000,0.76600000,0.73700000,0.75000000,12890587.41000000
1726185600000,0.75000000,0.75500000,0.72200000,0.74300000,10715374.91000000
1726272000000,0.74300000,0.76900000,0.73200000,0.73400000,8484556.57000000
1726358400000,0.73300000,0.76100000,0.71400000,0.72800000,8850420.85000000
1726444800000,0.72700000,0.73000000,0.70400000,0.72100000,9782912.98000000
1726531200000,0.72200000,0.75900000,0.71100000,0.74300000,10564062.48000000
1726617600000,0.74300000,0.78700000,0.72400000,0.78500000,13583634.13000000
1726704000000,0.78500000,0.80300000,0.76900000,0.79600000,11939673.26000000
1726790400000,0.79600000,0.81700000,0.77600000,0.80700000,11150684.51000000
1726876800000,0.80600000,0.81900000,0.78200000,0.81300000,6616663.20000000
1726963200000,0.81200000,0.81300000,0.75900000,0.77800000,8260916.84000000
1727049600000,0.77900000,0.80700000,0.75800000,0.80700000,8726753.40000000
1727136000000,0.80700000,0.82700000,0.79100000,0.82000000,6973385.71000000
1727222400000,0.82000000,0.84800000,0.81400000,0.83100000,6479891.94000000
1727308800000,0.83100000,0.86000000,0.81500000,0.83600000,9133376.04000000
1727395200000,0.83500000,0.85800000,0.82200000,0.85000000,8004953.01000000
1727481600000,0.85000000,0.87500000,0.79400000,0.82500000,9707940.67000000
1727568000000,0.82500000,0.84900000,0.79300000,0.83600000,9144216.31000000
1727654400000,0.83700000,0.84800000,0.75100000,0.76100000,11062545.04000000
1727740800000,0.76100000,0.82600000,0.67700000,0.68100000,16929331.23000000
1727827200000,0.68100000,0.71300000,0.65400000,0.68900000,12922261.18000000
1727913600000,0.69000000,0.71400000,0.65400000,0.68200000,11093730.24000000
1728000000000,0.68200000,0.71600000,0.67800000,0.71000000,4649332.34000000
1728086400000,0.71000000,0.72500000,0.69100000,0.70400000,3263062.42000000
1728172800000,0.70300000,0.73700000,0.69700000,0.73600000,5334504.29000000
1728259200000,0.73600000,0.77000000,0.73200000,0.73700000,7635502.33000000
1728345600000,0.73800000,0.74900000,0.70400000,0.71400000,7789891.95000000
1728432000000,0.71400000,0.74600000,0.69400000,0.70500000,7796440.26000000
1728518400000,0.70600000,0.72100000,0.67300000,0.70000000,6594933.70000000
1728604800000,0.70000000,0.72900000,0.68800000,0.72000000,6083744.26000000
1728691200000,0.72100000,0.73800000,0.70800000,0.72300000,5789605.46000000
1728777600000,0.72200000,0.73100000,0.69300000,0.72600000,5691419.49000000
1728864000000,0.72700000,0.77900000,0.71500000,0.77700000,9069714.44000000
1728950400000,0.77700000,0.78700000,0.73000000,0.74900000,11240963.25000000
1729036800000,0.74800000,0.75200000,0.71400000,0.72000000,9428929.58000000
1729123200000,0.72000000,0.72600000,0.68700000,0.71000000,9177462.35000000
1729209600000,0.71000000,0.73900000,0.70800000,0.73700000,6040689.94000000
1729296000000,0.73700000,0.92900000,0.73300000,0.87100000,34399895.05000000
1729382400000,0.87100000,1.73000000,0.86100000,1.49100000,325902197.21000000
1729468800000,1.49100000,1.75900000,1.39500000,1.57000000,211906058.62000000
1729555200000,1.56900000,1.64900000,1.25400000,1.35500000,112164454.95000000
1729641600000,1.35500000,1.35500000,1.11800000,1.12900000,64043464.55000000
1729728000000,1.12900000,1.20400000,1.08200000,1.13900000,53177500.74000000
1729814400000,1.14000000,1.31100000,0.90000000,1.06000000,104744767.95000000
1729900800000,1.05900000,1.08700000,1.01100000,1.06300000,37718324.50000000
1729987200000,1.06300000,1.19800000,1.00900000,1.13000000,43482552.12000000
1730073600000,1.13000000,1.13000000,0.99100000,1.04400000,39969624.57000000
1730160000000,1.04500000,1.11400000,1.03500000,1.08700000,34735947.92000000
1730246400000,1.08700000,1.13200000,1.06400000,1.08800000,31287535.27000000
1730332800000,1.08800000,1.10400000,0.99100000,1.00100000,19286261.38000000
1730419200000,1.00100000,1.03300000,0.96300000,1.01500000,25855171.08000000
1730505600000,1.01500000,1.02600000,0.96600000,1.00400000,16235361.19000000
1730592000000,1.00400000,1.02800000,0.87500000,0.92300000,42256065.41000000
1730678400000,0.92400000,0.95200000,0.86700000,0.91200000,23152081.97000000
1730764800000,0.91100000,1.04800000,0.90600000,0.97900000,51676831.64000000
1730851200000,0.97800000,1.08500000,0.97200000,1.07300000,52521840.75000000
1730937600000,1.07400000,1.14300000,1.04000000,1.06200000,30404645.94000000
1731024000000,1.06300000,1.07600000,0.99600000,1.04700000,21875588.32000000
1731110400000,1.04700000,1.11600000,1.01300000,1.11000000,27187101.38000000
1731196800000,1.11100000,1.19000000,1.05400000,1.11500000,46121659.08000000
1731283200000,1.11400000,1.18100000,1.06800000,1.17600000,39995783.38000000
1731369600000,1.17700000,1.24200000,1.03700000,1.12300000,59654082.10000000
1731456000000,1.12400000,1.17300000,1.01000000,1.14200000,50051172.79000000
1731542400000,1.14100000,1.19100000,1.03700000,1.05200000,41030033.68000000
1731628800000,1.05100000,1.09500000,1.00600000,1.08800000,22598794.98000000
1731715200000,1.08900000,1.31900000,1.08300000,1.15300000,53618151.30000000
1731801600000,1.15400000,1.15900000,1.06200000,1.07700000,26509229.82000000
1731888000000,1.07800000,1.16200000,1.07100000,1.15400000,27246122.24000000
1731974400000,1.15500000,1.16600000,1.08600000,1.13400000,17221939.45000000
1732060800000,1.13400000,1.16100000,1.05300000,1.14000000,30225890.63000000
1732147200000,1.14000000,1.18800000,1.08600000,1.16500000,30438282.26000000
1732233600000,1.16500000,1.22300000,1.12200000,1.21700000,28352900.36000000
1732320000000,1.21800000,1.32100000,1.19400000,1.30700000,46050822.39000000
1732406400000,1.30800000,1.44200000,1.22900000,1.37700000,49088062.00000000
1732492800000,1.37700000,1.39300000,1.27200000,1.31500000,26384067.69000000
1732579200000,1.31600000,1.38700000,1.21200000,1.28000000,27392870.06000000
1732665600000,1.27900000,1.32300000,1.24800000,1.31600000,20002086.30000000
1732752000000,1.31600000,1.43200000,1.28500000,1.38800000,25819774.64000000
1732838400000,1.38800000,1.43200000,1.32200000,1.41700000,15611367.14000000
1732924800000,1.41800000,1.56800000,1.38000000,1.50000000,23978817.84000000
1733011200000,1.49900000,1.63500000,1.43300000,1.52100000,33912733.53000000
1733097600000,1.52000000,1.62800000,1.42900000,1.59000000,44442690.95000000
1733184000000,1.59100000,2.07700000,1.49800000,1.89400000,81561027.06000000
1733270400000,1.89500000,2.16800000,1.84100000,1.94500000,63805486.48000000
1733356800000,1.94600000,1.97500000,1.78000000,1.83300000,31607038.46000000
1733443200000,1.83400000,1.93400000,1.79600000,1.85200000,20254921.00000000
1733529600000,1.85200000,1.92500000,1.81700000,1.89600000,13900055.99000000
1733616000000,1.89500000,1.92800000,1.80300000,1.88900000,12466801.81000000
1733702400000,1.88800000,1.90800000,1.22700000,1.48900000,57207635.76000000
1733788800000,1.48800000,1.54100000,1.29700000,1.42800000,36737973.33000000
1733875200000,1.42900000,1.55400000,1.37800000,1.53200000,20916200.77000000
1733961600000,1.53100000,1.66000000,1.51300000,1.58600000,23358726.44000000
1734048000000,1.58600000,1.66500000,1.54400000,1.63400000,24719789.54000000
1734134400000,1.63400000,1.65000000,1.49400000,1.53200000,17902874.30000000
1734220800000,1.53300000,1.61900000,1.49000000,1.61000000,12787994.65000000
1734307200000,1.61000000,1.65200000,1.51300000,1.54600000,16840505.04000000
1734393600000,1.54600000,1.62600000,1.45300000,1.48400000,23599969.16000000
1734480000000,1.48400000,1.50000000,1.30200000,1.31500000,25557020.09000000
1734566400000,1.31400000,1.33200000,1.13200000,1.16100000,38197433.03000000
1734652800000,1.16100000,1.22500000,0.99900000,1.21100000,39433714.56000000
1734739200000,1.21100000,1.28300000,1.11100000,1.13100000,16165486.37000000
1734825600000,1.13200000,1.18300000,1.09600000,1.13500000,15396018.49000000
1734912000000,1.13500000,1.26700000,1.09900000,1.24100000,20281532.84000000
1734998400000,1.24100000,1.28500000,1.20300000,1.26300000,13022459.67000000
1735084800000,1.26200000,1.29900000,1.23200000,1.25000000,7836587.07000000
1735171200000,1.25100000,1.26500000,1.15500000,1.17600000,10566603.66000000
1735257600000,1.17600000,1.29600000,1.16800000,1.22800000,17259389.70000000
1735344000000,1.22900000,1.26100000,1.18200000,1.24800000,9584795.18000000
1735430400000,1.24900000,1.28100000,1.19100000,1.20000000,9887904.68000000
1735516800000,1.20100000,1.27100000,1.16500000,1.22600000,13307222.95000000
1735603200000,1.22600000,1.26300000,1.18400000,1.20400000,11063624.83000000
1735689600000,1.20400000,1.24900000,1.17200000,1.24500000,8927272.83000000
1735776000000,1.24600000,1.29100000,1.23600000,1.25800000,8408684.48000000
1735862400000,1.25900000,1.39400000,1.24400000,1.37400000,15230053.20000000
1735948800000,1.37500000,1.38100000,1.32900000,1.34800000,9113287.06000000
1736035200000,1.34900000,1.36300000,1.31000000,1.35000000,7792701.26000000
1736121600000,1.35100000,1.39700000,1.32600000,1.36100000,13032296.52000000
1736208000000,1.36000000,1.36700000,1.18700000,1.18900000,19446096.00000000
1736294400000,1.18900000,1.20900000,1.06200000,1.12600000,20235853.23000000
1736380800000,1.12600000,1.14600000,1.05600000,1.08900000,22130911.16000000
1736467200000,1.08900000,1.13500000,1.08500000,1.12800000,12258495.49000000
1736553600000,1.12700000,1.14900000,1.10100000,1.12100000,6181873.14000000
1736640000000,1.12200000,1.12800000,1.08100000,1.09300000,4340826.76000000
1736726400000,1.09300000,1.12500000,0.96100000,1.03400000,18753749.16000000
1736812800000,1.03400000,1.08900000,1.01500000,1.07700000,11556565.43000000
1736899200000,1.07700000,1.14900000,1.03500000,1.14300000,15680977.58000000
1736985600000,1.14400000,1.15100000,1.08600000,1.10600000,17404246.81000000
1737072000000,1.10700000,1.21000000,1.10700000,1.19600000,12084254.25000000
1737158400000,1.19700000,1.21400000,1.07600000,1.10400000,16032819.04000000
1737244800000,1.10400000,1.13900000,0.96700000,0.98600000,42789721.56000000
1737331200000,0.98600000,1.07200000,0.91500000,0.99900000,50366417.43000000
1737417600000,0.99900000,1.05000000,0.94600000,1.02600000,16182427.60000000
1737504000000,1.02500000,1.06400000,1.01000000,1.02200000,10904355.35000000
1737590400000,1.02200000,1.03300000,0.97200000,1.01500000,16203469.81000000
1737676800000,1.01500000,1.05500000,0.97800000,0.99100000,13517730.47000000
1737763200000,0.99100000,1.02200000,0.96800000,0.98800000,10843505.29000000
1737849600000,0.98800000,1.02400000,0.97500000,0.97900000,11954685.49000000
1737936000000,0.97800000,0.98200000,0.86300000,0.94300000,21172528.80000000
1738022400000,0.94300000,0.96100000,0.85400000,0.86100000,11580335.59000000
1738108800000,0.86100000,0.95200000,0.85300000,0.91800000,15452998.38000000
1738195200000,0.91900000,0.98600000,0.90800000,0.97100000,9306057.02000000
1738281600000,0.97100000,1.02500000,0.94500000,0.99900000,20321562.72000000
1738368000000,0.99800000,1.04600000,0.89900000,0.90600000,10938116.88000000
1738454400000,0.90600000,0.92800000,0.69900000,0.75200000,33218833.55000000
1738540800000,0.75300000,0.76800000,0.53800000,0.75400000,75619574.40000000
1738627200000,0.75400000,0.76200000,0.65900000,0.70500000,36295700.42000000
1738713600000,0.70600000,0.72600000,0.67600000,0.68700000,19664671.76000000
1738800000000,0.68700000,0.70700000,0.63000000,0.63900000,18760338.25000000
1738886400000,0.63800000,0.70900000,0.62600000,0.64900000,16922230.96000000
1738972800000,0.64900000,0.69400000,0.64500000,0.68500000,10761036.48000000
1739059200000,0.68500000,0.70500000,0.64800000,0.68800000,11085594.84000000
1739145600000,0.68700000,0.72900000,0.66200000,0.71900000,12537751.35000000
1739232000000,0.71900000,0.77300000,0.69500000,0.70700000,14848548.11000000
1739318400000,0.70700000,0.76500000,0.68500000,0.75400000,20069202.08000000
1739404800000,0.75500000,0.77000000,0.71800000,0.73300000,12746142.40000000
1739491200000,0.73300000,0.78600000,0.72700000,0.74900000,10951231.94000000
1739577600000,0.74800000,0.74900000,0.71000000,0.71800000,5829994.95000000
1739664000000,0.71700000,0.73200000,0.70100000,0.71900000,6430921.76000000
1739750400000,0.71900000,0.75100000,0.69500000,0.71600000,9614831.55000000
1739836800000,0.71500000,0.71900000,0.64900000,0.67500000,10845555.93000000
1739923200000,0.67500000,0.68900000,0.65600000,0.67100000,11885434.87000000
1740009600000,0.67000000,0.71400000,0.66600000,0.70800000,7895395.62000000
1740096000000,0.70800000,0.76400000,0.67400000,0.68600000,17689583.05000000
1740182400000,0.68600000,0.73600000,0.68200000,0.73200000,12704503.09000000
1740268800000,0.73200000,0.73600000,0.69400000,0.70400000,6474219.39000000
1740355200000,0.70400000,0.70800000,0.56800000,0.59000000,17333806.78000000
1740441600000,0.59000000,0.62800000,0.54600000,0.61800000,23112903.36000000
1740528000000,0.61800000,0.64800000,0.60300000,0.63300000,16052756.73000000
1740614400000,0.63300000,0.67000000,0.62100000,0.64500000,14969015.61000000
1740700800000,0.64500000,0.65400000,0.58300000,0.64100000,16815676.60000000
1740787200000,0.64200000,0.64500000,0.60200000,0.62800000,9508625.63000000
1740873600000,0.62700000,0.68900000,0.60900000,0.68800000,15131890.37000000
1740960000000,0.68800000,0.69000000,0.55500000,0.57000000,29341408.69000000
1741046400000,0.57100000,0.57700000,0.49900000,0.55100000,36248993.60000000
1741132800000,0.55100000,0.58000000,0.54400000,0.57600000,14585550.57000000
1741219200000,0.57500000,0.59270000,0.55430000,0.56130000,15335043.19000000
1741305600000,0.56130000,0.58690000,0.52930000,0.55800000,24807642.82000000
1741392000000,0.55800000,0.56250000,0.52410000,0.53760000,7112855.90000000
1741478400000,0.53750000,0.54220000,0.46150000,0.47300000,14736556.12000000
1741564800000,0.47310000,0.52940000,0.44960000,0.46140000,27823665.58000000
1741651200000,0.46150000,0.50650000,0.42000000,0.49100000,23663784.95000000
1741737600000,0.49110000,0.54260000,0.48240000,0.51430000,15349942.10000000
1741824000000,0.51420000,0.51810000,0.48170000,0.50160000,20138041.21000000
1741910400000,0.50180000,0.53390000,0.49990000,0.52230000,15158835.25000000
1741996800000,0.52210000,0.54340000,0.51140000,0.53160000,8350994.27000000
1742083200000,0.53170000,0.53760000,0.49620000,0.50220000,12356201.92000000
1742169600000,0.50210000,0.57370000,0.50150000,0.53900000,28821848.65000000
1742256000000,0.53900000,0.54870000,0.51040000,0.52640000,15508014.64000000
1742342400000,0.52640000,0.54140000,0.51390000,0.54020000,17501717.07000000
1742428800000,0.54040000,0.54350000,0.51280000,0.52210000,13063020.62000000
1742515200000,0.52200000,0.53590000,0.50370000,0.50710000,13848010.31000000
1742601600000,0.50720000,0.54290000,0.50720000,0.53100000,9595241.65000000
1742688000000,0.53080000,0.55590000,0.52670000,0.54000000,11982707.19000000
1742774400000,0.54010000,0.56320000,0.53450000,0.55730000,16576434.38000000
1742860800000,0.55720000,0.57550000,0.54880000,0.56340000,11704076.91000000
1742947200000,0.56330000,0.58480000,0.54110000,0.55450000,12625280.23000000
1743033600000,0.55480000,0.57110000,0.54370000,0.55320000,4878057.72000000
1743120000000,0.55320000,0.55690000,0.48610000,0.50090000,12378679.76000000
1743206400000,0.50100000,0.50410000,0.46150000,0.46960000,7705036.87000000
1743292800000,0.46990000,0.48360000,0.46410000,0.47400000,5948826.27000000
1743379200000,0.47410000,0.48190000,0.45940000,0.46980000,6879936.55000000
1743465600000,0.47000000,0.49720000,0.46920000,0.47710000,8963490.08000000
1743552000000,0.47720000,0.47880000,0.42450000,0.43230000,13310453.11000000
1743638400000,0.43240000,0.45440000,0.42000000,0.44020000,9176885.69000000
1743724800000,0.44060000,0.45050000,0.42780000,0.44470000,6326573.88000000
1743811200000,0.44460000,0.44880000,0.43500000,0.44210000,3423805.31000000
1743897600000,0.44210000,0.44210000,0.37860000,0.38820000,13008280.48000000
1743984000000,0.38850000,0.41730000,0.34840000,0.39890000,38026193.00000000
1744070400000,0.39910000,0.41180000,0.37690000,0.38170000,7500685.93000000
1744156800000,0.38180000,0.42770000,0.36410000,0.42140000,16511426.17000000
1744243200000,0.42140000,0.42150000,0.39600000,0.40720000,6951782.68000000
1744329600000,0.40710000,0.42960000,0.40600000,0.42360000,6074145.00000000
1744416000000,0.42360000,0.44880000,0.41920000,0.44190000,6229534.85000000
1744502400000,0.44210000,0.44310000,0.41620000,0.42270000,6897315.82000000
1744588800000,0.42300000,0.43910000,0.41240000,0.41820000,6188035.32000000
1744675200000,0.41840000,0.42820000,0.40670000,0.40900000,7348655.34000000
1744761600000,0.40910000,0.42070000,0.39990000,0.40950000,7539613.24000000
1744848000000,0.40940000,0.42320000,0.40460000,0.41340000,7179682.05000000
1744934400000,0.41340000,0.43570000,0.40960000,0.43470000,5504601.02000000
1745020800000,0.43470000,0.47000000,0.43270000,0.45900000,9257230.78000000
1745107200000,0.45900000,0.49030000,0.45410000,0.46980000,13488554.79000000
1745193600000,0.46970000,0.48520000,0.45980000,0.46290000,11309138.59000000
1745280000000,0.46300000,0.49500000,0.45390000,0.49320000,9089392.47000000
1745366400000,0.49330000,0.51830000,0.49100000,0.51380000,10284260.24000000
1745452800000,0.51380000,0.52490000,0.50040000,0.52050000,8809973.09000000
1745539200000,0.52040000,0.54340000,0.51430000,0.52730000,8060530.95000000
1745625600000,0.52740000,0.56420000,0.52740000,0.55370000,7532916.09000000
1745712000000,0.55370000,0.55600000,0.51390000,0.51530000,4887130.64000000
1745798400000,0.51530000,0.55130000,0.50610000,0.54380000,7121015.65000000
1745884800000,0.54420000,0.56390000,0.51880000,0.52440000,6204326.30000000
1745971200000,0.52440000,0.54380000,0.51630000,0.53130000,5774829.44000000
1746057600000,0.53130000,0.54690000,0.52890000,0.53810000,4838073.67000000
1746144000000,0.53810000,0.55310000,0.53100000,0.54610000,7661391.97000000
1746230400000,0.54630000,0.54780000,0.49460000,0.50150000,4108222.89000000
1746316800000,0.50160000,0.50450000,0.48180000,0.48760000,3677174.78000000
1746403200000,0.48770000,0.50190000,0.47790000,0.48530000,4847948.04000000
1746489600000,0.48540000,0.49780000,0.46110000,0.47840000,5502073.33000000
1746576000000,0.47840000,0.49710000,0.47560000,0.48750000,4323350.35000000
1746662400000,0.48740000,0.57360000,0.48700000,0.56560000,16330084.08000000
1746748800000,0.56560000,0.64640000,0.56560000,0.64140000,14140923.56000000
1746835200000,0.64150000,0.68640000,0.63700000,0.68320000,9145068.35000000
1746921600000,0.68310000,0.68870000,0.64210000,0.66200000,6958635.32000000
1747008000000,0.66220000,0.71670000,0.64410000,0.67460000,11894937.17000000
1747094400000,0.67450000,0.71470000,0.63580000,0.70250000,11110640.63000000
1747180800000,0.70250000,0.72640000,0.65880000,0.66470000,13018311.24000000
1747267200000,0.66480000,0.67370000,0.60870000,0.62280000,7184541.86000000
1747353600000,0.62290000,0.64390000,0.60200000,0.61020000,4352292.07000000
1747440000000,0.61030000,0.64310000,0.58720000,0.61550000,7181814.93000000
1747526400000,0.61540000,0.68090000,0.60960000,0.68040000,8266799.38000000
1747612800000,0.68060000,0.68640000,0.62260000,0.64960000,9509995.42000000
1747699200000,0.64980000,0.66930000,0.62650000,0.66100000,5227948.00000000
1747785600000,0.66090000,0.69080000,0.64960000,0.68080000,7010449.02000000
1747872000000,0.68090000,0.70990000,0.68000000,0.70710000,5466685.10000000
1747958400000,0.70720000,0.71960000,0.63860000,0.64160000,7789190.32000000
1748044800000,0.64170000,0.65810000,0.63460000,0.63890000,3816387.13000000
1748131200000,0.63890000,0.65030000,0.62240000,0.64880000,3251905.45000000
1748217600000,0.64880000,0.67760000,0.64440000,0.65830000,3676011.81000000
1748304000000,0.65840000,0.70520000,0.64000000,0.70010000,4562622.18000000
1748390400000,0.70010000,0.71670000,0.68680000,0.71540000,6908576.79000000
1748476800000,0.71530000,0.73600000,0.68990000,0.69290000,6653059.45000000
1748563200000,0.69280000,0.69850000,0.63660000,0.63850000,9484855.19000000
1748649600000,0.63860000,0.63990000,0.59310000,0.61540000,7305919.92000000
1748736000000,0.61540000,0.64770000,0.59930000,0.64710000,9056248.87000000
1748822400000,0.64720000,0.71240000,0.62560000,0.70460000,10335660.03000000
1748908800000,0.70470000,0.71460000,0.67570000,0.68320000,6913223.35000000
1748995200000,0.68300000,0.78620000,0.68200000,0.72680000,22901210.68000000
1749081600000,0.72680000,0.73760000,0.66110000,0.66440000,10179011.19000000
1749168000000,0.66450000,0.74800000,0.65870000,0.68170000,15469721.52000000
1749254400000,0.68170000,0.71990000,0.68010000,0.69620000,7932662.74000000
1749340800000,0.69610000,0.71590000,0.69300000,0.70770000,6215801.61000000
1749427200000,0.70770000,0.73120000,0.67870000,0.72700000,12055967.14000000
1749513600000,0.72710000,0.74220000,0.71160000,0.74070000,7603882.56000000
1749600000000,0.74060000,0.74080000,0.70340000,0.71200000,5998156.20000000
1749686400000,0.71210000,0.72800000,0.68580000,0.68880000,6084051.55000000
1749772800000,0.68900000,0.68920000,0.62820000,0.67300000,13045918.13000000
1749859200000,0.67310000,0.69840000,0.66890000,0.68030000,4385495.44000000
1749945600000,0.68030000,0.68280000,0.65200000,0.66400000,3711164.95000000
1750032000000,0.66410000,0.69010000,0.66000000,0.66310000,6688161.88000000
1750118400000,0.66310000,0.67470000,0.64370000,0.65060000,3858188.99000000
1750204800000,0.65070000,0.65840000,0.60570000,0.62820000,5269619.11000000
1750291200000,0.62830000,0.64090000,0.62300000,0.63100000,2638485.83000000
1750377600000,0.63100000,0.63850000,0.60390000,0.61480000,3071038.55000000
1750464000000,0.61490000,0.62700000,0.56950000,0.58000000,4093050.68000000
1750550400000,0.58000000,0.58700000,0.52840000,0.55940000,8491299.36000000
1750636800000,0.55930000,0.61340000,0.55670000,0.61140000,4522958.10000000
1750723200000,0.61130000,0.62910000,0.61090000,0.62760000,3455820.38000000
1750809600000,0.62760000,0.63310000,0.60570000,0.61230000,5275597.77000000
1750896000000,0.61210000,0.63600000,0.58090000,0.60210000,11961930.69000000
1750982400000,0.60210000,0.61110000,0.59060000,0.60450000,2864626.81000000
1751068800000,0.60450000,0.60850000,0.59340000,0.60760000,3200548.05000000
1751155200000,0.60760000,0.63730000,0.59820000,0.62660000,5815771.52000000
1751241600000,0.62680000,0.63180000,0.60670000,0.61110000,2656222.46000000
1751328000000,0.61090000,0.61390000,0.58020000,0.58410000,2394730.41000000
1751414400000,0.58400000,0.63790000,0.56680000,0.63310000,7654568.91000000
1751500800000,0.63310000,0.64440000,0.62340000,0.62990000,2572917.66000000
1751587200000,0.62990000,0.63180000,0.58820000,0.59510000,2761105.01000000
1751673600000,0.59520000,0.60940000,0.58740000,0.59450000,3078251.61000000
1751760000000,0.59460000,0.61840000,0.57950000,0.61170000,4966379.73000000
1751846400000,0.61170000,0.61740000,0.59990000,0.60380000,1887238.11000000
1751932800000,0.60370000,0.61390000,0.59220000,0.61150000,1799120.21000000
1752019200000,0.61170000,0.63700000,0.60320000,0.63200000,3033948.33000000
1752105600000,0.63200000,0.66410000,0.62740000,0.66100000,3399428.75000000
1752192000000,0.66110000,0.68690000,0.65230000,0.66540000,7889433.01000000
1752278400000,0.66560000,0.67660000,0.63390000,0.64420000,4994681.39000000
1752364800000,0.64430000,0.67690000,0.64220000,0.66020000,3092279.02000000
1752451200000,0.66030000,0.68600000,0.63650000,0.64030000,7348428.37000000
1752537600000,0.64040000,0.66630000,0.62000000,0.66340000,6401466.34000000
1752624000000,0.66330000,0.68390000,0.65460000,0.66760000,7586277.39000000
1752710400000,0.66760000,0.68210000,0.65090000,0.67570000,8462735.88000000
1752796800000,0.67580000,0.73600000,0.65670000,0.67010000,12889638.00000000
1752883200000,0.67010000,0.68690000,0.65150000,0.67870000,4018333.61000000
1752969600000,0.67890000,0.71480000,0.67580000,0.70030000,7912818.23000000
1753056000000,0.70040000,0.77470000,0.67930000,0.72570000,20809776.07000000
1753142400000,0.72570000,0.73470000,0.69400000,0.72290000,11498655.71000000
1753228800000,0.72300000,0.73440000,0.65900000,0.67710000,17897077.62000000
1753315200000,0.67720000,0.68790000,0.61360000,0.64270000,8575516.65000000
1753401600000,0.64270000,0.65750000,0.62860000,0.65570000,4422468.26000000
1753488000000,0.65580000,0.65870000,0.62220000,0.63620000,6142237.90000000
1753574400000,0.63630000,0.65120000,0.63530000,0.64650000,7170754.28000000
1753660800000,0.64660000,0.66960000,0.60580000,0.61190000,10081283.75000000
1753747200000,0.61200000,0.62910000,0.60170000,0.61600000,7632128.46000000
1753833600000,0.61600000,0.61660000,0.56580000,0.59600000,6571956.54000000
1753920000000,0.59610000,0.61200000,0.56970000,0.57200000,6671646.32000000
1754006400000,0.57190000,0.57520000,0.53680000,0.55290000,12789308.25000000
1754092800000,0.55290000,0.55990000,0.52660000,0.54020000,3827350.22000000
1754179200000,0.54030000,0.55950000,0.53280000,0.55620000,2411393.96000000
1754265600000,0.55620000,0.57790000,0.55500000,0.57650000,7541302.85000000
1754352000000,0.57660000,0.57850000,0.54650000,0.55590000,7273757.15000000
1754438400000,0.55600000,0.57150000,0.53870000,0.56860000,12120255.87000000
1754524800000,0.56870000,0.59830000,0.56630000,0.59770000,4868554.66000000
1754611200000,0.59780000,0.62920000,0.58260000,0.62610000,15405100.29000000
1754697600000,0.62620000,0.64970000,0.62510000,0.64120000,7154575.88000000
1754784000000,0.64130000,0.65250000,0.62110000,0.63560000,4471511.94000000
1754870400000,0.63560000,0.64980000,0.60100000,0.60840000,9602227.82000000
1754956800000,0.60830000,0.64490000,0.60110000,0.63940000,8606509.85000000
1755043200000,0.63940000,0.66290000,0.63330000,0.65910000,7078438.77000000
1755129600000,0.65920000,0.66520000,0.59370000,0.60470000,12089751.37000000
1755216000000,0.60470000,0.61640000,0.58210000,0.60010000,9363412.37000000
1755302400000,0.60010000,0.62900000,0.59870000,0.62890000,4122223.01000000
1755388800000,0.62900000,0.64990000,0.62530000,0.62620000,7001312.15000000
1755475200000,0.62620000,0.62810000,0.59860000,0.60520000,6595213.07000000
1755561600000,0.60530000,0.63120000,0.57720000,0.58770000,13689472.83000000
1755648000000,0.58780000,0.61570000,0.58640000,0.60990000,7405769.56000000
1755734400000,0.60970000,0.61350000,0.58740000,0.59040000,5268524.13000000
1755820800000,0.59050000,0.64280000,0.56510000,0.64140000,11581309.41000000
1755907200000,0.64160000,0.64490000,0.61840000,0.63680000,6746440.11000000
1755993600000,0.63670000,0.63940000,0.60780000,0.61580000,7218080.96000000
1756080000000,0.61570000,0.62480000,0.55230000,0.55940000,8368346.84000000
1756166400000,0.55950000,0.59140000,0.55590000,0.58470000,4985428.76000000
1756252800000,0.58460000,0.59540000,0.57360000,0.57720000,6642680.83000000
1756339200000,0.57710000,0.59950000,0.57290000,0.59950000,4184008.87000000
1756425600000,0.59940000,0.60020000,0.55090000,0.56030000,7542157.37000000
1756512000000,0.56020000,0.57280000,0.54920000,0.57130000,2682334.57000000
1756598400000,0.57130000,0.58930000,0.56180000,0.56230000,4362203.39000000
1756684800000,0.56220000,0.57750000,0.53630000,0.55060000,5428597.43000000
1756771200000,0.55070000,0.57590000,0.54890000,0.57580000,4283385.13000000
1756857600000,0.57580000,0.58360000,0.56760000,0.57640000,2753106.32000000
1756944000000,0.57650000,0.57990000,0.55620000,0.56210000,2827526.91000000
1757030400000,0.56200000,0.58480000,0.56160000,0.58080000,3714829.65000000
1757116800000,0.58090000,0.58350000,0.56960000,0.57160000,2097683.41000000
1757203200000,0.57170000,0.58800000,0.57160000,0.58420000,2899247.18000000
1757289600000,0.58420000,0.60180000,0.58150000,0.59550000,3189884.84000000
1757376000000,0.59550000,0.62430000,0.59190000,0.60460000,5181366.25000000
1757462400000,0.60460000,0.61920000,0.60060000,0.61190000,3881519.12000000
1757548800000,0.61180000,0.61660000,0.59640000,0.61520000,6515321.22000000
1757635200000,0.61530000,0.62560000,0.60260000,0.62330000,4572515.72000000
1757721600000,0.62310000,0.63690000,0.61730000,0.62730000,5295626.12000000
1757808000000,0.62720000,0.62830000,0.59820000,0.60120000,7730095.47000000
1757894400000,0.60110000,0.60820000,0.56940000,0.57830000,9706844.32000000
1757980800000,0.57840000,0.59050000,0.57020000,0.58760000,5054663.21000000
1758067200000,0.58770000,0.60630000,0.57380000,0.60290000,6655946.15000000
1758153600000,0.60300000,0.61250000,0.59830000,0.60750000,6265567.21000000
1758240000000,0.60750000,0.61390000,0.58290000,0.58600000,6842798.63000000
1758326400000,0.58590000,0.60260000,0.58170000,0.59680000,3276660.48000000
1758412800000,0.59680000,0.61200000,0.58920000,0.59120000,6918989.69000000
1758499200000,0.59130000,0.59390000,0.51370000,0.53430000,12245736.04000000
1758585600000,0.53430000,0.55200000,0.52030000,0.53220000,8473341.15000000
1758672000000,0.53240000,0.55140000,0.52260000,0.53760000,7910112.57000000
1758758400000,0.53770000,0.53910000,0.49410000,0.50670000,10643412.24000000
1758844800000,0.50680000,0.52900000,0.50180000,0.52560000,6034145.74000000
1758931200000,0.52570000,0.52660000,0.51370000,0.52030000,4915552.49000000
1759017600000,0.52040000,0.52840000,0.50630000,0.52610000,5134495.97000000
1759104000000,0.52620000,0.53580000,0.51460000,0.53020000,10414400.91000000
1759190400000,0.53030000,0.53740000,0.52070000,0.53290000,6287686.98000000
1759276800000,0.53300000,0.55960000,0.52790000,0.55910000,5498077.69000000
1759363200000,0.55920000,0.56880000,0.54700000,0.56550000,9251607.21000000
1759449600000,0.56550000,0.58140000,0.55170000,0.57800000,9308755.43000000
1759536000000,0.57810000,0.58000000,0.55610000,0.56400000,6927724.58000000
1759622400000,0.56390000,0.58050000,0.55580000,0.55970000,4019507.89000000
1759708800000,0.55990000,0.58390000,0.55630000,0.57460000,3515771.46000000
1759795200000,0.57460000,0.57740000,0.54470000,0.55420000,4298553.11000000
1759881600000,0.55430000,0.59250000,0.54780000,0.57930000,4458555.18000000
1759968000000,0.57940000,0.58070000,0.54670000,0.56490000,4335173.25000000
1760054400000,0.56480000,0.58390000,0.10500000,0.38350000,51582052.27000000
1760140800000,0.38350000,0.39800000,0.34190000,0.36510000,33208389.08000000
1760227200000,0.36520000,0.43760000,0.36350000,0.42870000,23653908.87000000
1760313600000,0.42860000,0.45020000,0.42410000,0.44890000,20606065.05000000
1760400000000,0.44890000,0.45070000,0.39650000,0.42440000,22645430.99000000
1760486400000,0.42440000,0.43630000,0.39460000,0.40300000,12114194.37000000
1760572800000,0.40310000,0.41800000,0.38470000,0.39140000,14194510.30000000
1760659200000,0.39150000,0.41060000,0.36970000,0.38450000,25499442.27000000
1760745600000,0.38470000,0.39350000,0.37790000,0.38630000,4044179.24000000
1760832000000,0.38640000,0.40780000,0.38200000,0.40000000,5661598.01000000
1760918400000,0.39990000,0.42040000,0.39190000,0.40690000,16768424.51000000
1761004800000,0.40680000,0.42200000,0.38860000,0.39490000,34738597.49000000
1761091200000,0.39490000,0.40180000,0.37480000,0.38660000,13761419.22000000
1761177600000,0.38670000,0.43380000,0.38540000,0.43290000,12741643.57000000
1761264000000,0.43300000,0.49770000,0.43300000,0.48010000,55872074.06000000
1761350400000,0.48000000,0.48130000,0.43730000,0.44790000,15536405.38000000
1761436800000,0.44790000,0.45490000,0.43550000,0.44630000,7658078.23000000
1761523200000,0.44640000,0.46370000,0.43000000,0.44360000,10299953.76000000
1761609600000,0.44370000,0.45680000,0.41340000,0.42140000,15276949.14000000
1761696000000,0.42140000,0.44070000,0.40970000,0.42840000,7375545.27000000
1761782400000,0.42820000,0.43240000,0.37990000,0.39390000,8882973.31000000
1761868800000,0.39410000,0.40720000,0.39080000,0.39760000,4823968.77000000
1761955200000,0.39760000,0.41280000,0.39280000,0.41160000,3575621.11000000
1762041600000,0.41160000,0.41770000,0.39510000,0.41180000,4644496.05000000
1762128000000,0.41180000,0.41330000,0.34760000,0.36700000,11811407.75000000
1762214400000,0.36710000,0.37600000,0.33110000,0.35290000,12464946.08000000
1762300800000,0.35290000,0.40000000,0.33590000,0.38080000,13775812.06000000
1762387200000,0.38080000,0.38200000,0.35140000,0.36560000,12068086.61000000
1762473600000,0.36560000,0.42210000,0.36400000,0.41380000,12322201.29000000
1762560000000,0.41390000,0.42200000,0.38950000,0.39570000,9709033.38000000
1762646400000,0.39580000,0.40510000,0.37760000,0.39410000,5109266.45000000
1762732800000,0.39420000,0.41760000,0.38440000,0.40890000,9876271.89000000
1762819200000,0.40900000,0.41140000,0.37320000,0.37450000,7717500.16000000
1762905600000,0.37460000,0.39580000,0.36470000,0.37290000,5410744.72000000
1762992000000,0.37280000,0.38370000,0.34790000,0.36010000,8761275.49000000
1763078400000,0.36000000,0.36510000,0.34080000,0.34870000,7790191.24000000
1763164800000,0.34860000,0.36220000,0.34830000,0.35310000,3944547.92000000
1763251200000,0.35310000,0.35710000,0.33220000,0.34390000,6611494.30000000
1763337600000,0.34390000,0.35580000,0.32630000,0.32810000,6145266.49000000
1763424000000,0.32820000,0.34460000,0.31980000,0.33690000,8319775.86000000
1763510400000,0.33690000,0.33930000,0.31320000,0.33200000,6864083.26000000
1763596800000,0.33190000,0.34080000,0.30560000,0.31490000,7316482.24000000
1763683200000,0.31490000,0.32120000,0.26960000,0.28590000,15104653.73000000
1763769600000,0.28590000,0.28670000,0.27310000,0.27930000,4830086.48000000
1763856000000,0.27940000,0.28860000,0.27720000,0.28360000,5800711.46000000
1763942400000,0.28360000,0.29190000,0.27870000,0.28660000,9551291.74000000
1764028800000,0.28650000,0.28910000,0.26880000,0.28790000,9410988.58000000
1764115200000,0.28800000,0.28860000,0.26910000,0.28020000,8214094.09000000
1764201600000,0.28020000,0.28560000,0.27190000,0.27860000,5701755.17000000
1764288000000,0.27850000,0.28270000,0.26590000,0.27100000,5620443.27000000
1764374400000,0.27110000,0.27520000,0.26490000,0.26710000,2718109.80000000
1764460800000,0.26720000,0.26810000,0.25510000,0.25540000,5094993.74000000
1764547200000,0.25550000,0.25740000,0.23220000,0.23650000,16294265.82000000
1764633600000,0.23670000,0.26000000,0.23350000,0.24560000,10408277.43000000
1764720000000,0.24570000,0.25440000,0.23300000,0.25160000,17662769.92000000
1764806400000,0.25170000,0.25290000,0.23380000,0.23700000,7485935.40000000
1764892800000,0.23710000,0.24140000,0.21980000,0.23190000,11428794.51000000
1764979200000,0.23200000,0.24500000,0.23070000,0.23640000,11365423.36000000
1765065600000,0.23640000,0.23800000,0.22210000,0.22620000,8423781.65000000
1765152000000,0.22620000,0.24520000,0.22540000,0.23750000,10933590.50000000
1765238400000,0.23740000,0.26970000,0.22930000,0.24650000,14594164.54000000
1765324800000,0.24660000,0.25010000,0.23360000,0.23620000,9474555.89000000
1765411200000,0.23610000,0.23880000,0.22350000,0.23300000,7640718.78000000
1765497600000,0.23310000,0.23950000,0.21950000,0.23050000,8604231.70000000
1765584000000,0.23060000,0.23560000,0.22860000,0.23200000,5260425.78000000
1765670400000,0.23190000,0.23400000,0.21650000,0.21890000,3509115.90000000
1765756800000,0.21900000,0.22820000,0.20430000,0.21230000,7708133.08000000
1765843200000,0.21220000,0.21640000,0.20770000,0.21270000,7674505.75000000
1765929600000,0.21270000,0.21720000,0.19860000,0.19990000,7692313.65000000
1766016000000,0.19980000,0.21110000,0.18890000,0.19550000,10543167.25000000
1766102400000,0.19550000,0.20860000,0.19310000,0.20690000,7392528.12000000
1766188800000,0.20690000,0.20850000,0.20260000,0.20660000,3324369.29000000
1766275200000,0.20650000,0.20800000,0.19540000,0.20020000,4590391.46000000
1766361600000,0.20030000,0.20520000,0.19500000,0.19820000,5739500.15000000
1766448000000,0.19810000,0.20140000,0.19220000,0.19820000,5659469.00000000
1766534400000,0.19820000,0.20250000,0.19250000,0.20180000,4390506.83000000
1766620800000,0.20170000,0.21270000,0.19740000,0.19800000,11900469.92000000
1766707200000,0.19800000,0.20610000,0.19740000,0.20420000,4500098.57000000
1766793600000,0.20410000,0.20970000,0.20170000,0.20910000,3350127.33000000
1766880000000,0.20910000,0.21460000,0.20630000,0.20870000,6010848.99000000
1766966400000,0.20870000,0.21380000,0.19960000,0.20000000,5804509.95000000
1767052800000,0.20000000,0.20530000,0.19710000,0.20050000,5561910.03000000
1767139200000,0.20040000,0.20130000,0.19150000,0.19640000,5937681.36000000
1767225600000,0.19650000,0.21370000,0.19630000,0.21360000,4817954.22000000
1767312000000,0.21380000,0.21940000,0.20820000,0.21730000,8252212.18000000
1767398400000,0.21740000,0.22010000,0.21110000,0.21730000,4763760.83000000
1767484800000,0.21730000,0.22510000,0.21680000,0.22160000,5911794.44000000
1767571200000,0.22150000,0.23150000,0.21700000,0.22910000,8681503.86000000
1767657600000,0.22920000,0.23680000,0.21690000,0.22750000,12442128.55000000
1767744000000,0.22750000,0.22760000,0.21650000,0.21940000,6056736.06000000
1767830400000,0.21950000,0.22210000,0.20950000,0.21440000,7852226.60000000
1767916800000,0.21450000,0.21980000,0.21020000,0.21540000,7127374.61000000
1768003200000,0.21540000,0.21600000,0.21000000,0.21060000,2809499.93000000
1768089600000,0.21060000,0.21390000,0.20510000,0.20830000,4538938.99000000
1768176000000,0.20830000,0.21290000,0.20170000,0.20340000,5589280.70000000
1768262400000,0.20340000,0.25310000,0.20230000,0.23670000,20001465.45000000
1768348800000,0.23670000,0.23950000,0.22100000,0.22370000,20104216.20000000
1768435200000,0.22360000,0.22660000,0.21100000,0.21380000,8810389.80000000
1768521600000,0.21370000,0.21870000,0.20800000,0.21780000,5155683.86000000
1768608000000,0.21780000,0.25000000,0.21650000,0.22620000,36120681.99000000
1768694400000,0.22630000,0.23050000,0.21170000,0.21190000,15634551.02000000
1768780800000,0.21190000,0.21190000,0.18300000,0.19970000,25442029.06000000
1768867200000,0.19980000,0.20200000,0.18620000,0.18800000,13416771.73000000
1768953600000,0.18790000,0.19630000,0.18140000,0.19010000,17238797.59000000
1769040000000,0.19010000,0.19540000,0.18550000,0.18850000,14681362.28000000
1769126400000,0.18860000,0.19610000,0.18650000,0.18990000,12530179.57000000
1769212800000,0.18990000,0.19080000,0.18570000,0.18760000,4362229.36000000
1769299200000,0.18760000,0.18790000,0.16870000,0.17430000,15626760.33000000
1769385600000,0.17440000,0.18430000,0.17420000,0.18300000,9254655.55000000
1769472000000,0.18320000,0.18560000,0.17890000,0.18440000,7553976.79000000
1769558400000,0.18440000,0.18520000,0.17740000,0.18240000,6278116.74000000
1769644800000,0.18250000,0.18310000,0.16300000,0.16740000,13597880.00000000
1769731200000,0.16750000,0.17100000,0.15930000,0.16540000,14381392.35000000
1769817600000,0.16550000,0.16590000,0.13100000,0.15000000,24389316.30000000
1769904000000,0.15010000,0.15340000,0.14090000,0.14440000,11699296.02000000
1769990400000,0.14440000,0.15070000,0.13940000,0.14760000,15015242.65000000
1770076800000,0.14780000,0.15260000,0.13690000,0.14610000,16239278.18000000
1770163200000,0.14600000,0.15050000,0.14010000,0.14400000,17231330.13000000
1770249600000,0.14410000,0.14580000,0.11820000,0.11930000,29994159.23000000
1770336000000,0.11940000,0.13620000,0.10460000,0.13240000,32722065.89000000
1770422400000,0.13260000,0.13600000,0.12670000,0.13170000,14627541.63000000
1770508800000,0.13170000,0.13170000,0.12580000,0.12770000,8077798.91000000
1770595200000,0.12770000,0.13050000,0.12320000,0.12830000,10104536.23000000
1770681600000,0.12840000,0.12900000,0.12230000,0.12490000,9597878.54000000
1770768000000,0.12500000,0.12850000,0.11970000,0.12270000,12852013.97000000
1770854400000,0.12280000,0.13020000,0.12280000,0.12780000,9327071.63000000
1770940800000,0.12770000,0.13210000,0.12440000,0.13090000,8298160.57000000
1771027200000,0.13100000,0.13670000,0.12940000,0.13480000,6257540.03000000
1771113600000,0.13490000,0.13780000,0.12750000,0.13060000,9237729.90000000
1771200000000,0.13070000,0.13290000,0.12690000,0.13020000,7465471.73000000
1771286400000,0.13030000,0.13100000,0.12390000,0.12670000,9344797.61000000
1771372800000,0.12670000,0.12820000,0.11540000,0.11650000,10729134.00000000
1771459200000,0.11650000,0.11680000,0.10710000,0.11110000,29954284.07000000
1771545600000,0.11120000,0.11420000,0.10550000,0.11070000,19057204.51000000
1771632000000,0.11080000,0.11470000,0.10850000,0.10860000,13434102.52000000
1771718400000,0.10850000,0.11010000,0.10470000,0.10750000,13488130.30000000
1771804800000,0.10740000,0.10780000,0.10060000,0.10300000,13165086.67000000
1771891200000,0.10310000,0.10490000,0.10020000,0.10170000,14196882.69000000
1771977600000,0.10180000,0.11480000,0.10130000,0.10990000,22331547.64000000
1772064000000,0.10990000,0.11050000,0.10320000,0.10590000,18848331.06000000
1772150400000,0.10590000,0.11090000,0.10010000,0.10240000,17122530.88000000
1772236800000,0.10240000,0.10400000,0.09370000,0.10340000,29886698.22000000
1772323200000,0.10350000,0.10760000,0.09790000,0.10090000,24991871.85000000
1772409600000,0.10100000,0.10930000,0.09950000,0.10330000,26401852.63000000
1772496000000,0.10330000,0.10530000,0.09760000,0.09980000,21970971.32000000
1772582400000,0.09990000,0.10720000,0.09900000,0.10410000,14432160.19000000
1772668800000,0.10410000,0.10410000,0.09900000,0.10030000,17640550.04000000
1772755200000,0.10030000,0.10280000,0.09650000,0.09930000,12154281.41000000
1772841600000,0.09950000,0.10010000,0.09370000,0.09460000,12241574.55000000
1772928000000,0.09470000,0.09530000,0.09190000,0.09330000,11721315.49000000
1773014400000,0.09330000,0.09730000,0.09290000,0.09380000,14921995.26000000
1773100800000,0.09380000,0.09780000,0.09310000,0.09400000,14298589.18000000
1773187200000,0.09390000,0.09790000,0.09280000,0.09650000,18166711.15000000
1773273600000,0.09660000,0.09820000,0.09320000,0.09770000,14762703.07000000
1773360000000,0.09760000,0.10170000,0.09540000,0.09700000,15386134.52000000
1773446400000,0.09690000,0.09770000,0.09500000,0.09610000,12075376.47000000
1773532800000,0.09600000,0.09950000,0.09530000,0.09900000,13690576.13000000
1773619200000,0.09910000,0.10470000,0.09830000,0.10420000,13819892.85000000
1773705600000,0.10410000,0.10480000,0.10130000,0.10250000,12757309.40000000
1773792000000,0.10240000,0.10390000,0.09410000,0.09520000,17707898.88000000
1773878400000,0.09530000,0.09540000,0.09190000,0.09490000,18163599.69000000
1773964800000,0.09480000,0.09700000,0.09290000,0.09400000,18198977.48000000
1774051200000,0.09400000,0.09540000,0.08920000,0.09010000,14323533.28000000
1774137600000,0.09000000,0.09190000,0.08680000,0.08800000,17465287.75000000
1774224000000,0.08810000,0.09280000,0.08760000,0.09110000,24011749.46000000
1774310400000,0.09110000,0.09140000,0.08830000,0.08990000,18417253.26000000
1774396800000,0.09000000,0.09210000,0.08870000,0.09020000,14835476.06000000
1774483200000,0.09010000,0.09030000,0.08650000,0.08770000,14914868.64000000
1774569600000,0.08770000,0.09190000,0.08550000,0.08720000,30686043.78000000
1774656000000,0.08720000,0.08800000,0.08540000,0.08620000,9307360.27000000
1774742400000,0.08620000,0.08690000,0.08110000,0.08330000,13104316.00000000
1774828800000,0.08340000,0.08690000,0.08320000,0.08400000,13313055.13000000
1774915200000,0.08400000,0.08760000,0.08230000,0.08620000,21480147.29000000
1775001600000,0.08620000,0.09730000,0.08500000,0.08880000,32577904.29000000
1775088000000,0.08880000,0.08980000,0.08150000,0.08280000,20046449.72000000
1775174400000,0.08290000,0.09520000,0.08260000,0.08780000,37390539.43000000
1775260800000,0.08790000,0.08820000,0.08490000,0.08600000,11313308.21000000
1775347200000,0.08610000,0.08660000,0.08250000,0.08580000,8432983.93000000
1775433600000,0.08590000,0.08730000,0.08270000,0.08320000,11545606.03000000
1775520000000,0.08330000,0.09190000,0.08180000,0.09090000,19366164.28000000
1775606400000,0.09080000,0.09230000,0.08770000,0.08800000,11204296.32000000
1775692800000,0.08800000,0.09110000,0.08700000,0.08920000,11820945.99000000
1775779200000,0.08920000,0.09090000,0.08810000,0.08980000,8471063.52000000
1775865600000,0.08990000,0.09000000,0.08760000,0.08860000,6840028.75000000
1775952000000,0.08860000,0.08900000,0.08430000,0.08450000,7463172.35000000
1776038400000,0.08450000,0.09070000,0.08420000,0.09070000,6592558.39000000
1776124800000,0.09070000,0.09090000,0.08650000,0.08800000,5016542.27000000
1776211200000,0.08800000,0.09500000,0.08790000,0.09440000,11802061.30000000
1776297600000,0.09440000,0.10480000,0.09370000,0.10250000,20247165.01000000
1776384000000,0.10260000,0.10780000,0.09930000,0.10630000,18166898.65000000
1776470400000,0.10630000,0.14080000,0.10180000,0.10570000,72821219.52000000
1776556800000,0.10580000,0.10840000,0.09890000,0.10070000,28776377.25000000
1776643200000,0.10070000,0.10620000,0.10030000,0.10350000,11475281.07000000
1776729600000,0.10350000,0.10460000,0.10000000,0.10160000,11919512.64000000
1776816000000,0.10170000,0.10770000,0.10040000,0.10050000,18999368.54000000
1776902400000,0.10060000,0.10340000,0.09840000,0.10200000,9157780.33000000
1776988800000,0.10200000,0.27800000,0.10130000,0.18100000,521131954.31000000
1777075200000,0.18090000,0.22270000,0.15240000,0.15510000,282749740.50000000
1777161600000,0.15500000,0.15960000,0.14470000,0.14520000,62485290.86000000
1777248000000,0.14530000,0.15320000,0.13820000,0.14380000,38919933.33000000
1777334400000,0.14380000,0.19170000,0.14000000,0.15740000,200045845.54000000
1777420800000,0.15760000,0.15910000,0.14110000,0.14670000,48034137.59000000
1777507200000,0.14670000,0.16670000,0.14500000,0.15970000,88286035.18000000
1777593600000,0.15960000,0.18480000,0.15570000,0.17940000,84803337.11000000
1777680000000,0.17930000,0.18870000,0.16970000,0.17710000,55950390.96000000
1777766400000,0.17700000,0.18120000,0.16390000,0.16610000,25701899.53000000
1777852800000,0.16610000,0.17330000,0.15980000,0.16150000,24548771.78000000
1777939200000,0.16150000,0.17420000,0.15790000,0.15950000,23355786.99000000
1778025600000,0.15940000,0.16640000,0.15610000,0.16040000,21447196.59000000
1778112000000,0.16030000,0.16360000,0.15330000,0.16120000,21749347.18000000
1778198400000,0.16110000,0.16880000,0.16080000,0.16470000,28691030.58000000
1778284800000,0.16490000,0.16820000,0.15940000,0.16190000,13712875.79000000
1778371200000,0.16180000,0.16300000,0.15200000,0.15720000,12610846.37000000
1778457600000,0.15720000,0.15780000,0.15200000,0.15600000,7374665.26000000
1778544000000,0.15590000,0.16290000,0.15100000,0.15640000,24390084.66000000
1778630400000,0.15630000,0.16020000,0.14640000,0.14860000,13686145.75000000
1778716800000,0.14860000,0.15640000,0.14760000,0.15340000,7228080.71000000
1778803200000,0.15340000,0.15550000,0.14030000,0.14400000,9232499.21000000
1778889600000,0.14400000,0.14830000,0.13890000,0.14610000,7960813.00000000
1778976000000,0.14600000,0.16050000,0.13990000,0.14370000,33370578.37000000
1779062400000,0.14350000,0.14720000,0.13690000,0.14310000,8347587.44000000
1779148800000,0.14320000,0.14590000,0.13870000,0.14180000,7754596.65000000
1779235200000,0.14180000,0.14790000,0.14090000,0.14290000,9824260.49000000
1779321600000,0.14290000,0.14680000,0.13970000,0.14500000,8455843.95000000
1779408000000,0.14510000,0.14870000,0.13580000,0.13650000,13518983.33000000
1779494400000,0.13650000,0.14500000,0.13090000,0.14060000,11638966.90000000
1779580800000,0.14080000,0.14190000,0.13200000,0.13460000,3988282.73000000
1779667200000,0.13460000,0.13990000,0.13450000,0.13630000,4186109.05000000
1779753600000,0.13640000,0.14040000,0.13260000,0.13710000,10291635.55000000
1779840000000,0.13710000,0.13880000,0.13030000,0.13190000,7610181.82000000
1779926400000,0.13200000,0.13270000,0.12180000,0.12760000,13543186.73000000
1780012800000,0.12760000,0.14230000,0.12690000,0.14130000,26117708.70000000
1780099200000,0.14130000,0.14630000,0.13680000,0.13880000,20119614.81000000
1780185600000,0.13890000,0.14160000,0.13460000,0.13930000,7190367.16000000
1780272000000,0.13920000,0.15360000,0.13900000,0.14760000,41920049.74000000
1780358400000,0.14750000,0.15820000,0.14120000,0.14920000,35235381.23000000
1780444800000,0.14930000,0.15520000,0.14410000,0.14750000,18548798.42000000
1780531200000,0.14750000,0.14890000,0.12940000,0.13700000,20688569.62000000
1780617600000,0.13700000,0.13710000,0.11670000,0.12570000,18054540.42000000
1780704000000,0.12580000,0.12690000,0.11390000,0.12180000,8674337.54000000
1780790400000,0.12180000,0.12830000,0.11900000,0.12140000,7010088.50000000
1780876800000,0.12140000,0.13050000,0.11950000,0.12570000,11247676.46000000
1780963200000,0.12560000,0.12630000,0.11830000,0.12070000,9234479.18000000
1781049600000,0.12080000,0.12230000,0.11460000,0.11690000,9158073.19000000
1781136000000,0.11680000,0.13240000,0.11680000,0.13130000,16575950.85000000
1781222400000,0.13130000,0.13200000,0.12700000,0.12870000,7426044.72000000
1781308800000,0.12860000,0.13080000,0.12660000,0.12850000,4928734.45000000
1781395200000,0.12860000,0.13100000,0.12210000,0.13050000,5439328.90000000
1781481600000,0.13040000,0.13540000,0.12640000,0.12810000,11049490.99000000
1781568000000,0.12820000,0.13120000,0.12480000,0.12710000,5858672.74000000
1781654400000,0.12720000,0.13460000,0.12660000,0.13230000,11862592.10000000
1781740800000,0.13230000,0.13490000,0.12810000,0.13350000,5923502.60000000
