openTime,open,high,low,close,volume
1620950400000,27.18000000,77.80000000,27.18000000,29.21200000,2048140.68000000
1621036800000,29.20000000,32.70000000,26.10100000,26.62200000,909417.91000000
1621123200000,26.86500000,27.99600000,22.69400000,23.89500000,334890.13000000
1621209600000,23.87900000,25.00100000,21.15500000,22.67800000,342267.94000000
1621296000000,22.73500000,25.93800000,21.97900000,22.54300000,222359.51000000
1621382400000,22.74500000,22.98500000,10.32700000,16.47900000,523010.18000000
1621468800000,16.47900000,18.88900000,14.80700000,18.75500000,406826.98000000
1621555200000,18.75500000,20.89000000,13.63300000,15.37600000,501008.02000000
1621641600000,15.30900000,16.80000000,12.50000000,14.26400000,311117.44000000
1621728000000,14.24800000,15.00000000,9.90000000,13.28000000,279919.45000000
1621814400000,13.33600000,15.75000000,12.35000000,15.12400000,324527.73000000
1621900800000,15.20500000,15.71500000,12.75000000,14.78000000,328269.31000000
1621987200000,14.78500000,18.89000000,14.72500000,17.63100000,255550.73000000
1622073600000,17.49600000,17.55200000,15.10600000,15.55000000,239152.28000000
1622160000000,15.55100000,15.66400000,13.03000000,14.60200000,274979.63000000
1622246400000,14.61200000,16.15300000,11.81300000,12.75000000,342815.81000000
1622332800000,12.75000000,15.25300000,12.17600000,14.22500000,160359.58000000
1622419200000,14.11100000,15.30400000,12.48100000,15.30400000,192736.31000000
1622505600000,15.30400000,17.12900000,14.60500000,15.46200000,242486.78000000
1622592000000,15.45600000,17.65300000,15.08100000,16.88500000,177735.46000000
1622678400000,16.88500000,18.77800000,16.00000000,18.70400000,237536.57000000
1622764800000,18.70200000,20.00000000,15.04700000,15.98700000,396983.91000000
1622851200000,15.99600000,17.50000000,14.90000000,15.37400000,166930.88000000
1622937600000,15.37400000,16.36500000,15.17400000,15.65600000,84395.55000000
1623024000000,15.66100000,22.37500000,15.43900000,17.46100000,1264759.30000000
1623110400000,17.39800000,21.43100000,15.45900000,17.08300000,1717805.46000000
1623196800000,17.01400000,18.75200000,15.50000000,18.00000000,591139.46000000
1623283200000,18.03800000,19.42000000,16.49900000,16.66800000,363455.19000000
1623369600000,16.58500000,16.98500000,15.11000000,15.58900000,255470.17000000
1623456000000,15.58900000,15.64100000,13.88600000,14.65400000,239442.72000000
1623542400000,14.65400000,17.27900000,13.54700000,15.80200000,322746.49000000
1623628800000,15.87100000,16.78500000,15.03500000,16.20000000,209100.41000000
1623715200000,16.20000000,16.86000000,15.74900000,15.89800000,140130.37000000
1623801600000,15.93400000,16.00000000,14.62000000,15.02900000,159426.52000000
1623888000000,15.02900000,16.91800000,14.79400000,16.18600000,170905.46000000
1623974400000,16.15400000,17.48500000,15.00000000,15.68500000,332994.94000000
1624060800000,15.67400000,17.99800000,15.36800000,17.37200000,297512.45000000
1624147200000,17.37500000,19.31000000,15.41000000,18.42900000,615632.40000000
1624233600000,18.42700000,18.43600000,13.19800000,13.52900000,388456.29000000
1624320000000,13.52400000,14.76700000,10.93500000,12.03300000,464202.17000000
1624406400000,11.98100000,13.39000000,11.11600000,11.78400000,542818.00000000
1624492800000,11.74200000,12.50000000,10.76000000,11.44200000,456047.84000000
1624579200000,11.44200000,11.72700000,9.14800000,9.52400000,596874.71000000
1624665600000,9.52400000,10.00000000,8.27000000,9.00000000,479169.45000000
1624752000000,8.99500000,10.52200000,8.85800000,10.21200000,669374.65000000
1624838400000,10.24800000,10.66800000,9.35700000,9.99500000,357578.73000000
1624924800000,9.99300000,11.39900000,9.98700000,10.73600000,235384.81000000
1625011200000,10.72700000,10.79900000,9.83300000,10.34800000,192491.93000000
1625097600000,10.34900000,12.76000000,10.01700000,10.87300000,718820.49000000
1625184000000,10.87300000,11.04500000,9.71300000,10.61300000,313127.90000000
1625270400000,10.61200000,10.98900000,10.00000000,10.56200000,321425.46000000
1625356800000,10.56300000,11.40000000,10.28200000,10.92900000,447969.10000000
1625443200000,10.92900000,11.22400000,10.35000000,10.63500000,943436.97000000
1625529600000,10.62200000,11.47100000,10.61900000,11.15600000,787668.64000000
1625616000000,11.12400000,12.97900000,10.98100000,11.84000000,220543.21000000
1625702400000,11.84400000,12.39200000,10.57000000,10.88700000,295108.54000000
1625788800000,10.88100000,11.19900000,10.38000000,11.01200000,95013.62000000
1625875200000,11.01200000,11.15000000,10.20200000,10.76000000,112930.42000000
1625961600000,10.79100000,11.67500000,10.58500000,11.37900000,77263.19000000
1626048000000,11.37000000,11.45200000,10.42700000,10.60000000,82194.18000000
1626134400000,10.60000000,10.63000000,9.89700000,10.18500000,123732.88000000
1626220800000,10.18500000,10.58400000,9.64700000,10.06200000,115412.14000000
1626307200000,10.06100000,10.24300000,9.25000000,9.40600000,112613.09000000
1626393600000,9.42000000,9.71300000,8.50000000,8.75400000,121429.31000000
1626480000000,8.77200000,8.95000000,8.15000000,8.61900000,182784.19000000
1626566400000,8.61800000,10.50000000,8.61800000,9.00700000,342801.32000000
1626652800000,8.98200000,9.05600000,7.89000000,8.16000000,166281.63000000
1626739200000,8.15000000,8.44100000,7.19300000,7.20700000,260759.19000000
1626825600000,7.20700000,8.66600000,7.10100000,8.25400000,372089.31000000
1626912000000,8.25400000,8.72000000,7.88800000,8.49000000,188471.60000000
1626998400000,8.49000000,8.96500000,8.13800000,8.93600000,294397.04000000
1627084800000,8.93600000,9.13400000,8.75900000,8.91500000,237519.23000000
1627171200000,8.91500000,11.07300000,8.76200000,10.02700000,409805.06000000
1627257600000,10.03100000,11.00000000,9.16100000,9.31400000,429997.07000000
1627344000000,9.31400000,10.29800000,8.88000000,9.96700000,193252.64000000
1627430400000,9.96700000,12.50000000,9.69200000,11.18400000,886716.10000000
1627516800000,11.16200000,11.58000000,10.55700000,11.19000000,243730.08000000
1627603200000,11.14600000,11.38600000,10.31600000,11.18400000,169238.20000000
1627689600000,11.18400000,12.20000000,10.85000000,11.67800000,206469.11000000
1627776000000,11.67800000,14.00000000,11.35200000,11.49400000,688870.08000000
1627862400000,11.50500000,11.97000000,11.20000000,11.54400000,203000.59000000
1627948800000,11.54200000,11.68000000,10.62200000,10.92000000,203757.55000000
1628035200000,10.92000000,11.99900000,10.79900000,11.32900000,213654.58000000
1628121600000,11.31800000,11.60600000,10.66800000,11.51100000,259496.69000000
1628208000000,11.52100000,13.60000000,10.99600000,12.66300000,979175.31000000
1628294400000,12.65100000,15.02700000,12.61700000,13.81100000,767621.15000000
1628380800000,13.82600000,16.50000000,13.30000000,14.91700000,1023035.80000000
1628467200000,14.91900000,16.50000000,14.02800000,14.99700000,530218.68000000
1628553600000,15.04900000,15.28600000,14.20200000,14.97200000,228188.77000000
1628640000000,14.96700000,16.00600000,14.80000000,14.92400000,469770.37000000
1628726400000,14.92400000,15.34100000,13.76100000,14.80300000,584556.95000000
1628812800000,14.80300000,16.50000000,14.61500000,16.14300000,310692.44000000
1628899200000,16.14300000,16.67000000,15.03300000,15.64900000,243284.49000000
1628985600000,15.64900000,16.87000000,15.13700000,16.82800000,201783.69000000
1629072000000,16.82700000,24.80000000,16.66600000,19.70100000,3147589.43000000
1629158400000,19.70100000,24.90000000,18.85400000,22.10400000,1409876.56000000
1629244800000,22.19500000,36.16500000,21.50500000,33.42200000,4235286.96000000
1629331200000,33.45400000,35.89000000,27.73600000,30.18800000,2524649.78000000
1629417600000,30.16200000,33.09900000,28.50000000,31.06100000,802577.03000000
1629504000000,31.09200000,31.09200000,27.80000000,28.20100000,560956.51000000
1629590400000,28.26000000,29.99300000,27.88000000,28.79600000,354045.53000000
1629676800000,28.83400000,33.65500000,28.83100000,30.81700000,620892.90000000
1629763200000,30.81300000,31.14100000,27.92000000,27.98800000,466372.35000000
1629849600000,27.97500000,29.00000000,23.98300000,26.98200000,923433.76000000
1629936000000,26.98400000,27.03000000,23.50000000,25.64000000,639934.00000000
1630022400000,25.65000000,42.63000000,24.59000000,38.66000000,2987463.86000000
1630108800000,38.66000000,48.11000000,35.43000000,47.66000000,2218587.85000000
1630195200000,47.66000000,50.00000000,42.43000000,42.59000000,1391887.45000000
1630281600000,42.61000000,60.00000000,38.90000000,56.32000000,3167968.76000000
1630368000000,56.27000000,70.00000000,54.05000000,65.79000000,4478840.16000000
1630454400000,65.73000000,67.71000000,56.95000000,61.51000000,1447334.76000000
1630540800000,61.54000000,62.50000000,55.60000000,56.82000000,892404.31000000
1630627200000,56.77000000,63.90000000,55.36000000,58.70000000,976276.15000000
1630713600000,58.70000000,59.70000000,52.79000000,53.29000000,613269.03000000
1630800000000,53.22000000,57.46000000,48.45000000,49.95000000,977586.37000000
1630886400000,49.90000000,63.38000000,49.32000000,56.97000000,1815650.65000000
1630972800000,57.01000000,57.42000000,42.00000000,47.11000000,1385367.64000000
1631059200000,47.18000000,60.80000000,46.16000000,54.87000000,1566960.90000000
1631145600000,54.79000000,71.90000000,54.22000000,64.90000000,2558534.74000000
1631232000000,64.81000000,74.40000000,58.48000000,62.49000000,1859715.64000000
1631318400000,62.53000000,65.19000000,60.05000000,61.11000000,585047.81000000
1631404800000,61.09000000,62.90000000,58.41000000,59.84000000,465519.96000000
1631491200000,59.80000000,59.86000000,50.23000000,54.24000000,855587.40000000
1631577600000,54.22000000,57.70000000,53.04000000,55.46000000,449919.70000000
1631664000000,55.46000000,59.11000000,54.12000000,57.28000000,328074.16000000
1631750400000,57.23000000,58.16000000,52.51000000,52.97000000,373139.98000000
1631836800000,52.97000000,53.37000000,47.81000000,48.92000000,332275.44000000
1631923200000,48.92000000,53.10000000,47.91000000,49.56000000,345039.52000000
1632009600000,49.61000000,54.50000000,48.00000000,49.70000000,371111.51000000
1632096000000,49.72000000,51.00000000,39.33000000,40.33000000,955979.99000000
1632182400000,40.37000000,42.97000000,34.15000000,36.99000000,691029.53000000
1632268800000,36.98000000,48.80000000,36.12000000,46.95000000,681144.90000000
1632355200000,46.91000000,54.80000000,46.58000000,52.32000000,882390.61000000
1632441600000,52.35000000,52.62000000,43.28000000,47.55000000,761271.99000000
1632528000000,47.57000000,47.85000000,44.62000000,44.94000000,253639.12000000
1632614400000,44.95000000,45.60000000,40.80000000,43.23000000,467180.54000000
1632700800000,43.19000000,46.15000000,40.85000000,40.93000000,314221.27000000
1632787200000,40.89000000,41.67000000,38.07000000,38.38000000,347606.81000000
1632873600000,38.38000000,44.99000000,38.04000000,40.65000000,614560.80000000
1632960000000,40.61000000,43.72000000,40.23000000,43.32000000,355328.21000000
1633046400000,43.36000000,49.26000000,42.58000000,48.81000000,560609.26000000
1633132800000,48.80000000,58.61000000,46.50000000,58.43000000,634943.42000000
1633219200000,58.40000000,58.96000000,54.21000000,57.49000000,532503.50000000
1633305600000,57.50000000,57.84000000,51.66000000,53.08000000,594522.98000000
1633392000000,53.09000000,55.79000000,51.73000000,53.19000000,278222.73000000
1633478400000,53.21000000,67.85000000,48.00000000,64.73000000,1449860.35000000
1633564800000,64.68000000,67.27000000,58.70000000,58.95000000,990294.28000000
1633651200000,58.96000000,69.80000000,58.54000000,62.59000000,956361.12000000
1633737600000,62.53000000,64.67000000,59.72000000,61.13000000,353209.84000000
1633824000000,61.07000000,62.89000000,57.60000000,57.89000000,361415.96000000
1633910400000,57.85000000,64.22000000,56.05000000,58.19000000,628365.58000000
1633996800000,58.16000000,58.16000000,51.74000000,54.48000000,403115.11000000
1634083200000,54.48000000,55.45000000,50.62000000,52.89000000,357441.04000000
1634169600000,52.89000000,54.88000000,51.85000000,52.45000000,274356.60000000
1634256000000,52.50000000,54.08000000,50.82000000,53.99000000,241536.33000000
1634342400000,53.99000000,56.91000000,51.41000000,51.63000000,278778.59000000
1634428800000,51.58000000,53.07000000,49.17000000,51.55000000,202078.03000000
1634515200000,51.55000000,52.90000000,48.43000000,50.70000000,227741.04000000
1634601600000,50.69000000,55.50000000,50.10000000,54.86000000,376548.72000000
1634688000000,54.87000000,57.00000000,53.28000000,56.52000000,403877.13000000
1634774400000,56.55000000,58.03000000,52.82000000,53.38000000,259992.21000000
1634860800000,53.32000000,56.46000000,53.16000000,54.63000000,228886.79000000
1634947200000,54.63000000,54.77000000,51.44000000,52.69000000,150370.55000000
1635033600000,52.70000000,53.14000000,49.07000000,51.33000000,231587.56000000
1635120000000,51.24000000,54.80000000,51.00000000,52.92000000,231980.20000000
1635206400000,52.92000000,55.34000000,51.60000000,53.40000000,353249.74000000
1635292800000,53.40000000,57.45000000,44.51000000,46.46000000,513395.32000000
1635379200000,46.46000000,49.25000000,45.65000000,47.59000000,337188.21000000
1635465600000,47.60000000,54.78000000,47.31000000,52.00000000,445093.07000000
1635552000000,51.99000000,52.85000000,48.64000000,49.00000000,169052.69000000
1635638400000,48.98000000,60.50000000,48.96000000,54.85000000,1118076.25000000
1635724800000,54.88000000,57.03000000,50.50000000,53.28000000,523852.01000000
1635811200000,53.24000000,75.95000000,53.13000000,74.97000000,2545340.47000000
1635897600000,75.02000000,89.00000000,69.21000000,76.48000000,3814262.09000000
1635984000000,76.43000000,87.95000000,69.22000000,85.53000000,1561788.38000000
1636070400000,85.44000000,91.08000000,73.79000000,75.39000000,1614538.09000000
1636156800000,75.45000000,84.21000000,71.54000000,82.55000000,724875.47000000
1636243200000,82.55000000,85.82000000,75.70000000,76.30000000,405115.36000000
1636329600000,76.30000000,80.00000000,74.02000000,78.90000000,498050.92000000
1636416000000,78.79000000,79.73000000,71.17000000,72.58000000,583402.10000000
1636502400000,72.58000000,78.00000000,65.00000000,70.65000000,932943.12000000
1636588800000,70.62000000,72.71000000,65.76000000,67.31000000,631773.72000000
1636675200000,67.24000000,71.00000000,63.50000000,68.75000000,773479.65000000
1636761600000,68.74000000,74.44000000,66.11000000,73.31000000,631005.25000000
1636848000000,73.26000000,74.58000000,67.67000000,70.14000000,429171.84000000
1636934400000,70.14000000,71.31000000,65.44000000,65.71000000,415084.83000000
1637020800000,65.71000000,65.71000000,54.93000000,61.02000000,1097117.69000000
1637107200000,61.00000000,62.18000000,55.70000000,56.80000000,860651.45000000
1637193600000,56.81000000,57.82000000,51.00000000,53.49000000,1259736.91000000
1637280000000,53.50000000,63.91000000,53.06000000,59.70000000,1335022.59000000
1637366400000,59.63000000,66.65000000,59.19000000,65.26000000,639333.50000000
1637452800000,65.26000000,73.20000000,64.12000000,64.33000000,1014327.41000000
1637539200000,64.33000000,64.48000000,58.44000000,59.84000000,741893.49000000
1637625600000,59.86000000,62.50000000,58.50000000,60.72000000,534965.36000000
1637712000000,60.77000000,60.90000000,55.75000000,58.26000000,516553.92000000
1637798400000,58.24000000,66.00000000,57.66000000,59.38000000,581285.44000000
1637884800000,59.42000000,66.43000000,51.91000000,53.86000000,1642784.97000000
1637971200000,53.86000000,64.98000000,53.41000000,57.28000000,1259108.76000000
1638057600000,57.28000000,58.35000000,51.60000000,57.95000000,589141.87000000
1638144000000,57.92000000,62.60000000,55.04000000,60.90000000,483441.33000000
1638230400000,60.90000000,63.10000000,57.45000000,59.38000000,616155.39000000
1638316800000,59.34000000,61.67000000,56.42000000,57.44000000,401852.39000000
1638403200000,57.45000000,59.88000000,55.03000000,55.96000000,449640.83000000
1638489600000,55.95000000,58.53000000,51.21000000,53.20000000,427712.33000000
1638576000000,53.32000000,54.08000000,38.00000000,49.43000000,1127182.20000000
1638662400000,49.43000000,51.49000000,42.66000000,44.98000000,543398.16000000
1638748800000,44.99000000,47.26000000,40.09000000,46.66000000,557975.78000000
1638835200000,46.67000000,49.79000000,45.50000000,48.48000000,408356.41000000
1638921600000,48.49000000,49.96000000,44.54000000,47.07000000,294130.94000000
1639008000000,47.13000000,47.73000000,41.61000000,41.61000000,279361.82000000
1639094400000,41.62000000,44.16000000,40.10000000,40.30000000,342522.82000000
1639180800000,40.22000000,42.51000000,39.15000000,41.91000000,278324.02000000
1639267200000,41.92000000,42.61000000,40.00000000,41.76000000,156451.37000000
1639353600000,41.72000000,41.92000000,35.19000000,36.30000000,472583.53000000
1639440000000,36.33000000,39.50000000,35.67000000,38.24000000,458710.70000000
1639526400000,38.25000000,42.63000000,35.88000000,41.20000000,460943.29000000
1639612800000,41.21000000,47.99000000,40.99000000,46.52000000,787054.67000000
1639699200000,46.51000000,51.00000000,44.49000000,47.53000000,1053024.93000000
1639785600000,47.51000000,53.75000000,46.42000000,52.81000000,645474.09000000
1639872000000,52.84000000,60.00000000,50.52000000,59.15000000,812687.31000000
1639958400000,59.20000000,59.96000000,50.40000000,56.70000000,1062428.98000000
1640044800000,56.75000000,58.40000000,53.02000000,54.36000000,494134.14000000
1640131200000,54.35000000,56.64000000,52.72000000,53.22000000,383374.75000000
1640217600000,53.23000000,57.81000000,51.56000000,57.45000000,406962.04000000
1640304000000,57.43000000,64.70000000,55.27000000,61.87000000,830475.48000000
1640390400000,61.89000000,68.70000000,60.10000000,60.46000000,799132.33000000
1640476800000,60.43000000,63.59000000,57.96000000,61.69000000,347686.09000000
1640563200000,61.69000000,64.52000000,59.69000000,59.92000000,313856.46000000
1640649600000,59.88000000,59.92000000,53.01000000,53.32000000,467171.67000000
1640736000000,53.32000000,58.50000000,52.83000000,54.74000000,386193.29000000
1640822400000,54.71000000,58.59000000,52.98000000,58.16000000,341240.73000000
1640908800000,58.18000000,63.77000000,56.26000000,59.02000000,592380.34000000
1640995200000,59.07000000,67.00000000,59.07000000,66.05000000,405778.39000000
1641081600000,66.08000000,66.20000000,59.80000000,60.16000000,269168.60000000
1641168000000,60.09000000,61.45000000,57.16000000,59.83000000,420379.23000000
1641254400000,59.85000000,69.00000000,58.81000000,62.75000000,839208.97000000
1641340800000,62.73000000,65.44000000,53.00000000,56.26000000,839542.65000000
1641427200000,56.27000000,57.11000000,52.79000000,55.21000000,709758.45000000
1641513600000,55.23000000,55.53000000,48.04000000,49.56000000,833783.15000000
1641600000000,49.56000000,51.75000000,45.07000000,47.63000000,563038.30000000
1641686400000,47.61000000,52.16000000,46.93000000,50.38000000,570999.15000000
1641772800000,50.37000000,52.79000000,43.64000000,46.26000000,817193.17000000
1641859200000,46.26000000,48.69000000,44.57000000,48.27000000,712834.98000000
1641945600000,48.26000000,53.14000000,48.21000000,52.01000000,437929.57000000
1642032000000,52.03000000,54.42000000,49.30000000,49.49000000,508980.73000000
1642118400000,49.47000000,51.40000000,48.46000000,50.29000000,308473.29000000
1642204800000,50.29000000,51.20000000,49.15000000,49.75000000,155091.38000000
1642291200000,49.70000000,50.55000000,48.13000000,49.35000000,182914.84000000
1642377600000,49.36000000,49.63000000,45.34000000,47.53000000,358565.10000000
1642464000000,47.44000000,47.97000000,43.77000000,44.40000000,268026.26000000
1642550400000,44.40000000,45.76000000,41.15000000,42.02000000,387372.50000000
1642636800000,42.02000000,45.40000000,38.66000000,39.95000000,515009.51000000
1642723200000,39.91000000,40.38000000,31.20000000,32.31000000,1111332.03000000
1642809600000,32.31000000,34.55000000,27.27000000,31.12000000,1167211.47000000
1642896000000,31.15000000,35.90000000,30.40000000,34.28000000,690423.49000000
1642982400000,34.26000000,35.00000000,27.38000000,33.27000000,1092517.60000000
1643068800000,33.27000000,34.41000000,30.17000000,32.71000000,813212.91000000
1643155200000,32.74000000,34.80000000,29.57000000,30.20000000,762405.89000000
1643241600000,30.20000000,31.61000000,28.60000000,30.34000000,494551.34000000
1643328000000,30.30000000,32.12000000,29.11000000,31.72000000,383392.05000000
1643414400000,31.78000000,35.91000000,31.52000000,34.98000000,438798.63000000
1643500800000,34.98000000,38.00000000,33.78000000,35.92000000,658772.27000000
1643587200000,35.93000000,41.35000000,34.18000000,38.93000000,722968.06000000
1643673600000,38.91000000,41.82000000,37.69000000,40.03000000,494213.56000000
1643760000000,40.05000000,41.76000000,34.56000000,34.82000000,555743.39000000
1643846400000,34.81000000,35.71000000,33.37000000,34.90000000,453657.32000000
1643932800000,34.91000000,39.55000000,34.70000000,39.53000000,501202.08000000
1644019200000,39.56000000,41.29000000,38.44000000,38.55000000,431934.83000000
1644105600000,38.53000000,40.00000000,36.30000000,38.08000000,346107.40000000
1644192000000,38.06000000,42.56000000,36.53000000,40.06000000,647331.83000000
1644278400000,40.05000000,41.40000000,35.35000000,36.71000000,924295.15000000
1644364800000,36.72000000,41.28000000,35.46000000,40.86000000,629956.69000000
1644451200000,40.81000000,41.50000000,35.70000000,36.01000000,1216430.27000000
1644537600000,36.01000000,36.29000000,31.65000000,32.60000000,651671.87000000
1644624000000,32.59000000,34.36000000,31.65000000,33.24000000,289006.27000000
1644710400000,33.27000000,34.18000000,31.32000000,32.12000000,214116.88000000
1644796800000,32.16000000,32.76000000,30.45000000,32.42000000,374839.12000000
1644883200000,32.42000000,35.30000000,32.06000000,35.05000000,317858.52000000
1644969600000,35.06000000,35.70000000,33.26000000,33.64000000,355351.44000000
1645056000000,33.62000000,34.13000000,29.91000000,30.09000000,566746.98000000
1645142400000,30.05000000,31.46000000,28.53000000,28.84000000,634553.83000000
1645228800000,28.84000000,29.27000000,27.04000000,28.29000000,502192.01000000
1645315200000,28.29000000,28.45000000,25.54000000,26.10000000,559028.61000000
1645401600000,26.09000000,27.70000000,23.71000000,23.91000000,674437.16000000
1645488000000,23.94000000,28.00000000,23.36000000,26.22000000,645695.13000000
1645574400000,26.22000000,28.65000000,25.75000000,25.82000000,604403.50000000
1645660800000,25.83000000,27.98000000,22.19000000,27.61000000,1030172.69000000
1645747200000,27.61000000,29.92000000,26.86000000,29.28000000,584575.32000000
1645833600000,29.23000000,30.23000000,27.23000000,27.50000000,331170.16000000
1645920000000,27.52000000,31.00000000,26.42000000,28.88000000,542090.47000000
1646006400000,28.86000000,32.17000000,28.05000000,32.00000000,770849.73000000
1646092800000,31.99000000,33.99000000,30.37000000,33.77000000,733604.97000000
1646179200000,33.79000000,34.70000000,31.30000000,31.61000000,528668.48000000
1646265600000,31.61000000,31.95000000,29.85000000,31.60000000,383848.25000000
1646352000000,31.58000000,32.32000000,28.16000000,28.71000000,532226.25000000
1646438400000,28.69000000,29.61000000,27.98000000,29.22000000,268612.86000000
1646524800000,29.25000000,29.65000000,28.04000000,28.22000000,268666.38000000
1646611200000,28.21000000,31.15000000,27.23000000,29.81000000,561094.06000000
1646697600000,29.82000000,33.30000000,29.50000000,32.57000000,685327.91000000
1646784000000,32.54000000,38.79000000,32.50000000,37.24000000,822192.99000000
1646870400000,37.23000000,38.15000000,31.71000000,31.98000000,893941.87000000
1646956800000,31.98000000,34.10000000,29.96000000,32.00000000,981495.03000000
1647043200000,32.00000000,32.70000000,30.58000000,30.70000000,320622.90000000
1647129600000,30.70000000,31.90000000,29.55000000,30.45000000,346284.31000000
1647216000000,30.45000000,31.94000000,29.59000000,30.76000000,334311.14000000
1647302400000,30.72000000,31.30000000,29.63000000,29.99000000,346775.44000000
1647388800000,29.99000000,34.17000000,29.67000000,33.97000000,811939.44000000
1647475200000,33.96000000,34.86000000,32.53000000,33.64000000,496645.35000000
1647561600000,33.64000000,35.13000000,33.09000000,33.89000000,543955.28000000
1647648000000,33.89000000,36.61000000,33.54000000,33.87000000,581452.90000000
1647734400000,33.83000000,34.34000000,32.21000000,32.41000000,368846.28000000
1647820800000,32.41000000,33.49000000,31.31000000,32.73000000,308059.58000000
1647907200000,32.72000000,34.20000000,31.83000000,32.01000000,528044.92000000
1647993600000,32.00000000,33.49000000,31.44000000,32.90000000,514349.25000000
1648080000000,32.92000000,33.54000000,32.10000000,32.86000000,488885.03000000
1648166400000,32.86000000,34.76000000,32.30000000,34.29000000,904731.33000000
1648252800000,34.29000000,35.71000000,33.39000000,35.20000000,526707.50000000
1648339200000,35.20000000,37.70000000,33.94000000,37.62000000,652864.82000000
1648425600000,37.60000000,40.29000000,36.19000000,37.23000000,856287.09000000
1648512000000,37.20000000,40.46000000,37.09000000,39.22000000,589196.64000000
1648598400000,39.22000000,41.30000000,36.40000000,38.73000000,919716.65000000
1648684800000,38.77000000,40.72000000,35.58000000,36.81000000,830310.75000000
1648771200000,36.80000000,39.89000000,34.60000000,39.48000000,729506.24000000
1648857600000,39.49000000,41.43000000,38.52000000,39.16000000,511748.88000000
1648944000000,39.15000000,41.75000000,38.17000000,40.88000000,398145.27000000
1649030400000,40.86000000,40.92000000,37.02000000,38.97000000,485678.87000000
1649116800000,38.99000000,39.60000000,36.56000000,36.67000000,326974.28000000
1649203200000,36.67000000,36.96000000,32.50000000,32.70000000,484384.04000000
1649289600000,32.75000000,34.60000000,32.00000000,34.26000000,274783.39000000
1649376000000,34.23000000,35.51000000,32.96000000,33.34000000,317015.36000000
1649462400000,33.32000000,34.89000000,32.89000000,34.28000000,223762.32000000
1649548800000,34.28000000,35.38000000,33.37000000,33.94000000,221433.00000000
1649635200000,33.96000000,34.99000000,29.18000000,30.02000000,549831.24000000
1649721600000,30.01000000,32.67000000,29.72000000,31.65000000,422291.43000000
1649808000000,31.65000000,32.64000000,30.09000000,31.67000000,330481.80000000
1649894400000,31.68000000,32.31000000,29.74000000,30.29000000,223635.91000000
1649980800000,30.29000000,30.70000000,29.82000000,30.25000000,133572.18000000
1650067200000,30.25000000,30.58000000,29.33000000,29.80000000,122163.37000000
1650153600000,29.80000000,30.37000000,28.52000000,28.72000000,124610.25000000
1650240000000,28.71000000,30.40000000,27.67000000,30.35000000,265499.38000000
1650326400000,30.35000000,31.39000000,29.52000000,30.97000000,241825.02000000
1650412800000,30.95000000,32.00000000,29.53000000,29.81000000,318906.05000000
1650499200000,29.81000000,30.59000000,27.58000000,28.20000000,286455.31000000
1650585600000,28.18000000,29.21000000,28.01000000,28.41000000,212054.80000000
1650672000000,28.42000000,28.70000000,27.78000000,27.87000000,96007.16000000
1650758400000,27.86000000,28.83000000,26.72000000,26.76000000,187807.91000000
1650844800000,26.77000000,27.90000000,25.38000000,27.66000000,282516.21000000
1650931200000,27.65000000,28.44000000,24.77000000,26.35000000,435145.78000000
1651017600000,26.34000000,28.30000000,25.86000000,26.51000000,654225.98000000
1651104000000,26.51000000,27.46000000,25.93000000,26.24000000,277570.86000000
1651190400000,26.23000000,26.68000000,24.00000000,25.21000000,436959.74000000
1651276800000,25.22000000,26.02000000,22.01000000,22.78000000,518988.28000000
1651363200000,22.76000000,25.67000000,22.44000000,25.11000000,556877.00000000
1651449600000,25.09000000,25.42000000,22.93000000,24.83000000,464695.85000000
1651536000000,24.83000000,25.64000000,24.04000000,24.35000000,438116.60000000
1651622400000,24.35000000,26.58000000,23.78000000,26.29000000,496320.24000000
1651708800000,26.30000000,26.99000000,22.13000000,22.66000000,674801.69000000
1651795200000,22.65000000,22.99000000,21.17000000,22.22000000,596446.53000000
1651881600000,22.20000000,22.30000000,19.96000000,20.23000000,597739.77000000
1651968000000,20.25000000,20.57000000,19.36000000,19.77000000,592454.67000000
1652054400000,19.76000000,20.45000000,16.43000000,17.04000000,1267880.47000000
1652140800000,17.06000000,20.48000000,15.89000000,17.92000000,2294550.92000000
1652227200000,17.90000000,19.98000000,13.62000000,14.84000000,2519165.38000000
1652313600000,14.81000000,16.80000000,9.88000000,15.07000000,3132545.68000000
1652400000000,15.06000000,16.31000000,13.29000000,13.75000000,1658555.25000000
1652486400000,13.74000000,15.72000000,12.94000000,15.50000000,991640.98000000
1652572800000,15.51000000,19.77000000,14.70000000,18.84000000,1397857.62000000
1652659200000,18.84000000,18.91000000,15.25000000,15.47000000,1404404.52000000
1652745600000,15.50000000,16.51000000,14.70000000,15.68000000,790325.29000000
1652832000000,15.68000000,16.16000000,14.03000000,14.25000000,618124.31000000
1652918400000,14.26000000,15.75000000,13.61000000,15.49000000,803212.51000000
1653004800000,15.50000000,15.90000000,14.25000000,14.50000000,774879.12000000
1653091200000,14.51000000,15.35000000,14.04000000,14.96000000,675547.79000000
1653177600000,14.96000000,16.02000000,14.86000000,15.70000000,408220.20000000
1653264000000,15.70000000,16.43000000,14.40000000,14.70000000,450225.06000000
1653350400000,14.70000000,15.31000000,13.61000000,14.67000000,615078.97000000
1653436800000,14.67000000,15.79000000,14.37000000,14.56000000,548811.23000000
1653523200000,14.56000000,15.00000000,12.84000000,13.88000000,663573.49000000
1653609600000,13.88000000,14.17000000,12.31000000,13.04000000,876487.07000000
1653696000000,13.05000000,13.56000000,12.86000000,13.10000000,533504.49000000
1653782400000,13.10000000,13.51000000,12.66000000,13.35000000,289797.07000000
1653868800000,13.35000000,15.60000000,13.20000000,15.23000000,563906.76000000
1653955200000,15.24000000,16.44000000,14.30000000,15.27000000,603623.02000000
1654041600000,15.26000000,15.36000000,12.96000000,13.02000000,534223.78000000
1654128000000,13.02000000,13.37000000,12.68000000,13.26000000,351074.30000000
1654214400000,13.27000000,13.39000000,12.14000000,12.49000000,271373.49000000
1654300800000,12.49000000,12.97000000,12.00000000,12.81000000,188560.59000000
1654387200000,12.81000000,12.97000000,12.38000000,12.71000000,138153.06000000
1654473600000,12.69000000,13.97000000,12.68000000,13.12000000,339662.57000000
1654560000000,13.12000000,14.80000000,12.25000000,14.08000000,959945.53000000
1654646400000,14.06000000,14.79000000,13.33000000,13.86000000,706923.63000000
1654732800000,13.85000000,14.24000000,13.11000000,13.27000000,436672.41000000
1654819200000,13.26000000,13.57000000,12.19000000,12.34000000,398586.74000000
1654905600000,12.33000000,12.64000000,10.80000000,11.09000000,555611.55000000
1654992000000,11.08000000,11.15000000,9.94000000,10.07000000,783748.76000000
1655078400000,10.08000000,10.29000000,8.43000000,9.11000000,1517574.33000000
1655164800000,9.10000000,9.75000000,8.08000000,8.77000000,1458346.24000000
1655251200000,8.78000000,9.87000000,7.71000000,9.75000000,1266849.96000000
1655337600000,9.74000000,9.88000000,8.27000000,8.74000000,914467.91000000
1655424000000,8.74000000,9.19000000,8.02000000,8.18000000,894095.79000000
1655510400000,8.19000000,8.36000000,7.17000000,7.92000000,1017042.04000000
1655596800000,7.93000000,8.83000000,7.53000000,8.63000000,836384.54000000
1655683200000,8.62000000,9.80000000,8.21000000,9.74000000,799735.51000000
1655769600000,9.73000000,10.51000000,9.47000000,9.74000000,1136070.92000000
1655856000000,9.73000000,9.82000000,8.94000000,9.00000000,633139.90000000
1655942400000,8.99000000,9.81000000,8.96000000,9.77000000,394010.76000000
1656028800000,9.78000000,10.92000000,9.70000000,10.72000000,503704.77000000
1656115200000,10.72000000,11.00000000,9.93000000,10.47000000,382176.89000000
1656201600000,10.48000000,10.93000000,9.78000000,9.82000000,356673.05000000
1656288000000,9.82000000,10.39000000,9.61000000,9.99000000,306585.46000000
1656374400000,10.00000000,10.18000000,9.13000000,9.20000000,400665.87000000
1656460800000,9.19000000,9.40000000,8.77000000,9.08000000,584085.18000000
1656547200000,9.09000000,9.90000000,8.27000000,9.74000000,1378389.36000000
1656633600000,9.75000000,10.85000000,9.62000000,10.76000000,1641435.52000000
1656720000000,10.75000000,10.80000000,9.86000000,10.18000000,563824.61000000
1656806400000,10.18000000,11.98000000,9.97000000,11.64000000,716304.51000000
1656892800000,11.63000000,12.22000000,11.03000000,12.11000000,982216.60000000
1656979200000,12.09000000,12.50000000,11.20000000,11.96000000,788025.01000000
1657065600000,11.96000000,12.28000000,11.56000000,11.72000000,560736.92000000
1657152000000,11.71000000,12.37000000,11.45000000,12.18000000,426120.40000000
1657238400000,12.18000000,12.56000000,11.31000000,11.33000000,520722.19000000
1657324800000,11.32000000,12.08000000,11.32000000,11.70000000,232508.57000000
1657411200000,11.70000000,12.01000000,11.27000000,11.68000000,265904.44000000
1657497600000,11.69000000,12.35000000,11.32000000,11.98000000,747187.95000000
1657584000000,11.98000000,12.28000000,10.80000000,10.94000000,656005.43000000
1657670400000,10.93000000,12.98000000,10.60000000,12.82000000,1039691.12000000
1657756800000,12.82000000,14.75000000,12.29000000,14.34000000,817090.95000000
1657843200000,14.34000000,14.84000000,13.73000000,14.03000000,717866.39000000
1657929600000,14.02000000,16.41000000,13.83000000,15.93000000,896233.50000000
1658016000000,15.94000000,16.25000000,15.13000000,15.43000000,482861.20000000
1658102400000,15.42000000,17.45000000,15.40000000,16.47000000,884245.28000000
1658188800000,16.46000000,16.76000000,15.38000000,15.50000000,670040.91000000
1658275200000,15.50000000,15.97000000,13.49000000,13.83000000,847230.81000000
1658361600000,13.84000000,14.62000000,13.46000000,14.22000000,799036.46000000
1658448000000,14.22000000,14.86000000,13.13000000,13.38000000,641602.26000000
1658534400000,13.37000000,14.11000000,13.08000000,13.65000000,389394.56000000
1658620800000,13.66000000,14.17000000,13.25000000,13.31000000,415032.05000000
1658707200000,13.32000000,13.51000000,12.47000000,12.66000000,767395.05000000
1658793600000,12.67000000,12.68000000,11.61000000,12.30000000,797893.65000000
1658880000000,12.30000000,14.47000000,12.07000000,14.46000000,787492.65000000
1658966400000,14.46000000,14.66000000,13.15000000,13.98000000,982496.78000000
1659052800000,13.98000000,15.20000000,13.10000000,13.52000000,1047853.06000000
1659139200000,13.51000000,15.81000000,13.44000000,14.72000000,1361890.63000000
1659225600000,14.73000000,18.24000000,14.16000000,15.47000000,2162388.91000000
1659312000000,15.47000000,16.43000000,14.14000000,14.44000000,1351246.19000000
1659398400000,14.43000000,14.67000000,13.27000000,13.90000000,824323.50000000
1659484800000,13.90000000,14.88000000,13.67000000,13.98000000,755310.13000000
1659571200000,13.96000000,14.44000000,13.54000000,14.00000000,541782.59000000
1659657600000,14.00000000,14.90000000,13.95000000,14.69000000,466112.57000000
1659744000000,14.69000000,15.67000000,14.34000000,14.87000000,632462.42000000
1659830400000,14.90000000,15.04000000,14.27000000,14.65000000,366797.24000000
1659916800000,14.64000000,15.70000000,14.61000000,15.10000000,419733.09000000
1660003200000,15.11000000,15.39000000,14.21000000,14.38000000,479980.30000000
1660089600000,14.39000000,15.73000000,13.88000000,15.57000000,558157.00000000
1660176000000,15.55000000,16.16000000,14.65000000,14.77000000,683386.70000000
1660262400000,14.78000000,14.94000000,14.30000000,14.91000000,396963.86000000
1660348800000,14.90000000,15.31000000,14.40000000,14.56000000,411438.50000000
1660435200000,14.57000000,14.88000000,13.50000000,13.88000000,428243.25000000
1660521600000,13.87000000,14.78000000,13.55000000,13.93000000,342445.90000000
1660608000000,13.92000000,14.08000000,13.53000000,13.88000000,282693.29000000
1660694400000,13.88000000,14.43000000,13.08000000,13.18000000,383995.69000000
1660780800000,13.19000000,13.50000000,12.57000000,12.62000000,297971.90000000
1660867200000,12.61000000,12.63000000,11.54000000,11.86000000,782541.84000000
1660953600000,11.85000000,12.36000000,11.51000000,12.25000000,450724.27000000
1661040000000,12.25000000,12.82000000,11.90000000,12.66000000,314695.48000000
1661126400000,12.66000000,12.72000000,11.57000000,12.19000000,375824.57000000
1661212800000,12.20000000,12.53000000,11.66000000,12.45000000,239526.76000000
1661299200000,12.46000000,12.99000000,12.19000000,12.46000000,299238.83000000
1661385600000,12.46000000,12.89000000,12.17000000,12.29000000,205151.32000000
1661472000000,12.29000000,12.32000000,11.04000000,11.12000000,469847.07000000
1661558400000,11.13000000,11.39000000,10.87000000,10.98000000,326348.73000000
1661644800000,11.00000000,11.03000000,10.26000000,10.28000000,287605.10000000
1661731200000,10.30000000,10.98000000,10.08000000,10.90000000,366527.98000000
1661817600000,10.91000000,11.04000000,9.97000000,10.09000000,422151.93000000
1661904000000,10.10000000,10.64000000,9.83000000,9.97000000,413527.00000000
1661990400000,9.98000000,10.30000000,9.83000000,10.10000000,310119.86000000
1662076800000,10.11000000,10.55000000,9.82000000,10.02000000,382508.13000000
1662163200000,10.02000000,10.27000000,9.90000000,10.14000000,246867.27000000
1662249600000,10.14000000,10.27000000,9.90000000,10.25000000,227704.10000000
1662336000000,10.27000000,10.39000000,9.93000000,10.17000000,346414.96000000
1662422400000,10.17000000,10.48000000,9.32000000,9.34000000,684697.60000000
1662508800000,9.33000000,9.83000000,9.27000000,9.74000000,332357.99000000
1662595200000,9.74000000,10.17000000,9.52000000,10.02000000,493706.98000000
1662681600000,10.02000000,11.60000000,9.97000000,10.95000000,969590.90000000
1662768000000,10.94000000,11.39000000,10.76000000,11.07000000,451045.42000000
1662854400000,11.06000000,11.76000000,10.87000000,11.29000000,496924.05000000
1662940800000,11.28000000,11.66000000,10.65000000,10.73000000,566210.46000000
1663027200000,10.73000000,11.02000000,9.61000000,9.71000000,728026.19000000
1663113600000,9.72000000,9.99000000,9.51000000,9.80000000,390742.72000000
1663200000000,9.79000000,9.81000000,9.31000000,9.75000000,355322.55000000
1663286400000,9.75000000,10.29000000,9.59000000,10.14000000,374823.49000000
1663372800000,10.14000000,10.36000000,9.93000000,10.19000000,215503.14000000
1663459200000,10.19000000,10.65000000,9.32000000,9.43000000,452734.98000000
1663545600000,9.43000000,9.97000000,9.12000000,9.62000000,612947.35000000
1663632000000,9.63000000,10.11000000,9.42000000,9.52000000,433787.63000000
1663718400000,9.52000000,9.76000000,8.92000000,9.20000000,649752.97000000
1663804800000,9.20000000,10.29000000,9.15000000,10.08000000,713481.47000000
1663891200000,10.08000000,10.38000000,9.76000000,10.19000000,597799.00000000
1663977600000,10.20000000,10.35000000,9.62000000,9.74000000,314513.48000000
1664064000000,9.73000000,9.92000000,9.33000000,9.35000000,323881.21000000
1664150400000,9.36000000,9.64000000,9.12000000,9.47000000,416238.97000000
1664236800000,9.47000000,10.11000000,9.26000000,9.43000000,562168.49000000
1664323200000,9.43000000,9.49000000,8.98000000,9.30000000,433851.89000000
1664409600000,9.30000000,9.38000000,8.89000000,9.09000000,518398.04000000
1664496000000,9.09000000,9.90000000,8.99000000,9.35000000,378701.28000000
1664582400000,9.34000000,9.45000000,9.18000000,9.27000000,125350.52000000
1664668800000,9.27000000,9.43000000,9.01000000,9.05000000,257701.55000000
1664755200000,9.05000000,9.55000000,8.94000000,9.48000000,281827.48000000
1664841600000,9.48000000,9.72000000,9.44000000,9.66000000,211112.41000000
1664928000000,9.66000000,9.74000000,9.28000000,9.53000000,238245.32000000
1665014400000,9.53000000,9.70000000,9.10000000,9.13000000,319125.41000000
1665100800000,9.13000000,9.22000000,8.97000000,9.02000000,247244.35000000
1665187200000,9.02000000,9.15000000,8.76000000,8.86000000,181344.69000000
1665273600000,8.85000000,8.98000000,8.80000000,8.87000000,143081.99000000
1665360000000,8.88000000,9.01000000,8.61000000,8.73000000,280728.35000000
1665446400000,8.73000000,8.76000000,8.40000000,8.65000000,262594.94000000
1665532800000,8.66000000,8.97000000,8.63000000,8.92000000,131322.80000000
1665619200000,8.93000000,10.01000000,8.52000000,9.73000000,1178721.58000000
1665705600000,9.74000000,10.00000000,9.42000000,9.72000000,528842.87000000
1665792000000,9.72000000,9.98000000,9.39000000,9.70000000,354066.04000000
1665878400000,9.70000000,10.20000000,9.67000000,10.05000000,375999.79000000
1665964800000,10.05000000,10.30000000,9.81000000,9.95000000,384279.66000000
1666051200000,9.97000000,10.37000000,9.84000000,10.21000000,404554.32000000
1666137600000,10.21000000,10.28000000,9.75000000,9.88000000,276992.88000000
1666224000000,9.86000000,10.23000000,9.65000000,10.13000000,246803.67000000
1666310400000,10.13000000,10.60000000,9.75000000,10.48000000,311531.58000000
1666396800000,10.49000000,10.51000000,10.22000000,10.35000000,181663.79000000
1666483200000,10.36000000,10.96000000,10.35000000,10.59000000,252696.09000000
1666569600000,10.59000000,10.60000000,10.12000000,10.19000000,208809.24000000
1666656000000,10.20000000,10.92000000,10.03000000,10.52000000,224546.10000000
1666742400000,10.53000000,11.07000000,10.53000000,10.63000000,341540.69000000
1666828800000,10.62000000,11.10000000,10.11000000,10.25000000,496795.92000000
1666915200000,10.25000000,10.50000000,10.02000000,10.20000000,282199.41000000
1667001600000,10.20000000,10.68000000,10.03000000,10.13000000,459763.95000000
1667088000000,10.13000000,11.35000000,10.03000000,10.38000000,896285.16000000
1667174400000,10.37000000,10.47000000,9.91000000,10.40000000,520470.09000000
1667260800000,10.39000000,10.49000000,10.11000000,10.20000000,304892.79000000
1667347200000,10.19000000,11.33000000,9.90000000,11.30000000,948490.99000000
1667433600000,11.31000000,17.80000000,11.31000000,14.67000000,9053787.95000000
1667520000000,14.66000000,17.75000000,13.73000000,15.14000000,5117174.62000000
1667606400000,15.14000000,16.42000000,14.59000000,14.99000000,1617637.53000000
1667692800000,14.98000000,17.39000000,14.02000000,14.18000000,2282562.84000000
1667779200000,14.18000000,14.54000000,13.18000000,13.60000000,1256369.89000000
1667865600000,13.62000000,14.18000000,10.18000000,11.67000000,2517983.11000000
1667952000000,11.67000000,11.84000000,8.66000000,8.88000000,2522218.79000000
1668038400000,8.86000000,11.00000000,8.73000000,10.55000000,2663890.61000000
1668124800000,10.54000000,10.97000000,9.07000000,9.66000000,2316852.61000000
1668211200000,9.68000000,9.68000000,8.74000000,9.01000000,1172431.96000000
1668297600000,9.01000000,9.21000000,8.50000000,8.66000000,995467.33000000
1668384000000,8.66000000,9.35000000,8.30000000,9.08000000,1488375.59000000
1668470400000,9.07000000,9.52000000,8.82000000,9.44000000,1106273.51000000
1668556800000,9.44000000,10.70000000,9.18000000,9.43000000,2106867.26000000
1668643200000,9.42000000,10.09000000,9.33000000,9.91000000,1017029.82000000
1668729600000,9.90000000,10.38000000,9.90000000,10.23000000,668453.97000000
1668816000000,10.23000000,10.58000000,9.70000000,10.43000000,508324.74000000
1668902400000,10.43000000,11.21000000,9.35000000,9.46000000,1222432.00000000
1668988800000,9.45000000,9.78000000,8.81000000,9.14000000,1014166.53000000
1669075200000,9.15000000,9.31000000,8.59000000,9.11000000,966635.81000000
1669161600000,9.11000000,9.65000000,8.99000000,9.49000000,1153778.07000000
1669248000000,9.48000000,9.82000000,8.93000000,9.14000000,1073162.69000000
1669334400000,9.14000000,9.39000000,8.83000000,9.28000000,697123.61000000
1669420800000,9.29000000,9.53000000,9.10000000,9.23000000,601371.12000000
1669507200000,9.23000000,9.62000000,9.15000000,9.19000000,618190.86000000
1669593600000,9.19000000,9.65000000,8.84000000,9.14000000,1161224.42000000
1669680000000,9.14000000,9.45000000,9.04000000,9.11000000,561847.47000000
1669766400000,9.11000000,9.82000000,9.05000000,9.70000000,1203792.93000000
1669852800000,9.69000000,9.88000000,9.27000000,9.40000000,920639.60000000
1669939200000,9.40000000,9.61000000,9.19000000,9.56000000,661760.80000000
1670025600000,9.57000000,9.62000000,9.12000000,9.18000000,468587.22000000
1670112000000,9.18000000,9.38000000,9.13000000,9.29000000,316067.70000000
1670198400000,9.29000000,9.48000000,9.17000000,9.37000000,609496.33000000
1670284800000,9.38000000,9.86000000,9.29000000,9.49000000,1015446.87000000
1670371200000,9.49000000,9.54000000,8.76000000,8.96000000,974644.48000000
1670457600000,8.97000000,9.26000000,8.80000000,9.17000000,631852.46000000
1670544000000,9.17000000,9.24000000,8.92000000,8.97000000,527045.44000000
1670630400000,8.97000000,9.00000000,8.87000000,8.91000000,273984.22000000
1670716800000,8.91000000,9.01000000,8.60000000,8.67000000,327996.72000000
1670803200000,8.67000000,8.77000000,8.50000000,8.75000000,593576.67000000
1670889600000,8.75000000,9.09000000,8.32000000,8.88000000,1136465.13000000
1670976000000,8.87000000,9.05000000,8.64000000,8.74000000,589696.08000000
1671062400000,8.75000000,8.77000000,8.23000000,8.32000000,442105.77000000
1671148800000,8.32000000,8.41000000,7.33000000,7.39000000,997611.17000000
1671235200000,7.38000000,7.81000000,7.28000000,7.81000000,768210.26000000
1671321600000,7.80000000,7.86000000,7.62000000,7.71000000,245392.03000000
1671408000000,7.71000000,7.84000000,7.20000000,7.29000000,288321.62000000
1671494400000,7.30000000,7.65000000,7.27000000,7.35000000,405662.33000000
1671580800000,7.35000000,7.44000000,6.98000000,7.10000000,578880.44000000
1671667200000,7.10000000,7.22000000,6.81000000,6.96000000,562700.21000000
1671753600000,6.97000000,7.06000000,6.52000000,6.55000000,667523.76000000
1671840000000,6.55000000,6.62000000,6.25000000,6.29000000,809489.01000000
1671926400000,6.28000000,6.50000000,6.16000000,6.33000000,494481.60000000
1672012800000,6.33000000,6.75000000,6.32000000,6.66000000,469365.74000000
1672099200000,6.67000000,6.74000000,6.47000000,6.71000000,756295.97000000
1672185600000,6.71000000,6.77000000,6.25000000,6.41000000,590266.30000000
1672272000000,6.42000000,6.62000000,6.30000000,6.45000000,413449.84000000
1672358400000,6.45000000,6.47000000,6.07000000,6.22000000,411017.77000000
1672444800000,6.22000000,6.30000000,6.16000000,6.17000000,311786.80000000
1672531200000,6.18000000,6.41000000,6.08000000,6.37000000,207761.75000000
1672617600000,6.37000000,6.76000000,6.23000000,6.65000000,542059.70000000
1672704000000,6.64000000,6.75000000,6.54000000,6.69000000,381783.07000000
1672790400000,6.69000000,7.05000000,6.66000000,6.95000000,475377.43000000
1672876800000,6.94000000,7.07000000,6.58000000,6.62000000,585496.22000000
1672963200000,6.63000000,6.90000000,6.39000000,6.87000000,434830.57000000
1673049600000,6.86000000,6.96000000,6.79000000,6.92000000,312540.89000000
1673136000000,6.93000000,7.37000000,6.77000000,7.28000000,781029.07000000
1673222400000,7.29000000,7.81000000,7.25000000,7.54000000,919791.53000000
1673308800000,7.55000000,7.77000000,7.30000000,7.56000000,793856.35000000
1673395200000,7.55000000,7.85000000,7.34000000,7.76000000,766533.79000000
1673481600000,7.77000000,8.11000000,7.50000000,7.92000000,1260885.65000000
1673568000000,7.92000000,8.37000000,7.79000000,8.35000000,1095120.83000000
1673654400000,8.34000000,9.54000000,8.21000000,9.36000000,1807767.53000000
1673740800000,9.37000000,9.37000000,8.63000000,9.09000000,817044.02000000
1673827200000,9.08000000,9.41000000,8.62000000,8.99000000,1139247.71000000
1673913600000,8.99000000,9.77000000,8.74000000,9.47000000,1181874.06000000
1674000000000,9.47000000,9.62000000,8.33000000,8.65000000,1244754.52000000
1674086400000,8.64000000,9.32000000,8.59000000,8.86000000,765752.65000000
1674172800000,8.86000000,9.54000000,8.68000000,9.49000000,855676.63000000
1674259200000,9.49000000,9.94000000,9.20000000,9.21000000,1394046.64000000
1674345600000,9.21000000,10.24000000,9.21000000,9.70000000,1423471.43000000
1674432000000,9.71000000,10.27000000,9.64000000,9.80000000,977860.76000000
1674518400000,9.81000000,10.87000000,9.59000000,9.77000000,1393583.15000000
1674604800000,9.77000000,10.60000000,9.33000000,10.28000000,1672569.75000000
1674691200000,10.29000000,10.47000000,9.81000000,10.06000000,1121334.88000000
1674777600000,10.06000000,10.37000000,9.71000000,10.36000000,864070.07000000
1674864000000,10.36000000,10.58000000,9.87000000,10.22000000,824350.56000000
1674950400000,10.22000000,11.02000000,10.10000000,10.92000000,862091.83000000
1675036800000,10.92000000,11.21000000,9.80000000,10.08000000,1379686.73000000
1675123200000,10.08000000,10.77000000,9.99000000,10.53000000,773905.14000000
1675209600000,10.54000000,12.87000000,10.48000000,12.39000000,4418401.45000000
1675296000000,12.40000000,12.78000000,11.83000000,12.08000000,2870891.85000000
1675382400000,12.09000000,12.70000000,11.68000000,12.40000000,1654594.65000000
1675468800000,12.40000000,12.62000000,11.97000000,12.02000000,693656.76000000
1675555200000,12.02000000,12.11000000,10.81000000,11.52000000,866909.04000000
1675641600000,11.52000000,11.87000000,10.94000000,11.00000000,877974.87000000
1675728000000,11.00000000,12.80000000,10.99000000,12.70000000,1602096.19000000
1675814400000,12.70000000,13.59000000,11.45000000,11.94000000,2277629.98000000
1675900800000,11.94000000,12.18000000,10.03000000,10.46000000,1729936.87000000
1675987200000,10.46000000,10.69000000,10.18000000,10.50000000,1102067.63000000
1676073600000,10.49000000,12.04000000,10.41000000,11.68000000,1248173.37000000
1676160000000,11.69000000,11.73000000,10.92000000,11.11000000,654566.53000000
1676246400000,11.12000000,11.33000000,10.01000000,10.37000000,1200304.21000000
1676332800000,10.36000000,11.30000000,10.31000000,11.17000000,947210.45000000
1676419200000,11.18000000,12.18000000,10.97000000,12.14000000,1287438.69000000
1676505600000,12.14000000,12.89000000,11.37000000,11.46000000,1349042.77000000
1676592000000,11.46000000,14.07000000,11.40000000,13.37000000,3133288.60000000
1676678400000,13.37000000,13.77000000,12.22000000,12.37000000,1790456.47000000
1676764800000,12.36000000,13.85000000,12.31000000,12.52000000,3211946.01000000
1676851200000,12.52000000,13.24000000,12.23000000,12.76000000,1653816.46000000
1676937600000,12.77000000,12.81000000,11.41000000,11.63000000,1657263.10000000
1677024000000,11.62000000,12.08000000,10.70000000,11.20000000,1750358.53000000
1677110400000,11.20000000,11.48000000,10.72000000,10.98000000,1318208.74000000
1677196800000,10.98000000,11.15000000,10.05000000,10.23000000,1173029.39000000
1677283200000,10.24000000,10.34000000,9.37000000,9.87000000,930707.87000000
1677369600000,9.87000000,10.33000000,9.76000000,10.25000000,767051.06000000
1677456000000,10.25000000,10.76000000,9.89000000,10.46000000,1766792.53000000
1677542400000,10.46000000,10.65000000,9.73000000,9.86000000,1538502.66000000
1677628800000,9.87000000,10.46000000,9.78000000,10.16000000,1101604.00000000
1677715200000,10.16000000,10.20000000,9.43000000,9.82000000,1234898.79000000
1677801600000,9.82000000,9.83000000,8.42000000,9.19000000,2367315.32000000
1677888000000,9.19000000,9.26000000,8.58000000,8.87000000,787864.84000000
1677974400000,8.88000000,9.29000000,8.64000000,8.71000000,881091.38000000
1678060800000,8.71000000,8.97000000,8.52000000,8.77000000,1297380.15000000
1678147200000,8.78000000,9.00000000,8.12000000,8.37000000,1415554.82000000
1678233600000,8.37000000,8.45000000,7.40000000,7.61000000,1825259.50000000
1678320000000,7.61000000,8.07000000,7.20000000,7.44000000,1500845.77000000
1678406400000,7.45000000,7.72000000,6.88000000,7.66000000,1886979.24000000
1678492800000,7.67000000,7.82000000,7.01000000,7.54000000,1261002.82000000
1678579200000,7.54000000,8.29000000,7.33000000,8.29000000,1176554.66000000
1678665600000,8.28000000,8.74000000,7.85000000,8.51000000,2401731.46000000
1678752000000,8.50000000,9.33000000,8.21000000,8.79000000,2373732.69000000
1678838400000,8.78000000,8.96000000,7.52000000,7.86000000,2270530.42000000
1678924800000,7.87000000,8.91000000,7.73000000,8.63000000,1762871.53000000
1679011200000,8.63000000,9.45000000,8.50000000,9.44000000,1686870.37000000
1679097600000,9.44000000,9.78000000,8.83000000,8.91000000,1321541.21000000
1679184000000,8.91000000,9.23000000,8.79000000,9.04000000,999564.06000000
1679270400000,9.05000000,9.31000000,8.38000000,8.49000000,1123351.13000000
1679356800000,8.50000000,9.00000000,8.31000000,8.83000000,785458.27000000
1679443200000,8.82000000,8.90000000,8.20000000,8.45000000,782938.30000000
1679529600000,8.46000000,8.87000000,8.29000000,8.55000000,1063654.79000000
1679616000000,8.56000000,8.62000000,7.89000000,8.10000000,719723.32000000
1679702400000,8.10000000,8.19000000,7.88000000,7.98000000,305734.02000000
1679788800000,7.98000000,8.33000000,7.93000000,8.26000000,269684.22000000
1679875200000,8.25000000,8.27000000,7.58000000,7.80000000,498124.57000000
1679961600000,7.79000000,8.20000000,7.62000000,8.07000000,397577.09000000
1680048000000,8.07000000,8.67000000,8.04000000,8.52000000,449181.38000000
1680134400000,8.52000000,8.62000000,8.05000000,8.22000000,515213.96000000
1680220800000,8.22000000,8.88000000,8.06000000,8.72000000,485574.68000000
1680307200000,8.73000000,9.03000000,8.53000000,8.74000000,586803.08000000
1680393600000,8.74000000,8.90000000,8.16000000,8.31000000,495283.55000000
1680480000000,8.31000000,8.46000000,8.07000000,8.26000000,534674.52000000
1680566400000,8.26000000,8.75000000,8.15000000,8.46000000,573809.82000000
1680652800000,8.48000000,8.76000000,8.28000000,8.59000000,388976.55000000
1680739200000,8.60000000,8.60000000,8.23000000,8.40000000,285378.38000000
1680825600000,8.40000000,8.53000000,8.23000000,8.45000000,485444.77000000
1680912000000,8.44000000,8.65000000,8.24000000,8.29000000,403962.32000000
1680998400000,8.30000000,8.49000000,8.17000000,8.40000000,310295.14000000
1681084800000,8.41000000,8.88000000,8.31000000,8.81000000,822717.44000000
1681171200000,8.82000000,8.84000000,8.62000000,8.68000000,565108.42000000
1681257600000,8.67000000,8.72000000,8.23000000,8.53000000,511278.48000000
1681344000000,8.54000000,8.99000000,8.42000000,8.99000000,535736.63000000
1681430400000,8.99000000,9.25000000,8.81000000,9.11000000,847852.29000000
1681516800000,9.11000000,9.29000000,8.91000000,9.20000000,647557.11000000
1681603200000,9.20000000,9.50000000,9.05000000,9.38000000,610383.39000000
1681689600000,9.39000000,9.42000000,8.91000000,9.09000000,532383.21000000
1681776000000,9.08000000,9.39000000,8.93000000,9.19000000,634472.09000000
1681862400000,9.19000000,9.21000000,8.07000000,8.21000000,909292.66000000
1681948800000,8.21000000,8.31000000,7.81000000,7.90000000,552967.38000000
1682035200000,7.90000000,8.00000000,7.51000000,7.66000000,552689.51000000
1682121600000,7.66000000,7.88000000,7.57000000,7.86000000,284246.62000000
1682208000000,7.87000000,7.89000000,7.52000000,7.78000000,262352.38000000
1682294400000,7.78000000,7.90000000,7.53000000,7.73000000,280366.31000000
1682380800000,7.73000000,7.88000000,7.44000000,7.81000000,328287.14000000
1682467200000,7.82000000,8.08000000,7.23000000,7.63000000,668512.75000000
1682553600000,7.63000000,7.92000000,7.58000000,7.81000000,268013.45000000
1682640000000,7.81000000,7.82000000,7.60000000,7.78000000,268579.05000000
1682726400000,7.78000000,7.88000000,7.67000000,7.79000000,247005.20000000
1682812800000,7.78000000,7.81000000,7.53000000,7.55000000,280283.45000000
1682899200000,7.55000000,7.76000000,7.35000000,7.47000000,962988.54000000
1682985600000,7.47000000,7.68000000,7.41000000,7.65000000,206669.33000000
1683072000000,7.65000000,7.96000000,7.42000000,7.84000000,275909.05000000
1683158400000,7.85000000,7.94000000,7.69000000,7.75000000,283055.62000000
1683244800000,7.76000000,8.00000000,7.62000000,7.95000000,336148.11000000
1683331200000,7.95000000,8.01000000,7.24000000,7.36000000,466360.44000000
1683417600000,7.36000000,7.43000000,7.21000000,7.23000000,398882.53000000
1683504000000,7.24000000,7.28000000,6.33000000,6.60000000,892377.37000000
1683590400000,6.59000000,6.66000000,6.45000000,6.61000000,441324.00000000
1683676800000,6.61000000,7.09000000,6.50000000,7.00000000,1049728.66000000
1683763200000,7.00000000,7.01000000,6.36000000,6.47000000,565275.71000000
1683849600000,6.47000000,6.66000000,6.19000000,6.66000000,631120.50000000
1683936000000,6.66000000,6.66000000,6.39000000,6.47000000,316988.80000000
1684022400000,6.47000000,6.71000000,6.35000000,6.65000000,207126.88000000
1684108800000,6.65000000,6.82000000,6.52000000,6.65000000,432137.18000000
1684195200000,6.65000000,6.73000000,6.57000000,6.64000000,303430.37000000
1684281600000,6.65000000,7.00000000,6.54000000,6.92000000,387748.93000000
1684368000000,6.92000000,6.93000000,6.60000000,6.83000000,361305.62000000
1684454400000,6.83000000,6.90000000,6.74000000,6.81000000,252043.21000000
1684540800000,6.81000000,6.88000000,6.72000000,6.80000000,269029.90000000
1684627200000,6.81000000,6.82000000,6.57000000,6.64000000,157121.09000000
1684713600000,6.64000000,6.77000000,6.52000000,6.75000000,176368.55000000
1684800000000,6.75000000,6.88000000,6.70000000,6.74000000,232677.84000000
1684886400000,6.74000000,6.76000000,6.40000000,6.54000000,403790.95000000
1684972800000,6.55000000,6.60000000,6.37000000,6.54000000,303881.32000000
1685059200000,6.54000000,6.72000000,6.47000000,6.68000000,210821.43000000
1685145600000,6.68000000,6.82000000,6.66000000,6.81000000,191713.67000000
1685232000000,6.81000000,7.10000000,6.76000000,7.01000000,190557.07000000
1685318400000,7.01000000,7.05000000,6.74000000,6.80000000,373533.76000000
1685404800000,6.79000000,7.04000000,6.73000000,6.90000000,310309.01000000
1685491200000,6.89000000,6.94000000,6.46000000,6.57000000,302560.15000000
1685577600000,6.58000000,6.73000000,6.46000000,6.66000000,209189.75000000
1685664000000,6.66000000,6.99000000,6.60000000,6.95000000,241502.46000000
1685750400000,6.96000000,6.96000000,6.80000000,6.84000000,224814.60000000
1685836800000,6.85000000,6.96000000,6.78000000,6.85000000,128063.44000000
1685923200000,6.85000000,6.86000000,6.07000000,6.29000000,627019.82000000
1686009600000,6.28000000,6.54000000,6.09000000,6.43000000,440948.63000000
1686096000000,6.44000000,6.45000000,6.00000000,6.14000000,367001.55000000
1686182400000,6.14000000,6.24000000,6.01000000,6.16000000,353314.82000000
1686268800000,6.17000000,6.29000000,6.05000000,6.11000000,221255.73000000
1686355200000,6.11000000,6.12000000,4.20000000,4.92000000,2188295.02000000
1686441600000,4.92000000,5.12000000,4.78000000,5.00000000,419450.10000000
1686528000000,5.01000000,5.19000000,4.86000000,5.14000000,402647.19000000
1686614400000,5.15000000,5.32000000,5.06000000,5.20000000,402913.77000000
1686700800000,5.20000000,5.29000000,4.93000000,5.00000000,484461.40000000
1686787200000,5.01000000,5.11000000,4.80000000,4.98000000,506450.95000000
1686873600000,4.98000000,5.21000000,4.91000000,5.10000000,262727.37000000
1686960000000,5.11000000,5.29000000,5.01000000,5.02000000,239812.15000000
1687046400000,5.03000000,5.10000000,4.91000000,4.94000000,289841.43000000
1687132800000,4.95000000,4.98000000,4.81000000,4.88000000,317364.89000000
1687219200000,4.88000000,5.16000000,4.83000000,5.12000000,370465.65000000
1687305600000,5.13000000,5.50000000,5.10000000,5.42000000,625110.95000000
1687392000000,5.42000000,5.59000000,5.14000000,5.15000000,695964.92000000
1687478400000,5.16000000,5.47000000,5.11000000,5.35000000,468191.55000000
1687564800000,5.35000000,5.50000000,5.17000000,5.38000000,510141.84000000
1687651200000,5.38000000,5.72000000,5.37000000,5.55000000,688543.74000000
1687737600000,5.56000000,5.59000000,5.31000000,5.42000000,434547.81000000
1687824000000,5.43000000,5.62000000,5.41000000,5.50000000,324231.87000000
1687910400000,5.50000000,5.50000000,4.94000000,5.14000000,417009.59000000
1687996800000,5.15000000,5.33000000,5.11000000,5.21000000,290285.94000000
1688083200000,5.22000000,5.53000000,4.98000000,5.49000000,856424.64000000
1688169600000,5.50000000,5.84000000,5.38000000,5.72000000,703664.36000000
1688256000000,5.72000000,5.88000000,5.52000000,5.88000000,373640.60000000
1688342400000,5.89000000,6.16000000,5.78000000,5.87000000,1023992.01000000
1688428800000,5.87000000,6.13000000,5.78000000,6.00000000,687171.57000000
1688515200000,6.01000000,6.28000000,5.66000000,5.82000000,1224186.52000000
1688601600000,5.82000000,6.06000000,5.52000000,5.52000000,711270.34000000
1688688000000,5.53000000,5.75000000,5.45000000,5.74000000,340666.10000000
1688774400000,5.74000000,5.84000000,5.64000000,5.83000000,261007.69000000
1688860800000,5.84000000,5.92000000,5.78000000,5.87000000,225272.90000000
1688947200000,5.87000000,6.11000000,5.73000000,5.95000000,465685.53000000
1689033600000,5.96000000,5.98000000,5.82000000,5.86000000,275523.70000000
1689120000000,5.86000000,5.96000000,5.63000000,5.72000000,318711.91000000
1689206400000,5.72000000,6.18000000,5.65000000,6.09000000,553048.22000000
1689292800000,6.09000000,6.26000000,5.65000000,5.85000000,754771.65000000
1689379200000,5.85000000,5.99000000,5.78000000,5.99000000,244831.52000000
1689465600000,5.98000000,6.01000000,5.62000000,5.66000000,338226.26000000
1689552000000,5.65000000,5.77000000,5.50000000,5.73000000,397178.16000000
1689638400000,5.73000000,5.77000000,5.55000000,5.69000000,210397.96000000
1689724800000,5.68000000,5.81000000,5.63000000,5.66000000,240009.37000000
1689811200000,5.66000000,6.14000000,5.64000000,5.95000000,820988.26000000
1689897600000,5.94000000,6.12000000,5.85000000,5.88000000,458564.42000000
1689984000000,5.88000000,6.04000000,5.84000000,5.90000000,214741.55000000
1690070400000,5.91000000,6.25000000,5.89000000,6.13000000,334051.42000000
1690156800000,6.14000000,6.16000000,5.61000000,5.66000000,527084.67000000
1690243200000,5.66000000,5.70000000,5.55000000,5.61000000,293738.89000000
1690329600000,5.60000000,5.73000000,5.48000000,5.63000000,222120.42000000
1690416000000,5.63000000,5.79000000,5.59000000,5.63000000,238782.54000000
1690502400000,5.63000000,5.76000000,5.61000000,5.63000000,163256.84000000
1690588800000,5.63000000,5.68000000,5.56000000,5.59000000,119302.80000000
1690675200000,5.59000000,5.65000000,5.35000000,5.50000000,239900.46000000
1690761600000,5.49000000,5.57000000,5.37000000,5.45000000,174164.87000000
1690848000000,5.45000000,5.58000000,5.26000000,5.58000000,230026.68000000
1690934400000,5.58000000,5.60000000,5.25000000,5.35000000,370634.23000000
1691020800000,5.34000000,5.41000000,5.23000000,5.26000000,191695.81000000
1691107200000,5.26000000,5.36000000,5.17000000,5.21000000,127888.43000000
1691193600000,5.21000000,5.31000000,5.17000000,5.28000000,142691.86000000
1691280000000,5.28000000,5.42000000,5.20000000,5.24000000,387449.82000000
1691366400000,5.24000000,5.30000000,5.11000000,5.20000000,350759.15000000
1691452800000,5.19000000,5.38000000,5.18000000,5.27000000,269834.74000000
1691539200000,5.27000000,5.35000000,5.19000000,5.30000000,281986.70000000
1691625600000,5.30000000,5.33000000,5.00000000,5.02000000,567768.43000000
1691712000000,5.02000000,5.03000000,4.87000000,4.94000000,845784.14000000
1691798400000,4.94000000,5.21000000,4.92000000,5.20000000,561269.54000000
1691884800000,5.20000000,5.36000000,5.16000000,5.24000000,991708.13000000
1691971200000,5.23000000,5.45000000,5.12000000,5.42000000,619500.14000000
1692057600000,5.42000000,5.42000000,4.94000000,5.18000000,538761.30000000
1692144000000,5.18000000,5.24000000,4.74000000,4.88000000,652808.34000000
1692230400000,4.87000000,5.18000000,4.22000000,4.70000000,1088232.61000000
1692316800000,4.69000000,4.93000000,4.25000000,4.32000000,2197066.28000000
1692403200000,4.32000000,4.47000000,4.24000000,4.45000000,1255931.14000000
1692489600000,4.45000000,4.64000000,4.38000000,4.50000000,770658.09000000
1692576000000,4.50000000,4.56000000,4.32000000,4.40000000,642218.92000000
1692662400000,4.40000000,4.45000000,4.16000000,4.39000000,524084.18000000
1692748800000,4.39000000,4.51000000,4.31000000,4.43000000,450553.25000000
1692835200000,4.43000000,4.44000000,4.09000000,4.16000000,507611.65000000
1692921600000,4.17000000,4.20000000,3.97000000,4.17000000,762750.62000000
1693008000000,4.17000000,4.26000000,4.15000000,4.19000000,429280.35000000
1693094400000,4.19000000,4.24000000,4.13000000,4.21000000,250189.33000000
1693180800000,4.20000000,4.31000000,4.12000000,4.19000000,405452.58000000
1693267200000,4.20000000,4.47000000,4.12000000,4.40000000,669816.72000000
1693353600000,4.41000000,4.42000000,4.22000000,4.25000000,338170.26000000
1693440000000,4.25000000,4.28000000,4.01000000,4.13000000,455558.95000000
1693526400000,4.13000000,4.19000000,4.02000000,4.08000000,439012.75000000
1693612800000,4.08000000,4.20000000,4.05000000,4.14000000,361870.53000000
1693699200000,4.14000000,4.16000000,4.03000000,4.09000000,347343.94000000
1693785600000,4.09000000,4.26000000,4.08000000,4.19000000,584881.56000000
1693872000000,4.19000000,4.25000000,4.08000000,4.20000000,397113.00000000
1693958400000,4.20000000,4.26000000,4.08000000,4.22000000,324662.02000000
1694044800000,4.23000000,4.35000000,4.15000000,4.33000000,435935.47000000
1694131200000,4.33000000,4.38000000,4.15000000,4.23000000,363087.34000000
1694217600000,4.23000000,4.33000000,4.21000000,4.29000000,295222.08000000
1694304000000,4.29000000,4.29000000,3.91000000,4.05000000,565197.76000000
1694390400000,4.05000000,4.09000000,3.82000000,3.90000000,551763.72000000
1694476800000,3.90000000,4.11000000,3.88000000,3.97000000,397770.23000000
1694563200000,3.96000000,4.09000000,3.94000000,4.05000000,322350.39000000
1694649600000,4.06000000,4.12000000,4.00000000,4.09000000,294721.78000000
1694736000000,4.09000000,4.60000000,4.05000000,4.52000000,1269310.58000000
1694822400000,4.51000000,4.76000000,4.30000000,4.37000000,954615.29000000
1694908800000,4.37000000,4.49000000,4.21000000,4.32000000,420494.46000000
1694995200000,4.32000000,4.49000000,4.25000000,4.30000000,631705.09000000
1695081600000,4.29000000,4.42000000,4.22000000,4.41000000,577265.67000000
1695168000000,4.41000000,4.46000000,4.26000000,4.34000000,505208.15000000
1695254400000,4.35000000,4.39000000,4.13000000,4.14000000,566933.46000000
1695340800000,4.14000000,4.21000000,4.08000000,4.13000000,373991.06000000
1695427200000,4.13000000,4.19000000,4.08000000,4.17000000,208445.80000000
1695513600000,4.18000000,4.19000000,4.05000000,4.09000000,155637.92000000
1695600000000,4.08000000,4.19000000,4.05000000,4.11000000,224304.86000000
1695686400000,4.12000000,4.17000000,4.08000000,4.15000000,190290.75000000
1695772800000,4.16000000,4.25000000,4.09000000,4.15000000,330236.39000000
1695859200000,4.14000000,4.26000000,4.09000000,4.22000000,340063.03000000
1695945600000,4.23000000,4.29000000,4.20000000,4.23000000,256545.05000000
1696032000000,4.24000000,4.30000000,4.21000000,4.24000000,206960.53000000
1696118400000,4.24000000,4.51000000,4.23000000,4.43000000,439051.17000000
1696204800000,4.44000000,4.48000000,4.18000000,4.28000000,367186.00000000
1696291200000,4.27000000,4.33000000,4.12000000,4.13000000,314375.42000000
1696377600000,4.14000000,4.14000000,3.97000000,4.05000000,678012.72000000
1696464000000,4.05000000,4.07000000,3.95000000,3.99000000,370643.79000000
1696550400000,4.00000000,4.06000000,3.97000000,4.02000000,286356.94000000
1696636800000,4.02000000,4.06000000,3.96000000,4.00000000,258565.74000000
1696723200000,4.00000000,4.03000000,3.96000000,4.00000000,312234.59000000
1696809600000,4.00000000,4.12000000,3.71000000,3.88000000,831330.04000000
1696896000000,3.88000000,3.97000000,3.84000000,3.96000000,250539.76000000
1696982400000,3.96000000,3.97000000,3.80000000,3.85000000,280633.46000000
1697068800000,3.84000000,3.86000000,3.72500000,3.79900000,287508.09000000
1697155200000,3.79800000,3.90300000,3.79400000,3.87000000,254859.34000000
1697241600000,3.86900000,3.92400000,3.85300000,3.87000000,183994.31000000
1697328000000,3.87300000,3.94300000,3.85900000,3.89500000,202691.19000000
1697414400000,3.89700000,4.06000000,3.85000000,3.95200000,402479.63000000
1697500800000,3.95500000,4.02200000,3.79100000,3.84000000,459181.31000000
1697587200000,3.83800000,3.91900000,3.78800000,3.81000000,228149.57000000
1697673600000,3.81000000,3.83300000,3.68100000,3.77100000,273333.36000000
1697760000000,3.77700000,3.96500000,3.73800000,3.90400000,317147.35000000
1697846400000,3.90500000,4.15000000,3.89100000,4.10100000,512375.86000000
1697932800000,4.10100000,4.23000000,4.05700000,4.21000000,401846.11000000
1698019200000,4.20700000,4.49900000,4.08700000,4.49400000,798399.91000000
1698105600000,4.48600000,4.82000000,4.39300000,4.56500000,1368978.17000000
1698192000000,4.56500000,4.73700000,4.41500000,4.64200000,619785.27000000
1698278400000,4.64100000,4.87300000,4.48200000,4.64400000,955724.21000000
1698364800000,4.64600000,4.73900000,4.46000000,4.55300000,604241.02000000
1698451200000,4.55500000,5.05500000,4.54500000,5.03300000,948536.85000000
1698537600000,5.03300000,5.31400000,4.87700000,5.23600000,802154.53000000
1698624000000,5.23800000,5.96000000,5.10100000,5.77900000,1590817.15000000
1698710400000,5.77800000,6.02900000,5.58400000,5.92100000,1686711.52000000
1698796800000,5.92100000,6.38400000,5.68700000,6.28400000,1828138.38000000
1698883200000,6.28100000,6.43500000,5.94300000,6.22800000,1028995.61000000
1698969600000,6.22800000,6.25500000,5.86600000,6.02400000,887115.06000000
1699056000000,6.03000000,6.14100000,5.84900000,6.04900000,550496.18000000
1699142400000,6.04800000,7.20400000,6.01000000,6.63400000,1793767.97000000
1699228800000,6.65800000,7.37400000,6.50000000,7.30800000,1053174.22000000
1699315200000,7.30800000,7.62800000,6.64500000,7.00500000,1297539.17000000
1699401600000,7.01200000,7.89800000,6.82600000,7.69800000,912583.74000000
1699488000000,7.69800000,8.06400000,6.61400000,7.50900000,1785320.49000000
1699574400000,7.51300000,8.00000000,6.91500000,7.85600000,1067716.66000000
1699660800000,7.85500000,7.92000000,7.07100000,7.22600000,884570.52000000
1699747200000,7.22600000,7.40800000,6.78600000,7.32100000,723263.95000000
1699833600000,7.31600000,7.65300000,7.10900000,7.20400000,1630255.14000000
1699920000000,7.20300000,7.77700000,7.00000000,7.61000000,1141176.66000000
1700006400000,7.61000000,7.88000000,7.30000000,7.47300000,1055656.00000000
1700092800000,7.47300000,8.17000000,7.07200000,7.17700000,1355610.46000000
1700179200000,7.17500000,7.49500000,6.73400000,7.16700000,772705.58000000
1700265600000,7.16700000,8.13500000,6.77100000,8.10800000,1132103.23000000
1700352000000,8.10800000,9.19400000,7.69300000,9.10700000,2665651.73000000
1700438400000,9.10400000,9.30000000,8.11800000,8.19400000,2059885.15000000
1700524800000,8.19400000,8.20000000,7.13400000,7.23800000,1652114.33000000
1700611200000,7.24000000,7.98900000,7.21000000,7.82200000,737411.95000000
1700697600000,7.81700000,7.94400000,7.55500000,7.67400000,502485.42000000
1700784000000,7.67700000,7.97300000,7.66600000,7.78900000,445366.59000000
1700870400000,7.78800000,8.07200000,7.72100000,7.89100000,359556.73000000
1700956800000,7.88600000,7.92100000,7.36500000,7.71600000,387008.47000000
1701043200000,7.71900000,7.80500000,7.24900000,7.45800000,516407.56000000
1701129600000,7.45900000,7.99800000,7.13000000,7.91000000,831640.86000000
1701216000000,7.90900000,8.14100000,7.67800000,7.73000000,829504.30000000
1701302400000,7.72900000,7.92700000,7.62200000,7.85000000,405901.80000000
1701388800000,7.85100000,8.66700000,7.78100000,8.42000000,888275.29000000
1701475200000,8.41900000,8.64500000,8.16500000,8.20000000,784718.01000000
1701561600000,8.20000000,8.45900000,7.84200000,8.03000000,1216572.33000000
1701648000000,8.03000000,8.37900000,7.70000000,8.26200000,931298.96000000
1701734400000,8.26200000,8.72000000,8.00000000,8.39300000,861108.29000000
1701820800000,8.40400000,8.50000000,7.60000000,7.88500000,927645.09000000
1701907200000,7.88400000,8.54100000,7.81700000,8.45100000,639469.25000000
1701993600000,8.46800000,8.73000000,8.25000000,8.70800000,778249.53000000
1702080000000,8.70800000,8.88800000,8.06200000,8.15700000,739679.95000000
1702166400000,8.16100000,8.35800000,7.91300000,8.34400000,471586.49000000
1702252800000,8.34600000,8.36300000,7.40000000,7.70800000,1120981.76000000
1702339200000,7.71100000,8.50300000,7.69900000,8.25100000,1064575.48000000
1702425600000,8.25400000,8.65000000,7.75100000,8.50800000,739272.59000000
1702512000000,8.51600000,9.96000000,8.49700000,9.65400000,2090956.96000000
1702598400000,9.65500000,10.58800000,9.26900000,10.02500000,2068555.26000000
1702684800000,10.02200000,11.68100000,9.82900000,10.75900000,2568932.14000000
1702771200000,10.75800000,10.82500000,9.32800000,9.38300000,1794101.98000000
1702857600000,9.38500000,9.54600000,8.45800000,9.30400000,1988452.40000000
1702944000000,9.30400000,9.46500000,8.45400000,8.75300000,1109605.70000000
1703030400000,8.74700000,9.73500000,8.61700000,9.37600000,1468633.72000000
1703116800000,9.37500000,10.90700000,8.98900000,10.64700000,1810350.39000000
1703203200000,10.64700000,10.73300000,9.72900000,10.14300000,1240992.38000000
1703289600000,10.14400000,10.41000000,9.82800000,10.25000000,735414.39000000
1703376000000,10.25900000,11.50900000,9.95900000,10.81100000,1186880.83000000
1703462400000,10.80800000,10.94200000,10.33100000,10.55600000,771210.93000000
1703548800000,10.54800000,11.15900000,9.97900000,10.46500000,983244.42000000
1703635200000,10.46500000,10.60600000,9.92500000,10.45100000,921858.08000000
1703721600000,10.44700000,10.85700000,9.70600000,9.70700000,1118496.51000000
1703808000000,9.70800000,10.17000000,9.42900000,9.71300000,765915.75000000
1703894400000,9.71400000,9.96900000,9.62400000,9.69500000,364607.96000000
1703980800000,9.69900000,9.98400000,9.34100000,9.64300000,495987.96000000
1704067200000,9.64100000,10.53700000,9.45300000,10.15800000,851494.51000000
1704153600000,10.16000000,10.47400000,9.69000000,9.91700000,838998.53000000
1704240000000,9.91600000,10.20600000,7.50000000,8.70800000,1262382.31000000
1704326400000,8.70900000,9.25300000,8.63400000,9.16600000,456401.42000000
1704412800000,9.17500000,9.28600000,8.63000000,9.00000000,750749.78000000
1704499200000,9.00000000,9.00500000,8.20000000,8.57600000,335152.42000000
1704585600000,8.57600000,8.72500000,7.94400000,8.05800000,332989.15000000
1704672000000,8.05800000,8.70700000,7.53800000,8.65700000,714859.10000000
1704758400000,8.65900000,8.72200000,7.76200000,8.09100000,587015.16000000
1704844800000,8.09100000,9.54600000,7.95700000,9.21900000,698023.74000000
1704931200000,9.22700000,9.77300000,8.98200000,9.50500000,558771.32000000
1705017600000,9.50500000,9.88000000,8.80000000,9.19400000,619192.73000000
1705104000000,9.20000000,10.31900000,8.88400000,10.05200000,649876.39000000
1705190400000,10.04900000,10.84300000,10.00000000,10.11200000,1288523.72000000
1705276800000,10.12700000,10.36800000,9.82200000,9.94700000,510576.55000000
1705363200000,9.96800000,10.15400000,9.68000000,9.99900000,344473.40000000
1705449600000,9.99800000,10.08900000,9.64600000,9.75100000,321503.04000000
1705536000000,9.75600000,10.04100000,9.46200000,9.63200000,467798.38000000
1705622400000,9.63200000,10.34700000,9.14500000,10.14000000,551037.84000000
1705708800000,10.13900000,10.70000000,9.71000000,9.76300000,820238.36000000
1705795200000,9.76600000,9.86700000,9.41000000,9.44300000,414671.64000000
1705881600000,9.44500000,9.55600000,8.55000000,8.58700000,581569.63000000
1705968000000,8.58500000,8.76900000,8.10000000,8.49500000,528170.86000000
1706054400000,8.48900000,8.85000000,8.39300000,8.70900000,293151.61000000
1706140800000,8.70400000,8.75000000,8.40000000,8.56900000,217046.29000000
1706227200000,8.56100000,8.99700000,8.45000000,8.94700000,213508.14000000
1706313600000,8.95400000,9.01300000,8.76700000,8.94800000,161150.31000000
1706400000000,8.94800000,9.01300000,8.57800000,8.75400000,496041.67000000
1706486400000,8.75800000,8.97300000,8.61800000,8.93400000,219911.80000000
1706572800000,8.93900000,9.03900000,8.72500000,8.77200000,278600.51000000
1706659200000,8.77400000,8.87200000,8.34100000,8.42700000,287985.37000000
1706745600000,8.42400000,8.51600000,8.22400000,8.41800000,253291.50000000
1706832000000,8.42100000,8.58700000,8.35300000,8.52700000,151247.80000000
1706918400000,8.53800000,8.64000000,8.47200000,8.52900000,94218.82000000
1707004800000,8.52900000,8.61200000,8.37300000,8.43400000,134949.18000000
1707091200000,8.44000000,8.52900000,8.19300000,8.30500000,165719.88000000
1707177600000,8.29700000,8.50700000,7.76200000,7.87100000,762170.43000000
1707264000000,7.87700000,8.43500000,7.76200000,8.34500000,578175.11000000
1707350400000,8.34500000,8.59000000,8.33300000,8.36800000,335988.97000000
1707436800000,8.36700000,8.78000000,8.36700000,8.76000000,294541.21000000
1707523200000,8.76200000,8.91900000,8.54900000,8.67100000,209430.46000000
1707609600000,8.68400000,8.86900000,8.58500000,8.65200000,244236.23000000
1707696000000,8.65700000,9.02000000,8.50000000,8.99300000,299742.80000000
1707782400000,8.99200000,9.59000000,8.98300000,9.52200000,1224687.21000000
1707868800000,9.52100000,9.87400000,9.31800000,9.86700000,448797.45000000
1707955200000,9.86800000,12.33400000,9.79200000,12.15000000,1618635.71000000
1708041600000,12.14600000,12.80000000,11.25800000,11.60900000,1948602.97000000
1708128000000,11.60800000,13.51800000,11.45900000,12.58300000,1470932.46000000
1708214400000,12.58600000,12.69900000,11.91500000,11.96300000,707532.93000000
1708300800000,11.96200000,15.50000000,11.83700000,14.89100000,2631887.05000000
1708387200000,14.89100000,16.50000000,13.91500000,14.39000000,2829821.46000000
1708473600000,14.38900000,14.94000000,12.96300000,13.61600000,1331128.05000000
1708560000000,13.61800000,14.25600000,12.88000000,13.56000000,1399238.99000000
1708646400000,13.55900000,14.04100000,12.82000000,13.02300000,1055933.69000000
1708732800000,13.02300000,14.16300000,12.54400000,13.67800000,771582.30000000
1708819200000,13.67600000,16.43000000,13.66100000,15.69500000,1714440.44000000
1708905600000,15.69500000,16.40500000,14.94600000,16.29000000,1528192.46000000
1708992000000,16.29000000,19.67300000,15.64300000,19.11700000,2283355.67000000
1709078400000,19.11600000,29.66200000,18.86300000,28.80400000,10706687.33000000
1709164800000,28.81800000,33.23900000,26.55000000,26.70800000,4277363.00000000
1709251200000,26.71800000,30.25900000,26.50000000,26.82200000,2088105.49000000
1709337600000,26.83000000,30.00100000,25.17700000,26.93200000,1841219.13000000
1709424000000,26.92100000,33.43900000,26.55700000,30.25400000,2511460.85000000
1709510400000,30.26200000,31.12000000,27.74100000,28.57300000,1394679.75000000
1709596800000,28.57500000,33.12000000,23.00000000,30.83800000,2418522.42000000
1709683200000,30.82700000,39.70200000,29.45000000,35.82900000,2585606.73000000
1709769600000,35.84700000,39.67600000,34.62700000,37.43100000,1972651.72000000
1709856000000,37.44100000,44.95000000,36.45800000,42.70500000,2252828.99000000
1709942400000,42.71100000,47.51800000,42.45200000,43.48500000,1560884.11000000
1710028800000,43.47000000,45.20000000,39.48800000,41.24700000,921079.72000000
1710115200000,41.24100000,42.69000000,38.50000000,39.58900000,936891.15000000
1710201600000,39.61600000,41.38800000,36.00000000,37.89000000,922493.53000000
1710288000000,37.89000000,42.00000000,37.00800000,37.71000000,897128.12000000
1710374400000,37.71100000,39.83300000,35.55500000,38.67700000,1114123.50000000
1710460800000,38.67900000,39.02000000,32.06000000,35.26700000,1370668.82000000
1710547200000,35.26600000,36.69100000,31.51400000,32.40000000,948968.27000000
1710633600000,32.41000000,40.60000000,32.02200000,37.60600000,1855181.10000000
1710720000000,37.60600000,37.68600000,32.48000000,32.97300000,987029.39000000
1710806400000,32.96000000,33.27600000,29.03000000,31.13800000,1294037.44000000
1710892800000,31.13700000,36.50000000,30.39600000,35.18000000,1545509.88000000
1710979200000,35.14700000,35.60000000,33.31300000,35.43100000,571523.23000000
1711065600000,35.43300000,37.84500000,33.66000000,34.76800000,900456.80000000
1711152000000,34.76300000,38.97900000,34.51900000,36.11600000,752361.17000000
1711238400000,36.12000000,38.45000000,35.36200000,37.62100000,414609.44000000
1711324800000,37.63500000,44.95000000,37.00100000,42.53000000,1477466.39000000
1711411200000,42.51500000,44.34000000,40.34400000,41.13700000,851458.52000000
1711497600000,41.14800000,44.57700000,40.46500000,42.69900000,972114.81000000
1711584000000,42.68900000,46.65000000,41.26300000,41.48500000,1098813.92000000
1711670400000,41.48800000,42.63600000,38.57400000,39.07300000,698541.86000000
1711756800000,39.07400000,39.55700000,37.55900000,37.75800000,459002.40000000
1711843200000,37.75900000,39.61400000,37.62400000,38.75500000,444729.22000000
1711929600000,38.73700000,39.40100000,34.36700000,35.99300000,754958.32000000
1712016000000,35.99000000,36.03000000,32.95500000,33.97300000,613836.12000000
1712102400000,33.97000000,35.16200000,32.48400000,33.35700000,448447.10000000
1712188800000,33.34500000,35.26500000,32.25000000,33.47300000,580096.11000000
1712275200000,33.47800000,33.49100000,30.55200000,31.74500000,424853.64000000
1712361600000,31.72900000,34.25000000,31.49200000,33.63500000,274961.44000000
1712448000000,33.62000000,34.53300000,33.10000000,33.86400000,254544.32000000
1712534400000,33.86400000,35.89600000,33.03400000,35.19800000,472847.55000000
1712620800000,35.18800000,35.41400000,31.41200000,31.89500000,423031.72000000
1712707200000,31.89000000,32.01500000,29.06000000,31.16200000,507893.31000000
1712793600000,31.17600000,32.04400000,29.95800000,31.01200000,436547.28000000
1712880000000,31.00700000,31.44600000,22.00000000,24.57800000,1798229.92000000
1712966400000,24.58700000,28.84500000,22.00000000,26.00200000,2649677.21000000
1713052800000,25.99300000,28.97900000,23.36900000,28.55000000,2213286.20000000
1713139200000,28.55000000,29.20000000,25.24600000,25.76600000,1259990.63000000
1713225600000,25.76000000,26.32100000,23.50100000,24.57300000,1010140.88000000
1713312000000,24.58500000,25.44000000,23.03100000,24.44600000,804160.95000000
1713398400000,24.44000000,25.55900000,23.61500000,25.09200000,615300.91000000
1713484800000,25.08000000,28.26000000,22.67900000,27.52000000,983416.26000000
1713571200000,27.49300000,32.98900000,27.19200000,32.49900000,1277635.41000000
1713657600000,32.49800000,34.67500000,31.89100000,32.77500000,775322.90000000
1713744000000,32.78100000,35.86600000,32.37500000,35.27700000,800645.98000000
1713830400000,35.27600000,35.82600000,33.30000000,33.45000000,743521.59000000
1713916800000,33.44500000,34.65900000,32.20100000,32.97400000,776714.69000000
1714003200000,32.97400000,37.98000000,31.02800000,35.86300000,1164330.19000000
1714089600000,35.86400000,35.97600000,30.75200000,30.93700000,992191.30000000
1714176000000,30.94600000,35.00000000,29.55700000,33.52700000,936857.86000000
1714262400000,33.52800000,37.74300000,33.41200000,35.88400000,1088201.95000000
1714348800000,35.86900000,37.00000000,33.64000000,36.08700000,1072834.56000000
1714435200000,36.09700000,36.68500000,30.01900000,30.19500000,1350770.69000000
1714521600000,30.20000000,30.87700000,26.52100000,28.65900000,2685773.95000000
1714608000000,28.65900000,36.19600000,27.19000000,34.43100000,1751640.97000000
1714694400000,34.42300000,38.20000000,33.57100000,34.56800000,1630544.07000000
1714780800000,34.56000000,36.85900000,33.70400000,35.84500000,1232899.88000000
1714867200000,35.85400000,41.70000000,35.14200000,40.56900000,2034927.89000000
1714953600000,40.56400000,40.98900000,37.78900000,39.78100000,1431009.96000000
1715040000000,39.78000000,42.57600000,37.38800000,37.78100000,1290065.54000000
1715126400000,37.76500000,39.66000000,36.11900000,37.34700000,1008369.76000000
1715212800000,37.34700000,41.90000000,37.32600000,41.20700000,1376406.17000000
1715299200000,41.20700000,44.99900000,40.77600000,41.54300000,1818780.18000000
1715385600000,41.53900000,42.41100000,39.13500000,39.88800000,906946.73000000
1715472000000,39.89300000,42.91000000,39.84000000,41.90800000,710579.70000000
1715558400000,41.91600000,42.61700000,37.42300000,39.32100000,1495795.61000000
1715644800000,39.33100000,40.55100000,37.72500000,39.15500000,859248.81000000
1715731200000,39.20800000,46.74000000,38.62300000,43.77700000,1609541.38000000
1715817600000,43.76800000,45.80000000,42.21600000,44.32200000,906069.17000000
1715904000000,44.32000000,49.20500000,44.26400000,47.58500000,1326384.19000000
1715990400000,47.58900000,48.60800000,46.70500000,46.91400000,418588.07000000
1716076800000,46.93100000,48.44400000,45.58700000,48.12500000,478762.67000000
1716163200000,48.11600000,49.55000000,46.05000000,47.52600000,1139372.79000000
1716249600000,47.53800000,48.49300000,43.43300000,44.35300000,1423340.22000000
1716336000000,44.34700000,46.80000000,43.50000000,44.77700000,1086356.24000000
1716422400000,44.77300000,45.40300000,40.00000000,41.17500000,877201.19000000
1716508800000,41.17400000,41.40800000,38.88000000,40.81800000,556093.80000000
1716595200000,40.82100000,41.00000000,39.74300000,40.27300000,282486.44000000
1716681600000,40.26900000,40.50400000,38.21000000,38.43400000,404033.23000000
1716768000000,38.43400000,41.50000000,38.43400000,40.32400000,590067.55000000
1716854400000,40.30500000,41.48800000,37.72100000,38.09100000,943553.16000000
1716940800000,38.09700000,39.70300000,36.78900000,39.06700000,573222.85000000
1717027200000,39.07000000,45.00000000,37.25000000,44.05100000,2164230.02000000
1717113600000,44.05100000,45.85600000,42.53900000,45.29600000,1107023.26000000
1717200000000,45.29600000,46.70000000,42.63800000,43.13100000,583613.44000000
1717286400000,43.14600000,45.71100000,42.73400000,43.42500000,524476.74000000
1717372800000,43.42100000,44.40000000,41.87900000,42.99100000,546958.28000000
1717459200000,42.99100000,46.57300000,42.40100000,46.28300000,722625.13000000
1717545600000,46.28600000,46.45900000,44.00000000,44.21500000,641097.11000000
1717632000000,44.20400000,44.68300000,41.32600000,41.84600000,517853.12000000
1717718400000,41.85700000,42.72400000,34.00800000,38.95700000,990335.75000000
1717804800000,38.94600000,39.66100000,36.26900000,36.79500000,502075.11000000
1717891200000,36.79500000,38.39900000,36.33200000,37.68200000,307721.14000000
1717977600000,37.67900000,38.40800000,36.07400000,36.57800000,411717.34000000
1718064000000,36.57700000,36.74400000,31.68000000,33.18200000,1104438.20000000
1718150400000,33.18100000,36.35100000,32.40000000,34.88500000,848874.66000000
1718236800000,34.89600000,35.72200000,28.51400000,29.09100000,1999094.75000000
1718323200000,29.09800000,32.18400000,27.11000000,28.49700000,1503281.46000000
1718409600000,28.49800000,29.48300000,28.27000000,28.30100000,469116.20000000
1718496000000,28.30800000,29.00000000,27.72600000,28.58700000,333733.27000000
1718582400000,28.58400000,28.92300000,26.00000000,26.54200000,894756.36000000
1718668800000,26.53900000,26.67600000,23.00000000,25.92000000,1077600.62000000
1718755200000,25.91300000,28.82300000,25.62200000,27.17700000,1077825.16000000
1718841600000,27.17900000,29.34700000,25.81800000,26.08700000,1318809.83000000
1718928000000,26.08300000,28.24900000,25.09200000,27.98100000,786550.27000000
1719014400000,27.98800000,28.41500000,27.12800000,27.57400000,514428.80000000
1719100800000,27.57500000,27.97600000,25.96500000,27.14200000,496446.65000000
1719187200000,27.14300000,28.76500000,25.51500000,28.57900000,1226296.36000000
1719273600000,28.59100000,30.70400000,27.78800000,28.77000000,1014577.62000000
1719360000000,28.76700000,29.31200000,25.82600000,26.01700000,950991.20000000
1719446400000,26.02100000,27.58700000,25.73600000,26.28000000,771961.04000000
1719532800000,26.28100000,26.90000000,25.81900000,26.58700000,754863.15000000
1719619200000,26.58700000,28.04500000,26.50300000,27.83200000,588510.44000000
1719705600000,27.83200000,28.19300000,26.94000000,27.83000000,547537.16000000
1719792000000,27.83100000,29.87100000,27.64100000,28.34700000,717646.58000000
1719878400000,28.34700000,29.11800000,27.62100000,29.07800000,320340.63000000
1719964800000,29.08200000,29.14700000,25.75700000,25.93200000,749173.41000000
1720051200000,25.93600000,26.37600000,22.40000000,22.49600000,1213597.74000000
1720137600000,22.49800000,22.94500000,19.80000000,22.31900000,1877455.01000000
1720224000000,22.31600000,24.14300000,21.58700000,23.84200000,639445.53000000
1720310400000,23.84200000,23.91600000,21.70100000,21.76400000,594154.16000000
1720396800000,21.77900000,23.57400000,20.67800000,22.09700000,781152.52000000
1720483200000,22.09700000,23.23300000,21.78400000,22.40400000,441957.06000000
1720569600000,22.41500000,23.21900000,21.84400000,22.56600000,393732.86000000
1720656000000,22.57100000,24.44500000,22.31900000,24.13000000,1661798.58000000
1720742400000,24.14600000,24.85000000,21.50900000,23.82900000,2202758.30000000
1720828800000,23.82200000,25.32300000,23.60000000,24.61900000,599351.79000000
1720915200000,24.61300000,25.29600000,24.18100000,25.28300000,364733.60000000
1721001600000,25.28700000,27.88000000,25.07800000,27.81600000,1000084.55000000
1721088000000,27.81500000,30.47100000,27.06500000,30.06700000,1498212.47000000
1721174400000,30.07200000,32.49000000,29.94800000,30.55400000,1455788.57000000
1721260800000,30.55400000,31.47000000,29.54500000,29.82600000,483433.46000000
1721347200000,29.82600000,34.45900000,28.90400000,34.00500000,911767.81000000
1721433600000,34.01500000,34.32300000,32.76300000,33.53200000,515094.43000000
1721520000000,33.53000000,35.09900000,32.50100000,34.25500000,576757.49000000
1721606400000,34.26500000,34.27600000,31.17700000,31.35000000,444750.77000000
1721692800000,31.35000000,32.06000000,29.73000000,30.80000000,441244.02000000
1721779200000,30.81000000,32.49000000,30.05000000,30.30000000,264124.44000000
1721865600000,30.29000000,30.80000000,28.55000000,29.98000000,460183.86000000
1721952000000,29.97000000,31.64000000,29.94000000,31.10000000,239350.20000000
1722038400000,31.09000000,32.90000000,30.10000000,31.30000000,421519.93000000
1722124800000,31.31000000,31.43000000,30.24000000,30.70000000,147905.45000000
1722211200000,30.70000000,33.24000000,30.70000000,30.73000000,438873.39000000
1722297600000,30.74000000,32.12000000,28.72000000,29.12000000,323263.05000000
1722384000000,29.13000000,30.50000000,28.88000000,29.08000000,450438.21000000
1722470400000,29.09000000,29.57000000,26.35000000,27.02000000,961908.40000000
1722556800000,27.03000000,27.43000000,24.06000000,24.52000000,851620.59000000
1722643200000,24.52000000,24.86000000,22.03000000,22.66000000,695154.76000000
1722729600000,22.67000000,23.40000000,20.15000000,20.95000000,794558.66000000
1722816000000,20.96000000,21.22000000,16.22000000,19.44000000,2783710.46000000
1722902400000,19.45000000,21.49000000,19.37000000,20.54000000,858390.90000000
1722988800000,20.54000000,21.55000000,19.29000000,19.53000000,680871.47000000
1723075200000,19.54000000,22.94000000,19.09000000,22.51000000,787383.37000000
1723161600000,22.52000000,22.60000000,21.16000000,22.04000000,466217.04000000
1723248000000,22.05000000,22.44000000,21.31000000,21.83000000,225241.48000000
1723334400000,21.84000000,22.48000000,19.82000000,20.03000000,420247.68000000
1723420800000,20.03000000,21.56000000,19.62000000,21.15000000,630495.39000000
1723507200000,21.16000000,22.49000000,20.19000000,22.19000000,397657.56000000
1723593600000,22.19000000,22.44000000,20.82000000,21.08000000,553607.77000000
1723680000000,21.09000000,22.78000000,20.58000000,21.11000000,646750.96000000
1723766400000,21.12000000,22.36000000,20.01000000,21.64000000,570015.18000000
1723852800000,21.64000000,21.76000000,21.04000000,21.57000000,185273.03000000
1723939200000,21.57000000,22.06000000,20.96000000,21.19000000,352566.87000000
1724025600000,21.19000000,21.60000000,20.50000000,21.43000000,320071.78000000
1724112000000,21.43000000,23.90000000,21.36000000,23.50000000,820682.08000000
1724198400000,23.50000000,24.91000000,22.90000000,24.20000000,539517.19000000
1724284800000,24.21000000,24.75000000,23.65000000,24.54000000,330187.11000000
1724371200000,24.54000000,26.88000000,24.34000000,26.38000000,543936.66000000
1724457600000,26.39000000,28.88000000,25.68000000,26.25000000,481257.36000000
1724544000000,26.27000000,26.78000000,24.49000000,26.25000000,459359.82000000
1724630400000,26.25000000,26.52000000,24.57000000,24.86000000,364702.48000000
1724716800000,24.87000000,26.20000000,23.05000000,23.78000000,499205.50000000
1724803200000,23.79000000,24.70000000,22.33000000,22.56000000,576258.12000000
1724889600000,22.57000000,23.65000000,21.75000000,22.15000000,440719.09000000
1724976000000,22.14000000,22.53000000,20.89000000,21.99000000,316594.68000000
1725062400000,22.01000000,22.18000000,21.26000000,21.63000000,230419.83000000
1725148800000,21.64000000,21.85000000,20.52000000,20.78000000,333338.94000000
1725235200000,20.78000000,21.95000000,20.48000000,21.70000000,180661.83000000
1725321600000,21.70000000,22.24000000,20.45000000,20.58000000,322728.42000000
1725408000000,20.58000000,21.63000000,19.43000000,21.29000000,479420.77000000
1725494400000,21.30000000,21.69000000,20.68000000,21.03000000,256357.59000000
1725580800000,21.02000000,21.90000000,19.62000000,20.00000000,471043.89000000
1725667200000,20.00000000,20.82000000,19.20000000,19.48000000,320144.04000000
1725753600000,19.48000000,20.61000000,19.44000000,20.16000000,490325.02000000
1725840000000,20.17000000,21.16000000,19.81000000,20.82000000,756013.92000000
1725926400000,20.83000000,20.85000000,19.73000000,19.91000000,802936.78000000
1726012800000,19.91000000,20.38000000,18.62000000,20.01000000,1217847.94000000
1726099200000,20.01000000,20.80000000,19.58000000,20.04000000,878592.54000000
1726185600000,20.04000000,20.57000000,19.54000000,20.39000000,695922.74000000
1726272000000,20.40000000,20.87000000,19.75000000,20.02000000,618596.37000000
1726358400000,20.03000000,20.33000000,18.78000000,19.03000000,759634.12000000
1726444800000,19.04000000,19.36000000,18.59000000,18.94000000,452835.16000000
1726531200000,18.95000000,19.38000000,18.18000000,18.57000000,917495.91000000
1726617600000,18.57000000,19.21000000,17.77000000,19.18000000,897596.21000000
1726704000000,19.18000000,20.86000000,19.18000000,19.69000000,1171501.88000000
1726790400000,19.68000000,21.49000000,19.42000000,20.09000000,1154420.63000000
1726876800000,20.09000000,20.73000000,19.45000000,20.56000000,511761.56000000
1726963200000,20.58000000,21.06000000,18.81000000,19.52000000,724472.82000000
1727049600000,19.53000000,23.37000000,19.03000000,22.96000000,2310578.58000000
1727136000000,22.96000000,24.01000000,22.14000000,22.83000000,1840520.88000000
1727222400000,22.84000000,23.97000000,22.07000000,22.32000000,1413230.74000000
1727308800000,22.33000000,23.68000000,22.07000000,23.21000000,1661336.99000000
1727395200000,23.20000000,24.59000000,22.93000000,23.42000000,1226848.67000000
1727481600000,23.43000000,24.03000000,21.85000000,22.17000000,910171.36000000
1727568000000,22.18000000,24.50000000,21.25000000,23.40000000,1494539.18000000
1727654400000,23.42000000,24.00000000,22.33000000,22.87000000,1502347.50000000
1727740800000,22.87000000,23.72000000,18.66000000,19.39000000,2443191.17000000
1727827200000,19.38000000,20.12000000,17.59000000,18.43000000,1408196.43000000
1727913600000,18.43000000,18.79000000,17.22000000,17.96000000,906028.00000000
1728000000000,17.97000000,18.94000000,17.81000000,18.70000000,622453.34000000
1728086400000,18.70000000,18.96000000,18.20000000,18.55000000,390578.58000000
1728172800000,18.55000000,19.80000000,18.43000000,19.64000000,422042.65000000
1728259200000,19.65000000,20.50000000,18.81000000,18.84000000,854013.57000000
1728345600000,18.84000000,19.25000000,18.22000000,19.18000000,586674.11000000
1728432000000,19.19000000,19.34000000,17.77000000,18.07000000,476089.91000000
1728518400000,18.09000000,18.44000000,17.24000000,18.11000000,487333.83000000
1728604800000,18.11000000,19.37000000,18.04000000,18.74000000,661869.37000000
1728691200000,18.75000000,19.66000000,18.60000000,19.37000000,584892.98000000
1728777600000,19.38000000,19.49000000,18.50000000,19.31000000,338627.04000000
1728864000000,19.31000000,20.72000000,18.91000000,20.61000000,804636.41000000
1728950400000,20.62000000,20.81000000,18.90000000,19.90000000,908607.60000000
1729036800000,19.91000000,20.04000000,18.66000000,18.86000000,535973.56000000
1729123200000,18.86000000,19.26000000,18.03000000,18.53000000,383566.42000000
1729209600000,18.53000000,19.14000000,18.50000000,19.10000000,299717.14000000
1729296000000,19.10000000,19.26000000,18.54000000,18.86000000,208794.73000000
1729382400000,18.86000000,19.71000000,18.60000000,19.55000000,462806.22000000
1729468800000,19.54000000,19.79000000,18.41000000,18.48000000,467714.34000000
1729555200000,18.48000000,18.79000000,18.09000000,18.49000000,387187.79000000
1729641600000,18.50000000,18.54000000,17.31000000,17.97000000,425763.62000000
1729728000000,17.97000000,18.43000000,17.71000000,18.33000000,267051.38000000
1729814400000,18.34000000,18.50000000,15.17000000,16.00000000,746939.48000000
1729900800000,16.01000000,16.85000000,15.45000000,16.23000000,706298.95000000
1729987200000,16.23000000,16.46000000,15.70000000,16.20000000,404008.40000000
1730073600000,16.20000000,16.50000000,15.14000000,16.09000000,602839.07000000
1730160000000,16.10000000,17.39000000,16.04000000,16.95000000,690221.37000000
1730246400000,16.94000000,16.94000000,16.20000000,16.63000000,397866.26000000
1730332800000,16.64000000,16.77000000,15.23000000,15.36000000,440950.28000000
1730419200000,15.37000000,15.87000000,14.35000000,14.61000000,590409.48000000
1730505600000,14.61000000,15.00000000,14.13000000,14.42000000,331048.43000000
1730592000000,14.43000000,14.52000000,13.23000000,13.87000000,651107.96000000
1730678400000,13.88000000,14.15000000,12.45000000,12.97000000,680801.99000000
1730764800000,12.97000000,14.13000000,12.96000000,13.70000000,648808.19000000
1730851200000,13.71000000,16.11000000,13.71000000,15.89000000,1679714.53000000
1730937600000,15.90000000,18.23000000,15.74000000,18.05000000,1435237.47000000
1731024000000,18.05000000,19.19000000,16.99000000,18.20000000,1669510.55000000
1731110400000,18.21000000,19.53000000,17.65000000,18.65000000,1105897.44000000
1731196800000,18.66000000,19.84000000,17.62000000,18.72000000,1451076.96000000
1731283200000,18.71000000,20.55000000,18.53000000,20.38000000,2230887.59000000
1731369600000,20.39000000,20.47000000,17.43000000,18.55000000,3496597.42000000
1731456000000,18.55000000,18.71000000,16.58000000,17.24000000,3105931.12000000
1731542400000,17.25000000,18.10000000,16.07000000,16.28000000,1452555.72000000
1731628800000,16.29000000,17.81000000,15.64000000,17.66000000,1657593.04000000
1731715200000,17.66000000,18.97000000,17.59000000,18.96000000,1622429.50000000
1731801600000,18.95000000,19.36000000,17.05000000,17.47000000,1996440.72000000
1731888000000,17.48000000,19.58000000,17.33000000,19.29000000,2248270.44000000
1731974400000,19.29000000,19.55000000,17.74000000,18.16000000,1739569.82000000
1732060800000,18.16000000,18.97000000,16.85000000,17.14000000,1937627.82000000
1732147200000,17.15000000,18.66000000,16.60000000,18.09000000,1687884.37000000
1732233600000,18.09000000,19.48000000,17.26000000,19.41000000,1605498.88000000
1732320000000,19.41000000,24.00000000,19.21000000,21.70000000,5218284.94000000
1732406400000,21.73000000,22.98000000,20.00000000,22.03000000,3696934.64000000
1732492800000,22.05000000,22.93000000,20.10000000,20.27000000,3886641.49000000
1732579200000,20.26000000,21.08000000,18.64000000,19.94000000,3249532.22000000
1732665600000,19.95000000,21.55000000,19.57000000,21.29000000,2233771.93000000
1732752000000,21.29000000,22.09000000,20.15000000,21.52000000,2485123.95000000
1732838400000,21.52000000,22.49000000,21.17000000,22.25000000,2185095.89000000
1732924800000,22.26000000,26.24000000,22.06000000,25.67000000,3584115.32000000
1733011200000,25.68000000,26.30000000,24.31000000,25.16000000,2363448.89000000
1733097600000,25.16000000,27.39000000,23.98000000,25.79000000,5036644.10000000
1733184000000,25.78000000,29.00000000,25.45000000,28.00000000,4928305.85000000
1733270400000,28.01000000,28.38000000,25.80000000,26.97000000,3622887.42000000
1733356800000,26.97000000,27.97000000,25.45000000,26.86000000,3177066.92000000
1733443200000,26.87000000,28.85000000,25.83000000,28.37000000,2690901.38000000
1733529600000,28.37000000,28.71000000,26.94000000,26.96000000,1606640.33000000
1733616000000,26.97000000,27.39000000,25.94000000,26.76000000,1421451.38000000
1733702400000,26.77000000,26.77000000,20.12000000,22.32000000,4275168.64000000
1733788800000,22.32000000,22.90000000,20.13000000,21.69000000,4426930.06000000
1733875200000,21.69000000,23.98000000,20.80000000,23.38000000,2469838.39000000
1733961600000,23.38000000,24.42000000,22.61000000,22.91000000,2811494.99000000
1734048000000,22.92000000,23.61000000,22.55000000,23.14000000,2026761.88000000
1734134400000,23.15000000,23.40000000,21.03000000,21.70000000,824127.40000000
1734220800000,21.70000000,22.63000000,21.00000000,22.43000000,845689.03000000
1734307200000,22.43000000,23.31000000,21.06000000,21.49000000,1514209.94000000
1734393600000,21.50000000,21.82000000,20.34000000,20.43000000,1411675.42000000
1734480000000,20.44000000,20.50000000,18.00000000,18.09000000,3148621.33000000
1734566400000,18.09000000,18.54000000,16.34000000,17.10000000,4222093.38000000
1734652800000,17.11000000,17.78000000,14.31000000,17.14000000,2297067.26000000
1734739200000,17.14000000,18.44000000,15.46000000,15.77000000,1366007.31000000
1734825600000,15.78000000,16.90000000,15.21000000,16.10000000,1023738.85000000
1734912000000,16.11000000,17.52000000,15.51000000,17.01000000,992583.80000000
1734998400000,17.03000000,18.26000000,16.46000000,17.89000000,1158146.05000000
1735084800000,17.90000000,17.94000000,16.74000000,17.17000000,903870.61000000
1735171200000,17.17000000,17.33000000,16.05000000,16.26000000,742937.85000000
1735257600000,16.26000000,17.35000000,16.12000000,16.74000000,818866.93000000
1735344000000,16.74000000,17.68000000,16.50000000,17.52000000,497204.60000000
1735430400000,17.53000000,17.56000000,16.02000000,16.20000000,478125.46000000
1735516800000,16.20000000,17.28000000,15.64000000,16.96000000,816777.48000000
1735603200000,16.97000000,16.97000000,15.96000000,16.05000000,782678.59000000
1735689600000,16.05000000,17.57000000,16.01000000,17.38000000,837032.55000000
1735776000000,17.38000000,18.05000000,17.23000000,17.69000000,593595.08000000
1735862400000,17.70000000,19.24000000,17.10000000,19.16000000,759188.27000000
1735948800000,19.15000000,19.88000000,18.71000000,19.47000000,462869.26000000
1736035200000,19.47000000,19.67000000,18.75000000,19.62000000,304442.22000000
1736121600000,19.63000000,19.91000000,18.75000000,18.94000000,694027.84000000
1736208000000,18.94000000,18.99000000,16.75000000,16.77000000,897269.70000000
1736294400000,16.76000000,17.06000000,14.93000000,15.93000000,1042388.73000000
1736380800000,15.93000000,16.29000000,14.72000000,15.00000000,943866.30000000
1736467200000,15.01000000,16.38000000,15.00000000,16.06000000,741853.50000000
1736553600000,16.08000000,16.27000000,15.63000000,15.89000000,235235.09000000
1736640000000,15.90000000,15.97000000,15.32000000,15.54000000,273454.93000000
1736726400000,15.55000000,15.95000000,13.96000000,15.19000000,865633.35000000
1736812800000,15.20000000,15.90000000,15.12000000,15.77000000,355706.42000000
1736899200000,15.77000000,16.94000000,15.14000000,16.88000000,564699.88000000
1736985600000,16.88000000,17.92000000,16.10000000,17.10000000,822567.03000000
1737072000000,17.11000000,18.43000000,17.06000000,18.16000000,785634.07000000
1737158400000,18.17000000,18.33000000,15.79000000,16.49000000,915046.28000000
1737244800000,16.48000000,17.47000000,15.11000000,15.47000000,1250499.52000000
1737331200000,15.46000000,17.04000000,14.18000000,14.72000000,1471934.49000000
1737417600000,14.71000000,15.53000000,13.96000000,15.34000000,845977.87000000
1737504000000,15.34000000,15.82000000,15.00000000,15.21000000,434458.48000000
1737590400000,15.21000000,15.52000000,14.48000000,15.00000000,463905.44000000
1737676800000,15.01000000,15.25000000,14.22000000,14.32000000,340083.95000000
1737763200000,14.31000000,14.73000000,14.01000000,14.48000000,351356.50000000
1737849600000,14.49000000,14.84000000,14.07000000,14.10000000,376342.89000000
1737936000000,14.08000000,14.11000000,12.31000000,13.40000000,1573929.04000000
1738022400000,13.40000000,13.67000000,12.53000000,12.65000000,449333.44000000
1738108800000,12.66000000,13.47000000,12.52000000,12.90000000,526735.83000000
1738195200000,12.91000000,16.49000000,12.77000000,16.20000000,1341300.39000000
1738281600000,16.20000000,16.75000000,15.48000000,15.88000000,1592518.09000000
1738368000000,15.88000000,16.13000000,13.75000000,13.89000000,730899.44000000
1738454400000,13.89000000,14.32000000,11.89000000,12.51000000,1609717.85000000
1738540800000,12.51000000,12.52000000,8.58000000,11.73000000,4736021.40000000
1738627200000,11.72000000,11.79000000,9.93000000,10.39000000,2004488.49000000
1738713600000,10.38000000,11.07000000,10.00000000,10.18000000,1392259.94000000
1738800000000,10.18000000,10.36000000,9.45000000,9.55000000,1173548.85000000
1738886400000,9.55000000,10.17000000,8.74000000,8.95000000,1769780.82000000
1738972800000,8.95000000,10.01000000,8.89000000,9.89000000,891537.21000000
1739059200000,9.89000000,9.94000000,8.43000000,8.94000000,1239891.67000000
1739145600000,8.94000000,9.30000000,8.54000000,8.91000000,1095954.56000000
1739232000000,8.91000000,9.70000000,8.88000000,9.36000000,1259157.26000000
1739318400000,9.36000000,9.70000000,8.67000000,9.61000000,1847378.30000000
1739404800000,9.62000000,9.69000000,8.74000000,9.06000000,1112328.76000000
1739491200000,9.06000000,9.65000000,9.00000000,9.44000000,992019.19000000
1739577600000,9.43000000,9.80000000,9.08000000,9.22000000,681518.70000000
1739664000000,9.21000000,9.58000000,8.96000000,9.26000000,638443.67000000
1739750400000,9.25000000,9.72000000,8.87000000,9.21000000,1297144.35000000
1739836800000,9.21000000,9.26000000,8.20000000,8.77000000,1657633.58000000
1739923200000,8.77000000,9.30000000,8.50000000,9.13000000,1252147.55000000
1740009600000,9.14000000,10.43000000,9.07000000,9.76000000,1481734.66000000
1740096000000,9.77000000,10.34000000,9.07000000,9.41000000,1934002.90000000
1740182400000,9.41000000,9.80000000,9.34000000,9.62000000,739217.62000000
1740268800000,9.61000000,9.68000000,9.10000000,9.25000000,609394.80000000
1740355200000,9.25000000,9.33000000,7.51000000,7.87000000,1813991.88000000
1740441600000,7.88000000,8.28000000,7.23000000,8.08000000,2521915.00000000
1740528000000,8.08000000,8.43000000,7.93000000,8.32000000,1344190.17000000
1740614400000,8.32000000,8.68000000,8.21000000,8.51000000,1113799.63000000
1740700800000,8.51000000,8.51000000,7.53000000,8.31000000,1866916.55000000
1740787200000,8.32000000,8.38000000,7.80000000,8.24000000,758915.24000000
1740873600000,8.25000000,9.00000000,8.00000000,8.95000000,1643373.98000000
1740960000000,8.96000000,8.98000000,7.30000000,7.42000000,1765539.35000000
1741046400000,7.41000000,7.50000000,6.68000000,7.41000000,2037870.04000000
1741132800000,7.40000000,7.71000000,7.27000000,7.64000000,852567.43000000
1741219200000,7.64000000,7.79000000,7.19000000,7.26000000,633795.73000000
1741305600000,7.27000000,7.49000000,6.89000000,7.11000000,861479.39000000
1741392000000,7.11000000,7.27000000,6.90000000,7.13000000,619565.49000000
1741478400000,7.13000000,7.19000000,6.26000000,6.37000000,935479.12000000
1741564800000,6.37000000,6.62000000,5.49000000,5.64000000,2100775.68000000
1741651200000,5.64000000,6.23000000,5.29000000,6.01000000,1817335.58000000
1741737600000,6.02000000,6.30000000,5.83000000,6.11000000,1083530.07000000
1741824000000,6.11000000,6.17000000,5.78000000,5.98000000,695019.69000000
1741910400000,5.98000000,6.71000000,5.96000000,6.45000000,1327233.50000000
1741996800000,6.46000000,6.73000000,6.35000000,6.63000000,616534.70000000
1742083200000,6.63000000,6.79000000,6.32000000,6.64000000,965959.84000000
1742169600000,6.63000000,7.11000000,6.63000000,6.90000000,1345866.51000000
1742256000000,6.89000000,6.91000000,6.62000000,6.86000000,821426.42000000
1742342400000,6.87000000,7.30000000,6.85000000,7.24000000,952241.15000000
1742428800000,7.23000000,7.27000000,6.75000000,6.81000000,600365.65000000
1742515200000,6.82000000,6.92000000,6.52000000,6.73000000,626155.24000000
1742601600000,6.72000000,7.54000000,6.70000000,7.20000000,1098567.77000000
1742688000000,7.20000000,7.56000000,7.06000000,7.22000000,657824.67000000
1742774400000,7.22000000,7.59000000,7.12000000,7.41000000,1008469.33000000
1742860800000,7.42000000,7.77000000,7.23000000,7.52000000,929891.85000000
1742947200000,7.52000000,7.57000000,7.25000000,7.36000000,639450.51000000
1743033600000,7.36000000,7.61000000,7.24000000,7.40000000,573338.82000000
1743120000000,7.40000000,7.64000000,6.94000000,7.04000000,734702.97000000
1743206400000,7.04000000,7.11000000,6.14000000,6.26000000,743653.09000000
1743292800000,6.26000000,6.63000000,6.18000000,6.44000000,574412.65000000
1743379200000,6.45000000,6.50000000,6.12000000,6.33000000,742856.92000000
1743465600000,6.33000000,6.63000000,6.27000000,6.31000000,645109.27000000
1743552000000,6.31000000,6.33000000,5.50000000,5.65000000,1976063.92000000
1743638400000,5.65000000,5.92000000,5.53000000,5.81000000,682972.30000000
1743724800000,5.81000000,5.94000000,5.54000000,5.71000000,833451.14000000
1743811200000,5.71000000,5.79000000,5.54000000,5.67000000,381223.29000000
1743897600000,5.66000000,5.70000000,5.00000000,5.18000000,1315645.47000000
1743984000000,5.18000000,5.45000000,4.63000000,5.17000000,2773304.93000000
1744070400000,5.17000000,5.28000000,4.79000000,4.91000000,1522828.75000000
1744156800000,4.91000000,5.52000000,4.65000000,5.42000000,2448440.83000000
1744243200000,5.43000000,5.44000000,5.04000000,5.23000000,1074762.79000000
1744329600000,5.22000000,5.62000000,5.21000000,5.62000000,1227444.41000000
1744416000000,5.62000000,5.76000000,5.40000000,5.64000000,1425864.84000000
1744502400000,5.64000000,5.74000000,5.24000000,5.33000000,876306.39000000
1744588800000,5.33000000,5.51000000,5.21000000,5.23000000,951607.78000000
1744675200000,5.23000000,5.28000000,5.02000000,5.07000000,925153.84000000
1744761600000,5.07000000,5.16000000,4.88000000,4.92000000,683309.87000000
1744848000000,4.92000000,5.10000000,4.81000000,5.01000000,692810.13000000
1744934400000,5.01000000,5.40000000,4.96000000,5.29000000,839074.83000000
1745020800000,5.29000000,5.68000000,5.27000000,5.62000000,629883.96000000
1745107200000,5.63000000,5.68000000,5.43000000,5.55000000,562179.59000000
1745193600000,5.55000000,5.83000000,5.43000000,5.62000000,892884.60000000
1745280000000,5.62000000,6.09000000,5.37000000,6.08000000,1054587.38000000
1745366400000,6.08000000,6.62000000,6.04000000,6.44000000,1090122.23000000
1745452800000,6.44000000,6.67000000,6.11000000,6.66000000,975523.30000000
1745539200000,6.66000000,7.21000000,6.61000000,7.06000000,1079588.70000000
1745625600000,7.06000000,7.45000000,7.02000000,7.23000000,782129.12000000
1745712000000,7.23000000,7.25000000,6.48000000,6.60000000,948584.94000000
1745798400000,6.60000000,7.21000000,6.42000000,7.12000000,1336845.77000000
1745884800000,7.12000000,7.27000000,6.67000000,6.79000000,690380.92000000
1745971200000,6.79000000,7.00000000,6.41000000,6.93000000,1000841.56000000
1746057600000,6.92000000,7.65000000,6.73000000,7.40000000,1494147.20000000
1746144000000,7.39000000,8.12000000,7.33000000,8.12000000,1938515.10000000
1746230400000,8.12000000,8.17000000,7.04000000,7.17000000,1227932.82000000
1746316800000,7.17000000,7.63000000,7.06000000,7.25000000,801569.91000000
1746403200000,7.26000000,7.43000000,6.86000000,7.03000000,626480.19000000
1746489600000,7.04000000,7.08000000,6.43000000,6.79000000,756000.56000000
1746576000000,6.78000000,6.92000000,6.61000000,6.83000000,516690.85000000
1746662400000,6.82000000,7.69000000,6.81000000,7.69000000,1208450.22000000
1746748800000,7.69000000,8.48000000,7.67000000,8.17000000,1576737.34000000
1746835200000,8.17000000,8.74000000,7.97000000,8.68000000,1458186.32000000
1746921600000,8.67000000,8.86000000,8.01000000,8.13000000,1104306.25000000
1747008000000,8.13000000,8.63000000,7.52000000,8.04000000,1787134.45000000
1747094400000,8.04000000,8.72000000,7.53000000,8.62000000,1138140.78000000
1747180800000,8.62000000,8.95000000,8.09000000,8.15000000,1108600.71000000
1747267200000,8.16000000,8.40000000,7.42000000,7.61000000,1289971.44000000
1747353600000,7.61000000,7.82000000,7.25000000,7.35000000,669543.33000000
1747440000000,7.35000000,7.39000000,7.05000000,7.18000000,743994.82000000
1747526400000,7.18000000,7.79000000,7.10000000,7.71000000,720652.78000000
1747612800000,7.71000000,7.76000000,6.99000000,7.33000000,868693.75000000
1747699200000,7.33000000,7.57000000,7.09000000,7.35000000,669349.90000000
1747785600000,7.35000000,7.71000000,7.12000000,7.56000000,887080.32000000
1747872000000,7.56000000,8.12000000,7.56000000,8.04000000,1091785.44000000
1747958400000,8.04000000,8.29000000,7.16000000,7.20000000,1463042.14000000
1748044800000,7.19000000,7.38000000,7.12000000,7.20000000,521283.16000000
1748131200000,7.19000000,7.43000000,7.01000000,7.41000000,654801.78000000
1748217600000,7.42000000,7.56000000,7.18000000,7.25000000,461999.10000000
1748304000000,7.25000000,7.68000000,7.05000000,7.49000000,766282.30000000
1748390400000,7.49000000,7.63000000,7.20000000,7.49000000,725910.63000000
1748476800000,7.49000000,7.75000000,7.12000000,7.17000000,762960.95000000
1748563200000,7.16000000,7.20000000,6.16000000,6.17000000,1531960.30000000
1748649600000,6.18000000,6.47000000,5.97000000,6.40000000,760551.71000000
1748736000000,6.40000000,6.59000000,6.23000000,6.52000000,384124.65000000
1748822400000,6.53000000,6.69000000,6.24000000,6.60000000,486958.28000000
1748908800000,6.60000000,6.92000000,6.48000000,6.72000000,629224.16000000
1748995200000,6.72000000,6.88000000,6.38000000,6.45000000,527447.47000000
1749081600000,6.46000000,6.54000000,5.79000000,5.91000000,872076.23000000
1749168000000,5.91000000,6.20000000,5.89000000,5.97000000,505102.42000000
1749254400000,5.97000000,6.39000000,5.96000000,6.35000000,374551.41000000
1749340800000,6.35000000,6.47000000,6.19000000,6.33000000,483005.50000000
1749427200000,6.33000000,6.87000000,6.21000000,6.80000000,651070.13000000
1749513600000,6.81000000,7.41000000,6.77000000,7.40000000,1178665.08000000
1749600000000,7.41000000,7.48000000,6.82000000,6.95000000,855722.94000000
1749686400000,6.95000000,6.96000000,6.37000000,6.40000000,1004262.56000000
1749772800000,6.40000000,6.41000000,5.89000000,6.15000000,1238757.31000000
1749859200000,6.14000000,6.22000000,5.90000000,6.07000000,402041.87000000
1749945600000,6.07000000,6.24000000,5.77000000,5.98000000,659803.39000000
1750032000000,5.99000000,6.17000000,5.64000000,5.68000000,1123972.22000000
1750118400000,5.69000000,5.85000000,5.44000000,5.50000000,1328787.81000000
1750204800000,5.51000000,5.62000000,5.16000000,5.37000000,1160900.72000000
1750291200000,5.37000000,5.64000000,5.25000000,5.38000000,1302007.02000000
1750377600000,5.38000000,5.53000000,5.01000000,5.07000000,1291417.08000000
1750464000000,5.07000000,5.28000000,4.65000000,4.87000000,1283655.10000000
1750550400000,4.87000000,4.94000000,4.49000000,4.82000000,1690909.89000000
1750636800000,4.82000000,5.30000000,4.73000000,5.25000000,1809437.21000000
1750723200000,5.24000000,5.37000000,4.93000000,5.05000000,1612623.65000000
1750809600000,5.06000000,5.17000000,4.76000000,4.80000000,1254196.51000000
1750896000000,4.80000000,4.97000000,4.54000000,4.69000000,1694867.92000000
1750982400000,4.69000000,4.87000000,4.60000000,4.74000000,1048894.32000000
1751068800000,4.74000000,4.97000000,4.62000000,4.93000000,655111.81000000
1751155200000,4.93000000,5.46000000,4.93000000,5.39000000,1046043.31000000
1751241600000,5.39000000,5.46000000,5.12000000,5.18000000,699223.63000000
1751328000000,5.17000000,5.19000000,4.92000000,5.05000000,582551.78000000
1751414400000,5.04000000,5.47000000,4.93000000,5.34000000,872330.07000000
1751500800000,5.35000000,5.52000000,5.27000000,5.40000000,889189.40000000
1751587200000,5.40000000,5.44000000,4.93000000,5.04000000,610157.43000000
1751673600000,5.04000000,5.12000000,4.89000000,5.06000000,376073.73000000
1751760000000,5.05000000,5.25000000,4.98000000,5.15000000,378660.35000000
1751846400000,5.15000000,5.21000000,4.98000000,5.07000000,494832.46000000
1751932800000,5.07000000,5.24000000,4.93000000,5.18000000,622973.04000000
1752019200000,5.19000000,5.66000000,5.16000000,5.61000000,1072344.62000000
1752105600000,5.61000000,6.25000000,5.53000000,6.17000000,1257846.13000000
1752192000000,6.18000000,6.63000000,6.07000000,6.28000000,1385549.74000000
1752278400000,6.28000000,6.40000000,6.01000000,6.14000000,766255.06000000
1752364800000,6.15000000,7.14000000,6.12000000,6.83000000,1337174.39000000
1752451200000,6.84000000,7.39000000,6.64000000,6.84000000,1282976.30000000
1752537600000,6.85000000,7.56000000,6.64000000,7.53000000,1408255.59000000
1752624000000,7.52000000,7.79000000,7.26000000,7.38000000,1244141.90000000
1752710400000,7.37000000,7.60000000,7.08000000,7.38000000,1218454.99000000
1752796800000,7.38000000,7.99000000,7.23000000,7.36000000,1385287.83000000
1752883200000,7.37000000,7.58000000,7.13000000,7.45000000,668295.87000000
1752969600000,7.45000000,8.79000000,7.40000000,8.68000000,1399228.34000000
1753056000000,8.68000000,8.87000000,8.25000000,8.38000000,1410151.99000000
1753142400000,8.38000000,8.51000000,7.85000000,8.34000000,1278689.65000000
1753228800000,8.33000000,8.35000000,7.16000000,7.46000000,1444147.32000000
1753315200000,7.47000000,7.61000000,6.94000000,7.24000000,1087034.32000000
1753401600000,7.25000000,7.75000000,7.02000000,7.68000000,1029229.88000000
1753488000000,7.69000000,7.82000000,7.58000000,7.66000000,448613.30000000
1753574400000,7.66000000,7.97000000,7.64000000,7.89000000,613588.82000000
1753660800000,7.89000000,8.07000000,7.25000000,7.36000000,832803.40000000
1753747200000,7.36000000,8.24000000,7.23000000,7.61000000,1507249.82000000
1753833600000,7.60000000,7.61000000,6.89000000,7.32000000,1050165.80000000
1753920000000,7.32000000,7.64000000,6.90000000,6.94000000,782525.53000000
1754006400000,6.94000000,7.03000000,6.32000000,6.45000000,1412159.91000000
1754092800000,6.46000000,6.57000000,6.06000000,6.22000000,700145.38000000
1754179200000,6.23000000,6.47000000,6.13000000,6.35000000,398631.61000000
1754265600000,6.36000000,6.94000000,6.33000000,6.88000000,601820.91000000
1754352000000,6.88000000,7.09000000,6.45000000,6.64000000,1203304.33000000
1754438400000,6.63000000,6.91000000,6.49000000,6.72000000,717681.66000000
1754524800000,6.72000000,7.15000000,6.64000000,7.14000000,957134.25000000
1754611200000,7.13000000,7.55000000,7.02000000,7.49000000,799052.85000000
1754697600000,7.50000000,8.16000000,7.43000000,7.99000000,786133.02000000
1754784000000,8.00000000,8.15000000,7.58000000,7.85000000,940777.94000000
1754870400000,7.86000000,8.16000000,7.26000000,7.35000000,1173742.19000000
1754956800000,7.35000000,7.93000000,7.21000000,7.79000000,1049754.20000000
1755043200000,7.80000000,8.56000000,7.69000000,8.44000000,1446774.01000000
1755129600000,8.44000000,8.50000000,7.18000000,7.36000000,1921529.05000000
1755216000000,7.35000000,7.58000000,6.94000000,7.22000000,1123159.28000000
1755302400000,7.22000000,7.43000000,7.12000000,7.32000000,799137.95000000
1755388800000,7.32000000,7.71000000,7.24000000,7.32000000,644986.31000000
1755475200000,7.31000000,7.34000000,6.90000000,6.93000000,764849.70000000
1755561600000,6.93000000,7.10000000,6.60000000,6.68000000,1031126.19000000
1755648000000,6.68000000,7.05000000,6.66000000,6.98000000,856531.65000000
1755734400000,6.98000000,7.03000000,6.64000000,6.69000000,560135.16000000
1755820800000,6.70000000,7.59000000,6.41000000,7.47000000,1338918.00000000
1755907200000,7.47000000,7.50000000,7.08000000,7.31000000,911285.65000000
1755993600000,7.32000000,7.45000000,6.94000000,7.14000000,1033502.40000000
1756080000000,7.15000000,7.21000000,6.27000000,6.33000000,1206662.04000000
1756166400000,6.33000000,6.71000000,6.25000000,6.65000000,772650.12000000
1756252800000,6.65000000,6.77000000,6.56000000,6.59000000,601969.99000000
1756339200000,6.59000000,6.90000000,6.53000000,6.87000000,709139.95000000
1756425600000,6.87000000,6.89000000,6.29000000,6.38000000,779425.71000000
1756512000000,6.38000000,6.51000000,6.21000000,6.43000000,435923.44000000
1756598400000,6.43000000,6.63000000,6.34000000,6.35000000,498159.29000000
1756684800000,6.34000000,6.51000000,5.89000000,6.07000000,987983.17000000
1756771200000,6.08000000,6.31000000,6.03000000,6.26000000,779177.69000000
1756857600000,6.25000000,6.57000000,6.21000000,6.49000000,636336.12000000
1756944000000,6.49000000,6.54000000,6.15000000,6.23000000,633817.99000000
1757030400000,6.24000000,6.80000000,6.23000000,6.56000000,1263249.26000000
1757116800000,6.57000000,6.60000000,6.42000000,6.47000000,543173.90000000
1757203200000,6.48000000,6.62000000,6.47000000,6.56000000,378397.50000000
1757289600000,6.57000000,7.16000000,6.55000000,7.07000000,888131.47000000
1757376000000,7.06000000,7.44000000,6.95000000,7.12000000,943642.47000000
1757462400000,7.13000000,7.24000000,7.00000000,7.14000000,527182.11000000
1757548800000,7.14000000,7.29000000,7.05000000,7.27000000,555552.55000000
1757635200000,7.27000000,7.58000000,7.11000000,7.52000000,541597.81000000
1757721600000,7.52000000,7.81000000,7.41000000,7.60000000,520751.70000000
1757808000000,7.61000000,7.63000000,7.12000000,7.25000000,466532.20000000
1757894400000,7.24000000,7.44000000,6.79000000,7.02000000,642263.97000000
1757980800000,7.01000000,7.11000000,6.83000000,6.99000000,787979.37000000
1758067200000,6.99000000,7.27000000,6.74000000,7.19000000,946127.68000000
1758153600000,7.19000000,7.35000000,7.03000000,7.20000000,890343.52000000
1758240000000,7.21000000,7.34000000,6.67000000,6.74000000,719518.48000000
1758326400000,6.73000000,6.91000000,6.66000000,6.73000000,701440.60000000
1758412800000,6.73000000,6.90000000,6.61000000,6.66000000,617123.61000000
1758499200000,6.66000000,6.69000000,5.78000000,6.06000000,1423130.09000000
1758585600000,6.06000000,6.09000000,5.84000000,5.87000000,647655.22000000
1758672000000,5.87000000,6.07000000,5.73000000,5.92000000,485870.88000000
1758758400000,5.92000000,5.93000000,5.41000000,5.53000000,1054173.58000000
1758844800000,5.54000000,5.85000000,5.49000000,5.78000000,937811.19000000
1758931200000,5.79000000,5.80000000,5.63000000,5.69000000,581892.87000000
1759017600000,5.68000000,5.77000000,5.53000000,5.74000000,492164.70000000
1759104000000,5.74000000,5.75000000,5.47000000,5.60000000,917945.11000000
1759190400000,5.61000000,5.62000000,5.33000000,5.45000000,818319.24000000
1759276800000,5.45000000,5.98000000,5.36000000,5.93000000,2558978.86000000
1759363200000,5.93000000,6.21000000,5.87000000,6.10000000,1939983.26000000
1759449600000,6.10000000,6.47000000,5.84000000,6.11000000,2272315.97000000
1759536000000,6.10000000,6.12000000,5.70000000,5.86000000,990128.51000000
1759622400000,5.86000000,6.28000000,5.79000000,5.99000000,1311217.12000000
1759708800000,5.99000000,6.20000000,5.94000000,6.09000000,734676.65000000
1759795200000,6.09000000,6.16000000,5.73000000,5.80000000,1049869.20000000
1759881600000,5.80000000,6.07000000,5.75000000,5.98000000,651874.72000000
1759968000000,5.99000000,6.02000000,5.54000000,5.69000000,875179.56000000
1760054400000,5.70000000,6.00000000,1.26000000,4.00000000,6780368.46000000
1760140800000,4.00000000,4.36000000,3.73000000,4.03000000,3490801.04000000
1760227200000,4.02000000,4.63000000,3.93000000,4.56000000,3174999.73000000
1760313600000,4.57000000,4.83000000,4.40000000,4.80000000,2033652.81000000
1760400000000,4.80000000,4.85000000,4.21000000,4.51000000,1703679.41000000
1760486400000,4.51000000,4.64000000,4.19000000,4.31000000,1311875.96000000
1760572800000,4.32000000,4.39000000,4.00000000,4.07000000,1477919.18000000
1760659200000,4.07000000,4.13000000,3.71000000,3.88000000,2011242.28000000
1760745600000,3.89000000,4.04000000,3.84000000,3.90000000,959314.46000000
1760832000000,3.89000000,4.08000000,3.81000000,3.96000000,998380.07000000
1760918400000,3.96000000,4.14000000,3.88000000,4.03000000,1311434.51000000
1761004800000,4.03000000,4.26000000,3.81000000,3.89000000,1488066.45000000
1761091200000,3.89000000,4.00000000,3.67000000,3.80000000,1408670.25000000
1761177600000,3.79000000,4.00000000,3.77000000,3.95000000,1081361.42000000
1761264000000,3.95000000,4.01000000,3.79000000,3.83000000,1151168.41000000
1761350400000,3.83000000,3.88000000,3.74000000,3.81000000,962937.22000000
1761436800000,3.82000000,4.01000000,3.73000000,3.99000000,1017814.72000000
1761523200000,4.00000000,4.45000000,3.94000000,4.24000000,2684417.87000000
1761609600000,4.24000000,4.29000000,3.78000000,3.86000000,1955937.27000000
1761696000000,3.86000000,4.05000000,3.77000000,3.85000000,1648197.45000000
1761782400000,3.85000000,3.94000000,3.40000000,3.57000000,1756989.36000000
1761868800000,3.57000000,3.65000000,3.43000000,3.55000000,1110365.38000000
1761955200000,3.55000000,4.49000000,3.52000000,4.45000000,2986164.87000000
1762041600000,4.46000000,4.71000000,4.14000000,4.22000000,3516774.46000000
1762128000000,4.23000000,4.23000000,3.56000000,3.77000000,2618703.58000000
1762214400000,3.77000000,4.52000000,3.74000000,4.18000000,6817859.52000000
1762300800000,4.17000000,4.58000000,3.98000000,4.30000000,4096645.38000000
1762387200000,4.29000000,5.80000000,4.10000000,5.74000000,9292941.71000000
1762473600000,5.74000000,8.73000000,5.42000000,7.91000000,20120936.83000000
1762560000000,7.91000000,8.56000000,6.35000000,6.49000000,8158901.16000000
1762646400000,6.48000000,6.50000000,5.26000000,5.76000000,8001877.43000000
1762732800000,5.76000000,5.98000000,5.27000000,5.52000000,4199121.04000000
1762819200000,5.51000000,5.66000000,4.69000000,4.74000000,3342209.35000000
1762905600000,4.74000000,5.31000000,4.67000000,4.87000000,3336660.91000000
1762992000000,4.87000000,5.01000000,4.41000000,4.60000000,2762387.11000000
1763078400000,4.60000000,4.69000000,4.33000000,4.47000000,1784853.35000000
1763164800000,4.47000000,4.81000000,4.45000000,4.53000000,1506038.08000000
1763251200000,4.53000000,4.62000000,4.20000000,4.36000000,1579556.24000000
1763337600000,4.36000000,4.47000000,4.16000000,4.23000000,1560616.71000000
1763424000000,4.22000000,4.58000000,4.11000000,4.21000000,2214964.21000000
1763510400000,4.21000000,4.33000000,3.95000000,4.17000000,1665080.37000000
1763596800000,4.16000000,4.32000000,3.94000000,4.01000000,2125609.67000000
1763683200000,4.01000000,4.15000000,3.53000000,3.75000000,4584032.71000000
1763769600000,3.75000000,3.86000000,3.70000000,3.75000000,1205502.90000000
1763856000000,3.75000000,3.99000000,3.74000000,3.90000000,1446415.95000000
1763942400000,3.89000000,4.17000000,3.87000000,4.11000000,2140325.32000000
1764028800000,4.11000000,4.24000000,4.01000000,4.13000000,1478792.19000000
1764115200000,4.14000000,4.20000000,3.96000000,4.13000000,1475647.54000000
1764201600000,4.13000000,4.37000000,4.11000000,4.24000000,1543468.84000000
1764288000000,4.23000000,4.40000000,4.14000000,4.22000000,1584404.29000000
1764374400000,4.23000000,4.27000000,4.01000000,4.09000000,994520.22000000
1764460800000,4.08000000,4.20000000,4.06000000,4.08000000,704536.08000000
1764547200000,4.08000000,4.09000000,3.87000000,3.95000000,2127409.22000000
1764633600000,3.96000000,4.25000000,3.86000000,4.14000000,1160894.27000000
1764720000000,4.14000000,4.61000000,4.13000000,4.30000000,1660351.19000000
1764806400000,4.31000000,4.42000000,4.17000000,4.19000000,994213.05000000
1764892800000,4.19000000,4.26000000,3.89000000,4.00000000,1152293.56000000
1764979200000,4.00000000,4.05000000,3.95000000,4.01000000,581466.41000000
1765065600000,4.01000000,4.09000000,3.74000000,3.92000000,949856.87000000
1765152000000,3.92000000,4.17000000,3.90000000,4.04000000,926833.44000000
1765238400000,4.05000000,4.30000000,3.98000000,4.21000000,861670.94000000
1765324800000,4.22000000,4.27000000,4.04000000,4.07000000,901999.03000000
1765411200000,4.07000000,4.07000000,3.85000000,4.01000000,831111.81000000
1765497600000,4.02000000,4.05000000,3.79000000,3.92000000,780514.54000000
1765584000000,3.93000000,4.01000000,3.89000000,3.92000000,418173.25000000
1765670400000,3.92000000,4.01000000,3.70000000,3.75000000,882129.09000000
1765756800000,3.75000000,3.89000000,3.46000000,3.60000000,1710459.03000000
1765843200000,3.60000000,3.67000000,3.50000000,3.62000000,855277.40000000
1765929600000,3.62000000,3.67000000,3.33000000,3.38000000,1538262.81000000
1766016000000,3.39000000,3.46000000,3.12000000,3.19000000,1884548.75000000
1766102400000,3.19000000,3.53000000,3.13000000,3.45000000,1411220.83000000
1766188800000,3.45000000,3.58000000,3.41000000,3.55000000,707046.32000000
1766275200000,3.55000000,3.56000000,3.31000000,3.35000000,860417.37000000
1766361600000,3.34000000,3.49000000,3.33000000,3.41000000,754113.31000000
1766448000000,3.41000000,3.50000000,3.27000000,3.41000000,747072.38000000
1766534400000,3.42000000,3.44000000,3.29000000,3.42000000,546499.44000000
1766620800000,3.42000000,3.53000000,3.33000000,3.34000000,861453.06000000
1766707200000,3.34000000,3.50000000,3.34000000,3.42000000,685592.42000000
1766793600000,3.41000000,3.66000000,3.40000000,3.63000000,810667.43000000
1766880000000,3.62000000,3.85000000,3.58000000,3.68000000,1560322.46000000
1766966400000,3.69000000,3.75000000,3.46000000,3.48000000,1055180.53000000
1767052800000,3.47000000,3.56000000,3.42000000,3.48000000,623882.27000000
1767139200000,3.48000000,3.55000000,3.33000000,3.43000000,742501.30000000
1767225600000,3.44000000,3.82000000,3.41000000,3.76000000,1293125.30000000
1767312000000,3.76000000,3.90000000,3.65000000,3.90000000,1213929.82000000
1767398400000,3.91000000,4.04000000,3.77000000,3.89000000,1065543.43000000
1767484800000,3.89000000,4.07000000,3.88000000,3.98000000,1123671.88000000
1767571200000,3.98000000,4.21000000,3.85000000,4.09000000,1250260.93000000
1767657600000,4.10000000,4.24000000,3.94000000,4.13000000,1190228.71000000
1767744000000,4.12000000,4.13000000,3.88000000,3.92000000,884187.35000000
1767830400000,3.92000000,3.95000000,3.70000000,3.83000000,796436.63000000
1767916800000,3.83000000,3.93000000,3.76000000,3.80000000,612526.10000000
1768003200000,3.81000000,3.84000000,3.70000000,3.73000000,438148.53000000
1768089600000,3.74000000,3.81000000,3.62000000,3.70000000,523857.53000000
1768176000000,3.70000000,3.82000000,3.62000000,3.68000000,816014.66000000
1768262400000,3.68000000,4.19000000,3.66000000,4.11000000,1517099.98000000
1768348800000,4.12000000,4.22000000,4.00000000,4.05000000,1168149.78000000
1768435200000,4.06000000,4.18000000,3.83000000,3.90000000,1230678.44000000
1768521600000,3.89000000,4.09000000,3.86000000,4.03000000,892338.75000000
1768608000000,4.03000000,4.17000000,4.00000000,4.04000000,792959.00000000
1768694400000,4.04000000,4.19000000,3.85000000,3.86000000,922221.65000000
1768780800000,3.86000000,3.89000000,3.50000000,3.83000000,1382106.78000000
1768867200000,3.83000000,3.86000000,3.54000000,3.58000000,1218483.09000000
1768953600000,3.57000000,3.73000000,3.48000000,3.59000000,1301555.20000000
1769040000000,3.60000000,3.68000000,3.50000000,3.53000000,667747.29000000
1769126400000,3.53000000,3.65000000,3.47000000,3.53000000,794888.15000000
1769212800000,3.54000000,3.59000000,3.50000000,3.51000000,442918.29000000
1769299200000,3.51000000,3.56000000,3.22000000,3.32000000,1088749.15000000
1769385600000,3.33000000,3.41000000,3.25000000,3.34000000,957622.65000000
1769472000000,3.33000000,3.40000000,3.25000000,3.37000000,1032692.52000000
1769558400000,3.37000000,3.38000000,3.23000000,3.30000000,1071710.98000000
1769644800000,3.31000000,3.32000000,2.93000000,3.02000000,1666045.11000000
1769731200000,3.01000000,3.03000000,2.85000000,2.91000000,1968209.40000000
1769817600000,2.91000000,2.92000000,2.30000000,2.58000000,2699879.80000000
1769904000000,2.58000000,2.65000000,2.38000000,2.45000000,2089511.37000000
1769990400000,2.46000000,2.58000000,2.38000000,2.52000000,2184993.36000000
1770076800000,2.52000000,2.63000000,2.37000000,2.50000000,2153391.42000000
1770163200000,2.51000000,2.60000000,2.38000000,2.43000000,1612448.86000000
1770249600000,2.43000000,2.44000000,1.97000000,2.01000000,4274367.39000000
1770336000000,2.01000000,2.20000000,1.78000000,2.11000000,4311314.65000000
1770422400000,2.11000000,2.14000000,1.98000000,2.02000000,2662791.91000000
1770508800000,2.02000000,2.03000000,1.91000000,1.95000000,1850473.10000000
1770595200000,1.95000000,2.04000000,1.88000000,1.91000000,1949200.54000000
1770681600000,1.91000000,1.93000000,1.81000000,1.83000000,1584824.33000000
1770768000000,1.83000000,1.85000000,1.71000000,1.77000000,2515723.71000000
1770854400000,1.77000000,1.96000000,1.77000000,1.92000000,2583500.29000000
1770940800000,1.91000000,2.04000000,1.84000000,2.01000000,2038492.76000000
1771027200000,2.02000000,2.18000000,2.00000000,2.10000000,1787134.28000000
1771113600000,2.11000000,2.13000000,1.96000000,2.01000000,1570060.94000000
1771200000000,2.01000000,2.06000000,1.96000000,2.04000000,1353443.13000000
1771286400000,2.03000000,2.08000000,1.98000000,2.03000000,1227435.74000000
1771372800000,2.03000000,2.07000000,1.95000000,1.96000000,1063940.69000000
1771459200000,1.96000000,1.98000000,1.87000000,1.94000000,1198536.12000000
1771545600000,1.94000000,2.07000000,1.91000000,2.02000000,1784814.92000000
1771632000000,2.03000000,2.12000000,1.99000000,2.00000000,1225275.36000000
1771718400000,2.00000000,2.01000000,1.94000000,1.97000000,1070799.04000000
1771804800000,1.98000000,1.98000000,1.82000000,1.86000000,1891798.71000000
1771891200000,1.86000000,1.90000000,1.80000000,1.85000000,1651746.19000000
1771977600000,1.86000000,1.99000000,1.53000000,1.79000000,12718300.72000000
1772064000000,1.79000000,1.81000000,1.62000000,1.62000000,4276438.82000000
1772150400000,1.63000000,1.75000000,1.57000000,1.62000000,3007956.93000000
1772236800000,1.62000000,1.63000000,1.49000000,1.60000000,3428748.56000000
1772323200000,1.59000000,1.65000000,1.50000000,1.53000000,3400882.14000000
1772409600000,1.54000000,1.69000000,1.52000000,1.63000000,3061026.66000000
1772496000000,1.63000000,1.69000000,1.58000000,1.66000000,2348134.84000000
1772582400000,1.66000000,1.73000000,1.63000000,1.70000000,2138887.55000000
1772668800000,1.69000000,1.72000000,1.65000000,1.67000000,1937824.24000000
1772755200000,1.66000000,1.73000000,1.60000000,1.62000000,1736157.07000000
1772841600000,1.63000000,1.64000000,1.54000000,1.56000000,942259.94000000
1772928000000,1.55000000,1.61000000,1.53000000,1.57000000,1538238.13000000
1773014400000,1.57000000,1.64000000,1.56000000,1.59000000,2496536.73000000
1773100800000,1.59000000,1.70000000,1.58000000,1.64000000,1844993.21000000
1773187200000,1.65000000,1.84000000,1.61000000,1.80000000,3194406.18000000
1773273600000,1.80000000,1.92000000,1.74000000,1.91000000,2972269.31000000
1773360000000,1.91000000,1.99000000,1.80000000,1.83000000,2891537.20000000
1773446400000,1.83000000,1.87000000,1.80000000,1.84000000,958104.85000000
1773532800000,1.83000000,1.86000000,1.78000000,1.84000000,1399796.65000000
1773619200000,1.84000000,1.99000000,1.82000000,1.93000000,2510832.42000000
1773705600000,1.93000000,1.94000000,1.85000000,1.88000000,1583524.58000000
1773792000000,1.88000000,1.91000000,1.72000000,1.74000000,1786025.21000000
1773878400000,1.74000000,1.77000000,1.65000000,1.67000000,1342069.94000000
1773964800000,1.68000000,1.74000000,1.66000000,1.70000000,1463638.19000000
1774051200000,1.70000000,1.76000000,1.64000000,1.66000000,1106619.28000000
1774137600000,1.66000000,1.71000000,1.63000000,1.66000000,1520725.28000000
1774224000000,1.66000000,1.93000000,1.66000000,1.91000000,3650573.33000000
1774310400000,1.92000000,1.93000000,1.83000000,1.89000000,1739556.79000000
1774396800000,1.89000000,1.93000000,1.84000000,1.87000000,1198429.04000000
1774483200000,1.87000000,1.88000000,1.76000000,1.77000000,899001.37000000
1774569600000,1.77000000,1.81000000,1.68000000,1.70000000,1339692.70000000
1774656000000,1.70000000,1.75000000,1.66000000,1.68000000,650336.95000000
1774742400000,1.69000000,1.74000000,1.63000000,1.67000000,874760.97000000
1774828800000,1.67000000,1.77000000,1.66000000,1.69000000,691209.65000000
1774915200000,1.69000000,1.77000000,1.68000000,1.75000000,1080467.37000000
1775001600000,1.75000000,1.77000000,1.71000000,1.71000000,968758.76000000
1775088000000,1.72000000,1.73000000,1.63000000,1.66000000,1456079.87000000
1775174400000,1.67000000,1.75000000,1.66000000,1.68000000,1212529.72000000
1775260800000,1.68000000,1.70000000,1.65000000,1.68000000,497845.51000000
1775347200000,1.68000000,1.68000000,1.60000000,1.65000000,824185.59000000
1775433600000,1.66000000,1.74000000,1.62000000,1.64000000,1295875.79000000
1775520000000,1.64000000,1.77000000,1.61000000,1.76000000,1125250.79000000
1775606400000,1.75000000,1.77000000,1.66000000,1.68000000,1113091.79000000
1775692800000,1.68000000,1.75000000,1.66000000,1.71000000,1039511.84000000
1775779200000,1.71000000,1.79000000,1.70000000,1.77000000,1534030.79000000
1775865600000,1.78000000,1.79000000,1.69000000,1.74000000,977402.02000000
1775952000000,1.74000000,1.74000000,1.65000000,1.66000000,1164813.27000000
1776038400000,1.66000000,1.84000000,1.65000000,1.81000000,1647328.77000000
1776124800000,1.82000000,1.83000000,1.73000000,1.74000000,1287906.05000000
1776211200000,1.74000000,1.98000000,1.74000000,1.95000000,2873980.04000000
1776297600000,1.94000000,2.30000000,1.91000000,2.21000000,9515799.77000000
1776384000000,2.21000000,2.31000000,2.04000000,2.08000000,4819061.35000000
1776470400000,2.08000000,2.12000000,1.98000000,2.02000000,2128316.26000000
1776556800000,2.03000000,2.19000000,2.00000000,2.05000000,3653443.48000000
1776643200000,2.04000000,2.19000000,2.02000000,2.09000000,1989542.55000000
1776729600000,2.09000000,2.13000000,1.99000000,2.04000000,1775027.46000000
1776816000000,2.04000000,2.12000000,2.00000000,2.01000000,1505056.35000000
1776902400000,2.01000000,2.02000000,1.90000000,1.96000000,1555457.10000000
1776988800000,1.96000000,2.00000000,1.91000000,1.98000000,1310291.31000000
1777075200000,1.98000000,2.04000000,1.92000000,1.95000000,1134984.14000000
1777161600000,1.94000000,2.04000000,1.93000000,1.97000000,1234332.62000000
1777248000000,1.96000000,2.00000000,1.86000000,1.91000000,1032733.30000000
1777334400000,1.91000000,1.91000000,1.84000000,1.89000000,967546.51000000
1777420800000,1.89000000,1.93000000,1.79000000,1.84000000,1395622.79000000
1777507200000,1.85000000,1.92000000,1.83000000,1.92000000,1094916.81000000
1777593600000,1.91000000,1.98000000,1.89000000,1.93000000,1355516.89000000
1777680000000,1.93000000,2.12000000,1.92000000,2.10000000,2191283.22000000
1777766400000,2.10000000,2.26000000,2.01000000,2.13000000,2854902.84000000
1777852800000,2.13000000,2.28000000,2.08000000,2.08000000,2559807.37000000
1777939200000,2.09000000,2.27000000,2.06000000,2.24000000,2196345.33000000
1778025600000,2.24000000,2.66000000,2.22000000,2.63000000,9153740.79000000
1778112000000,2.63000000,2.65000000,2.38000000,2.46000000,5457130.69000000
1778198400000,2.46000000,2.80000000,2.39000000,2.76000000,4642791.20000000
1778284800000,2.75000000,2.76000000,2.45000000,2.50000000,2646622.04000000
1778371200000,2.50000000,2.58000000,2.42000000,2.52000000,1754651.40000000
1778457600000,2.52000000,2.53000000,2.34000000,2.37000000,1991471.68000000
1778544000000,2.37000000,2.37000000,2.26000000,2.34000000,1493296.12000000
1778630400000,2.33000000,2.44000000,2.26000000,2.30000000,1669898.16000000
1778716800000,2.29000000,2.42000000,2.26000000,2.37000000,1094561.97000000
1778803200000,2.38000000,2.39000000,2.15000000,2.20000000,1361931.65000000
1778889600000,2.19000000,2.24000000,2.08000000,2.12000000,987624.90000000
1778976000000,2.13000000,2.22000000,2.04000000,2.09000000,853741.32000000
1779062400000,2.10000000,2.14000000,2.03000000,2.12000000,1178625.89000000
1779148800000,2.11000000,2.18000000,2.08000000,2.10000000,956810.37000000
1779235200000,2.09000000,2.26000000,2.07000000,2.17000000,1300155.34000000
1779321600000,2.18000000,2.24000000,2.13000000,2.18000000,1210518.84000000
1779408000000,2.19000000,2.28000000,2.02000000,2.05000000,1878454.13000000
1779494400000,2.05000000,2.16000000,1.97000000,2.10000000,1036569.55000000
1779580800000,2.11000000,2.12000000,2.02000000,2.06000000,652093.92000000
1779667200000,2.05000000,2.19000000,2.05000000,2.11000000,1011837.45000000
1779753600000,2.11000000,2.19000000,2.05000000,2.08000000,1518908.00000000
1779840000000,2.08000000,2.41000000,2.06000000,2.30000000,5046643.20000000
1779926400000,2.30000000,2.33000000,2.03000000,2.22000000,4533731.70000000
1780012800000,2.22000000,2.47000000,2.22000000,2.36000000,4252672.14000000
1780099200000,2.36000000,2.49000000,2.29000000,2.40000000,1733128.44000000
1780185600000,2.41000000,2.47000000,2.18000000,2.24000000,1847603.26000000
1780272000000,2.24000000,2.34000000,2.19000000,2.28000000,2277010.47000000
1780358400000,2.28000000,2.37000000,2.06000000,2.11000000,3063787.80000000
1780444800000,2.11000000,2.67000000,2.09000000,2.53000000,4823508.27000000
1780531200000,2.53000000,2.56000000,2.20000000,2.31600000,4542091.11000000
1780617600000,2.31500000,2.38500000,1.90500000,1.96100000,4105556.80000000
1780704000000,1.96500000,2.03400000,1.80700000,1.87100000,2727711.11000000
1780790400000,1.87000000,2.05600000,1.86600000,1.98500000,1687734.52000000
1780876800000,1.98600000,2.02300000,1.90700000,1.94100000,1374157.41000000
1780963200000,1.93800000,1.99600000,1.87200000,1.93100000,1644338.84000000
1781049600000,1.93200000,1.95600000,1.76000000,1.79700000,1438572.04000000
1781136000000,1.79800000,1.95900000,1.79700000,1.90500000,1235617.20000000
1781222400000,1.90600000,1.94000000,1.86100000,1.89900000,1003063.12000000
1781308800000,1.89900000,2.07800000,1.89800000,2.04900000,1397470.66000000
1781395200000,2.04900000,2.08200000,1.96400000,2.06600000,957821.18000000
1781481600000,2.06600000,2.14400000,2.02700000,2.05000000,1163893.33000000
1781568000000,2.05200000,2.10100000,1.99400000,2.03100000,962874.11000000
1781654400000,2.03200000,2.12300000,1.94400000,1.98800000,989471.42000000
1781740800000,1.98900000,2.00000000,1.91500000,1.94900000,419719.73000000
