openTime,open,high,low,close,volume
1577836800000,204.57000000,209.00000000,203.10000000,204.44000000,43234.95850000
1577923200000,204.43000000,205.53000000,192.80000000,195.49000000,76481.14050000
1578009600000,195.49000000,226.00000000,191.90000000,222.43000000,236151.17473000
1578096000000,222.38000000,227.64000000,219.56000000,224.47000000,110315.64423000
1578182400000,224.45000000,227.63000000,220.60000000,222.79000000,90338.28418000
1578268800000,222.82000000,247.00000000,222.20000000,244.25000000,177504.59026000
1578355200000,244.26000000,246.90000000,232.00000000,242.30000000,180860.80127000
1578441600000,242.48000000,255.19000000,229.59000000,240.19000000,238290.07035000
1578528000000,240.13000000,243.89000000,231.26000000,238.01000000,109003.33057000
1578614400000,238.06000000,275.00000000,231.13000000,271.83000000,311448.58074000
1578700800000,271.95000000,279.49000000,258.68000000,260.83000000,199691.49268000
1578787200000,260.69000000,271.39000000,257.85000000,270.77000000,105180.61526000
1578873600000,270.85000000,272.99000000,261.06000000,267.21000000,91495.50923000
1578960000000,267.24000000,368.08000000,267.14000000,348.35000000,827847.55896000
1579046400000,348.35000000,362.89000000,312.62000000,339.99000000,498653.95613000
1579132800000,340.00000000,342.96000000,309.20000000,326.76000000,247311.30454000
1579219200000,326.58000000,383.92000000,319.46000000,368.00000000,395293.42180000
1579305600000,367.98000000,405.86000000,330.00000000,339.01000000,482356.86961000
1579392000000,338.79000000,366.27000000,319.78000000,339.61000000,305020.88339000
1579478400000,339.54000000,352.94000000,322.46000000,343.39000000,171058.37052000
1579564800000,343.38000000,348.22000000,332.05000000,343.50000000,107803.73807000
1579651200000,343.50000000,354.52000000,339.16000000,349.22000000,96093.49399000
1579737600000,349.11000000,350.15000000,316.36000000,325.21000000,135190.02823000
1579824000000,325.09000000,327.95000000,297.00000000,318.83000000,217601.81697000
1579910400000,318.82000000,319.27000000,305.10000000,310.13000000,100771.89962000
1579996800000,310.29000000,349.96000000,307.43000000,348.24000000,176481.76156000
1580083200000,348.25000000,378.19000000,347.65000000,362.86000000,248777.01991000
1580169600000,362.90000000,385.38000000,360.26000000,378.60000000,210830.79139000
1580256000000,378.43000000,396.31000000,375.80000000,380.26000000,200640.19640000
1580342400000,380.24000000,399.34000000,370.88000000,392.69000000,197841.16173000
1580428800000,392.52000000,394.99000000,364.16000000,374.86000000,146704.06246000
1580515200000,374.89000000,389.64000000,372.31000000,380.08000000,106551.71789000
1580601600000,380.16000000,387.70000000,368.91000000,377.34000000,98738.97527000
1580688000000,377.24000000,392.84000000,374.40000000,384.25000000,132459.04345000
1580774400000,384.19000000,389.50000000,372.38000000,380.93000000,111599.02261000
1580860800000,380.95000000,445.46000000,378.72000000,444.92000000,254489.93106000
1580947200000,444.93000000,448.43000000,416.88000000,445.76000000,183772.05365000
1581033600000,445.69000000,459.70000000,432.12000000,439.21000000,152210.53024000
1581120000000,439.39000000,454.50000000,425.16000000,444.46000000,147309.77991000
1581206400000,444.46000000,460.55000000,434.79000000,449.72000000,149967.53436000
1581292800000,449.77000000,463.37000000,435.86000000,452.05000000,150905.28806000
1581379200000,452.00000000,469.32000000,440.44000000,461.89000000,149039.05207000
1581465600000,462.00000000,481.87000000,462.00000000,473.55000000,163282.70277000
1581552000000,473.55000000,484.98000000,457.70000000,477.32000000,174921.81401000
1581638400000,477.17000000,498.23000000,465.99000000,493.77000000,141147.43543000
1581724800000,493.77000000,494.99000000,414.00000000,438.96000000,202082.72431000
1581811200000,438.88000000,458.22000000,382.09000000,411.68000000,254154.92558000
1581897600000,411.81000000,417.09000000,367.00000000,412.99000000,366860.16592000
1581984000000,412.99000000,427.47000000,385.00000000,420.20000000,243144.07689000
1582070400000,420.38000000,423.70000000,370.00000000,378.46000000,146767.64105000
1582156800000,378.37000000,388.00000000,352.70000000,371.10000000,207799.23573000
1582243200000,370.88000000,388.88000000,367.23000000,377.74000000,135650.11257000
1582329600000,377.93000000,380.43000000,366.93000000,373.14000000,90739.12749000
1582416000000,372.99000000,404.42000000,372.24000000,401.57000000,119949.80434000
1582502400000,401.50000000,408.43000000,363.00000000,378.22000000,192156.78539000
1582588800000,378.08000000,379.85000000,343.99000000,353.07000000,181646.01154000
1582675200000,353.01000000,362.41000000,301.10000000,316.67000000,426041.48888000
1582761600000,316.77000000,335.40000000,307.16000000,324.62000000,240590.21235000
1582848000000,324.48000000,329.34000000,298.95000000,314.97000000,224510.28774000
1582934400000,315.09000000,322.59000000,305.00000000,306.11000000,139466.90438000
1583020800000,305.90000000,325.00000000,304.13000000,311.90000000,150571.38912000
1583107200000,311.90000000,343.00000000,310.68000000,339.33000000,227311.54962000
1583193600000,339.33000000,339.38000000,321.13000000,329.61000000,175358.92439000
1583280000000,329.66000000,332.19000000,308.35000000,319.46000000,104895.17055000
1583366400000,319.58000000,343.46000000,319.36000000,337.10000000,152373.42593000
1583452800000,337.08000000,353.61000000,332.30000000,350.73000000,157186.64747000
1583539200000,350.74000000,351.11000000,327.09000000,330.92000000,116341.38746000
1583625600000,330.77000000,330.77000000,268.05000000,272.77000000,270727.90033000
1583712000000,272.90000000,280.29000000,252.13000000,273.00000000,382248.99619000
1583798400000,273.04000000,277.95000000,262.80000000,271.79000000,160017.40439000
1583884800000,271.85000000,275.00000000,250.02000000,266.98000000,149899.32355000
1583971200000,267.08000000,267.82000000,136.00000000,144.13000000,708864.98116000
1584057600000,144.13000000,189.67000000,129.00000000,177.46000000,1012301.98599000
1584144000000,177.46000000,180.40000000,163.94000000,167.20000000,272980.24732000
1584230400000,167.08000000,190.69000000,165.44000000,178.20000000,263894.36499000
1584316800000,178.20000000,184.41000000,147.14000000,172.41000000,472884.60249000
1584403200000,172.45000000,188.27000000,168.73000000,182.41000000,306472.09152000
1584489600000,182.50000000,186.00000000,169.00000000,184.84000000,244333.93913000
1584576000000,184.76000000,233.60000000,177.62000000,220.83000000,461455.13330000
1584662400000,220.83000000,246.06000000,190.44000000,215.10000000,534721.29657000
1584748800000,215.05000000,230.00000000,206.35000000,220.04000000,308157.88052000
1584835200000,219.96000000,233.00000000,199.58000000,202.73000000,308827.69076000
1584921600000,202.65000000,227.44000000,198.09000000,221.26000000,331523.29314000
1585008000000,221.23000000,230.47000000,217.37000000,227.24000000,226641.50960000
1585094400000,227.26000000,231.45000000,213.09000000,220.68000000,196578.91406000
1585180800000,220.71000000,228.43000000,218.11000000,227.76000000,162334.97321000
1585267200000,227.78000000,233.81000000,208.24000000,213.21000000,194988.91289000
1585353600000,213.32000000,217.13000000,201.82000000,213.89000000,225434.50561000
1585440000000,213.86000000,217.34000000,204.50000000,205.54000000,153829.50916000
1585526400000,205.51000000,226.80000000,205.32000000,219.97000000,201359.31912000
1585612800000,220.00000000,223.88000000,215.76000000,218.36000000,152582.60740000
1585699200000,218.44000000,224.96000000,211.24000000,223.74000000,198134.24068000
1585785600000,223.72000000,248.77000000,221.99000000,231.72000000,277839.53952000
1585872000000,231.84000000,241.96000000,214.00000000,236.09000000,191323.60359000
1585958400000,236.09000000,242.17000000,231.88000000,238.02000000,130943.67133000
1586044800000,238.05000000,239.75000000,223.19000000,230.99000000,110988.28015000
1586131200000,231.02000000,259.86000000,230.71000000,258.09000000,282642.74262000
1586217600000,258.08000000,265.65000000,246.70000000,252.52000000,241539.45207000
1586304000000,252.52000000,280.25000000,250.01000000,267.31000000,486782.30826000
1586390400000,267.34000000,274.74000000,253.27000000,255.91000000,199027.37846000
1586476800000,255.88000000,258.90000000,225.35000000,232.70000000,328217.27947000
1586563200000,232.61000000,240.08000000,221.75000000,232.94000000,178953.21376000
1586649600000,232.93000000,244.79000000,226.88000000,233.09000000,172737.77899000
1586736000000,233.09000000,233.14000000,215.12000000,223.49000000,305494.57383000
1586822400000,223.44000000,228.56000000,219.00000000,223.20000000,203075.54043000
1586908800000,223.04000000,225.28000000,213.86000000,215.04000000,122359.78773000
1586995200000,214.97000000,239.85000000,206.30000000,234.95000000,298870.03799000
1587081600000,235.00000000,236.94000000,229.17000000,231.88000000,119139.34792000
1587168000000,231.83000000,247.59000000,231.54000000,243.64000000,148102.99343000
1587254400000,243.63000000,244.97000000,229.00000000,231.27000000,124667.95811000
1587340800000,231.27000000,238.50000000,215.62000000,219.02000000,197183.19121000
1587427200000,219.02000000,223.50000000,215.03000000,219.42000000,126076.62108000
1587513600000,219.44000000,235.95000000,217.33000000,232.94000000,122547.73928000
1587600000000,233.08000000,247.00000000,225.83000000,237.40000000,189880.75558000
1587686400000,237.36000000,242.26000000,233.31000000,237.90000000,122513.60091000
1587772800000,237.90000000,245.76000000,235.04000000,238.07000000,94591.40958000
1587859200000,238.06000000,249.42000000,237.38000000,246.36000000,138116.36690000
1587945600000,246.35000000,248.07000000,234.02000000,242.75000000,187200.56808000
1588032000000,242.77000000,243.13000000,236.94000000,241.14000000,112366.41789000
1588118400000,241.14000000,262.81000000,241.03000000,257.77000000,267847.69583000
1588204800000,257.71000000,275.57000000,245.01000000,250.05000000,331828.19055000
1588291200000,250.05000000,260.22000000,250.05000000,254.79000000,153693.78915000
1588377600000,254.79000000,261.00000000,252.20000000,260.84000000,103409.54202000
1588464000000,260.84000000,267.76000000,245.70000000,251.65000000,166679.52234000
1588550400000,251.69000000,252.61000000,236.00000000,245.75000000,151932.20063000
1588636800000,245.77000000,252.28000000,240.96000000,246.90000000,94957.68054000
1588723200000,246.92000000,253.91000000,239.95000000,241.32000000,119023.73336000
1588809600000,241.32000000,256.62000000,235.50000000,251.90000000,165995.03320000
1588896000000,251.94000000,265.83000000,247.85000000,260.30000000,199500.21611000
1588982400000,260.16000000,277.46000000,258.51000000,265.24000000,265358.79287000
1589068800000,265.26000000,265.72000000,221.33000000,232.56000000,364945.21343000
1589155200000,232.68000000,238.00000000,216.52000000,235.16000000,264827.64401000
1589241600000,235.17000000,239.40000000,228.42000000,233.23000000,146776.56600000
1589328000000,233.25000000,242.00000000,231.74000000,239.41000000,104151.89988000
1589414400000,239.34000000,245.82000000,233.83000000,242.61000000,173327.58715000
1589500800000,242.51000000,243.39000000,230.93000000,235.21000000,115625.77262000
1589587200000,235.11000000,240.90000000,233.64000000,236.45000000,106699.94829000
1589673600000,236.45000000,247.43000000,235.61000000,240.73000000,105516.29912000
1589760000000,240.74000000,255.75000000,240.25000000,248.50000000,159970.51046000
1589846400000,248.49000000,250.94000000,242.36000000,246.74000000,110402.72204000
1589932800000,246.83000000,247.66000000,235.00000000,239.85000000,127884.72984000
1590019200000,239.79000000,243.00000000,220.65000000,228.22000000,149841.80090000
1590105600000,228.17000000,236.69000000,225.00000000,234.67000000,111783.65323000
1590192000000,234.67000000,240.00000000,231.96000000,234.11000000,89247.90245000
1590278400000,234.12000000,237.48000000,222.41000000,223.00000000,91313.85972000
1590364800000,222.91000000,233.28000000,220.96000000,230.55000000,80902.69150000
1590451200000,230.56000000,231.27000000,223.91000000,228.01000000,68127.54164000
1590537600000,228.00000000,234.80000000,227.03000000,232.85000000,74807.73248000
1590624000000,232.85000000,241.00000000,228.85000000,239.86000000,112645.49877000
1590710400000,239.91000000,243.99000000,233.05000000,238.43000000,84354.78895000
1590796800000,238.35000000,253.75000000,236.20000000,252.38000000,129920.53092000
1590883200000,252.41000000,252.76000000,236.00000000,238.69000000,134759.41776000
1590969600000,238.67000000,255.00000000,237.42000000,253.19000000,137868.09636000
1591056000000,253.29000000,269.61000000,241.67000000,250.85000000,264191.59595000
1591142400000,250.86000000,254.00000000,246.25000000,253.23000000,95425.52108000
1591228800000,253.17000000,260.92000000,247.50000000,256.18000000,151733.53413000
1591315200000,256.17000000,263.45000000,254.49000000,256.05000000,116026.08527000
1591401600000,256.11000000,258.26000000,250.88000000,253.23000000,90657.05023000
1591488000000,253.21000000,255.78000000,245.22000000,253.56000000,95042.99390000
1591574400000,253.56000000,256.72000000,251.30000000,255.24000000,63486.19609000
1591660800000,255.30000000,257.15000000,250.50000000,254.05000000,59892.01290000
1591747200000,254.02000000,258.76000000,250.60000000,256.94000000,83425.14722000
1591833600000,256.95000000,258.00000000,231.28000000,234.74000000,128129.81168000
1591920000000,234.73000000,243.66000000,233.08000000,240.85000000,62740.15513000
1592006400000,240.85000000,242.25000000,237.29000000,240.69000000,38019.76311000
1592092800000,240.70000000,240.84000000,234.93000000,237.48000000,40676.31486000
1592179200000,237.47000000,238.32000000,224.41000000,235.64000000,99741.29236000
1592265600000,235.64000000,239.00000000,232.50000000,237.46000000,57655.10926000
1592352000000,237.47000000,246.00000000,235.06000000,240.39000000,80189.72690000
1592438400000,240.40000000,240.70000000,232.53000000,236.04000000,52913.48170000
1592524800000,236.05000000,236.54000000,230.46000000,233.39000000,64051.95688000
1592611200000,233.39000000,235.19000000,228.62000000,232.80000000,67102.65437000
1592697600000,232.80000000,234.16000000,229.71000000,230.31000000,49052.68830000
1592784000000,230.33000000,243.98000000,229.75000000,241.03000000,101177.89114000
1592870400000,241.04000000,244.45000000,239.18000000,240.69000000,80116.62369000
1592956800000,240.68000000,245.62000000,229.34000000,232.80000000,118724.24935000
1593043200000,232.72000000,235.09000000,226.23000000,232.45000000,72028.67203000
1593129600000,232.45000000,233.72000000,228.13000000,230.65000000,75857.14051000
1593216000000,230.72000000,231.57000000,204.77000000,216.37000000,108856.82037000
1593302400000,216.34000000,225.41000000,213.40000000,222.67000000,56776.29096000
1593388800000,222.67000000,227.50000000,218.28000000,225.28000000,82675.06258000
1593475200000,225.33000000,226.10000000,220.44000000,222.12000000,51309.43015000
1593561600000,222.11000000,226.76000000,220.56000000,223.78000000,80148.49130000
1593648000000,223.77000000,225.83000000,217.11000000,219.65000000,88532.96078000
1593734400000,219.63000000,223.80000000,218.96000000,220.73000000,55468.82889000
1593820800000,220.71000000,226.86000000,220.19000000,225.26000000,60882.28994000
1593907200000,225.26000000,225.87000000,214.52000000,222.23000000,69746.31975000
1593993600000,222.24000000,243.59000000,221.70000000,242.34000000,137713.99269000
1594080000000,242.35000000,244.39000000,235.00000000,237.83000000,96506.70511000
1594166400000,237.84000000,245.98000000,235.93000000,243.31000000,114603.48673000
1594252800000,243.29000000,245.68000000,232.99000000,238.13000000,115469.48625000
1594339200000,238.15000000,240.35000000,232.50000000,238.38000000,82400.94045000
1594425600000,238.41000000,239.40000000,234.61000000,236.59000000,46642.73413000
1594512000000,236.59000000,239.36000000,231.82000000,237.42000000,62877.75601000
1594598400000,237.44000000,237.89000000,223.83000000,232.19000000,121159.41214000
1594684800000,232.15000000,232.20000000,226.38000000,230.12000000,80836.42813000
1594771200000,230.12000000,230.80000000,225.91000000,227.40000000,62972.02102000
1594857600000,227.42000000,228.09000000,216.55000000,224.21000000,86708.82020000
1594944000000,224.21000000,225.60000000,221.88000000,222.60000000,55534.17203000
1595030400000,222.59000000,226.63000000,222.18000000,224.33000000,40614.60292000
1595116800000,224.33000000,228.85000000,220.14000000,227.73000000,60296.56938000
1595203200000,227.78000000,228.50000000,220.73000000,222.76000000,51299.41373000
1595289600000,222.76000000,232.50000000,222.22000000,230.34000000,84436.48163000
1595376000000,230.34000000,239.93000000,227.66000000,239.80000000,94442.91567000
1595462400000,239.80000000,243.05000000,234.43000000,238.39000000,103466.54674000
1595548800000,238.33000000,238.97000000,232.49000000,235.03000000,84930.96483000
1595635200000,235.04000000,253.58000000,234.77000000,251.22000000,170214.47421000
1595721600000,251.24000000,257.29000000,244.03000000,247.45000000,156020.64078000
1595808000000,247.47000000,275.28000000,247.04000000,268.62000000,274806.43059000
1595894400000,268.61000000,297.44000000,264.45000000,288.94000000,307746.91186000
1595980800000,288.92000000,294.50000000,284.95000000,287.69000000,184409.18378000
1596067200000,287.69000000,300.29000000,280.55000000,291.62000000,188439.29175000
1596153600000,291.62000000,306.56000000,287.00000000,300.50000000,157367.52645000
1596240000000,300.48000000,321.19000000,298.00000000,319.39000000,224854.88370000
1596326400000,319.38000000,337.90000000,235.50000000,284.10000000,430392.32288000
1596412800000,284.10000000,304.69000000,278.99000000,296.77000000,207048.17314000
1596499200000,296.79000000,303.14000000,281.02000000,288.07000000,153926.10948000
1596585600000,288.07000000,298.25000000,284.00000000,293.50000000,191543.19554000
1596672000000,293.56000000,320.00000000,287.33000000,309.00000000,269135.29624000
1596758400000,309.00000000,326.33000000,277.06000000,302.20000000,322693.60595000
1596844800000,302.20000000,309.58000000,297.07000000,305.33000000,160729.77705000
1596931200000,305.33000000,309.02000000,291.51000000,299.94000000,141005.25536000
1597017600000,299.95000000,309.17000000,283.75000000,302.40000000,198749.83352000
1597104000000,302.37000000,305.81000000,269.59000000,281.83000000,232065.22636000
1597190400000,281.80000000,290.20000000,270.48000000,284.67000000,163517.54802000
1597276800000,284.71000000,297.12000000,274.27000000,295.75000000,176241.93325000
1597363200000,295.78000000,297.97000000,287.02000000,293.38000000,169930.75535000
1597449600000,293.30000000,308.62000000,290.50000000,302.17000000,211183.74446000
1597536000000,302.25000000,313.92000000,293.74000000,308.23000000,216695.57322000
1597622400000,308.32000000,325.00000000,301.01000000,318.09000000,271033.89160000
1597708800000,318.02000000,324.44000000,300.50000000,303.14000000,214416.37809000
1597795200000,303.15000000,309.16000000,280.80000000,292.73000000,185910.32206000
1597881600000,292.74000000,296.32000000,288.63000000,294.69000000,103320.74749000
1597968000000,294.69000000,305.60000000,281.28000000,283.02000000,174621.87664000
1598054400000,282.99000000,287.74000000,275.90000000,286.44000000,97009.60443000
1598140800000,286.44000000,288.20000000,278.62000000,284.67000000,69576.69708000
1598227200000,284.73000000,295.10000000,281.97000000,290.63000000,95194.72713000
1598313600000,290.63000000,291.62000000,268.21000000,275.52000000,146100.61557000
1598400000000,275.52000000,279.00000000,271.00000000,274.81000000,101109.15836000
1598486400000,274.83000000,277.16000000,258.12000000,264.71000000,165869.72283000
1598572800000,264.79000000,271.93000000,261.07000000,268.66000000,102440.04289000
1598659200000,268.59000000,272.65000000,265.67000000,268.04000000,78192.33625000
1598745600000,268.02000000,279.58000000,267.64000000,279.39000000,86086.54011000
1598832000000,279.33000000,281.45000000,272.77000000,273.50000000,95088.98476000
1598918400000,273.48000000,298.05000000,268.46000000,292.07000000,232587.92357000
1599004800000,292.06000000,295.17000000,244.00000000,263.83000000,294314.69528000
1599091200000,263.94000000,266.36000000,200.73000000,213.69000000,341067.39889000
1599177600000,213.64000000,239.91000000,211.22000000,229.98000000,305119.21878000
1599264000000,229.98000000,234.91000000,214.00000000,225.71000000,291639.00415000
1599350400000,225.74000000,233.45000000,219.04000000,227.67000000,154472.60549000
1599436800000,227.76000000,229.99000000,215.44000000,228.74000000,181406.66681000
1599523200000,228.77000000,230.50000000,215.66000000,222.39000000,145146.96536000
1599609600000,222.47000000,228.39000000,218.48000000,224.09000000,82681.91521000
1599696000000,224.05000000,230.72000000,223.74000000,227.38000000,103271.62362000
1599782400000,227.36000000,228.47000000,220.39000000,225.20000000,77133.94291000
1599868800000,225.19000000,230.33000000,222.41000000,230.23000000,84278.97841000
1599955200000,230.18000000,234.80000000,219.15000000,222.10000000,120800.90227000
1600041600000,222.10000000,228.85000000,218.88000000,225.83000000,113473.91585000
1600128000000,225.73000000,241.91000000,224.76000000,235.19000000,231104.51732000
1600214400000,235.17000000,235.47000000,226.21000000,230.85000000,145579.03889000
1600300800000,230.83000000,239.39000000,229.60000000,232.91000000,119522.85706000
1600387200000,232.90000000,238.90000000,230.00000000,234.00000000,100204.89149000
1600473600000,234.00000000,237.80000000,231.50000000,233.16000000,90683.08321000
1600560000000,233.16000000,233.39000000,222.02000000,226.24000000,83900.40352000
1600646400000,226.25000000,229.00000000,207.46000000,212.48000000,162247.47830000
1600732800000,212.52000000,220.30000000,210.48000000,220.08000000,75236.43768000
1600819200000,220.08000000,220.09000000,203.07000000,207.97000000,82400.18281000
1600905600000,207.99000000,218.90000000,206.27000000,216.22000000,80128.86091000
1600992000000,216.22000000,218.00000000,210.81000000,216.52000000,82751.86333000
1601078400000,216.54000000,224.39000000,212.44000000,221.32000000,74651.15637000
1601164800000,221.31000000,231.97000000,216.23000000,229.33000000,107758.28822000
1601251200000,229.37000000,234.86000000,223.71000000,225.75000000,142750.65256000
1601337600000,225.76000000,230.50000000,224.36000000,229.06000000,91593.58668000
1601424000000,229.04000000,231.47000000,225.00000000,227.96000000,100046.07232000
1601510400000,227.97000000,234.35000000,221.70000000,228.12000000,145134.24919000
1601596800000,228.07000000,228.44000000,212.14000000,219.66000000,127977.88751000
1601683200000,219.67000000,221.49000000,217.61000000,218.53000000,41315.77003000
1601769600000,218.50000000,222.93000000,216.37000000,220.89000000,47612.61012000
1601856000000,220.88000000,222.80000000,218.06000000,221.75000000,67277.28727000
1601942400000,221.79000000,230.41000000,215.50000000,219.63000000,158747.51497000
1602028800000,219.59000000,224.63000000,216.18000000,222.98000000,93831.30811000
1602115200000,222.98000000,236.44000000,221.23000000,233.95000000,197435.16524000
1602201600000,233.92000000,240.18000000,231.87000000,237.13000000,157554.96963000
1602288000000,237.14000000,246.45000000,235.73000000,237.26000000,142096.72771000
1602374400000,237.27000000,243.77000000,236.10000000,238.97000000,122148.72131000
1602460800000,238.97000000,243.99000000,232.70000000,239.66000000,146387.94809000
1602547200000,239.63000000,255.43000000,237.42000000,253.46000000,220515.24110000
1602633600000,253.37000000,260.48000000,249.75000000,259.07000000,190868.59751000
1602720000000,259.12000000,265.20000000,255.50000000,262.26000000,228272.68085000
1602806400000,262.25000000,266.54000000,243.51000000,250.30000000,281236.35132000
1602892800000,250.30000000,252.60000000,241.01000000,244.66000000,119757.04080000
1602979200000,244.66000000,251.01000000,243.64000000,249.32000000,72484.49189000
1603065600000,249.30000000,252.70000000,245.00000000,249.87000000,105468.60457000
1603152000000,249.82000000,250.05000000,237.67000000,240.74000000,139172.67277000
1603238400000,240.75000000,264.11000000,239.98000000,258.49000000,265322.02728000
1603324800000,258.38000000,274.65000000,258.26000000,267.97000000,225831.90201000
1603411200000,268.00000000,276.00000000,264.20000000,270.42000000,169969.69123000
1603497600000,270.39000000,278.63000000,267.60000000,275.80000000,108002.44060000
1603584000000,275.79000000,276.05000000,268.19000000,271.11000000,93327.77517000
1603670400000,271.07000000,273.31000000,252.61000000,259.36000000,196483.76116000
1603756800000,259.35000000,268.00000000,257.12000000,264.11000000,170533.57860000
1603843200000,264.08000000,280.98000000,258.33000000,268.06000000,344773.09855000
1603929600000,268.10000000,271.56000000,257.56000000,267.42000000,165667.34058000
1604016000000,267.35000000,270.62000000,254.98000000,261.90000000,210810.92485000
1604102400000,262.00000000,266.31000000,259.60000000,262.01000000,110123.40361000
1604188800000,262.00000000,270.83000000,260.16000000,268.03000000,89388.18168000
1604275200000,268.03000000,271.66000000,253.58000000,257.28000000,186173.01845000
1604361600000,257.31000000,258.81000000,230.00000000,244.22000000,331235.04430000
1604448000000,244.21000000,244.50000000,231.00000000,241.14000000,197644.26823000
1604534400000,241.14000000,252.00000000,240.34000000,249.53000000,229778.00262000
1604620800000,249.52000000,259.51000000,248.01000000,257.79000000,204240.32550000
1604707200000,257.78000000,277.06000000,245.11000000,253.91000000,350878.09679000
1604793600000,253.90000000,278.00000000,247.01000000,270.80000000,214982.91705000
1604880000000,270.73000000,274.24000000,257.44000000,264.27000000,200850.06157000
1604966400000,264.26000000,266.53000000,254.72000000,257.19000000,129833.02885000
1605052800000,257.19000000,262.50000000,255.16000000,256.86000000,109661.41371000
1605139200000,256.87000000,264.90000000,251.69000000,259.99000000,143611.95611000
1605225600000,260.01000000,262.50000000,247.91000000,259.22000000,159229.51658000
1605312000000,259.22000000,263.00000000,253.64000000,255.12000000,93655.51478000
1605398400000,255.13000000,260.29000000,235.00000000,240.43000000,227544.07562000
1605484800000,240.40000000,253.19000000,233.04000000,249.60000000,200360.70940000
1605571200000,249.67000000,259.62000000,248.25000000,255.39000000,149020.89034000
1605657600000,255.29000000,260.00000000,241.69000000,246.23000000,164845.09668000
1605744000000,246.27000000,250.03000000,241.23000000,245.88000000,94942.86907000
1605830400000,245.93000000,260.16000000,245.57000000,260.01000000,186253.42914000
1605916800000,260.00000000,309.35000000,256.09000000,305.06000000,554751.82729000
1606003200000,305.07000000,312.97000000,273.81000000,288.91000000,471820.83590000
1606089600000,288.95000000,327.12000000,282.33000000,323.22000000,504293.36368000
1606176000000,323.09000000,372.00000000,318.00000000,348.06000000,812068.67389000
1606262400000,347.74000000,363.61000000,297.90000000,312.99000000,544153.84002000
1606348800000,312.86000000,321.50000000,250.40000000,271.44000000,841742.99737000
1606435200000,271.49000000,279.11000000,255.57000000,265.45000000,328389.02242000
1606521600000,265.55000000,284.98000000,260.74000000,275.97000000,274278.38908000
1606608000000,275.98000000,289.10000000,272.00000000,285.04000000,226833.85125000
1606694400000,285.17000000,322.37000000,280.07000000,317.49000000,405407.27074000
1606780800000,317.37000000,320.87000000,271.38000000,287.61000000,539030.71353000
1606867200000,287.47000000,298.00000000,280.00000000,294.15000000,194628.47035000
1606953600000,294.22000000,297.38000000,285.48000000,292.10000000,141969.44742000
1607040000000,292.07000000,307.65000000,276.64000000,279.56000000,306549.78921000
1607126400000,279.47000000,289.98000000,274.43000000,289.57000000,124587.00682000
1607212800000,289.59000000,293.65000000,279.24000000,286.24000000,110403.41767000
1607299200000,286.20000000,290.87000000,281.03000000,283.86000000,98217.22459000
1607385600000,283.90000000,284.96000000,262.72000000,267.70000000,128987.98699000
1607472000000,267.80000000,271.19000000,255.00000000,268.70000000,157133.45628000
1607558400000,268.60000000,269.33000000,261.33000000,265.75000000,85390.42785000
1607644800000,265.77000000,266.93000000,256.00000000,259.24000000,137006.88403000
1607731200000,259.30000000,269.73000000,257.96000000,267.89000000,104091.46321000
1607817600000,267.74000000,282.60000000,265.70000000,276.02000000,113669.80321000
1607904000000,275.96000000,280.37000000,265.03000000,276.94000000,102754.79724000
1607990400000,277.00000000,299.00000000,270.30000000,288.85000000,268961.55713000
1608076800000,288.86000000,314.40000000,281.69000000,312.07000000,327142.83361000
1608163200000,312.00000000,331.34000000,300.90000000,310.73000000,481220.58439000
1608249600000,310.58000000,323.11000000,305.00000000,313.33000000,260821.41237000
1608336000000,313.33000000,325.50000000,309.20000000,318.13000000,280722.81544000
1608422400000,317.97000000,368.52000000,310.05000000,349.21000000,659808.11287000
1608508800000,348.98000000,380.47000000,307.00000000,313.41000000,814909.10335000
1608595200000,313.47000000,324.86000000,298.00000000,322.69000000,471124.45166000
1608681600000,322.73000000,326.43000000,266.16000000,275.48000000,535898.96368000
1608768000000,275.48000000,299.63000000,270.56000000,296.99000000,352851.38968000
1608854400000,296.90000000,325.33000000,293.10000000,319.14000000,364106.38124000
1608940800000,319.29000000,330.39000000,310.00000000,323.60000000,405661.17252000
1609027200000,323.71000000,366.87000000,307.01000000,338.10000000,649963.43392000
1609113600000,337.92000000,377.00000000,334.00000000,360.77000000,460802.95879000
1609200000000,360.77000000,366.97000000,330.01000000,352.92000000,361927.91113000
1609286400000,352.88000000,366.88000000,341.33000000,358.69000000,293073.51627000
1609372800000,358.87000000,361.52000000,334.33000000,342.15000000,223697.38539000
1609459200000,342.05000000,355.40000000,331.16000000,341.83000000,195655.59260000
1609545600000,341.74000000,368.00000000,333.05000000,354.55000000,342010.72594000
1609632000000,354.35000000,433.83000000,354.22000000,423.61000000,739824.85153000
1609718400000,423.72000000,464.33000000,380.42000000,405.49000000,711761.91463000
1609804800000,405.61000000,425.44000000,389.46000000,418.09000000,351147.81644000
1609891200000,418.49000000,458.00000000,410.63000000,453.44000000,368396.77696000
1609977600000,453.72000000,484.00000000,426.82000000,448.00000000,471462.86752000
1610064000000,448.01000000,454.41000000,401.95000000,436.98000000,449738.24625000
1610150400000,437.14000000,588.67000000,417.52000000,574.88000000,825506.02865000
1610236800000,574.97000000,629.79000000,548.40000000,599.98000000,1365089.90235000
1610323200000,599.94000000,602.92000000,400.00000000,476.78000000,1337570.28577000
1610409600000,476.87000000,510.00000000,443.01000000,451.88000000,628843.80710000
1610496000000,451.81000000,500.88000000,435.10000000,496.06000000,469471.02204000
1610582400000,496.11000000,538.88000000,483.50000000,527.00000000,476933.70923000
1610668800000,527.15000000,536.39000000,452.61000000,490.70000000,488575.14311000
1610755200000,490.70000000,515.55000000,473.41000000,489.74000000,405440.86850000
1610841600000,489.78000000,495.84000000,461.45000000,479.37000000,256429.15291000
1610928000000,479.32000000,514.54000000,469.28000000,508.95000000,310010.56706000
1611014400000,508.83000000,553.73000000,502.76000000,507.04000000,484274.08508000
1611100800000,507.14000000,518.62000000,470.01000000,496.95000000,372676.36061000
1611187200000,496.96000000,499.40000000,405.48000000,418.68000000,396640.73977000
1611273600000,418.41000000,450.46000000,391.77000000,439.79000000,358565.41933000
1611360000000,439.79000000,444.00000000,416.05000000,431.36000000,167946.08758000
1611446400000,431.34000000,448.84000000,421.40000000,439.52000000,142813.31791000
1611532800000,439.67000000,465.20000000,430.43000000,432.28000000,215535.24162000
1611619200000,432.20000000,438.69000000,413.02000000,427.46000000,178944.06097000
1611705600000,427.60000000,428.08000000,369.79000000,377.17000000,277907.15105000
1611792000000,377.25000000,414.66000000,370.14000000,404.75000000,199449.34452000
1611878400000,404.77000000,435.08000000,391.12000000,407.03000000,413125.53863000
1611964800000,407.09000000,419.91000000,392.13000000,417.02000000,212546.27868000
1612051200000,417.00000000,417.05000000,390.51000000,399.30000000,150953.57725000
1612137600000,399.30000000,445.72000000,389.51000000,414.48000000,319432.99763000
1612224000000,414.43000000,434.94000000,410.97000000,430.31000000,208441.09144000
1612310400000,430.23000000,449.80000000,428.09000000,446.10000000,213884.22723000
1612396800000,446.13000000,454.94000000,412.74000000,420.91000000,237044.73323000
1612483200000,421.03000000,449.00000000,417.54000000,447.72000000,196582.99910000
1612569600000,447.86000000,490.25000000,445.79000000,457.78000000,466508.66429000
1612656000000,458.27000000,464.06000000,429.37000000,444.80000000,263930.56916000
1612742400000,444.77000000,488.86000000,436.54000000,483.99000000,287368.36575000
1612828800000,483.99000000,519.50000000,472.70000000,514.42000000,430012.31946000
1612915200000,514.85000000,538.96000000,467.51000000,494.85000000,478451.22132000
1613001600000,495.08000000,542.47000000,490.51000000,530.40000000,309368.45755000
1613088000000,529.91000000,580.00000000,509.84000000,576.43000000,385756.27494000
1613174400000,576.15000000,668.60000000,540.00000000,668.30000000,577319.14253000
1613260800000,668.32000000,749.00000000,652.00000000,720.44000000,781088.02231000
1613347200000,720.40000000,773.84000000,601.00000000,715.52000000,895763.44291000
1613433600000,715.61000000,745.00000000,668.80000000,705.39000000,491219.64157000
1613520000000,705.51000000,726.90000000,675.26000000,716.45000000,353699.36465000
1613606400000,716.39000000,730.00000000,688.75000000,703.70000000,266720.76954000
1613692800000,704.04000000,744.12000000,681.26000000,718.98000000,358793.83868000
1613779200000,718.95000000,748.88000000,626.65000000,678.29000000,463755.21780000
1613865600000,678.09000000,736.61000000,665.51000000,706.28000000,360628.16695000
1613952000000,706.16000000,710.42000000,535.17000000,628.98000000,597641.03008000
1614038400000,628.60000000,632.53000000,407.80000000,515.84000000,907191.49638000
1614124800000,515.84000000,556.13000000,495.53000000,526.99000000,404924.08945000
1614211200000,527.08000000,558.00000000,493.62000000,499.67000000,317396.69135000
1614297600000,499.06000000,508.60000000,457.22000000,484.46000000,371279.79721000
1614384000000,484.46000000,510.00000000,473.09000000,483.35000000,190832.45909000
1614470400000,483.21000000,485.25000000,431.40000000,460.12000000,283779.03547000
1614556800000,460.17000000,506.35000000,457.28000000,501.61000000,197158.98818000
1614643200000,501.35000000,549.87000000,494.06000000,517.62000000,351409.62259000
1614729600000,517.49000000,555.71000000,510.79000000,520.82000000,253513.19590000
1614816000000,520.84000000,538.73000000,492.43000000,505.31000000,192087.46194000
1614902400000,505.46000000,505.83000000,472.70000000,497.22000000,147000.38455000
1614988800000,496.95000000,505.87000000,482.28000000,500.38000000,82735.55778000
1615075200000,500.31000000,519.11000000,500.31000000,516.56000000,104970.71072000
1615161600000,516.83000000,529.84000000,500.33000000,529.15000000,151597.32597000
1615248000000,529.20000000,547.13000000,523.22000000,545.32000000,143611.28550000
1615334400000,545.44000000,568.24000000,517.00000000,546.27000000,229766.30389000
1615420800000,546.42000000,565.15000000,528.00000000,549.85000000,244274.89190000
1615507200000,549.81000000,564.08000000,508.89000000,538.44000000,209147.55984000
1615593600000,538.36000000,608.96000000,521.27000000,593.99000000,260595.48583000
1615680000000,594.06000000,601.98000000,551.18000000,552.02000000,197851.56796000
1615766400000,551.72000000,568.16000000,514.56000000,523.20000000,218431.83319000
1615852800000,523.56000000,538.45000000,502.20000000,528.50000000,143752.20213000
1615939200000,528.63000000,542.04000000,511.40000000,541.57000000,90157.53471000
1616025600000,541.67000000,547.00000000,522.59000000,528.17000000,106568.49627000
1616112000000,528.45000000,551.00000000,516.92000000,532.37000000,93469.59007000
1616198400000,532.30000000,551.88000000,529.51000000,536.05000000,80188.49595000
1616284800000,536.28000000,543.26000000,515.00000000,523.59000000,74186.58933000
1616371200000,523.58000000,539.63000000,506.00000000,509.07000000,129368.92675000
1616457600000,509.10000000,533.59000000,505.40000000,510.76000000,143098.49874000
1616544000000,510.81000000,529.58000000,441.47000000,474.22000000,151972.99143000
1616630400000,474.23000000,482.40000000,451.00000000,472.80000000,133333.27476000
1616716800000,472.79000000,507.69000000,470.36000000,505.81000000,125094.96215000
1616803200000,505.75000000,509.66000000,484.88000000,500.58000000,68717.56980000
1616889600000,500.59000000,505.59000000,485.00000000,497.04000000,65710.04194000
1616976000000,497.10000000,525.00000000,491.50000000,518.36000000,86795.79347000
1617062400000,518.37000000,536.55000000,511.30000000,525.75000000,84618.16447000
1617148800000,525.75000000,545.15000000,502.63000000,541.06000000,129530.08694000
1617235200000,541.11000000,560.00000000,528.65000000,556.66000000,148840.25630000
1617321600000,556.66000000,598.54000000,545.13000000,580.64000000,206037.03486000
1617408000000,580.40000000,595.91000000,529.10000000,530.59000000,184193.06816000
1617494400000,530.66000000,564.40000000,521.07000000,560.78000000,107555.14523000
1617580800000,560.80000000,650.00000000,553.66000000,647.21000000,293929.35765000
1617667200000,647.24000000,673.90000000,614.68000000,662.50000000,304984.29926000
1617753600000,662.71000000,694.71000000,594.29000000,615.93000000,400244.94801000
1617840000000,615.77000000,643.82000000,609.14000000,643.35000000,145110.49667000
1617926400000,642.93000000,649.70000000,625.00000000,631.21000000,111815.69502000
1618012800000,631.38000000,681.90000000,624.37000000,673.10000000,198066.10152000
1618099200000,673.41000000,715.70000000,669.48000000,689.65000000,262377.89271000
1618185600000,689.68000000,700.00000000,652.05000000,670.39000000,163792.25630000
1618272000000,670.57000000,752.00000000,666.80000000,745.14000000,322260.75205000
1618358400000,745.06000000,846.00000000,744.88000000,814.85000000,592566.44498000
1618444800000,814.61000000,876.87000000,797.70000000,864.82000000,329984.58660000
1618531200000,864.44000000,1175.14000000,816.19000000,1103.53000000,1040206.08635000
1618617600000,1103.54000000,1219.98000000,988.62000000,991.76000000,733523.99364000
1618704000000,992.11000000,1015.30000000,806.89000000,972.51000000,781742.51031000
1618790400000,972.51000000,1040.52000000,872.18000000,891.27000000,538626.70315000
1618876800000,891.57000000,972.69000000,828.00000000,940.79000000,474777.94408000
1618963200000,940.41000000,998.80000000,899.31000000,909.20000000,390598.05242000
1619049600000,909.27000000,971.61000000,840.00000000,853.08000000,418319.88377000
1619136000000,853.22000000,874.44000000,685.36000000,839.34000000,608416.42846000
1619222400000,839.34000000,843.01000000,747.79000000,770.41000000,255044.98998000
1619308800000,771.36000000,807.01000000,715.28000000,758.87000000,164175.23223000
1619395200000,759.30000000,850.00000000,750.44000000,848.88000000,240883.28745000
1619481600000,848.89000000,892.00000000,832.19000000,890.58000000,190490.33123000
1619568000000,890.15000000,929.00000000,852.39000000,910.44000000,251408.92114000
1619654400000,910.44000000,915.00000000,859.01000000,880.43000000,154378.49380000
1619740800000,880.23000000,1000.83000000,869.05000000,995.51000000,211812.19281000
1619827200000,995.90000000,1031.27000000,975.90000000,1003.77000000,186785.08757000
1619913600000,1003.55000000,1011.00000000,950.32000000,972.25000000,120636.34335000
1620000000000,972.67000000,1049.00000000,971.20000000,1015.02000000,170309.48770000
1620086400000,1015.68000000,1055.99000000,930.69000000,950.89000000,400173.45451000
1620172800000,951.02000000,1477.00000000,939.01000000,1453.49000000,982455.57352000
1620259200000,1453.04000000,1610.30000000,1270.12000000,1509.27000000,1022211.69691000
1620345600000,1509.22000000,1511.42000000,1269.44000000,1340.72000000,571117.72722000
1620432000000,1340.15000000,1449.63000000,1322.33000000,1396.86000000,354887.17744000
1620518400000,1396.73000000,1430.00000000,1282.73000000,1427.80000000,257872.90404000
1620604800000,1427.87000000,1571.87000000,1198.15000000,1321.31000000,480686.22854000
1620691200000,1321.20000000,1550.00000000,1300.00000000,1547.51000000,351316.20726000
1620777600000,1548.29000000,1650.00000000,1200.00000000,1236.46000000,490390.17148000
1620864000000,1236.46000000,1344.10000000,1133.42000000,1258.52000000,551513.17345000
1620950400000,1257.11000000,1361.44000000,1223.79000000,1296.38000000,246717.05169000
1621036800000,1296.78000000,1336.84000000,1161.79000000,1171.75000000,241359.96058000
1621123200000,1171.36000000,1282.00000000,1098.93000000,1166.69000000,281277.75587000
1621209600000,1166.88000000,1168.14000000,988.43000000,1069.74000000,404222.98907000
1621296000000,1069.62000000,1166.13000000,1051.20000000,1089.32000000,231294.37703000
1621382400000,1089.43000000,1113.06000000,490.00000000,694.51000000,943458.65757000
1621468800000,694.50000000,864.28000000,600.00000000,817.65000000,587781.52102000
1621555200000,817.58000000,850.93000000,604.00000000,687.50000000,699870.06323000
1621641600000,687.51000000,721.76000000,598.98000000,629.85000000,456596.53325000
1621728000000,629.96000000,659.85000000,468.13000000,552.37000000,687431.92972000
1621814400000,551.74000000,759.99000000,538.11000000,754.00000000,470042.80887000
1621900800000,753.80000000,792.61000000,667.60000000,718.79000000,453339.03018000
1621987200000,719.50000000,788.66000000,707.24000000,763.96000000,269036.81715000
1622073600000,764.16000000,806.87000000,700.52000000,750.03000000,233887.66575000
1622160000000,750.20000000,761.57000000,652.25000000,688.28000000,302614.79017000
1622246400000,688.75000000,721.25000000,617.57000000,651.96000000,197313.51574000
1622332800000,652.00000000,688.61000000,616.04000000,661.66000000,138072.20393000
1622419200000,661.41000000,711.40000000,634.34000000,702.46000000,173886.93112000
1622505600000,702.47000000,721.33000000,668.13000000,691.13000000,161829.18590000
1622592000000,691.07000000,716.44000000,674.59000000,697.36000000,120872.00835000
1622678400000,697.68000000,735.53000000,687.43000000,718.91000000,133112.20681000
1622764800000,718.98000000,720.00000000,642.67000000,670.74000000,138850.61902000
1622851200000,670.57000000,688.93000000,634.13000000,649.31000000,110720.05945000
1622937600000,649.04000000,670.00000000,644.57000000,656.10000000,63516.71238000
1623024000000,656.17000000,670.63000000,590.47000000,596.45000000,108223.56663000
1623110400000,596.30000000,604.89000000,542.63000000,595.31000000,213866.11326000
1623196800000,595.31000000,634.63000000,566.11000000,634.00000000,154574.44857000
1623283200000,633.99000000,639.20000000,588.19000000,601.11000000,117895.94848000
1623369600000,601.61000000,611.60000000,569.43000000,577.04000000,101686.78286000
1623456000000,577.19000000,591.84000000,547.18000000,580.00000000,96151.23981000
1623542400000,580.06000000,615.49000000,558.61000000,613.46000000,82082.37430000
1623628800000,613.41000000,642.00000000,598.94000000,641.50000000,104342.50766000
1623715200000,641.29000000,650.35000000,616.43000000,627.17000000,90740.18982000
1623801600000,627.16000000,628.17000000,589.58000000,593.73000000,84039.84142000
1623888000000,593.70000000,621.00000000,583.66000000,598.95000000,72418.19694000
1623974400000,599.01000000,599.48000000,544.69000000,563.21000000,91446.32394000
1624060800000,563.27000000,581.59000000,551.33000000,552.12000000,59695.93864000
1624147200000,552.04000000,560.86000000,513.36000000,556.16000000,95965.81875000
1624233600000,556.10000000,559.88000000,454.13000000,455.40000000,226905.28222000
1624320000000,455.22000000,478.76000000,387.61000000,444.06000000,331912.80577000
1624406400000,444.24000000,485.90000000,428.00000000,472.79000000,172528.56467000
1624492800000,472.99000000,495.82000000,455.24000000,486.96000000,108182.74342000
1624579200000,486.97000000,497.55000000,449.18000000,449.22000000,130475.41084000
1624665600000,449.23000000,464.49000000,428.43000000,459.58000000,122490.90442000
1624752000000,459.56000000,478.31000000,446.35000000,477.79000000,76419.45428000
1624838400000,477.76000000,518.80000000,472.31000000,501.83000000,118530.62635000
1624924800000,501.62000000,546.83000000,499.89000000,524.01000000,151297.81941000
1625011200000,524.26000000,534.33000000,498.14000000,526.80000000,110061.54910000
1625097600000,526.80000000,526.81000000,485.46000000,495.79000000,114834.02249000
1625184000000,495.74000000,504.73000000,475.69000000,495.76000000,89209.25415000
1625270400000,495.76000000,514.87000000,487.84000000,505.24000000,59372.49593000
1625356800000,505.24000000,542.04000000,495.26000000,526.73000000,88071.08661000
1625443200000,526.92000000,527.43000000,487.00000000,504.31000000,107406.78704000
1625529600000,504.42000000,525.96000000,499.62000000,511.55000000,89128.39943000
1625616000000,511.42000000,537.74000000,505.35000000,509.35000000,108366.99235000
1625702400000,509.13000000,510.81000000,479.02000000,490.30000000,103159.74225000
1625788800000,490.31000000,510.28000000,471.22000000,504.16000000,87878.24218000
1625875200000,504.03000000,511.26000000,483.62000000,496.94000000,60935.68907000
1625961600000,496.95000000,503.73000000,489.30000000,498.11000000,48361.17665000
1626048000000,498.10000000,509.02000000,471.06000000,479.58000000,74244.60217000
1626134400000,479.58000000,484.41000000,459.77000000,465.10000000,63722.01888000
1626220800000,465.00000000,478.44000000,443.41000000,467.36000000,85764.77993000
1626307200000,467.36000000,474.01000000,443.62000000,455.90000000,79013.92001000
1626393600000,455.76000000,464.76000000,436.70000000,438.02000000,72404.47530000
1626480000000,438.12000000,446.81000000,430.01000000,436.07000000,66769.39009000
1626566400000,436.15000000,453.28000000,431.74000000,437.92000000,63907.09716000
1626652800000,438.00000000,441.37000000,413.22000000,414.94000000,73192.33227000
1626739200000,414.94000000,422.22000000,383.53000000,398.48000000,123809.16022000
1626825600000,398.61000000,435.56000000,392.00000000,430.70000000,110417.62569000
1626912000000,430.76000000,445.48000000,424.27000000,442.15000000,77928.94325000
1626998400000,442.27000000,456.12000000,431.36000000,454.78000000,71929.13007000
1627084800000,454.80000000,464.79000000,449.92000000,458.49000000,70744.57755000
1627171200000,458.63000000,459.52000000,441.17000000,454.99000000,73995.53641000
1627257600000,455.06000000,517.91000000,452.65000000,481.09000000,262175.42413000
1627344000000,481.25000000,504.10000000,467.51000000,501.91000000,124593.31289000
1627430400000,501.79000000,519.52000000,489.26000000,511.41000000,136467.60549000
1627516800000,511.66000000,547.66000000,498.56000000,538.90000000,132327.90946000
1627603200000,539.01000000,553.38000000,516.55000000,552.77000000,126232.68551000
1627689600000,552.78000000,558.00000000,536.73000000,545.98000000,93489.27141000
1627776000000,545.80000000,564.57000000,512.00000000,526.26000000,128112.36165000
1627862400000,526.26000000,567.57000000,519.50000000,543.30000000,132569.06316000
1627948800000,543.27000000,551.92000000,521.32000000,538.60000000,91067.60739000
1628035200000,538.52000000,552.84000000,524.44000000,545.72000000,87376.84649000
1628121600000,545.73000000,550.82000000,522.66000000,548.39000000,128862.96248000
1628208000000,548.42000000,561.17000000,536.93000000,557.42000000,132109.43214000
1628294400000,557.45000000,590.76000000,553.42000000,583.53000000,190862.13152000
1628380800000,583.61000000,590.01000000,554.05000000,555.56000000,144243.45952000
1628467200000,555.57000000,601.00000000,543.08000000,591.37000000,162018.25286000
1628553600000,591.32000000,607.57000000,573.40000000,592.06000000,144091.99390000
1628640000000,592.24000000,632.46000000,590.49000000,620.37000000,143601.15167000
1628726400000,620.28000000,649.86000000,592.37000000,606.21000000,164788.81625000
1628812800000,606.09000000,655.48000000,601.10000000,654.44000000,109691.85796000
1628899200000,654.50000000,692.88000000,642.00000000,692.08000000,147262.58574000
1628985600000,691.95000000,709.66000000,672.03000000,703.42000000,164209.90548000
1629072000000,703.25000000,714.76000000,673.16000000,673.31000000,119743.49098000
1629158400000,673.26000000,691.05000000,637.66000000,639.19000000,109258.83752000
1629244800000,639.13000000,655.25000000,619.72000000,632.04000000,108628.80486000
1629331200000,631.95000000,660.27000000,619.60000000,659.83000000,87859.81953000
1629417600000,659.71000000,700.45000000,652.13000000,693.99000000,97292.22596000
1629504000000,694.08000000,700.00000000,671.25000000,675.56000000,88300.18374000
1629590400000,675.32000000,689.39000000,652.00000000,672.29000000,69491.00267000
1629676800000,672.32000000,694.24000000,664.12000000,678.22000000,148585.12555000
1629763200000,678.05000000,683.68000000,633.27000000,636.38000000,92281.60481000
1629849600000,636.25000000,658.76000000,626.28000000,650.39000000,85748.25743000
1629936000000,650.40000000,656.26000000,603.89000000,606.10000000,85550.87441000
1630022400000,606.20000000,636.40000000,596.20000000,636.00000000,81897.10718000
1630108800000,635.90000000,646.80000000,622.40000000,646.60000000,59859.89069000
1630195200000,646.60000000,693.40000000,646.50000000,659.00000000,208061.96325000
1630281600000,659.00000000,665.20000000,630.00000000,632.40000000,82527.80600000
1630368000000,632.30000000,651.40000000,623.90000000,636.60000000,85649.52500000
1630454400000,636.80000000,657.40000000,625.30000000,655.70000000,109121.63800000
1630540800000,655.80000000,673.90000000,652.50000000,664.30000000,78695.69300000
1630627200000,664.30000000,721.70000000,651.00000000,713.70000000,183097.98987000
1630713600000,713.60000000,737.50000000,696.40000000,709.00000000,162246.49484000
1630800000000,709.10000000,767.40000000,698.10000000,764.50000000,141345.97943000
1630886400000,764.50000000,803.60000000,741.20000000,784.50000000,233263.46948000
1630972800000,784.50000000,787.60000000,583.10000000,673.40000000,376360.05746000
1631059200000,673.50000000,679.60000000,644.10000000,662.70000000,130590.47400000
1631145600000,662.80000000,673.50000000,655.40000000,661.50000000,91459.42300000
1631232000000,661.40000000,673.90000000,617.90000000,628.90000000,89982.71500000
1631318400000,628.80000000,647.90000000,625.60000000,636.10000000,58841.44200000
1631404800000,636.20000000,655.30000000,623.10000000,646.50000000,63703.35600000
1631491200000,646.60000000,661.30000000,591.40000000,614.10000000,169513.76800000
1631577600000,614.10000000,642.80000000,608.40000000,640.70000000,73259.53900000
1631664000000,640.60000000,656.90000000,632.20000000,652.60000000,62783.18000000
1631750400000,652.50000000,655.30000000,625.70000000,639.20000000,77227.74000000
1631836800000,639.20000000,647.90000000,612.40000000,621.20000000,79876.62800000
1631923200000,621.40000000,638.30000000,614.20000000,630.80000000,54528.41800000
1632009600000,630.60000000,647.50000000,601.70000000,608.70000000,80578.29000000
1632096000000,608.80000000,609.30000000,530.10000000,542.70000000,179788.74081000
1632182400000,542.60000000,552.40000000,496.60000000,505.40000000,189039.77906000
1632268800000,505.10000000,548.10000000,496.20000000,547.70000000,111368.65700000
1632355200000,547.60000000,553.80000000,532.30000000,552.70000000,75540.42100000
1632441600000,552.60000000,556.80000000,478.90000000,513.50000000,164421.03637000
1632528000000,513.20000000,523.30000000,501.70000000,516.80000000,99450.21700000
1632614400000,516.90000000,519.90000000,480.20000000,503.20000000,161614.93900000
1632700800000,503.10000000,515.20000000,487.60000000,488.00000000,106024.08800000
1632787200000,488.10000000,499.30000000,472.20000000,474.20000000,104265.50880000
1632873600000,474.00000000,498.20000000,471.30000000,484.90000000,81899.35354000
1632960000000,484.90000000,506.10000000,481.90000000,502.60000000,73302.83400000
1633046400000,502.80000000,544.70000000,500.30000000,543.70000000,102037.20400000
1633132800000,543.70000000,559.90000000,536.40000000,552.10000000,67360.38500000
1633219200000,552.00000000,579.10000000,544.50000000,571.00000000,73818.85000000
1633305600000,571.10000000,571.20000000,530.20000000,550.70000000,104364.04600000
1633392000000,550.80000000,600.30000000,548.80000000,594.50000000,101027.90100000
1633478400000,594.70000000,626.50000000,562.10000000,617.10000000,194811.31400000
1633564800000,617.20000000,636.70000000,597.60000000,611.30000000,159699.31000000
1633651200000,611.50000000,617.80000000,587.50000000,596.20000000,115217.98200000
1633737600000,596.30000000,624.50000000,591.30000000,615.20000000,82548.97800000
1633824000000,615.20000000,623.20000000,582.10000000,584.70000000,85734.07800000
1633910400000,584.50000000,618.50000000,576.70000000,601.30000000,102504.50200000
1633996800000,601.10000000,601.30000000,567.70000000,587.90000000,98138.06200000
1634083200000,587.90000000,594.90000000,571.40000000,593.70000000,91096.30600000
1634169600000,593.70000000,607.70000000,590.30000000,599.10000000,75123.44700000
1634256000000,599.10000000,637.20000000,585.60000000,625.70000000,169544.92600000
1634342400000,625.40000000,649.40000000,623.60000000,625.40000000,100802.45600000
1634428800000,625.60000000,628.70000000,589.70000000,612.50000000,84225.55700000
1634515200000,612.60000000,619.30000000,598.30000000,611.50000000,70874.91000000
1634601600000,611.30000000,625.00000000,599.40000000,618.50000000,71717.37800000
1634688000000,618.50000000,648.90000000,605.10000000,644.70000000,93634.90100000
1634774400000,644.60000000,655.90000000,621.10000000,623.40000000,116045.59500000
1634860800000,623.30000000,637.00000000,612.50000000,623.90000000,66136.18700000
1634947200000,623.80000000,637.60000000,614.80000000,629.10000000,50173.93900000
1635033600000,629.00000000,633.10000000,605.60000000,617.20000000,66362.21200000
1635120000000,617.20000000,628.50000000,614.80000000,621.30000000,58271.08200000
1635206400000,621.30000000,632.20000000,600.00000000,611.90000000,68384.25100000
1635292800000,612.00000000,619.20000000,531.20000000,548.40000000,137606.38700000
1635379200000,548.40000000,599.00000000,543.80000000,578.70000000,133464.87700000
1635465600000,578.70000000,596.60000000,574.20000000,594.80000000,57143.76100000
1635552000000,594.90000000,601.10000000,576.00000000,585.30000000,49042.95200000
1635638400000,585.30000000,604.90000000,573.90000000,596.90000000,84296.58700000
1635724800000,596.90000000,599.60000000,578.50000000,586.90000000,62284.44900000
1635811200000,587.00000000,608.60000000,582.10000000,598.40000000,64432.65200000
1635897600000,598.50000000,620.00000000,588.80000000,611.00000000,117461.92600000
1635984000000,611.20000000,613.20000000,586.20000000,595.60000000,64670.83600000
1636070400000,595.40000000,632.80000000,591.60000000,597.70000000,163703.64100000
1636156800000,597.60000000,602.40000000,576.20000000,587.40000000,51914.27600000
1636243200000,587.40000000,600.50000000,585.80000000,600.40000000,37065.57000000
1636329600000,600.40000000,643.00000000,598.70000000,638.40000000,131609.54900000
1636416000000,638.40000000,731.40000000,636.50000000,717.50000000,337609.00800000
1636502400000,717.40000000,729.30000000,643.90000000,662.90000000,290490.42600000
1636588800000,662.70000000,680.80000000,658.40000000,675.80000000,93440.46900000
1636675200000,675.80000000,684.50000000,646.70000000,668.10000000,107119.81900000
1636761600000,668.20000000,670.80000000,655.40000000,665.60000000,59366.55800000
1636848000000,665.70000000,679.60000000,657.30000000,679.50000000,65643.81500000
1636934400000,679.60000000,686.30000000,664.30000000,665.60000000,72500.05600000
1637020800000,665.60000000,665.70000000,571.00000000,597.80000000,184354.63200000
1637107200000,598.00000000,603.70000000,577.40000000,595.00000000,95949.71200000
1637193600000,595.10000000,601.90000000,542.50000000,554.40000000,112696.84000000
1637280000000,554.40000000,577.00000000,548.10000000,574.30000000,70640.87000000
1637366400000,574.30000000,588.30000000,564.60000000,584.50000000,55870.12100000
1637452800000,584.50000000,585.40000000,568.70000000,574.40000000,43043.00100000
1637539200000,574.70000000,578.30000000,546.60000000,556.90000000,79429.49800000
1637625600000,556.90000000,575.60000000,546.20000000,571.10000000,77026.05100000
1637712000000,571.00000000,620.20000000,558.40000000,618.80000000,147972.63500000
1637798400000,618.60000000,635.90000000,607.50000000,616.80000000,119004.64300000
1637884800000,616.70000000,618.70000000,540.00000000,557.30000000,238191.96100000
1637971200000,557.10000000,573.40000000,554.90000000,562.70000000,55251.04200000
1638057600000,562.40000000,569.20000000,530.80000000,568.70000000,78454.33300000
1638144000000,568.90000000,581.40000000,557.00000000,574.90000000,80606.45800000
1638230400000,575.00000000,587.70000000,556.70000000,570.40000000,97384.50500000
1638316800000,570.40000000,586.70000000,565.00000000,570.80000000,63632.86700000
1638403200000,570.50000000,574.60000000,558.10000000,561.70000000,58107.08900000
1638489600000,561.60000000,567.80000000,518.70000000,532.40000000,84425.41500000
1638576000000,532.40000000,534.80000000,344.10000000,473.20000000,454263.13227000
1638662400000,473.10000000,477.80000000,434.70000000,453.00000000,164903.07900000
1638748800000,453.20000000,480.40000000,418.80000000,474.80000000,183974.19800000
1638835200000,474.50000000,502.40000000,463.70000000,474.30000000,146890.13600000
1638921600000,474.10000000,488.20000000,463.40000000,480.40000000,116410.62600000
1639008000000,480.70000000,483.00000000,448.00000000,448.60000000,108170.72500000
1639094400000,448.80000000,468.80000000,436.70000000,438.60000000,116635.42900000
1639180800000,438.10000000,461.50000000,431.80000000,459.30000000,77717.16500000
1639267200000,459.40000000,462.50000000,441.90000000,458.00000000,51546.56900000
1639353600000,457.90000000,460.30000000,414.30000000,421.80000000,99442.49500000
1639440000000,421.90000000,441.90000000,418.50000000,436.80000000,94455.32300000
1639526400000,436.70000000,450.00000000,416.70000000,447.60000000,93653.30400000
1639612800000,447.70000000,454.30000000,437.10000000,438.30000000,51300.63700000
1639699200000,438.20000000,441.50000000,417.70000000,424.50000000,60266.62200000
1639785600000,424.60000000,439.30000000,419.00000000,435.70000000,43400.34100000
1639872000000,435.70000000,445.50000000,431.80000000,432.80000000,45051.36900000
1639958400000,432.70000000,440.00000000,419.00000000,430.20000000,61836.24600000
1640044800000,430.20000000,440.70000000,426.70000000,437.70000000,46349.44800000
1640131200000,437.70000000,447.10000000,434.60000000,438.10000000,41487.24200000
1640217600000,438.10000000,458.40000000,434.40000000,455.60000000,50587.85100000
1640304000000,455.70000000,461.20000000,448.50000000,451.80000000,47096.68000000
1640390400000,451.90000000,460.50000000,447.40000000,455.10000000,32000.05500000
1640476800000,455.20000000,455.40000000,444.30000000,451.60000000,35929.22600000
1640563200000,451.60000000,476.00000000,447.50000000,465.30000000,73456.55200000
1640649600000,465.50000000,465.50000000,437.70000000,439.00000000,68358.84500000
1640736000000,438.90000000,445.80000000,426.40000000,430.10000000,49436.70500000
1640822400000,430.00000000,437.10000000,423.50000000,431.70000000,38427.22700000
1640908800000,431.40000000,437.20000000,419.20000000,430.20000000,65754.92900000
1640995200000,430.30000000,446.10000000,430.30000000,444.80000000,38968.51400000
1641081600000,444.80000000,452.40000000,442.60000000,447.70000000,47788.51900000
1641168000000,447.60000000,447.90000000,431.10000000,434.70000000,30839.55400000
1641254400000,434.80000000,439.50000000,425.40000000,427.10000000,39425.96400000
1641340800000,427.00000000,432.50000000,391.10000000,399.40000000,67592.07800000
1641427200000,399.50000000,403.90000000,387.30000000,399.80000000,82449.32200000
1641513600000,399.70000000,401.70000000,375.30000000,385.70000000,107953.81300000
1641600000000,385.80000000,391.60000000,361.00000000,372.90000000,78690.69600000
1641686400000,372.80000000,381.10000000,367.80000000,376.80000000,52446.07700000
1641772800000,376.80000000,378.40000000,347.60000000,363.60000000,99914.20700000
1641859200000,363.50000000,375.00000000,361.70000000,369.80000000,62635.22500000
1641945600000,369.80000000,385.90000000,367.80000000,383.80000000,53145.69300000
1642032000000,383.70000000,391.70000000,376.40000000,377.50000000,50476.73900000
1642118400000,377.50000000,393.70000000,375.60000000,385.60000000,49743.72100000
1642204800000,385.50000000,393.00000000,382.90000000,390.60000000,26573.36900000
1642291200000,390.70000000,393.40000000,382.30000000,388.10000000,23265.96200000
1642377600000,388.20000000,389.20000000,373.00000000,380.60000000,35421.99000000
1642464000000,380.70000000,398.70000000,374.60000000,381.40000000,80580.34600000
1642550400000,381.40000000,384.30000000,365.80000000,368.90000000,54356.98400000
1642636800000,369.00000000,384.20000000,356.30000000,357.50000000,48632.11000000
1642723200000,357.40000000,360.00000000,308.00000000,314.90000000,135765.18480000
1642809600000,314.80000000,318.80000000,265.00000000,291.80000000,210569.15341000
1642896000000,291.90000000,303.50000000,283.80000000,302.50000000,120846.43800000
1642982400000,302.40000000,302.70000000,259.60000000,292.30000000,213574.65285000
1643068800000,292.30000000,294.60000000,259.90000000,291.60000000,100039.63200000
1643155200000,291.60000000,314.90000000,283.80000000,289.10000000,123057.25200000
1643241600000,289.10000000,294.90000000,277.50000000,289.60000000,95350.57900000
1643328000000,289.60000000,297.40000000,281.80000000,296.80000000,67163.28700000
1643414400000,296.80000000,302.10000000,291.30000000,298.80000000,35536.71800000
1643500800000,298.90000000,302.20000000,287.70000000,290.00000000,43174.97900000
1643587200000,289.90000000,290.50000000,278.10000000,285.00000000,68025.94400000
1643673600000,284.90000000,290.90000000,282.50000000,287.70000000,51781.38100000
1643760000000,287.80000000,296.80000000,276.30000000,277.80000000,64386.32000000
1643846400000,277.90000000,281.70000000,271.00000000,281.20000000,66256.66000000
1643932800000,281.20000000,307.00000000,276.40000000,306.20000000,87969.66600000
1644019200000,306.10000000,329.00000000,302.50000000,320.50000000,89958.85200000
1644105600000,320.30000000,328.00000000,312.00000000,324.70000000,69991.53200000
1644192000000,324.60000000,343.90000000,317.90000000,343.10000000,100053.85500000
1644278400000,343.20000000,355.90000000,324.90000000,335.50000000,135314.04100000
1644364800000,335.40000000,347.70000000,328.20000000,345.90000000,82944.22900000
1644451200000,345.80000000,362.70000000,336.20000000,340.70000000,116691.55000000
1644537600000,340.70000000,342.10000000,316.60000000,320.90000000,91990.73900000
1644624000000,320.70000000,330.60000000,312.10000000,330.50000000,62686.96400000
1644710400000,330.40000000,340.00000000,324.40000000,333.60000000,65178.57000000
1644796800000,333.70000000,337.70000000,318.40000000,330.50000000,61294.60700000
1644883200000,330.50000000,344.70000000,328.90000000,343.20000000,52385.78600000
1644969600000,343.20000000,343.30000000,328.90000000,334.30000000,50879.36700000
1645056000000,334.30000000,336.30000000,309.40000000,313.00000000,60201.39000000
1645142400000,313.10000000,319.00000000,306.30000000,310.00000000,61666.62900000
1645228800000,310.10000000,316.20000000,305.10000000,311.90000000,41747.09200000
1645315200000,312.00000000,312.70000000,296.60000000,302.60000000,59765.61900000
1645401600000,302.60000000,310.80000000,282.40000000,283.20000000,104936.71400000
1645488000000,283.30000000,295.50000000,275.40000000,293.20000000,83592.56500000
1645574400000,293.20000000,305.20000000,286.90000000,288.30000000,61445.07600000
1645660800000,288.40000000,309.70000000,259.60000000,300.60000000,207461.07800000
1645747200000,300.50000000,312.20000000,290.30000000,308.50000000,83986.05400000
1645833600000,308.70000000,324.70000000,307.20000000,315.30000000,70252.01000000
1645920000000,315.20000000,321.80000000,299.40000000,304.00000000,68260.32900000
1646006400000,304.00000000,339.20000000,300.50000000,339.00000000,63752.57500000
1646092800000,339.00000000,343.80000000,320.20000000,328.70000000,85168.23400000
1646179200000,328.70000000,331.40000000,318.00000000,320.20000000,53014.19900000
1646265600000,320.10000000,321.80000000,305.40000000,315.30000000,43765.62600000
1646352000000,315.20000000,315.50000000,285.80000000,290.40000000,51202.48700000
1646438400000,290.40000000,295.50000000,283.30000000,294.20000000,31733.76700000
1646524800000,294.20000000,296.20000000,281.30000000,282.00000000,33095.52100000
1646611200000,282.10000000,291.10000000,270.00000000,273.90000000,65709.16400000
1646697600000,273.80000000,289.70000000,272.30000000,284.70000000,71930.43600000
1646784000000,284.40000000,318.20000000,283.60000000,307.20000000,79058.31500000
1646870400000,307.10000000,309.00000000,283.30000000,289.40000000,64067.92100000
1646956800000,289.50000000,294.90000000,281.10000000,287.70000000,52856.94700000
1647043200000,287.60000000,294.30000000,287.20000000,290.80000000,31982.21700000
1647129600000,290.70000000,296.10000000,278.10000000,279.70000000,40607.31100000
1647216000000,279.70000000,290.00000000,277.40000000,289.50000000,47922.21500000
1647302400000,289.50000000,292.90000000,281.60000000,289.30000000,50923.92900000
1647388800000,289.20000000,302.50000000,286.20000000,299.80000000,66368.82800000
1647475200000,299.80000000,301.30000000,294.40000000,296.30000000,28223.55600000
1647561600000,296.20000000,306.50000000,290.50000000,305.50000000,47824.27700000
1647648000000,305.50000000,328.60000000,305.40000000,327.80000000,43265.13800000
1647734400000,327.80000000,332.90000000,315.30000000,327.40000000,63555.93600000
1647820800000,327.40000000,340.60000000,320.20000000,334.90000000,77658.04900000
1647907200000,334.80000000,387.10000000,334.30000000,375.40000000,186187.74400000
1647993600000,375.40000000,384.30000000,353.20000000,364.00000000,131767.74200000
1648080000000,364.00000000,367.60000000,351.50000000,366.10000000,86834.97000000
1648166400000,366.10000000,374.30000000,352.80000000,364.90000000,103907.69200000
1648252800000,365.00000000,366.30000000,356.50000000,362.10000000,45314.84300000
1648339200000,362.00000000,377.30000000,354.70000000,376.60000000,68517.84400000
1648425600000,376.60000000,385.90000000,363.30000000,368.50000000,118129.62200000
1648512000000,368.40000000,387.50000000,366.20000000,373.30000000,101742.57400000
1648598400000,373.20000000,386.70000000,362.70000000,380.10000000,88081.84700000
1648684800000,380.10000000,391.20000000,362.30000000,384.30000000,125124.26400000
1648771200000,384.00000000,389.40000000,363.20000000,377.20000000,94775.86400000
1648857600000,377.20000000,383.10000000,370.00000000,372.50000000,67876.57100000
1648944000000,372.50000000,381.40000000,368.10000000,378.60000000,36385.34300000
1649030400000,378.70000000,379.60000000,362.70000000,376.20000000,54217.97600000
1649116800000,376.20000000,382.20000000,364.90000000,365.40000000,40589.43800000
1649203200000,365.30000000,368.10000000,329.00000000,331.00000000,74696.67000000
1649289600000,330.90000000,340.00000000,325.10000000,336.10000000,36139.99500000
1649376000000,336.00000000,338.50000000,320.70000000,323.00000000,39494.23700000
1649462400000,322.90000000,327.70000000,321.40000000,325.90000000,23748.20100000
1649548800000,326.00000000,332.40000000,318.20000000,319.80000000,32583.90900000
1649635200000,319.80000000,321.00000000,290.70000000,294.80000000,57665.51000000
1649721600000,294.90000000,307.40000000,293.30000000,305.00000000,47614.94300000
1649808000000,305.00000000,349.60000000,301.30000000,341.20000000,139323.15000000
1649894400000,341.10000000,353.30000000,332.60000000,337.60000000,72737.76400000
1649980800000,337.60000000,345.20000000,333.20000000,340.80000000,41398.43500000
1650067200000,340.80000000,347.80000000,338.70000000,342.80000000,27809.62000000
1650153600000,342.80000000,348.80000000,327.20000000,328.10000000,31958.53900000
1650240000000,327.90000000,341.00000000,312.80000000,340.30000000,55095.06400000
1650326400000,340.40000000,343.00000000,332.40000000,340.50000000,40639.79900000
1650412800000,340.40000000,344.70000000,328.90000000,330.70000000,56703.39000000
1650499200000,330.60000000,345.70000000,311.20000000,315.60000000,54306.77000000
1650585600000,315.60000000,334.80000000,314.20000000,321.10000000,59306.42600000
1650672000000,321.00000000,324.20000000,311.20000000,312.50000000,19616.80500000
1650758400000,312.50000000,315.00000000,307.10000000,307.70000000,21891.37600000
1650844800000,307.60000000,315.90000000,299.80000000,314.50000000,52792.07700000
1650931200000,314.60000000,321.80000000,291.30000000,296.00000000,65129.01900000
1651017600000,296.10000000,309.40000000,293.60000000,307.20000000,47573.86300000
1651104000000,307.20000000,312.50000000,303.30000000,306.50000000,43647.97000000
1651190400000,306.40000000,309.00000000,290.80000000,294.60000000,57473.41200000
1651276800000,294.80000000,298.30000000,267.30000000,277.70000000,50642.59400000
1651363200000,277.80000000,287.80000000,272.70000000,284.00000000,43048.41500000
1651449600000,284.00000000,290.00000000,279.60000000,285.00000000,53144.92400000
1651536000000,285.10000000,289.70000000,276.30000000,279.40000000,39907.81900000
1651622400000,279.50000000,300.30000000,278.40000000,300.00000000,54287.64000000
1651708800000,299.80000000,302.60000000,272.30000000,277.30000000,82891.81500000
1651795200000,277.30000000,277.90000000,265.50000000,274.90000000,63296.08800000
1651881600000,274.90000000,277.50000000,263.50000000,268.00000000,37432.23700000
1651968000000,268.10000000,269.80000000,260.00000000,261.70000000,55073.92500000
1652054400000,261.80000000,266.50000000,215.00000000,217.90000000,171749.58531000
1652140800000,217.70000000,244.40000000,210.60000000,231.50000000,186759.91000000
1652227200000,231.60000000,250.00000000,183.60000000,194.90000000,345671.98183000
1652313600000,194.80000000,227.20000000,156.80000000,194.20000000,409283.88736000
1652400000000,194.30000000,222.20000000,191.70000000,202.40000000,320794.95100000
1652486400000,202.30000000,237.10000000,186.70000000,208.80000000,198757.51600000
1652572800000,208.90000000,216.10000000,202.50000000,214.90000000,138302.72400000
1652659200000,214.90000000,214.90000000,196.10000000,197.60000000,122135.50000000
1652745600000,197.70000000,215.60000000,194.80000000,206.90000000,244633.64100000
1652832000000,206.80000000,209.20000000,186.20000000,186.90000000,80255.79300000
1652918400000,187.00000000,198.90000000,180.80000000,196.50000000,101438.46900000
1653004800000,196.60000000,200.60000000,186.10000000,190.10000000,102758.79700000
1653091200000,190.00000000,195.80000000,186.60000000,192.40000000,51094.54600000
1653177600000,192.30000000,202.40000000,190.30000000,197.90000000,57951.32100000
1653264000000,197.90000000,208.20000000,189.00000000,192.00000000,116532.63300000
1653350400000,191.90000000,197.50000000,183.20000000,195.60000000,79347.83400000
1653436800000,195.60000000,201.40000000,189.30000000,190.20000000,102614.65200000
1653523200000,190.20000000,192.80000000,172.40000000,179.40000000,103116.09500000
1653609600000,179.30000000,185.00000000,171.60000000,174.80000000,141718.58800000
1653696000000,174.90000000,180.60000000,173.00000000,178.70000000,47540.24900000
1653782400000,178.70000000,186.40000000,175.50000000,185.20000000,54783.33600000
1653868800000,185.20000000,199.60000000,184.50000000,196.90000000,92580.36600000
1653955200000,197.00000000,207.40000000,191.60000000,204.60000000,151847.49900000
1654041600000,204.70000000,211.30000000,184.10000000,186.00000000,141982.78500000
1654128000000,185.90000000,189.80000000,182.40000000,189.00000000,63177.78200000
1654214400000,188.90000000,191.80000000,180.20000000,183.10000000,53426.61100000
1654300800000,183.00000000,189.90000000,180.00000000,188.80000000,34963.81800000
1654387200000,188.70000000,190.30000000,177.90000000,179.90000000,113501.59400000
1654473600000,179.90000000,189.20000000,179.00000000,185.60000000,88737.10700000
1654560000000,185.50000000,188.10000000,173.10000000,182.10000000,86468.19400000
1654646400000,182.00000000,183.00000000,174.90000000,176.80000000,59102.49600000
1654732800000,176.80000000,180.70000000,172.40000000,175.60000000,41535.41100000
1654819200000,175.60000000,177.60000000,166.00000000,167.40000000,86143.08900000
1654905600000,167.50000000,169.80000000,154.70000000,156.70000000,87238.86500000
1654992000000,156.80000000,158.40000000,145.70000000,146.00000000,115128.30401000
1655078400000,146.10000000,149.10000000,123.90000000,127.10000000,289756.38293000
1655164800000,127.00000000,135.00000000,117.70000000,125.90000000,213229.55553000
1655251200000,125.90000000,131.60000000,110.10000000,127.90000000,219558.00166000
1655337600000,128.00000000,130.90000000,107.20000000,109.40000000,320316.50600000
1655424000000,109.40000000,122.10000000,106.60000000,121.50000000,426728.02300000
1655510400000,121.60000000,125.40000000,109.00000000,115.50000000,287238.45500000
1655596800000,115.40000000,123.90000000,111.10000000,120.60000000,191603.13100000
1655683200000,120.50000000,124.60000000,116.10000000,118.70000000,149101.78700000
1655769600000,118.70000000,123.20000000,113.80000000,119.60000000,330662.73000000
1655856000000,119.60000000,119.60000000,112.50000000,112.80000000,123105.81900000
1655942400000,112.80000000,118.50000000,111.50000000,116.40000000,89088.92400000
1656028800000,116.40000000,121.20000000,113.50000000,114.30000000,215946.66300000
1656115200000,114.30000000,116.30000000,111.00000000,115.50000000,268020.38800000
1656201600000,115.60000000,119.50000000,112.40000000,112.90000000,213252.27300000
1656288000000,112.90000000,117.20000000,110.10000000,111.50000000,140432.42600000
1656374400000,111.50000000,112.90000000,102.20000000,103.30000000,198446.73600000
1656460800000,103.20000000,108.10000000,101.30000000,104.60000000,141256.32200000
1656547200000,104.70000000,104.90000000,97.20000000,103.20000000,144874.71500000
1656633600000,103.20000000,106.60000000,98.20000000,101.50000000,105091.00400000
1656720000000,101.50000000,107.20000000,100.60000000,106.60000000,64583.39700000
1656806400000,106.60000000,108.20000000,101.80000000,105.70000000,64949.57600000
1656892800000,105.70000000,108.60000000,102.60000000,108.10000000,78326.88600000
1656979200000,108.20000000,108.80000000,101.70000000,104.10000000,101111.63400000
1657065600000,104.00000000,107.30000000,102.80000000,105.90000000,98903.52500000
1657152000000,106.00000000,112.50000000,105.00000000,111.50000000,93603.65300000
1657238400000,111.50000000,113.70000000,106.80000000,108.60000000,94129.73800000
1657324800000,108.60000000,113.10000000,108.50000000,111.30000000,61596.64200000
1657411200000,111.40000000,111.60000000,105.30000000,106.80000000,54321.01300000
1657497600000,106.80000000,107.30000000,98.60000000,99.10000000,69451.61300000
1657584000000,99.10000000,101.20000000,96.70000000,97.20000000,78773.10400000
1657670400000,97.30000000,102.70000000,95.20000000,102.50000000,101045.44000000
1657756800000,102.60000000,104.10000000,99.10000000,103.00000000,79348.97400000
1657843200000,103.00000000,107.00000000,101.90000000,106.20000000,92927.22600000
1657929600000,106.20000000,110.70000000,103.80000000,109.50000000,87788.93400000
1658016000000,109.50000000,116.30000000,107.80000000,110.30000000,161027.80500000
1658102400000,110.30000000,122.10000000,110.00000000,121.40000000,157569.97900000
1658188800000,121.30000000,129.60000000,115.90000000,128.30000000,254745.54700000
1658275200000,128.30000000,131.30000000,119.80000000,121.70000000,166697.16700000
1658361600000,121.80000000,124.30000000,117.50000000,123.10000000,144413.33900000
1658448000000,123.10000000,129.50000000,119.70000000,123.30000000,186949.28600000
1658534400000,123.20000000,127.10000000,118.10000000,122.40000000,116672.58100000
1658620800000,122.30000000,135.00000000,122.30000000,131.90000000,164346.07000000
1658707200000,131.90000000,133.10000000,117.50000000,118.00000000,166912.88100000
1658793600000,118.10000000,119.10000000,113.60000000,118.90000000,126392.48200000
1658880000000,118.80000000,127.50000000,116.10000000,127.40000000,136958.93700000
1658966400000,127.40000000,159.70000000,127.10000000,155.80000000,461830.72400000
1659052800000,155.80000000,165.50000000,147.30000000,151.90000000,403957.60600000
1659139200000,151.90000000,154.60000000,143.20000000,145.50000000,171162.14000000
1659225600000,145.50000000,150.40000000,138.60000000,139.30000000,114363.65300000
1659312000000,139.30000000,142.20000000,134.00000000,137.90000000,105345.00300000
1659398400000,137.80000000,139.00000000,128.70000000,133.70000000,129667.97100000
1659484800000,133.70000000,143.00000000,130.30000000,133.90000000,101424.29400000
1659571200000,133.80000000,138.50000000,132.40000000,134.30000000,67767.61000000
1659657600000,134.30000000,142.20000000,133.90000000,142.00000000,110725.56400000
1659744000000,141.90000000,143.50000000,139.00000000,141.30000000,84623.86900000
1659830400000,141.30000000,143.90000000,137.90000000,141.00000000,62440.09500000
1659916800000,141.00000000,148.10000000,140.20000000,143.60000000,96906.15200000
1660003200000,143.60000000,144.50000000,133.30000000,134.70000000,114292.14900000
1660089600000,134.80000000,143.80000000,131.40000000,142.20000000,107977.37500000
1660176000000,142.10000000,148.80000000,141.70000000,142.90000000,145427.07400000
1660262400000,142.90000000,143.40000000,138.40000000,143.20000000,66455.02100000
1660348800000,143.20000000,147.10000000,142.40000000,144.20000000,63364.53500000
1660435200000,144.20000000,147.70000000,138.10000000,139.50000000,79063.38800000
1660521600000,139.50000000,143.40000000,133.80000000,137.20000000,93715.25300000
1660608000000,137.20000000,138.50000000,134.50000000,136.40000000,50347.98000000
1660694400000,136.40000000,144.90000000,132.40000000,133.80000000,127269.81700000
1660780800000,133.80000000,136.40000000,127.20000000,129.10000000,100726.99500000
1660867200000,129.00000000,129.10000000,113.40000000,114.40000000,176757.33200000
1660953600000,114.50000000,118.30000000,111.30000000,114.60000000,80142.23500000
1661040000000,114.70000000,120.60000000,114.20000000,119.70000000,76778.07100000
1661126400000,119.80000000,123.50000000,113.30000000,122.70000000,102465.71900000
1661212800000,122.70000000,135.80000000,119.90000000,133.30000000,161836.75000000
1661299200000,133.40000000,139.30000000,130.30000000,130.40000000,122996.90000000
1661385600000,130.40000000,132.80000000,128.50000000,130.60000000,72298.19500000
1661472000000,130.60000000,130.60000000,114.80000000,116.00000000,126679.41800000
1661558400000,116.10000000,118.50000000,113.10000000,115.20000000,144100.11400000
1661644800000,115.20000000,121.30000000,111.70000000,112.60000000,83911.90000000
1661731200000,112.60000000,123.50000000,110.80000000,119.50000000,110329.48500000
1661817600000,119.40000000,120.80000000,111.70000000,114.60000000,96427.49800000
1661904000000,114.60000000,118.00000000,114.20000000,115.20000000,50247.78600000
1661990400000,115.00000000,117.20000000,112.90000000,116.70000000,65712.91100000
1662076800000,116.70000000,120.50000000,114.60000000,116.30000000,107018.71500000
1662163200000,116.40000000,119.70000000,115.80000000,117.80000000,82739.11000000
1662249600000,117.80000000,118.40000000,115.80000000,118.30000000,66196.25400000
1662336000000,118.40000000,126.40000000,117.00000000,125.70000000,103294.28000000
1662422400000,125.70000000,128.00000000,111.70000000,112.20000000,146001.67800000
1662508800000,112.20000000,119.50000000,110.30000000,118.70000000,110684.84300000
1662595200000,118.80000000,130.50000000,115.90000000,126.50000000,212852.99800000
1662681600000,126.60000000,140.20000000,126.00000000,132.70000000,269297.02300000
1662768000000,132.70000000,135.00000000,130.40000000,132.60000000,119600.67100000
1662854400000,132.60000000,133.40000000,127.40000000,130.30000000,96300.44700000
1662940800000,130.30000000,132.90000000,126.20000000,129.00000000,114285.71000000
1663027200000,128.90000000,133.80000000,116.00000000,117.60000000,196200.84000000
1663113600000,117.50000000,120.80000000,116.00000000,119.90000000,73570.55500000
1663200000000,119.90000000,123.00000000,116.00000000,117.60000000,102959.18600000
1663286400000,117.50000000,120.90000000,116.10000000,119.50000000,102870.58600000
1663372800000,119.50000000,123.50000000,119.30000000,122.10000000,66653.98600000
1663459200000,122.20000000,122.20000000,110.50000000,111.80000000,92114.98200000
1663545600000,111.70000000,113.40000000,106.40000000,112.00000000,112632.73600000
1663632000000,112.00000000,114.90000000,110.80000000,112.80000000,86969.60800000
1663718400000,112.70000000,119.20000000,108.30000000,108.90000000,124129.32700000
1663804800000,108.80000000,117.30000000,108.70000000,116.50000000,77843.39000000
1663891200000,116.60000000,120.50000000,112.30000000,120.10000000,96078.24100000
1663977600000,120.20000000,122.30000000,117.30000000,117.30000000,67039.07100000
1664064000000,117.30000000,118.50000000,112.10000000,113.50000000,62611.03000000
1664150400000,113.50000000,117.60000000,112.50000000,116.30000000,66191.77900000
1664236800000,116.30000000,120.70000000,112.40000000,114.30000000,105830.62900000
1664323200000,114.30000000,115.90000000,110.10000000,114.10000000,78060.02800000
1664409600000,114.10000000,118.00000000,113.50000000,116.90000000,78588.35200000
1664496000000,117.00000000,125.00000000,114.80000000,120.10000000,141643.92500000
1664582400000,120.00000000,121.00000000,115.80000000,117.10000000,58522.77200000
1664668800000,117.10000000,118.60000000,113.80000000,114.30000000,85470.29000000
1664755200000,114.20000000,116.60000000,113.50000000,116.30000000,64768.72300000
1664841600000,116.30000000,122.10000000,115.60000000,121.10000000,74078.70700000
1664928000000,121.20000000,123.60000000,118.90000000,122.10000000,69793.07900000
1665014400000,122.10000000,123.80000000,117.80000000,118.40000000,55537.83800000
1665100800000,118.30000000,120.20000000,115.50000000,116.70000000,57774.35200000
1665187200000,116.70000000,118.80000000,115.60000000,116.90000000,37817.17900000
1665273600000,116.90000000,118.50000000,116.40000000,117.20000000,39843.49800000
1665360000000,117.20000000,118.10000000,110.60000000,111.60000000,48271.50200000
1665446400000,111.60000000,112.50000000,109.00000000,111.10000000,62627.04800000
1665532800000,111.20000000,112.90000000,110.70000000,111.70000000,70759.02100000
1665619200000,111.80000000,113.10000000,101.80000000,108.80000000,111802.85700000
1665705600000,108.80000000,111.80000000,106.60000000,107.50000000,67367.36900000
1665792000000,107.60000000,109.60000000,106.70000000,107.90000000,28022.37000000
1665878400000,107.90000000,111.00000000,107.80000000,110.30000000,22902.42000000
1665964800000,110.30000000,111.60000000,109.20000000,110.60000000,29010.83700000
1666051200000,110.60000000,111.50000000,107.10000000,108.70000000,38370.65500000
1666137600000,108.80000000,109.00000000,105.10000000,105.80000000,31119.44400000
1666224000000,105.80000000,109.00000000,104.90000000,106.50000000,31922.31900000
1666310400000,106.40000000,107.40000000,102.80000000,107.10000000,39967.06200000
1666396800000,107.10000000,110.50000000,106.10000000,108.60000000,33575.83800000
1666483200000,108.60000000,111.10000000,107.60000000,110.80000000,28095.48000000
1666569600000,110.90000000,111.20000000,107.40000000,107.90000000,30752.14000000
1666656000000,107.90000000,114.30000000,107.70000000,112.70000000,64718.95400000
1666742400000,112.80000000,116.40000000,112.00000000,114.40000000,66846.74500000
1666828800000,114.40000000,116.90000000,111.50000000,112.30000000,54627.54600000
1666915200000,112.40000000,116.30000000,111.00000000,115.60000000,58389.72600000
1667001600000,115.60000000,120.70000000,115.30000000,118.40000000,96372.21000000
1667088000000,118.50000000,120.30000000,114.40000000,116.10000000,55110.41700000
1667174400000,116.20000000,117.90000000,113.50000000,115.00000000,53424.33300000
1667260800000,115.00000000,116.60000000,113.80000000,115.00000000,48125.99000000
1667347200000,115.00000000,122.10000000,111.90000000,113.70000000,156409.70700000
1667433600000,113.60000000,120.20000000,113.20000000,115.60000000,76224.73500000
1667520000000,115.60000000,124.90000000,115.00000000,124.50000000,117930.06100000
1667606400000,124.40000000,126.00000000,122.10000000,123.70000000,79105.35000000
1667692800000,123.80000000,124.30000000,116.30000000,116.70000000,64341.01100000
1667779200000,116.70000000,119.40000000,115.30000000,117.90000000,80552.12200000
1667865600000,117.80000000,118.90000000,95.00000000,103.20000000,254612.50000000
1667952000000,103.10000000,104.00000000,87.00000000,89.00000000,218973.21222000
1668038400000,89.20000000,106.60000000,87.10000000,102.70000000,180212.82300000
1668124800000,102.60000000,107.00000000,98.70000000,103.10000000,118519.93700000
1668211200000,103.00000000,103.30000000,97.70000000,102.70000000,62502.19900000
1668297600000,102.70000000,103.60000000,98.00000000,99.60000000,99441.56200000
1668384000000,99.60000000,104.80000000,96.20000000,103.90000000,167714.73700000
1668470400000,104.00000000,106.40000000,102.30000000,103.90000000,87863.51500000
1668556800000,103.90000000,109.90000000,102.50000000,104.40000000,95714.73200000
1668643200000,104.40000000,105.30000000,101.20000000,103.90000000,50063.29900000
1668729600000,103.80000000,105.80000000,103.60000000,104.80000000,46239.22200000
1668816000000,104.70000000,106.30000000,103.90000000,104.90000000,32077.80800000
1668902400000,104.90000000,107.60000000,103.10000000,104.80000000,81819.40800000
1668988800000,104.90000000,107.60000000,100.50000000,103.40000000,106990.67000000
1669075200000,103.30000000,109.50000000,103.00000000,109.40000000,112361.60500000
1669161600000,109.40000000,119.90000000,108.40000000,115.00000000,183818.47400000
1669248000000,115.00000000,118.80000000,113.10000000,115.90000000,105513.38900000
1669334400000,115.90000000,116.40000000,113.20000000,113.80000000,51750.06100000
1669420800000,113.90000000,115.70000000,111.40000000,112.50000000,43902.31200000
1669507200000,112.40000000,113.80000000,110.70000000,111.20000000,33855.79200000
1669593600000,111.10000000,112.00000000,106.00000000,110.00000000,57502.51500000
1669680000000,110.00000000,113.20000000,109.10000000,111.00000000,41863.51100000
1669766400000,110.90000000,114.70000000,110.40000000,113.50000000,59280.21600000
1669852800000,113.50000000,113.90000000,109.60000000,110.30000000,57412.05600000
1669939200000,110.30000000,113.00000000,108.20000000,112.00000000,43985.79500000
1670025600000,112.00000000,112.70000000,109.50000000,109.70000000,32270.27000000
1670112000000,109.70000000,112.00000000,109.50000000,111.00000000,34713.42500000
1670198400000,111.10000000,117.00000000,109.70000000,110.40000000,96125.46100000
1670284800000,110.40000000,112.30000000,110.20000000,112.10000000,42918.22200000
1670371200000,112.20000000,112.90000000,107.50000000,109.10000000,51425.92000000
1670457600000,109.10000000,112.30000000,108.40000000,111.90000000,41721.42600000
1670544000000,111.90000000,112.30000000,109.00000000,109.90000000,52086.96500000
1670630400000,109.90000000,110.50000000,108.80000000,109.10000000,27203.90700000
1670716800000,109.10000000,109.90000000,105.90000000,106.30000000,41607.98000000
1670803200000,106.20000000,106.90000000,102.10000000,106.30000000,58195.80700000
1670889600000,106.20000000,111.50000000,103.70000000,110.40000000,118517.49700000
1670976000000,110.40000000,111.40000000,107.40000000,109.10000000,48182.88600000
1671062400000,109.00000000,110.00000000,106.70000000,107.20000000,33064.33100000
1671148800000,107.20000000,108.10000000,98.70000000,100.10000000,65845.58400000
1671235200000,100.10000000,103.40000000,98.70000000,103.10000000,52252.73700000
1671321600000,103.20000000,103.70000000,101.40000000,102.00000000,22885.58800000
1671408000000,102.00000000,103.00000000,97.90000000,98.40000000,40529.38700000
1671494400000,98.30000000,102.50000000,98.30000000,101.70000000,36935.55500000
1671580800000,101.60000000,102.30000000,99.80000000,100.30000000,17479.27200000
1671667200000,100.40000000,101.50000000,99.30000000,101.40000000,15722.59100000
1671753600000,101.40000000,103.00000000,101.20000000,102.00000000,19135.88600000
1671840000000,102.00000000,102.80000000,101.50000000,101.70000000,10568.98500000
1671926400000,101.60000000,102.00000000,99.70000000,101.40000000,19201.42700000
1672012800000,101.40000000,103.60000000,100.90000000,103.40000000,18810.57600000
1672099200000,103.50000000,103.80000000,101.10000000,101.70000000,17120.83500000
1672185600000,101.80000000,102.60000000,98.70000000,99.20000000,30613.42400000
1672272000000,99.10000000,100.30000000,97.20000000,98.40000000,31656.69100000
1672358400000,98.50000000,98.50000000,95.10000000,96.80000000,55044.68700000
1672444800000,96.70000000,98.40000000,96.40000000,97.00000000,24282.68500000
1672531200000,97.00000000,97.60000000,96.20000000,96.80000000,10264.91900000
1672617600000,96.80000000,100.40000000,95.50000000,99.30000000,41183.03800000
1672704000000,99.30000000,100.40000000,98.80000000,99.60000000,34511.54400000
1672790400000,99.60000000,102.50000000,99.50000000,101.50000000,58636.88500000
1672876800000,101.60000000,103.50000000,100.60000000,101.20000000,60392.46200000
1672963200000,101.10000000,101.90000000,98.00000000,101.70000000,63179.02000000
1673049600000,101.60000000,102.30000000,101.10000000,101.40000000,30203.64500000
1673136000000,101.50000000,104.00000000,100.80000000,103.70000000,52981.95800000
1673222400000,103.70000000,107.90000000,103.60000000,106.90000000,68710.65700000
1673308800000,106.80000000,109.30000000,105.50000000,107.40000000,45513.41500000
1673395200000,107.50000000,110.10000000,105.50000000,109.90000000,41716.03100000
1673481600000,109.90000000,129.40000000,107.30000000,119.70000000,241816.75200000
1673568000000,119.60000000,128.00000000,117.80000000,124.60000000,143625.19400000
1673654400000,124.50000000,131.30000000,120.00000000,125.80000000,163633.92900000
1673740800000,125.80000000,127.50000000,121.40000000,124.80000000,83784.61900000
1673827200000,124.90000000,127.10000000,119.50000000,124.20000000,88029.13900000
1673913600000,124.20000000,125.70000000,121.80000000,122.70000000,53759.08500000
1674000000000,122.80000000,127.50000000,115.20000000,118.70000000,94056.58700000
1674086400000,118.60000000,122.50000000,118.60000000,121.60000000,39384.00700000
1674172800000,121.70000000,128.20000000,120.40000000,128.10000000,56520.94900000
1674259200000,128.00000000,134.20000000,125.30000000,128.00000000,98438.73900000
1674345600000,128.00000000,132.50000000,127.20000000,128.60000000,56391.95800000
1674432000000,128.50000000,138.60000000,128.40000000,133.20000000,96735.20800000
1674518400000,133.20000000,137.20000000,125.60000000,128.20000000,57354.05400000
1674604800000,128.20000000,134.60000000,125.30000000,131.80000000,48990.86300000
1674691200000,131.90000000,135.10000000,129.50000000,134.00000000,46366.21900000
1674777600000,133.90000000,136.40000000,131.70000000,135.20000000,44599.70800000
1674864000000,135.20000000,135.80000000,131.30000000,132.70000000,28534.60600000
1674950400000,132.70000000,138.70000000,131.90000000,136.60000000,51248.78100000
1675036800000,136.50000000,136.70000000,127.40000000,131.20000000,62216.15800000
1675123200000,131.20000000,136.50000000,130.60000000,133.30000000,42244.26500000
1675209600000,133.30000000,136.90000000,129.80000000,136.20000000,50549.85500000
1675296000000,136.20000000,143.60000000,135.50000000,136.70000000,82403.92500000
1675382400000,136.80000000,139.60000000,136.10000000,137.90000000,39249.19900000
1675468800000,137.90000000,140.10000000,136.40000000,138.00000000,31490.90300000
1675555200000,138.10000000,138.30000000,132.70000000,134.40000000,42079.31100000
1675641600000,134.40000000,135.00000000,130.20000000,131.50000000,29789.53600000
1675728000000,131.50000000,137.60000000,131.20000000,135.90000000,41185.68300000
1675814400000,135.90000000,136.80000000,129.40000000,131.60000000,44511.53300000
1675900800000,131.50000000,132.50000000,121.80000000,126.60000000,84390.54200000
1675987200000,126.70000000,130.30000000,123.80000000,124.30000000,47331.03500000
1676073600000,124.30000000,125.40000000,123.10000000,124.60000000,37171.50300000
1676160000000,124.70000000,126.70000000,121.20000000,122.90000000,30304.05100000
1676246400000,122.80000000,124.70000000,119.70000000,123.80000000,64537.55400000
1676332800000,123.90000000,127.20000000,122.80000000,126.70000000,51039.35300000
1676419200000,126.70000000,135.40000000,125.10000000,134.80000000,64483.62200000
1676505600000,134.80000000,135.80000000,127.60000000,128.00000000,61743.17400000
1676592000000,127.90000000,134.70000000,127.50000000,133.40000000,51358.08500000
1676678400000,133.40000000,138.80000000,133.20000000,136.20000000,46251.43200000
1676764800000,136.20000000,141.10000000,134.60000000,136.00000000,58952.37500000
1676851200000,136.10000000,149.10000000,133.20000000,145.10000000,123482.86800000
1676937600000,145.00000000,154.40000000,142.70000000,145.30000000,144377.87800000
1677024000000,145.30000000,145.70000000,136.80000000,142.00000000,49878.01700000
1677110400000,141.90000000,143.80000000,137.40000000,138.80000000,37061.14700000
1677196800000,138.70000000,139.70000000,130.40000000,132.70000000,39473.82600000
1677283200000,132.70000000,135.60000000,129.50000000,133.20000000,39638.76100000
1677369600000,133.10000000,137.50000000,132.20000000,136.30000000,27869.47000000
1677456000000,136.30000000,138.20000000,133.30000000,135.20000000,33727.45900000
1677542400000,135.20000000,135.30000000,130.50000000,132.00000000,37638.50700000
1677628800000,132.00000000,135.90000000,131.70000000,134.30000000,29814.26900000
1677715200000,134.30000000,134.80000000,129.80000000,131.80000000,32693.29900000
1677801600000,131.90000000,131.90000000,120.00000000,126.40000000,51028.14000000
1677888000000,126.30000000,127.20000000,122.30000000,124.40000000,21819.80500000
1677974400000,124.30000000,126.50000000,123.20000000,124.00000000,14793.09300000
1678060800000,124.00000000,125.00000000,122.10000000,124.20000000,22612.19900000
1678147200000,124.20000000,126.00000000,120.00000000,122.10000000,28569.05000000
1678233600000,122.20000000,122.60000000,114.50000000,116.60000000,42494.95900000
1678320000000,116.60000000,118.40000000,106.40000000,110.20000000,51768.29900000
1678406400000,110.30000000,111.90000000,105.10000000,111.50000000,62563.88600000
1678492800000,111.50000000,115.10000000,107.20000000,113.60000000,67504.73600000
1678579200000,113.60000000,120.90000000,112.00000000,120.20000000,52359.59300000
1678665600000,120.30000000,128.10000000,119.10000000,126.60000000,91701.17600000
1678752000000,126.60000000,140.00000000,125.20000000,131.00000000,97283.00400000
1678838400000,131.00000000,133.80000000,122.00000000,123.20000000,65394.58900000
1678924800000,123.10000000,127.00000000,122.20000000,125.80000000,49577.94000000
1679011200000,125.70000000,135.70000000,124.80000000,135.50000000,56746.17800000
1679097600000,135.50000000,138.00000000,130.20000000,131.10000000,47669.45000000
1679184000000,131.00000000,136.90000000,131.00000000,135.70000000,31897.55400000
1679270400000,135.80000000,139.50000000,129.50000000,130.30000000,53715.15600000
1679356800000,130.30000000,134.70000000,125.60000000,134.00000000,68393.70100000
1679443200000,134.00000000,134.20000000,122.80000000,125.90000000,76774.38000000
1679529600000,126.00000000,131.10000000,124.40000000,128.60000000,88044.15100000
1679616000000,128.70000000,131.90000000,121.50000000,123.70000000,81345.70100000
1679702400000,123.80000000,127.50000000,123.20000000,125.20000000,32778.42500000
1679788800000,125.10000000,127.10000000,123.60000000,124.70000000,27644.55500000
1679875200000,124.70000000,125.00000000,116.60000000,120.40000000,64614.15400000
1679961600000,120.40000000,122.30000000,119.10000000,120.90000000,59140.68100000
1680048000000,120.90000000,124.80000000,120.40000000,123.30000000,58026.01300000
1680134400000,123.30000000,125.30000000,119.00000000,121.10000000,61260.39300000
1680220800000,121.10000000,124.60000000,120.10000000,123.90000000,33062.45900000
1680307200000,123.90000000,127.60000000,123.40000000,126.10000000,40065.83000000
1680393600000,126.10000000,126.50000000,121.20000000,123.00000000,32720.46500000
1680480000000,123.00000000,129.70000000,119.50000000,127.80000000,117684.74000000
1680566400000,127.80000000,128.30000000,125.90000000,127.10000000,49808.46900000
1680652800000,127.10000000,130.00000000,125.20000000,127.20000000,49976.72300000
1680739200000,127.30000000,127.60000000,124.80000000,126.00000000,23152.35200000
1680825600000,126.10000000,126.60000000,123.20000000,124.50000000,27864.21900000
1680912000000,124.50000000,125.20000000,122.80000000,123.80000000,17951.77600000
1680998400000,123.70000000,126.40000000,123.30000000,125.60000000,17464.43700000
1681084800000,125.50000000,128.70000000,124.00000000,128.00000000,32059.60400000
1681171200000,128.00000000,130.70000000,127.40000000,129.10000000,43069.52000000
1681257600000,129.10000000,129.90000000,125.40000000,128.70000000,42992.59800000
1681344000000,128.80000000,132.60000000,128.00000000,131.10000000,52186.84400000
1681430400000,131.10000000,134.40000000,128.90000000,132.20000000,60371.40900000
1681516800000,132.20000000,133.60000000,130.70000000,132.50000000,37448.83100000
1681603200000,132.50000000,136.10000000,131.10000000,134.40000000,40000.53500000
1681689600000,134.30000000,134.50000000,130.20000000,131.50000000,39990.33200000
1681776000000,131.50000000,134.20000000,130.30000000,133.60000000,33908.82700000
1681862400000,133.60000000,133.90000000,122.60000000,124.90000000,77117.41200000
1681948800000,124.80000000,126.90000000,121.40000000,123.20000000,39412.50700000
1682035200000,123.10000000,125.10000000,118.30000000,119.80000000,44640.14600000
1682121600000,119.80000000,122.80000000,119.10000000,122.00000000,28302.99900000
1682208000000,122.10000000,122.80000000,117.90000000,119.80000000,23382.79900000
1682294400000,119.80000000,121.60000000,118.70000000,119.20000000,39350.50400000
1682380800000,119.20000000,120.40000000,116.60000000,120.20000000,30910.41700000
1682467200000,120.20000000,123.40000000,111.50000000,117.60000000,62735.55900000
1682553600000,117.60000000,120.40000000,116.20000000,117.00000000,77460.87700000
1682640000000,117.00000000,120.40000000,115.30000000,118.00000000,53783.83900000
1682726400000,118.00000000,120.20000000,117.60000000,119.70000000,16978.82700000
1682812800000,119.70000000,121.00000000,117.60000000,117.70000000,23552.93700000
1682899200000,117.60000000,118.40000000,115.10000000,117.10000000,22506.42500000
1682985600000,117.00000000,119.70000000,116.30000000,119.30000000,24470.90700000
1683072000000,119.20000000,120.80000000,115.90000000,120.00000000,28932.33000000
1683158400000,120.00000000,120.20000000,116.40000000,117.30000000,18089.49800000
1683244800000,117.30000000,121.00000000,116.50000000,120.00000000,27513.87400000
1683331200000,120.00000000,120.60000000,115.30000000,117.00000000,28806.37700000
1683417600000,116.90000000,117.70000000,115.80000000,116.10000000,13454.76800000
1683504000000,116.00000000,116.80000000,107.00000000,111.10000000,52782.19700000
1683590400000,111.20000000,123.90000000,110.10000000,122.20000000,235926.06000000
1683676800000,122.20000000,124.70000000,111.50000000,115.80000000,154502.29300000
1683763200000,115.70000000,115.80000000,110.00000000,113.20000000,47106.72300000
1683849600000,113.20000000,115.70000000,112.20000000,114.70000000,43317.95700000
1683936000000,114.70000000,115.00000000,112.50000000,113.00000000,21084.69100000
1684022400000,113.00000000,116.10000000,112.90000000,115.20000000,27029.82700000
1684108800000,115.20000000,120.90000000,114.20000000,116.10000000,77793.59400000
1684195200000,116.10000000,117.60000000,114.00000000,116.70000000,24166.61200000
1684281600000,116.70000000,118.80000000,115.30000000,118.00000000,40417.30000000
1684368000000,118.00000000,118.10000000,112.80000000,115.30000000,31700.59300000
1684454400000,115.20000000,116.10000000,114.40000000,115.60000000,17682.87600000
1684540800000,115.50000000,117.00000000,114.60000000,116.60000000,17287.17100000
1684627200000,116.70000000,117.10000000,113.80000000,114.70000000,13837.85300000
1684713600000,114.70000000,115.30000000,113.00000000,114.70000000,28252.40600000
1684800000000,114.70000000,117.40000000,114.70000000,115.70000000,23419.68700000
1684886400000,115.70000000,115.70000000,110.80000000,112.10000000,35368.58700000
1684972800000,112.10000000,112.40000000,109.20000000,111.90000000,21059.75700000
1685059200000,111.90000000,113.80000000,111.40000000,113.20000000,17662.87300000
1685145600000,113.20000000,114.10000000,112.10000000,113.80000000,11827.76200000
1685232000000,113.90000000,116.80000000,113.60000000,116.40000000,20725.44900000
1685318400000,116.50000000,117.30000000,114.60000000,114.90000000,36462.58600000
1685404800000,114.90000000,115.80000000,113.80000000,113.90000000,29794.61400000
1685491200000,113.90000000,114.30000000,112.00000000,113.20000000,34303.53700000
1685577600000,113.30000000,113.60000000,111.50000000,113.40000000,19159.63600000
1685664000000,113.30000000,115.40000000,112.80000000,114.90000000,27534.32500000
1685750400000,114.80000000,115.30000000,114.20000000,114.90000000,15120.55600000
1685836800000,114.90000000,117.00000000,114.10000000,115.70000000,36263.79800000
1685923200000,115.70000000,115.70000000,107.00000000,108.70000000,61000.73600000
1686009600000,108.70000000,115.10000000,107.50000000,114.90000000,50108.60800000
1686096000000,114.90000000,117.10000000,110.00000000,111.10000000,52617.49700000
1686182400000,111.10000000,112.50000000,110.20000000,111.90000000,17049.47100000
1686268800000,111.80000000,112.10000000,109.60000000,110.80000000,25473.66800000
1686355200000,110.80000000,111.00000000,90.30000000,103.40000000,144691.22600000
1686441600000,103.40000000,103.60000000,101.60000000,102.80000000,28551.01400000
1686528000000,102.80000000,104.20000000,100.50000000,102.70000000,20099.81600000
1686614400000,102.80000000,106.80000000,102.20000000,105.30000000,31135.10100000
1686700800000,105.40000000,106.30000000,100.50000000,101.70000000,24515.35500000
1686787200000,101.70000000,105.10000000,101.70000000,104.90000000,29187.91400000
1686873600000,104.80000000,109.50000000,102.70000000,108.10000000,19696.14300000
1686960000000,108.20000000,108.60000000,106.10000000,106.70000000,20624.11200000
1687046400000,106.70000000,108.80000000,105.60000000,107.00000000,34258.43600000
1687132800000,106.90000000,107.30000000,104.80000000,106.80000000,22916.62200000
1687219200000,106.90000000,110.60000000,105.20000000,110.00000000,39355.48600000
1687305600000,110.00000000,141.70000000,109.60000000,135.90000000,541394.24000000
1687392000000,135.80000000,152.00000000,128.90000000,133.50000000,323358.50900000
1687478400000,133.40000000,193.50000000,133.40000000,182.20000000,787313.75900000
1687564800000,182.30000000,221.90000000,179.10000000,212.70000000,1004614.43200000
1687651200000,212.60000000,219.90000000,185.60000000,194.30000000,689870.80900000
1687737600000,194.20000000,235.00000000,187.50000000,223.70000000,926039.44000000
1687824000000,223.80000000,239.40000000,216.00000000,229.90000000,726957.41500000
1687910400000,230.00000000,244.00000000,219.70000000,225.10000000,732766.71300000
1687996800000,225.00000000,255.50000000,223.80000000,253.40000000,711269.16200000
1688083200000,253.30000000,329.00000000,252.20000000,304.20000000,1709900.03100000
1688169600000,304.20000000,310.80000000,278.10000000,291.30000000,540822.10000000
1688256000000,291.30000000,308.90000000,268.20000000,299.20000000,804213.70400000
1688342400000,299.30000000,302.60000000,279.30000000,292.20000000,387646.47900000
1688428800000,292.20000000,293.40000000,271.20000000,272.40000000,273833.46400000
1688515200000,272.40000000,278.70000000,248.90000000,272.00000000,495714.65200000
1688601600000,271.90000000,303.70000000,268.10000000,275.00000000,810940.70200000
1688688000000,275.00000000,289.70000000,272.10000000,278.30000000,399084.96700000
1688774400000,278.40000000,283.20000000,261.70000000,272.00000000,219928.77300000
1688860800000,272.00000000,279.70000000,262.20000000,265.60000000,173195.33100000
1688947200000,265.60000000,287.80000000,258.60000000,274.70000000,371744.55500000
1689033600000,274.80000000,277.60000000,270.20000000,274.00000000,132701.15200000
1689120000000,274.00000000,295.00000000,272.70000000,282.20000000,285425.87000000
1689206400000,282.30000000,292.40000000,268.60000000,273.90000000,424908.31200000
1689292800000,274.00000000,278.20000000,253.60000000,264.00000000,325720.08400000
1689379200000,264.00000000,264.00000000,245.60000000,253.30000000,172753.55400000
1689465600000,253.30000000,261.30000000,247.40000000,249.90000000,198980.26000000
1689552000000,249.90000000,254.60000000,236.00000000,241.90000000,207007.95400000
1689638400000,241.90000000,248.10000000,231.50000000,243.60000000,233675.86500000
1689724800000,243.60000000,252.00000000,241.20000000,244.00000000,120416.23500000
1689811200000,244.00000000,255.30000000,240.20000000,244.00000000,124497.66300000
1689897600000,244.00000000,248.30000000,241.50000000,246.10000000,66221.00100000
1689984000000,246.10000000,247.80000000,237.20000000,239.40000000,57879.99300000
1690070400000,239.30000000,255.70000000,238.20000000,249.50000000,124084.94300000
1690156800000,249.50000000,253.90000000,235.80000000,238.40000000,111892.75700000
1690243200000,238.50000000,239.70000000,232.00000000,237.10000000,75736.75800000
1690329600000,237.10000000,244.70000000,233.70000000,242.20000000,100177.31800000
1690416000000,242.20000000,249.70000000,240.90000000,245.20000000,90392.15500000
1690502400000,245.30000000,245.50000000,241.10000000,241.20000000,32584.43400000
1690588800000,241.20000000,242.50000000,238.20000000,241.80000000,36370.19800000
1690675200000,241.90000000,256.30000000,241.10000000,253.00000000,174533.31700000
1690761600000,253.10000000,259.40000000,247.20000000,247.90000000,147768.88200000
1690848000000,247.90000000,248.90000000,238.70000000,245.10000000,113455.65300000
1690934400000,245.00000000,247.40000000,220.70000000,229.10000000,199778.70800000
1691020800000,229.10000000,231.70000000,222.70000000,225.20000000,95401.70600000
1691107200000,225.20000000,230.10000000,220.70000000,227.70000000,95260.81200000
1691193600000,227.70000000,229.00000000,223.20000000,226.70000000,64492.18100000
1691280000000,226.70000000,228.60000000,221.50000000,223.10000000,54562.27400000
1691366400000,223.10000000,245.40000000,216.70000000,237.70000000,634275.11000000
1691452800000,237.80000000,249.60000000,234.90000000,238.40000000,365898.77900000
1691539200000,238.40000000,239.70000000,233.70000000,238.70000000,141822.19800000
1691625600000,238.80000000,240.60000000,230.30000000,231.90000000,201215.14400000
1691712000000,231.90000000,233.00000000,227.20000000,229.10000000,102086.48200000
1691798400000,229.00000000,231.00000000,227.40000000,228.70000000,40224.07700000
1691884800000,228.70000000,231.20000000,225.00000000,228.40000000,54576.18600000
1691971200000,228.40000000,231.30000000,225.60000000,230.20000000,50608.40500000
1692057600000,230.10000000,237.30000000,225.70000000,228.90000000,228794.82800000
1692144000000,228.80000000,231.30000000,201.00000000,208.20000000,227813.16100000
1692230400000,208.20000000,211.40000000,165.40000000,184.20000000,323267.82100000
1692316800000,184.20000000,192.00000000,178.60000000,187.50000000,185828.92800000
1692403200000,187.40000000,192.10000000,184.30000000,187.10000000,117199.24800000
1692489600000,187.20000000,190.70000000,186.60000000,188.90000000,76291.83600000
1692576000000,188.90000000,199.20000000,180.60000000,185.70000000,100809.24300000
1692662400000,185.80000000,188.30000000,176.70000000,184.90000000,74586.66100000
1692748800000,185.10000000,197.00000000,184.70000000,193.80000000,108545.33800000
1692835200000,193.80000000,195.20000000,188.70000000,194.20000000,77314.99800000
1692921600000,194.10000000,194.80000000,188.40000000,192.10000000,78762.27700000
1693008000000,192.00000000,192.40000000,188.90000000,190.10000000,24752.66200000
1693094400000,190.10000000,201.90000000,190.00000000,197.80000000,69886.29500000
1693180800000,197.80000000,198.00000000,187.20000000,190.70000000,75096.93700000
1693267200000,190.60000000,228.40000000,189.00000000,225.20000000,314215.08000000
1693353600000,225.30000000,225.90000000,211.30000000,215.90000000,168554.10600000
1693440000000,216.00000000,223.00000000,203.10000000,207.60000000,196869.48700000
1693526400000,207.60000000,211.10000000,197.70000000,199.60000000,113364.15700000
1693612800000,199.60000000,201.80000000,190.80000000,195.00000000,82618.20400000
1693699200000,195.00000000,198.20000000,191.20000000,196.10000000,62087.24500000
1693785600000,196.20000000,199.10000000,189.80000000,193.90000000,92638.64700000
1693872000000,193.80000000,195.20000000,189.40000000,192.10000000,64258.26000000
1693958400000,192.00000000,195.80000000,189.50000000,193.10000000,57399.18600000
1694044800000,193.10000000,194.50000000,189.90000000,193.60000000,70621.14200000
1694131200000,193.60000000,197.10000000,190.60000000,193.10000000,101658.82200000
1694217600000,193.20000000,196.40000000,191.00000000,193.10000000,45203.14300000
1694304000000,193.00000000,193.10000000,182.00000000,190.30000000,76889.39400000
1694390400000,190.40000000,191.80000000,180.50000000,184.20000000,112676.34100000
1694476800000,184.30000000,210.70000000,184.00000000,198.50000000,257812.89000000
1694563200000,198.40000000,204.50000000,195.80000000,199.60000000,154766.63400000
1694649600000,199.60000000,210.60000000,198.50000000,207.80000000,174611.16000000
1694736000000,207.90000000,225.80000000,206.10000000,217.20000000,245876.81700000
1694822400000,217.10000000,223.90000000,212.70000000,214.60000000,116619.65900000
1694908800000,214.60000000,214.90000000,205.10000000,209.90000000,105720.44100000
1694995200000,210.00000000,225.70000000,207.40000000,217.30000000,189941.39500000
1695081600000,217.30000000,222.50000000,214.50000000,218.70000000,100740.14400000
1695168000000,218.70000000,221.00000000,211.50000000,215.40000000,133808.86900000
1695254400000,215.50000000,215.70000000,205.70000000,208.50000000,101970.74300000
1695340800000,208.60000000,210.20000000,204.20000000,207.80000000,69681.96300000
1695427200000,207.80000000,209.70000000,206.60000000,208.20000000,40415.18300000
1695513600000,208.20000000,210.00000000,202.80000000,204.70000000,48724.08700000
1695600000000,204.70000000,213.70000000,201.80000000,210.50000000,77227.07500000
1695686400000,210.50000000,216.00000000,209.50000000,214.60000000,108582.48200000
1695772800000,214.70000000,236.70000000,213.40000000,229.40000000,246673.15200000
1695859200000,229.30000000,245.80000000,227.90000000,238.70000000,269639.01300000
1695945600000,238.70000000,241.40000000,229.10000000,235.00000000,143794.19800000
1696032000000,235.00000000,239.90000000,231.90000000,233.90000000,82412.87800000
1696118400000,233.90000000,245.30000000,232.80000000,242.30000000,108512.94300000
1696204800000,242.40000000,256.50000000,240.50000000,246.30000000,263100.24700000
1696291200000,246.30000000,251.50000000,227.80000000,230.30000000,195755.37400000
1696377600000,230.20000000,234.20000000,223.60000000,233.10000000,88354.19700000
1696464000000,233.10000000,234.90000000,225.50000000,230.90000000,82627.43500000
1696550400000,231.00000000,234.00000000,226.10000000,230.80000000,57289.91600000
1696636800000,230.90000000,236.40000000,228.40000000,230.20000000,58115.35500000
1696723200000,230.20000000,233.10000000,226.50000000,227.80000000,41168.99200000
1696809600000,227.80000000,229.10000000,210.60000000,218.40000000,92214.88600000
1696896000000,218.50000000,220.40000000,210.30000000,212.20000000,87818.44800000
1696982400000,212.20000000,217.10000000,206.30000000,214.10000000,87609.57500000
1697068800000,214.00000000,217.50000000,207.50000000,214.00000000,73624.82800000
1697155200000,214.10000000,218.90000000,211.90000000,217.20000000,82605.26000000
1697241600000,217.30000000,218.20000000,214.30000000,214.50000000,23391.75000000
1697328000000,214.50000000,216.70000000,212.80000000,215.10000000,29138.27900000
1697414400000,215.20000000,249.70000000,214.80000000,230.80000000,269226.06700000
1697500800000,230.80000000,232.50000000,223.60000000,226.40000000,104566.10700000
1697587200000,226.30000000,232.90000000,224.60000000,226.80000000,113316.71500000
1697673600000,226.80000000,235.30000000,224.80000000,227.30000000,81905.78400000
1697760000000,227.30000000,249.90000000,226.10000000,240.40000000,158204.57500000
1697846400000,240.40000000,246.60000000,237.80000000,244.00000000,96104.26500000
1697932800000,244.10000000,254.70000000,237.10000000,243.40000000,139159.29000000
1698019200000,243.40000000,264.80000000,240.30000000,262.00000000,214037.56600000
1698105600000,262.00000000,269.90000000,245.50000000,251.90000000,192549.22400000
1698192000000,251.90000000,259.80000000,248.20000000,254.20000000,99341.49100000
1698278400000,254.20000000,257.00000000,240.30000000,247.30000000,99382.20000000
1698364800000,247.30000000,247.60000000,232.80000000,239.30000000,73954.68500000
1698451200000,239.20000000,247.90000000,238.80000000,245.00000000,92960.81800000
1698537600000,244.90000000,249.80000000,242.30000000,246.10000000,55762.80500000
1698624000000,246.00000000,250.90000000,241.20000000,245.80000000,64211.53800000
1698710400000,245.90000000,249.00000000,235.80000000,244.90000000,96173.64600000
1698796800000,244.90000000,247.30000000,236.50000000,245.30000000,90863.41800000
1698883200000,245.20000000,249.50000000,230.40000000,235.50000000,111134.64100000
1698969600000,235.50000000,241.00000000,231.10000000,237.60000000,86161.05000000
1699056000000,237.40000000,240.70000000,235.70000000,240.40000000,31159.01200000
1699142400000,240.50000000,243.10000000,233.30000000,237.50000000,70650.13700000
1699228800000,237.70000000,244.90000000,235.50000000,242.80000000,56406.54400000
1699315200000,242.90000000,251.90000000,237.20000000,243.90000000,128431.43100000
1699401600000,243.80000000,247.40000000,241.70000000,245.50000000,54141.06100000
1699488000000,245.40000000,257.80000000,212.00000000,240.10000000,225713.45000000
1699574400000,240.20000000,242.80000000,233.50000000,239.70000000,116981.35400000
1699660800000,239.80000000,241.70000000,232.30000000,236.70000000,86120.72700000
1699747200000,236.60000000,239.50000000,230.20000000,236.60000000,52434.36400000
1699833600000,236.60000000,240.40000000,231.90000000,234.00000000,122764.00800000
1699920000000,233.90000000,238.90000000,220.50000000,232.00000000,87054.48400000
1700006400000,232.00000000,238.20000000,230.10000000,237.80000000,58741.23600000
1700092800000,237.90000000,245.00000000,230.30000000,234.00000000,111489.39900000
1700179200000,233.90000000,234.80000000,221.40000000,229.70000000,91590.32700000
1700265600000,229.80000000,229.80000000,220.80000000,227.30000000,35985.71100000
1700352000000,227.30000000,231.00000000,224.00000000,230.10000000,33559.19100000
1700438400000,230.10000000,230.50000000,224.50000000,226.20000000,43383.83800000
1700524800000,226.20000000,236.30000000,212.70000000,216.40000000,154187.98700000
1700611200000,216.30000000,224.70000000,215.40000000,223.80000000,71131.82800000
1700697600000,223.80000000,227.60000000,221.90000000,225.10000000,43231.35600000
1700784000000,225.20000000,230.20000000,224.40000000,226.40000000,51461.46900000
1700870400000,226.50000000,228.30000000,225.50000000,227.60000000,21887.64200000
1700956800000,227.60000000,229.80000000,221.80000000,226.80000000,36711.68500000
1701043200000,226.80000000,229.70000000,219.30000000,223.20000000,88941.72000000
1701129600000,223.30000000,224.90000000,219.50000000,223.30000000,41325.25300000
1701216000000,223.30000000,227.20000000,221.00000000,223.20000000,38927.19800000
1701302400000,223.30000000,223.50000000,220.10000000,221.40000000,22303.87700000
1701388800000,221.40000000,226.40000000,220.60000000,225.10000000,26586.40300000
1701475200000,225.10000000,228.60000000,224.80000000,228.20000000,38715.04600000
1701561600000,228.30000000,233.30000000,223.80000000,230.00000000,68569.40400000
1701648000000,230.10000000,256.30000000,229.00000000,252.30000000,324819.81500000
1701734400000,252.30000000,253.10000000,238.40000000,250.90000000,137206.90000000
1701820800000,251.00000000,265.30000000,242.80000000,244.60000000,208471.82200000
1701907200000,244.60000000,249.30000000,239.20000000,246.90000000,86344.82700000
1701993600000,246.90000000,254.60000000,245.30000000,253.50000000,73675.57000000
1702080000000,253.60000000,263.00000000,250.20000000,252.70000000,110203.83000000
1702166400000,252.70000000,255.30000000,244.30000000,251.10000000,48141.55100000
1702252800000,251.10000000,251.70000000,210.10000000,230.50000000,138972.54500000
1702339200000,230.50000000,235.10000000,226.90000000,231.80000000,52552.45400000
1702425600000,231.90000000,237.20000000,222.90000000,235.30000000,68695.59000000
1702512000000,235.40000000,237.90000000,226.30000000,237.30000000,75947.53300000
1702598400000,237.20000000,237.40000000,224.90000000,227.10000000,50604.88600000
1702684800000,227.10000000,232.20000000,224.70000000,229.80000000,30972.31600000
1702771200000,229.80000000,230.60000000,225.00000000,225.90000000,31205.92800000
1702857600000,226.00000000,228.30000000,217.20000000,228.10000000,59987.07900000
1702944000000,228.20000000,231.00000000,222.60000000,225.20000000,46284.00500000
1703030400000,225.20000000,234.70000000,223.70000000,229.50000000,107793.86000000
1703116800000,229.50000000,234.50000000,228.60000000,233.00000000,38331.68400000
1703203200000,233.10000000,244.20000000,231.40000000,238.20000000,112091.99500000
1703289600000,238.20000000,238.60000000,230.00000000,232.70000000,74175.24800000
1703376000000,232.80000000,233.90000000,225.20000000,228.90000000,60413.34300000
1703462400000,229.00000000,237.50000000,228.10000000,234.80000000,63107.22300000
1703548800000,234.90000000,235.10000000,220.00000000,229.30000000,114311.22100000
1703635200000,229.20000000,265.50000000,226.30000000,264.10000000,361613.65400000
1703721600000,264.20000000,278.80000000,257.40000000,261.50000000,344643.07800000
1703808000000,261.60000000,269.40000000,249.10000000,254.10000000,221162.31100000
1703894400000,254.00000000,288.00000000,253.80000000,270.50000000,309545.69900000
1703980800000,270.50000000,272.20000000,252.00000000,259.70000000,119553.93500000
1704067200000,259.70000000,269.90000000,255.60000000,267.80000000,99997.89400000
1704153600000,267.80000000,271.10000000,254.10000000,257.10000000,119838.55900000
1704240000000,257.10000000,268.00000000,211.30000000,234.00000000,214279.41100000
1704326400000,234.00000000,240.30000000,232.10000000,239.50000000,75102.07800000
1704412800000,239.60000000,242.70000000,228.80000000,239.30000000,95347.42300000
1704499200000,239.20000000,243.50000000,230.80000000,236.10000000,69369.67300000
1704585600000,236.10000000,240.00000000,229.70000000,232.50000000,59334.14400000
1704672000000,232.50000000,256.00000000,221.00000000,253.90000000,177168.55500000
1704758400000,254.00000000,257.60000000,239.40000000,244.80000000,146402.99300000
1704844800000,244.70000000,260.20000000,233.00000000,254.70000000,123823.46400000
1704931200000,254.80000000,289.40000000,250.40000000,276.10000000,291913.79000000
1705017600000,276.10000000,298.60000000,250.10000000,259.30000000,322116.12100000
1705104000000,259.30000000,262.50000000,250.80000000,254.10000000,133675.52400000
1705190400000,254.10000000,259.10000000,245.10000000,245.70000000,81778.38100000
1705276800000,245.70000000,257.80000000,245.10000000,250.20000000,68857.59300000
1705363200000,250.20000000,256.30000000,248.90000000,251.20000000,65919.31000000
1705449600000,251.20000000,251.50000000,240.70000000,244.20000000,108380.04700000
1705536000000,244.20000000,245.10000000,233.20000000,237.70000000,71104.09200000
1705622400000,237.70000000,238.20000000,226.50000000,236.80000000,76209.81600000
1705708800000,236.80000000,240.00000000,235.00000000,239.10000000,27061.28500000
1705795200000,239.00000000,243.10000000,236.50000000,236.90000000,31640.02300000
1705881600000,236.90000000,242.80000000,230.30000000,235.70000000,135875.31300000
1705968000000,235.70000000,238.00000000,219.10000000,229.60000000,112117.56500000
1706054400000,229.60000000,238.40000000,228.50000000,236.30000000,70102.53100000
1706140800000,236.20000000,238.70000000,234.40000000,236.60000000,45885.67600000
1706227200000,236.60000000,243.00000000,234.50000000,241.80000000,38870.82200000
1706313600000,241.80000000,245.20000000,239.20000000,243.70000000,42733.63200000
1706400000000,243.70000000,245.90000000,234.80000000,236.90000000,40037.91000000
1706486400000,236.90000000,242.00000000,234.10000000,241.30000000,47720.55600000
1706572800000,241.30000000,243.80000000,236.30000000,237.40000000,40063.40400000
1706659200000,237.50000000,239.00000000,232.50000000,234.30000000,70257.70600000
1706745600000,234.20000000,237.40000000,230.40000000,236.60000000,40860.13800000
1706832000000,236.80000000,238.00000000,234.40000000,236.30000000,22391.86500000
1706918400000,236.30000000,242.20000000,236.10000000,241.00000000,38262.95500000
1707004800000,241.00000000,244.40000000,232.70000000,235.20000000,71465.64500000
1707091200000,235.20000000,238.00000000,233.90000000,235.80000000,37484.43200000
1707177600000,235.80000000,238.40000000,234.30000000,235.20000000,53932.23200000
1707264000000,235.10000000,241.00000000,234.60000000,240.60000000,29816.61100000
1707350400000,240.70000000,245.00000000,240.30000000,244.60000000,43776.72300000
1707436800000,244.60000000,254.00000000,244.60000000,250.30000000,71398.51100000
1707523200000,250.30000000,251.80000000,243.00000000,247.80000000,33287.28900000
1707609600000,247.80000000,283.80000000,246.70000000,277.60000000,430299.99600000
1707696000000,277.70000000,289.80000000,266.50000000,280.50000000,267529.30400000
1707782400000,280.50000000,287.60000000,266.50000000,270.40000000,122646.42900000
1707868800000,270.40000000,295.80000000,264.60000000,280.70000000,247560.01900000
1707955200000,280.70000000,282.60000000,265.90000000,270.40000000,233683.38000000
1708041600000,270.30000000,275.20000000,265.20000000,274.20000000,198667.21500000
1708128000000,274.20000000,274.30000000,258.40000000,267.30000000,83607.42300000
1708214400000,267.30000000,271.90000000,264.80000000,270.60000000,37506.65800000
1708300800000,270.50000000,273.70000000,266.70000000,273.10000000,62070.97400000
1708387200000,273.20000000,274.10000000,256.00000000,265.20000000,122246.64600000
1708473600000,265.30000000,267.10000000,255.20000000,263.10000000,64106.10700000
1708560000000,263.00000000,267.40000000,259.00000000,260.40000000,51094.49700000
1708646400000,260.30000000,267.10000000,259.40000000,264.70000000,53742.34300000
1708732800000,264.70000000,270.60000000,262.80000000,267.70000000,37881.14300000
1708819200000,267.70000000,270.90000000,265.50000000,267.90000000,42202.09300000
1708905600000,267.90000000,276.80000000,262.20000000,274.70000000,79611.43100000
1708992000000,274.70000000,314.00000000,274.40000000,292.80000000,472705.31200000
1709078400000,292.80000000,313.80000000,278.60000000,296.40000000,307986.35900000
1709164800000,296.40000000,323.50000000,291.00000000,297.60000000,357337.47000000
1709251200000,297.70000000,319.80000000,296.80000000,316.30000000,170705.24900000
1709337600000,316.30000000,506.40000000,315.50000000,501.10000000,1102649.19000000
1709424000000,501.20000000,529.20000000,455.20000000,470.50000000,641629.38400000
1709510400000,470.40000000,479.00000000,433.20000000,473.50000000,485575.61400000
1709596800000,473.40000000,481.90000000,340.00000000,401.00000000,431605.45800000
1709683200000,400.90000000,421.60000000,383.40000000,415.80000000,209890.51000000
1709769600000,415.70000000,439.50000000,397.60000000,432.10000000,187382.54600000
1709856000000,432.00000000,446.50000000,400.00000000,436.50000000,194407.48600000
1709942400000,436.60000000,458.40000000,424.70000000,432.20000000,155696.29100000
1710028800000,432.10000000,446.40000000,411.80000000,423.40000000,146516.64800000
1710115200000,423.30000000,456.00000000,401.10000000,448.40000000,232768.14600000
1710201600000,448.40000000,448.50000000,409.70000000,435.00000000,270855.78800000
1710288000000,435.00000000,455.30000000,423.80000000,442.50000000,231275.94900000
1710374400000,442.40000000,474.40000000,416.10000000,440.50000000,372276.87800000
1710460800000,440.50000000,445.00000000,383.00000000,416.70000000,193041.26700000
1710547200000,416.70000000,421.50000000,381.60000000,388.60000000,122231.60200000
1710633600000,388.50000000,407.80000000,369.00000000,402.60000000,125845.58200000
1710720000000,402.50000000,411.70000000,383.40000000,401.00000000,113797.97800000
1710806400000,401.30000000,411.90000000,351.00000000,358.80000000,203229.27300000
1710892800000,358.70000000,412.60000000,348.00000000,410.00000000,193584.59800000
1710979200000,409.90000000,436.50000000,403.90000000,414.40000000,197366.15600000
1711065600000,414.50000000,433.50000000,391.50000000,431.40000000,195896.53800000
1711152000000,431.50000000,475.90000000,419.60000000,455.90000000,311308.98700000
1711238400000,455.90000000,500.00000000,444.90000000,485.10000000,284452.21200000
1711324800000,485.10000000,507.10000000,472.90000000,487.40000000,313321.64700000
1711411200000,487.30000000,495.00000000,467.80000000,479.30000000,158989.48600000
1711497600000,479.40000000,553.60000000,478.20000000,539.10000000,508240.32100000
1711584000000,539.00000000,586.90000000,527.40000000,567.40000000,351119.57600000
1711670400000,567.40000000,640.00000000,553.10000000,620.60000000,403682.72200000
1711756800000,620.70000000,624.20000000,590.30000000,597.60000000,137919.77800000
1711843200000,597.70000000,693.00000000,586.00000000,678.70000000,272976.62700000
1711929600000,678.80000000,705.00000000,617.40000000,647.60000000,432766.70500000
1712016000000,647.80000000,649.90000000,587.00000000,639.00000000,334867.06300000
1712102400000,639.20000000,644.00000000,561.70000000,592.80000000,352889.58300000
1712188800000,592.80000000,683.80000000,591.30000000,665.40000000,558864.96900000
1712275200000,665.50000000,719.50000000,645.00000000,657.30000000,521720.66800000
1712361600000,657.50000000,716.90000000,656.70000000,693.90000000,527039.09900000
1712448000000,693.90000000,710.10000000,674.70000000,684.80000000,166595.47800000
1712534400000,684.90000000,712.90000000,678.00000000,681.40000000,203752.83900000
1712620800000,681.40000000,695.80000000,656.00000000,671.80000000,244522.65500000
1712707200000,671.80000000,673.80000000,594.70000000,629.20000000,303286.49800000
1712793600000,629.30000000,629.40000000,599.70000000,614.20000000,97400.25400000
1712880000000,614.20000000,618.90000000,487.80000000,533.20000000,277284.70100000
1712966400000,533.40000000,551.70000000,443.00000000,479.60000000,310810.00700000
1713052800000,479.60000000,530.90000000,453.50000000,525.70000000,226882.95500000
1713139200000,525.60000000,568.20000000,490.90000000,508.30000000,234628.34200000
1713225600000,508.30000000,510.50000000,462.50000000,486.90000000,199190.72700000
1713312000000,486.80000000,490.70000000,446.90000000,463.90000000,127098.09100000
1713398400000,463.70000000,488.90000000,453.20000000,483.00000000,84325.23000000
1713484800000,483.10000000,492.40000000,444.30000000,476.80000000,121845.41100000
1713571200000,476.70000000,522.50000000,470.70000000,515.40000000,97746.41800000
1713657600000,515.30000000,518.30000000,493.20000000,502.20000000,54528.18200000
1713744000000,502.20000000,528.00000000,496.20000000,522.70000000,60480.94400000
1713830400000,522.70000000,523.40000000,501.70000000,505.00000000,57725.74700000
1713916800000,505.00000000,511.90000000,474.00000000,479.40000000,82120.51100000
1714003200000,479.60000000,486.00000000,466.80000000,478.10000000,69775.35800000
1714089600000,478.10000000,493.50000000,466.60000000,482.40000000,47250.07300000
1714176000000,482.70000000,486.10000000,462.00000000,477.10000000,50248.30000000
1714262400000,477.00000000,488.00000000,468.20000000,470.50000000,30354.96700000
1714348800000,470.80000000,474.50000000,447.00000000,465.10000000,56862.53000000
1714435200000,465.20000000,470.40000000,420.60000000,434.10000000,115595.85300000
1714521600000,434.10000000,436.00000000,400.00000000,424.80000000,123445.69000000
1714608000000,424.70000000,434.70000000,410.70000000,429.00000000,50861.94200000
1714694400000,429.10000000,458.60000000,425.70000000,452.60000000,61238.56000000
1714780800000,452.70000000,480.50000000,451.90000000,462.80000000,64901.95500000
1714867200000,463.00000000,473.10000000,455.70000000,469.00000000,29910.84600000
1714953600000,469.10000000,484.30000000,462.90000000,473.10000000,59984.36200000
1715040000000,473.10000000,494.60000000,466.20000000,470.90000000,77311.27800000
1715126400000,470.80000000,473.70000000,444.70000000,448.20000000,73563.78100000
1715212800000,448.10000000,458.80000000,442.00000000,454.80000000,42676.01900000
1715299200000,454.70000000,456.90000000,421.30000000,426.60000000,57408.00300000
1715385600000,426.60000000,435.80000000,425.20000000,429.50000000,38817.66400000
1715472000000,429.50000000,438.70000000,427.50000000,433.00000000,16312.88300000
1715558400000,433.10000000,448.20000000,421.50000000,437.50000000,48725.13800000
1715644800000,437.50000000,439.50000000,426.00000000,429.10000000,40060.73300000
1715731200000,429.10000000,467.10000000,423.80000000,463.70000000,60865.84600000
1715817600000,463.60000000,465.90000000,442.40000000,444.80000000,36934.91000000
1715904000000,444.80000000,478.50000000,442.30000000,466.50000000,93051.63200000
1715990400000,466.60000000,492.10000000,464.30000000,475.40000000,73575.83500000
1716076800000,475.30000000,497.10000000,473.00000000,484.90000000,86821.51200000
1716163200000,485.00000000,518.60000000,476.10000000,517.90000000,117801.39800000
1716249600000,517.90000000,530.10000000,510.00000000,515.00000000,142481.67200000
1716336000000,515.00000000,515.90000000,495.10000000,499.00000000,73263.52700000
1716422400000,499.10000000,516.40000000,472.40000000,491.20000000,87911.55100000
1716508800000,491.20000000,500.10000000,480.00000000,494.90000000,54448.92100000
1716595200000,495.00000000,501.90000000,490.90000000,493.60000000,37974.68100000
1716681600000,493.60000000,494.40000000,480.70000000,484.00000000,41700.75300000
1716768000000,484.10000000,503.70000000,481.30000000,489.60000000,35570.35700000
1716854400000,489.50000000,489.60000000,461.20000000,470.40000000,80456.84300000
1716940800000,470.40000000,475.30000000,462.70000000,465.80000000,41494.84400000
1717027200000,465.70000000,474.90000000,459.40000000,465.10000000,33226.04300000
1717113600000,465.00000000,469.30000000,447.60000000,454.80000000,36233.25600000
1717200000000,454.90000000,466.40000000,454.30000000,463.50000000,15542.05700000
1717286400000,463.60000000,465.30000000,452.90000000,458.30000000,22551.46600000
1717372800000,458.40000000,471.80000000,454.40000000,464.90000000,36878.02000000
1717459200000,465.00000000,479.90000000,459.60000000,477.00000000,49625.88500000
1717545600000,477.10000000,497.90000000,476.40000000,495.20000000,47356.33200000
1717632000000,495.10000000,502.40000000,485.80000000,496.10000000,56909.87400000
1717718400000,496.20000000,520.90000000,458.80000000,477.60000000,112336.71800000
1717804800000,477.60000000,484.90000000,465.40000000,469.50000000,47932.31500000
1717891200000,469.50000000,476.00000000,465.00000000,474.60000000,19116.67200000
1717977600000,474.60000000,474.90000000,461.20000000,469.10000000,29413.71500000
1718064000000,469.10000000,469.60000000,434.20000000,446.20000000,64910.15000000
1718150400000,446.20000000,466.70000000,438.90000000,454.20000000,54702.67600000
1718236800000,454.20000000,456.10000000,430.00000000,431.70000000,58576.40700000
1718323200000,431.80000000,441.40000000,406.10000000,422.90000000,58451.65600000
1718409600000,422.90000000,432.70000000,422.40000000,430.10000000,26177.13100000
1718496000000,430.10000000,434.00000000,426.60000000,428.40000000,22347.05900000
1718582400000,428.50000000,430.00000000,403.70000000,419.70000000,54034.75900000
1718668800000,419.60000000,421.50000000,372.20000000,389.20000000,112632.02500000
1718755200000,389.30000000,398.40000000,385.30000000,388.90000000,35558.05100000
1718841600000,389.00000000,400.80000000,385.30000000,389.80000000,40354.25100000
1718928000000,389.90000000,397.60000000,377.00000000,383.00000000,46883.27700000
1719014400000,383.20000000,410.10000000,379.70000000,392.10000000,26928.59900000
1719100800000,392.00000000,396.60000000,378.40000000,381.10000000,26081.11500000
1719187200000,381.00000000,384.30000000,343.90000000,363.80000000,94725.95900000
1719273600000,364.00000000,396.70000000,363.70000000,388.60000000,76738.73100000
1719360000000,388.80000000,397.20000000,373.50000000,374.00000000,52720.32200000
1719446400000,373.90000000,395.50000000,369.90000000,389.00000000,46924.31400000
1719532800000,389.00000000,407.00000000,384.00000000,386.00000000,67553.47600000
1719619200000,386.10000000,390.20000000,379.10000000,380.90000000,22719.81500000
1719705600000,380.90000000,397.50000000,378.60000000,394.00000000,20405.18400000
1719792000000,394.00000000,398.60000000,382.10000000,384.60000000,26682.02300000
1719878400000,384.50000000,394.20000000,378.40000000,382.10000000,23202.27600000
1719964800000,382.10000000,382.80000000,368.30000000,373.20000000,30944.58100000
1720051200000,373.20000000,374.50000000,330.30000000,331.40000000,91812.67300000
1720137600000,331.50000000,331.80000000,288.40000000,325.50000000,157825.59500000
1720224000000,325.50000000,344.00000000,319.80000000,342.90000000,42575.46900000
1720310400000,343.10000000,343.10000000,310.50000000,312.70000000,35767.79800000
1720396800000,312.70000000,338.10000000,298.90000000,333.50000000,64121.59000000
1720483200000,333.50000000,340.80000000,328.40000000,331.10000000,30953.18800000
1720569600000,331.10000000,346.60000000,326.70000000,340.30000000,39873.01900000
1720656000000,340.30000000,368.90000000,335.70000000,347.10000000,67116.21000000
1720742400000,347.10000000,370.00000000,340.50000000,368.90000000,38731.96000000
1720828800000,368.90000000,380.00000000,368.90000000,375.60000000,56019.08500000
1720915200000,375.70000000,387.90000000,363.90000000,376.60000000,52861.19100000
1721001600000,376.50000000,401.50000000,375.60000000,400.20000000,52218.02200000
1721088000000,400.20000000,405.30000000,369.50000000,387.10000000,86994.92600000
1721174400000,387.10000000,400.60000000,371.50000000,375.10000000,74347.20300000
1721260800000,375.30000000,386.50000000,369.40000000,382.80000000,51126.18400000
1721347200000,382.80000000,400.30000000,369.80000000,391.40000000,60095.15400000
1721433600000,391.50000000,398.90000000,385.60000000,395.50000000,27968.60000000
1721520000000,395.40000000,401.50000000,378.10000000,401.30000000,40563.72400000
1721606400000,401.30000000,404.60000000,382.80000000,385.90000000,45420.81500000
1721692800000,385.90000000,392.80000000,360.70000000,366.50000000,76251.47400000
1721779200000,366.40000000,374.80000000,359.10000000,362.40000000,40900.33000000
1721865600000,362.40000000,365.20000000,346.70000000,361.40000000,67584.52200000
1721952000000,361.40000000,379.00000000,361.10000000,377.30000000,34611.40800000
1722038400000,377.30000000,398.20000000,376.70000000,392.40000000,58201.82500000
1722124800000,392.50000000,423.60000000,388.90000000,416.80000000,96659.63600000
1722211200000,416.80000000,459.20000000,413.80000000,439.00000000,144369.02100000
1722297600000,439.00000000,446.70000000,428.00000000,432.40000000,98813.80600000
1722384000000,432.50000000,441.40000000,411.30000000,413.90000000,69143.85800000
1722470400000,413.90000000,423.50000000,389.80000000,413.30000000,66496.79800000
1722556800000,413.20000000,417.50000000,379.50000000,381.60000000,65059.10500000
1722643200000,381.50000000,386.10000000,354.70000000,364.40000000,63097.81800000
1722729600000,364.40000000,367.40000000,331.00000000,332.50000000,99325.45800000
1722816000000,332.50000000,335.70000000,272.70000000,309.90000000,309239.20200000
1722902400000,309.90000000,330.20000000,307.20000000,315.00000000,119116.00700000
1722988800000,315.00000000,327.80000000,308.80000000,312.40000000,63735.52600000
1723075200000,312.50000000,372.20000000,308.20000000,353.10000000,114887.39200000
1723161600000,353.10000000,357.90000000,336.10000000,347.60000000,93404.98900000
1723248000000,347.60000000,359.00000000,345.40000000,354.90000000,34079.00000000
1723334400000,354.90000000,358.60000000,327.40000000,330.20000000,25718.95400000
1723420800000,330.20000000,360.10000000,328.80000000,354.90000000,82969.97000000
1723507200000,354.80000000,365.40000000,343.50000000,351.70000000,63188.20200000
1723593600000,351.60000000,352.60000000,334.80000000,337.70000000,44204.92700000
1723680000000,337.70000000,344.30000000,327.40000000,334.30000000,46218.33800000
1723766400000,334.30000000,346.80000000,328.10000000,338.20000000,86342.62900000
1723852800000,337.90000000,348.00000000,335.70000000,341.30000000,31169.22700000
1723939200000,341.20000000,345.50000000,332.90000000,333.10000000,24835.24000000
1724025600000,333.20000000,339.70000000,330.40000000,338.00000000,23449.47300000
1724112000000,337.90000000,346.80000000,331.30000000,335.20000000,51804.15700000
1724198400000,335.20000000,355.50000000,333.10000000,349.40000000,75647.09800000
1724284800000,349.40000000,352.20000000,342.00000000,346.80000000,28477.57600000
1724371200000,346.70000000,369.00000000,346.40000000,365.10000000,47960.34800000
1724457600000,365.20000000,369.20000000,357.40000000,363.60000000,36840.78800000
1724544000000,363.70000000,364.90000000,350.00000000,356.30000000,45767.25500000
1724630400000,356.30000000,358.10000000,339.40000000,342.30000000,69526.52300000
1724716800000,342.40000000,347.20000000,314.80000000,324.20000000,45055.64100000
1724803200000,324.10000000,330.70000000,314.20000000,322.10000000,47247.71800000
1724889600000,322.00000000,331.00000000,317.10000000,322.50000000,25674.62500000
1724976000000,322.50000000,327.20000000,314.80000000,324.90000000,26233.68900000
1725062400000,324.90000000,326.80000000,319.90000000,322.40000000,9991.83800000
1725148800000,322.30000000,322.80000000,310.40000000,312.70000000,18767.35100000
1725235200000,312.60000000,325.90000000,310.60000000,323.70000000,31088.34300000
1725321600000,323.70000000,326.30000000,308.50000000,308.90000000,62875.80600000
1725408000000,308.80000000,319.50000000,296.00000000,315.20000000,44742.70100000
1725494400000,315.10000000,317.00000000,303.40000000,307.60000000,24052.70000000
1725580800000,307.70000000,312.80000000,286.00000000,295.00000000,51998.99200000
1725667200000,294.90000000,308.30000000,293.20000000,299.40000000,24333.15000000
1725753600000,299.40000000,308.30000000,298.70000000,305.40000000,19916.17600000
1725840000000,305.30000000,325.90000000,304.80000000,322.20000000,35098.29600000
1725926400000,322.30000000,332.00000000,318.10000000,329.50000000,34693.24200000
1726012800000,329.50000000,343.90000000,319.70000000,337.60000000,46519.44100000
1726099200000,337.50000000,341.00000000,330.00000000,333.00000000,37359.97900000
1726185600000,332.90000000,337.80000000,326.90000000,335.50000000,28798.90400000
1726272000000,335.70000000,337.80000000,325.30000000,327.00000000,18588.30600000
1726358400000,327.00000000,329.20000000,313.90000000,316.40000000,26702.40800000
1726444800000,316.40000000,317.30000000,308.90000000,311.80000000,31470.28100000
1726531200000,311.80000000,321.60000000,309.30000000,314.30000000,26210.35900000
1726617600000,314.30000000,328.10000000,306.20000000,327.00000000,40596.04300000
1726704000000,327.00000000,349.80000000,326.30000000,340.00000000,109539.26900000
1726790400000,340.00000000,345.50000000,332.40000000,335.80000000,50785.32100000
1726876800000,335.80000000,346.80000000,331.00000000,345.50000000,26013.12800000
1726963200000,345.50000000,347.30000000,333.90000000,342.60000000,23322.22900000
1727049600000,342.70000000,349.30000000,335.90000000,342.00000000,35302.72100000
1727136000000,341.90000000,351.80000000,336.90000000,348.00000000,50996.11600000
1727222400000,348.10000000,355.70000000,341.30000000,343.50000000,44952.29700000
1727308800000,343.60000000,358.30000000,338.90000000,351.80000000,47980.22100000
1727395200000,351.80000000,364.60000000,351.70000000,358.80000000,56981.37000000
1727481600000,358.80000000,361.10000000,345.80000000,352.30000000,40850.28700000
1727568000000,352.40000000,358.20000000,345.60000000,352.60000000,35946.43000000
1727654400000,352.60000000,353.80000000,334.50000000,337.20000000,41371.64100000
1727740800000,337.30000000,347.60000000,310.80000000,317.80000000,67265.84500000
1727827200000,317.80000000,324.50000000,309.10000000,316.10000000,41890.94300000
1727913600000,316.10000000,323.90000000,307.80000000,320.30000000,45637.24000000
1728000000000,320.40000000,326.10000000,318.10000000,324.80000000,34666.10300000
1728086400000,324.90000000,325.60000000,318.20000000,321.80000000,17626.62300000
1728172800000,321.90000000,325.90000000,320.90000000,324.60000000,13598.93500000
1728259200000,324.60000000,333.30000000,320.10000000,323.70000000,61609.35900000
1728345600000,323.70000000,333.80000000,321.70000000,329.10000000,38980.41700000
1728432000000,329.20000000,330.60000000,317.90000000,320.60000000,26568.69500000
1728518400000,320.60000000,325.80000000,317.20000000,323.00000000,28703.27000000
1728604800000,323.00000000,329.10000000,321.90000000,327.00000000,21959.35400000
1728691200000,327.00000000,333.50000000,324.80000000,329.20000000,18798.08600000
1728777600000,329.20000000,329.90000000,317.30000000,321.30000000,20785.63100000
1728864000000,321.40000000,370.70000000,318.90000000,369.60000000,117572.27800000
1728950400000,369.60000000,386.80000000,344.60000000,354.70000000,153079.09500000
1729036800000,354.70000000,371.50000000,351.30000000,365.60000000,108696.07200000
1729123200000,365.50000000,375.80000000,360.40000000,369.70000000,74433.26100000
1729209600000,369.90000000,377.50000000,362.80000000,367.30000000,62474.54400000
1729296000000,367.20000000,369.00000000,361.40000000,363.30000000,25484.62200000
1729382400000,363.30000000,371.60000000,357.30000000,369.90000000,45282.15000000
1729468800000,369.80000000,379.00000000,358.90000000,363.60000000,55252.24300000
1729555200000,363.70000000,366.60000000,354.10000000,357.30000000,33845.39300000
1729641600000,357.40000000,357.70000000,338.60000000,348.10000000,37884.76000000
1729728000000,348.10000000,371.50000000,346.60000000,367.90000000,86440.16600000
1729814400000,368.00000000,374.30000000,339.20000000,349.10000000,84956.02300000
1729900800000,349.00000000,357.20000000,346.00000000,348.00000000,23066.77200000
1729987200000,348.10000000,354.70000000,347.00000000,352.20000000,19246.26400000
1730073600000,352.20000000,368.40000000,344.00000000,365.30000000,48891.89100000
1730160000000,365.40000000,389.40000000,363.70000000,386.10000000,99948.87500000
1730246400000,386.10000000,387.80000000,365.70000000,368.90000000,93514.48600000
1730332800000,368.90000000,378.30000000,349.80000000,358.90000000,117379.02400000
1730419200000,358.80000000,360.20000000,343.50000000,349.60000000,49669.87400000
1730505600000,349.50000000,357.60000000,341.30000000,353.70000000,41864.41100000
1730592000000,353.70000000,354.30000000,333.80000000,340.10000000,58550.99700000
1730678400000,340.00000000,342.70000000,322.00000000,329.20000000,64677.33100000
1730764800000,329.20000000,345.40000000,326.50000000,342.90000000,48597.01500000
1730851200000,343.00000000,384.40000000,342.60000000,378.40000000,157446.69900000
1730937600000,378.40000000,386.90000000,370.50000000,377.50000000,69185.69200000
1731024000000,377.50000000,383.80000000,364.30000000,377.00000000,79484.47600000
1731110400000,377.00000000,407.30000000,369.50000000,405.00000000,107552.68400000
1731196800000,404.90000000,454.40000000,394.80000000,441.30000000,266010.59700000
1731283200000,441.30000000,482.60000000,422.30000000,472.60000000,206008.65500000
1731369600000,472.70000000,474.40000000,418.10000000,432.30000000,236775.38300000
1731456000000,432.30000000,450.70000000,403.20000000,439.40000000,216594.09400000
1731542400000,439.60000000,445.90000000,410.00000000,415.00000000,135347.98600000
1731628800000,415.00000000,436.70000000,410.00000000,431.60000000,90753.29300000
1731715200000,431.50000000,483.50000000,428.40000000,461.70000000,169316.70400000
1731801600000,461.80000000,488.70000000,424.50000000,433.10000000,173129.95700000
1731888000000,433.10000000,471.50000000,430.20000000,452.50000000,115691.60600000
1731974400000,452.50000000,460.30000000,438.10000000,446.80000000,93371.82000000
1732060800000,446.70000000,454.60000000,428.70000000,439.90000000,71308.95400000
1732147200000,440.10000000,536.20000000,428.60000000,484.40000000,465856.50300000
1732233600000,484.40000000,503.10000000,472.10000000,490.50000000,167475.84300000
1732320000000,490.40000000,568.50000000,485.90000000,510.10000000,350436.88000000
1732406400000,510.10000000,527.80000000,477.70000000,515.20000000,178534.66100000
1732492800000,515.30000000,532.90000000,483.20000000,491.90000000,175587.53400000
1732579200000,491.70000000,505.10000000,471.00000000,492.20000000,105105.97800000
1732665600000,492.20000000,524.30000000,484.80000000,517.40000000,140364.66500000
1732752000000,517.40000000,525.00000000,497.50000000,511.10000000,114526.21700000
1732838400000,511.10000000,522.90000000,499.60000000,518.30000000,82876.69700000
1732924800000,518.40000000,540.00000000,505.00000000,525.90000000,136173.69200000
1733011200000,526.10000000,538.20000000,509.90000000,532.00000000,121566.90200000
1733097600000,532.10000000,562.00000000,494.70000000,538.30000000,345917.60400000
1733184000000,538.30000000,591.70000000,511.50000000,585.60000000,325737.13300000
1733270400000,585.60000000,601.90000000,541.30000000,583.70000000,301050.33700000
1733356800000,583.70000000,634.70000000,550.00000000,588.60000000,347262.49500000
1733443200000,588.50000000,640.00000000,579.80000000,618.60000000,211193.93500000
1733529600000,618.70000000,626.70000000,604.30000000,607.60000000,110729.61000000
1733616000000,607.60000000,625.10000000,601.00000000,622.30000000,111609.53400000
1733702400000,622.30000000,623.80000000,514.40000000,551.50000000,233104.49900000
1733788800000,551.60000000,564.40000000,485.20000000,516.20000000,205080.31800000
1733875200000,516.20000000,550.50000000,502.70000000,546.60000000,110326.96000000
1733961600000,546.60000000,564.20000000,537.10000000,540.10000000,84599.17800000
1734048000000,540.10000000,543.90000000,525.90000000,542.50000000,52272.34000000
1734134400000,542.40000000,551.70000000,519.80000000,534.00000000,51294.24600000
1734220800000,534.10000000,550.40000000,524.50000000,546.20000000,48442.16200000
1734307200000,546.30000000,557.10000000,522.00000000,538.10000000,71069.40900000
1734393600000,538.10000000,547.50000000,524.10000000,529.90000000,64058.71300000
1734480000000,530.10000000,543.50000000,472.90000000,480.40000000,107217.70800000
1734566400000,480.30000000,488.90000000,421.30000000,438.70000000,142735.54500000
1734652800000,438.80000000,451.50000000,390.50000000,449.20000000,162809.98700000
1734739200000,449.20000000,472.90000000,442.40000000,456.10000000,99052.00400000
1734825600000,456.00000000,461.30000000,434.40000000,445.80000000,62012.77400000
1734912000000,445.80000000,466.20000000,432.40000000,460.90000000,72723.23400000
1734998400000,460.90000000,478.80000000,450.50000000,470.30000000,46815.96400000
1735084800000,470.20000000,471.50000000,455.20000000,465.40000000,36949.75700000
1735171200000,465.30000000,468.30000000,433.00000000,437.30000000,35051.61900000
1735257600000,437.20000000,462.70000000,434.70000000,441.30000000,41854.88400000
1735344000000,441.20000000,453.80000000,438.40000000,451.60000000,17568.10000000
1735430400000,451.60000000,453.90000000,435.30000000,439.10000000,20635.72000000
1735516800000,439.00000000,453.40000000,428.90000000,444.00000000,44107.51800000
1735603200000,444.10000000,455.50000000,433.10000000,434.50000000,41352.76300000
1735689600000,434.50000000,455.80000000,430.50000000,450.50000000,44553.89600000
1735776000000,450.50000000,466.60000000,450.50000000,461.70000000,39016.45500000
1735862400000,461.70000000,477.50000000,455.60000000,473.90000000,37519.24700000
1735948800000,473.80000000,483.10000000,468.70000000,478.90000000,53145.46000000
1736035200000,478.90000000,479.80000000,462.50000000,470.90000000,23617.33500000
1736121600000,471.10000000,485.90000000,464.60000000,483.00000000,41803.50300000
1736208000000,482.90000000,486.30000000,435.40000000,436.90000000,72470.77300000
1736294400000,437.00000000,442.20000000,418.20000000,434.40000000,53854.64400000
1736380800000,434.30000000,437.20000000,411.30000000,421.90000000,38248.77600000
1736467200000,421.90000000,450.70000000,420.50000000,450.10000000,68266.42400000
1736553600000,450.40000000,451.20000000,435.90000000,441.00000000,20797.21600000
1736640000000,440.90000000,464.00000000,436.40000000,447.90000000,53073.33400000
1736726400000,448.00000000,454.20000000,400.50000000,428.00000000,61397.62300000
1736812800000,428.00000000,441.50000000,426.30000000,437.90000000,32409.13900000
1736899200000,437.90000000,463.50000000,431.00000000,460.30000000,51042.80900000
1736985600000,460.30000000,471.50000000,446.40000000,461.70000000,89200.32900000
1737072000000,461.70000000,500.60000000,461.70000000,489.40000000,87609.28100000
1737158400000,489.50000000,495.00000000,458.20000000,466.40000000,91366.89200000
1737244800000,466.40000000,471.30000000,418.90000000,427.70000000,105200.66500000
1737331200000,427.70000000,483.80000000,415.40000000,430.90000000,138831.12200000
1737417600000,430.90000000,454.70000000,419.70000000,446.50000000,51102.62200000
1737504000000,446.50000000,451.40000000,433.40000000,435.40000000,27376.85200000
1737590400000,435.40000000,447.50000000,425.20000000,437.30000000,49328.63600000
1737676800000,437.40000000,443.10000000,426.40000000,432.00000000,39003.01500000
1737763200000,432.10000000,455.40000000,430.50000000,445.40000000,42792.86600000
1737849600000,445.40000000,448.10000000,424.60000000,425.20000000,21499.95500000
1737936000000,425.20000000,429.00000000,396.10000000,427.60000000,71845.87800000
1738022400000,427.60000000,431.70000000,406.70000000,410.50000000,23060.80800000
1738108800000,410.50000000,421.80000000,404.30000000,415.00000000,29165.44900000
1738195200000,415.10000000,439.20000000,412.60000000,434.70000000,40066.39300000
1738281600000,434.80000000,445.30000000,419.80000000,424.20000000,55827.36600000
1738368000000,424.30000000,431.50000000,400.00000000,404.00000000,40112.87900000
1738454400000,404.00000000,410.40000000,341.50000000,360.40000000,121215.18300000
1738540800000,360.60000000,360.60000000,270.00000000,353.20000000,347965.55300000
1738627200000,353.20000000,355.70000000,321.10000000,329.70000000,84013.25900000
1738713600000,329.80000000,338.30000000,323.20000000,328.00000000,46120.86700000
1738800000000,328.10000000,335.20000000,313.70000000,316.20000000,40946.18800000
1738886400000,316.20000000,335.20000000,308.40000000,318.60000000,45116.08200000
1738972800000,318.60000000,324.30000000,314.70000000,323.10000000,17735.81300000
1739059200000,323.20000000,329.40000000,312.80000000,324.50000000,33479.48900000
1739145600000,324.40000000,334.60000000,315.40000000,329.30000000,35027.45900000
1739232000000,329.30000000,344.40000000,325.70000000,331.40000000,35065.30300000
1739318400000,331.30000000,347.00000000,321.30000000,343.10000000,47326.12200000
1739404800000,343.10000000,345.80000000,327.40000000,335.00000000,29908.42100000
1739491200000,335.10000000,351.00000000,334.30000000,341.50000000,31536.68300000
1739577600000,341.50000000,345.70000000,331.00000000,332.90000000,16957.32200000
1739664000000,333.00000000,335.00000000,325.60000000,326.30000000,15851.07900000
1739750400000,326.20000000,337.00000000,317.10000000,323.80000000,49287.45900000
1739836800000,323.90000000,325.30000000,307.60000000,316.30000000,37198.76900000
1739923200000,316.20000000,324.30000000,311.80000000,322.80000000,27204.96000000
1740009600000,322.80000000,327.20000000,320.00000000,325.90000000,20291.23800000
1740096000000,326.00000000,334.10000000,309.80000000,313.80000000,28051.52600000
1740182400000,313.90000000,322.60000000,312.60000000,320.90000000,18231.03700000
1740268800000,321.00000000,332.40000000,320.50000000,327.80000000,27817.29100000
1740355200000,327.90000000,329.50000000,287.50000000,291.50000000,59585.94100000
1740441600000,291.60000000,296.70000000,275.20000000,291.80000000,85133.30100000
1740528000000,291.80000000,301.40000000,284.40000000,294.00000000,56638.50300000
1740614400000,293.90000000,303.50000000,290.10000000,296.80000000,33568.12200000
1740700800000,296.90000000,320.10000000,269.80000000,315.80000000,117975.32100000
1740787200000,315.90000000,324.40000000,307.60000000,311.40000000,51185.05100000
1740873600000,311.50000000,341.50000000,309.90000000,334.20000000,116420.70300000
1740960000000,334.20000000,357.50000000,310.90000000,321.30000000,230536.19700000
1741046400000,321.40000000,330.20000000,291.10000000,320.50000000,125256.19000000
1741132800000,320.60000000,399.90000000,319.50000000,392.20000000,371605.54700000
1741219200000,392.30000000,420.00000000,383.70000000,395.00000000,198925.87300000
1741305600000,395.00000000,410.50000000,382.90000000,389.00000000,169510.23800000
1741392000000,389.00000000,396.30000000,376.60000000,385.90000000,64530.72500000
1741478400000,385.80000000,387.00000000,355.90000000,357.50000000,74306.29400000
1741564800000,357.60000000,372.80000000,330.60000000,331.70000000,96571.54700000
1741651200000,331.80000000,350.90000000,316.00000000,340.20000000,79397.78100000
1741737600000,340.20000000,361.50000000,329.80000000,354.00000000,99152.32700000
1741824000000,353.90000000,355.80000000,323.90000000,325.90000000,46519.05800000
1741910400000,326.00000000,335.90000000,325.20000000,331.40000000,65046.26300000
1741996800000,331.40000000,353.20000000,328.00000000,342.30000000,210973.45700000
1742083200000,342.30000000,342.50000000,325.00000000,332.90000000,36851.36100000
1742169600000,333.00000000,342.40000000,331.00000000,337.50000000,35104.02000000
1742256000000,337.50000000,343.60000000,329.20000000,335.30000000,35380.79100000
1742342400000,335.30000000,346.80000000,332.30000000,345.30000000,48205.12900000
1742428800000,345.30000000,349.90000000,330.10000000,333.80000000,45100.34900000
1742515200000,333.70000000,335.70000000,320.10000000,323.20000000,40086.34300000
1742601600000,323.20000000,326.30000000,320.90000000,322.40000000,22669.17400000
1742688000000,322.30000000,326.00000000,320.40000000,325.40000000,23856.98700000
1742774400000,325.30000000,336.80000000,321.50000000,332.50000000,39858.97900000
1742860800000,332.50000000,340.00000000,326.50000000,336.00000000,39064.76500000
1742947200000,336.10000000,342.10000000,328.40000000,335.10000000,85556.73200000
1743033600000,335.20000000,340.00000000,321.10000000,324.70000000,49687.40100000
1743120000000,324.80000000,328.40000000,304.70000000,307.70000000,35278.04200000
1743206400000,307.70000000,309.10000000,298.60000000,303.30000000,27689.89900000
1743292800000,303.40000000,308.20000000,293.80000000,299.20000000,24186.93300000
1743379200000,299.30000000,306.10000000,289.80000000,303.50000000,58453.87500000
1743465600000,303.50000000,318.70000000,302.30000000,308.10000000,35726.95000000
1743552000000,308.20000000,317.30000000,290.20000000,293.00000000,73469.75600000
1743638400000,293.10000000,307.80000000,291.50000000,301.30000000,54662.45000000
1743724800000,301.40000000,310.20000000,294.20000000,301.40000000,43123.86800000
1743811200000,301.40000000,304.40000000,297.10000000,304.10000000,15461.30300000
1743897600000,304.10000000,308.30000000,265.40000000,272.20000000,56611.32600000
1743984000000,272.30000000,282.20000000,249.40000000,275.40000000,88888.61000000
1744070400000,275.40000000,284.80000000,266.90000000,269.20000000,38724.57600000
1744156800000,269.20000000,311.50000000,259.10000000,301.40000000,84182.79900000
1744243200000,301.30000000,304.00000000,282.40000000,289.80000000,36769.93600000
1744329600000,289.80000000,316.10000000,289.50000000,312.90000000,78188.39400000
1744416000000,312.80000000,358.90000000,311.30000000,344.70000000,80210.87800000
1744502400000,344.70000000,353.50000000,336.10000000,342.80000000,43455.54900000
1744588800000,342.80000000,375.00000000,322.90000000,323.60000000,89607.55300000
1744675200000,323.60000000,337.60000000,317.00000000,319.60000000,51537.03500000
1744761600000,319.60000000,325.80000000,314.10000000,321.60000000,28670.51400000
1744848000000,321.60000000,340.60000000,320.90000000,334.00000000,47653.83600000
1744934400000,334.00000000,345.00000000,327.30000000,335.00000000,32464.91600000
1745020800000,335.10000000,340.10000000,332.50000000,335.40000000,14217.26100000
1745107200000,335.40000000,342.70000000,331.50000000,336.10000000,27170.60600000
1745193600000,336.20000000,348.20000000,335.70000000,345.00000000,46746.31100000
1745280000000,345.10000000,365.00000000,336.90000000,362.30000000,82331.51700000
1745366400000,362.30000000,364.00000000,353.60000000,358.30000000,61558.22100000
1745452800000,358.20000000,368.70000000,343.30000000,356.70000000,103046.63600000
1745539200000,356.80000000,384.90000000,348.00000000,373.10000000,102987.97300000
1745625600000,373.10000000,377.40000000,355.00000000,355.40000000,54881.37300000
1745712000000,355.40000000,360.10000000,344.80000000,345.50000000,46972.59400000
1745798400000,345.60000000,370.60000000,341.60000000,364.10000000,59935.04700000
1745884800000,364.20000000,378.00000000,360.60000000,363.80000000,72593.63600000
1745971200000,363.70000000,369.70000000,354.90000000,366.10000000,46643.85900000
1746057600000,366.10000000,375.10000000,360.10000000,360.80000000,37888.91700000
1746144000000,360.80000000,387.10000000,359.10000000,382.80000000,76273.50900000
1746230400000,382.80000000,383.60000000,362.30000000,362.70000000,48350.15000000
1746316800000,362.70000000,371.20000000,352.90000000,356.20000000,41601.95200000
1746403200000,356.20000000,361.30000000,349.20000000,353.30000000,25766.82100000
1746489600000,353.40000000,374.80000000,350.40000000,374.60000000,77302.32900000
1746576000000,374.70000000,391.70000000,355.00000000,383.50000000,99412.59700000
1746662400000,383.60000000,430.50000000,381.00000000,421.80000000,156646.91600000
1746748800000,421.80000000,429.60000000,402.90000000,413.70000000,106699.74000000
1746835200000,413.70000000,433.30000000,409.90000000,431.20000000,61314.56900000
1746921600000,431.10000000,432.20000000,401.90000000,408.40000000,52024.63400000
1747008000000,408.40000000,419.80000000,396.00000000,410.80000000,66511.31700000
1747094400000,410.80000000,416.00000000,391.40000000,411.20000000,38880.60800000
1747180800000,411.30000000,414.60000000,398.60000000,402.70000000,32396.36400000
1747267200000,402.70000000,405.10000000,383.10000000,396.10000000,50236.80000000
1747353600000,396.10000000,404.00000000,392.70000000,395.90000000,27132.16000000
1747440000000,395.90000000,401.70000000,385.80000000,392.30000000,30414.32800000
1747526400000,392.30000000,408.10000000,389.00000000,406.50000000,37753.83000000
1747612800000,406.50000000,408.60000000,375.70000000,392.70000000,36738.02800000
1747699200000,392.80000000,398.60000000,383.90000000,394.10000000,21143.56200000
1747785600000,394.20000000,412.30000000,390.20000000,407.20000000,42819.45000000
1747872000000,407.20000000,446.20000000,407.20000000,444.40000000,107258.21700000
1747958400000,444.50000000,462.00000000,423.90000000,426.40000000,102905.57500000
1748044800000,426.50000000,432.50000000,419.10000000,421.40000000,24777.96800000
1748131200000,421.50000000,427.30000000,407.60000000,422.70000000,27101.74300000
1748217600000,422.60000000,428.70000000,412.90000000,415.40000000,25935.84100000
1748304000000,415.30000000,424.30000000,408.30000000,414.60000000,25926.63300000
1748390400000,414.70000000,427.60000000,404.40000000,424.80000000,28637.53700000
1748476800000,424.80000000,428.10000000,405.40000000,409.60000000,31238.37400000
1748563200000,409.60000000,414.60000000,394.20000000,398.40000000,37741.86400000
1748649600000,398.50000000,422.70000000,388.80000000,415.00000000,48950.75200000
1748736000000,415.10000000,415.50000000,397.00000000,403.40000000,20000.13700000
1748822400000,403.40000000,407.20000000,397.00000000,403.60000000,17796.18100000
1748908800000,403.60000000,409.00000000,399.80000000,400.70000000,19108.80900000
1748995200000,400.70000000,410.70000000,396.80000000,400.20000000,16472.87600000
1749081600000,400.20000000,405.00000000,377.50000000,385.00000000,36244.26100000
1749168000000,385.20000000,399.70000000,380.40000000,395.60000000,35734.45200000
1749254400000,395.70000000,411.70000000,393.70000000,409.40000000,38699.57100000
1749340800000,409.50000000,419.70000000,406.30000000,410.80000000,24440.27700000
1749427200000,410.90000000,429.70000000,410.60000000,424.90000000,37221.32200000
1749513600000,425.00000000,443.50000000,417.80000000,438.20000000,86515.81600000
1749600000000,438.10000000,447.20000000,421.70000000,428.90000000,106365.54900000
1749686400000,428.80000000,441.80000000,423.30000000,424.00000000,37375.46800000
1749772800000,424.00000000,454.00000000,397.70000000,448.70000000,91918.58000000
1749859200000,448.80000000,450.20000000,421.10000000,430.90000000,34424.81000000
1749945600000,431.00000000,469.90000000,431.00000000,460.40000000,75780.60900000
1750032000000,460.40000000,476.50000000,450.00000000,463.70000000,84831.99200000
1750118400000,463.60000000,483.20000000,456.80000000,462.60000000,85599.48800000
1750204800000,462.70000000,481.50000000,456.60000000,459.70000000,49330.15400000
1750291200000,459.70000000,505.20000000,453.10000000,497.10000000,136996.72900000
1750377600000,497.20000000,501.00000000,472.10000000,473.70000000,83574.09200000
1750464000000,473.70000000,479.30000000,457.70000000,467.30000000,44332.58000000
1750550400000,467.40000000,470.60000000,436.90000000,454.90000000,162641.38500000
1750636800000,454.90000000,470.00000000,437.70000000,462.70000000,73916.03700000
1750723200000,462.70000000,467.40000000,448.90000000,453.80000000,52913.65300000
1750809600000,453.90000000,494.90000000,453.50000000,482.80000000,123078.93300000
1750896000000,482.80000000,507.30000000,481.50000000,489.20000000,74856.57800000
1750982400000,489.10000000,510.50000000,484.20000000,504.80000000,69937.87200000
1751068800000,504.80000000,505.30000000,487.00000000,491.00000000,33933.25100000
1751155200000,491.00000000,508.90000000,488.40000000,504.50000000,42443.13700000
1751241600000,504.50000000,522.40000000,488.10000000,505.70000000,68960.10900000
1751328000000,505.80000000,530.00000000,497.30000000,500.20000000,95849.29900000
1751414400000,500.30000000,512.20000000,498.50000000,510.90000000,44958.51700000
1751500800000,511.00000000,515.00000000,490.90000000,496.40000000,53299.19800000
1751587200000,496.40000000,496.70000000,468.80000000,483.90000000,50309.41900000
1751673600000,484.00000000,489.70000000,480.60000000,489.30000000,22673.01900000
1751760000000,489.40000000,500.30000000,482.80000000,491.50000000,24353.73500000
1751846400000,491.50000000,500.30000000,487.50000000,496.60000000,26412.36400000
1751932800000,496.60000000,508.40000000,493.90000000,501.10000000,30667.25600000
1752019200000,501.20000000,516.90000000,499.90000000,514.50000000,50698.16000000
1752105600000,514.50000000,521.10000000,501.30000000,518.40000000,67726.53600000
1752192000000,518.50000000,539.40000000,513.90000000,531.50000000,75313.60900000
1752278400000,531.50000000,535.20000000,502.00000000,506.30000000,54446.24300000
1752364800000,506.30000000,514.10000000,501.00000000,508.00000000,53421.99100000
1752451200000,508.10000000,527.20000000,498.00000000,504.90000000,55081.92400000
1752537600000,504.90000000,505.90000000,481.90000000,497.90000000,41908.42200000
1752624000000,498.00000000,508.80000000,491.10000000,498.70000000,44220.24000000
1752710400000,498.80000000,505.10000000,487.30000000,500.00000000,48551.57700000
1752796800000,500.00000000,541.90000000,499.10000000,514.50000000,119750.31700000
1752883200000,514.50000000,522.50000000,501.80000000,513.10000000,46244.33700000
1752969600000,513.10000000,553.50000000,509.10000000,548.00000000,108500.90500000
1753056000000,548.00000000,548.60000000,516.80000000,522.60000000,170042.92200000
1753142400000,522.70000000,535.20000000,511.40000000,526.10000000,69803.00800000
1753228800000,526.20000000,529.80000000,497.50000000,512.20000000,71635.65300000
1753315200000,512.20000000,528.50000000,490.20000000,513.00000000,130810.70300000
1753401600000,513.00000000,565.00000000,509.30000000,557.30000000,171946.47800000
1753488000000,557.30000000,563.30000000,551.40000000,559.10000000,35736.24100000
1753574400000,559.00000000,608.20000000,555.40000000,590.00000000,134446.93900000
1753660800000,590.00000000,607.20000000,568.90000000,572.60000000,116811.60700000
1753747200000,572.60000000,587.10000000,560.20000000,564.20000000,59556.72600000
1753833600000,564.20000000,595.10000000,551.20000000,590.10000000,77233.16000000
1753920000000,590.10000000,597.10000000,560.30000000,561.50000000,62659.31500000
1754006400000,561.40000000,577.30000000,527.80000000,536.20000000,60868.68600000
1754092800000,536.20000000,544.30000000,517.90000000,520.20000000,28246.05100000
1754179200000,520.20000000,548.40000000,514.50000000,544.20000000,22055.57700000
1754265600000,544.30000000,581.90000000,544.20000000,574.50000000,59696.97000000
1754352000000,574.40000000,584.20000000,541.60000000,551.80000000,72354.10600000
1754438400000,551.70000000,573.70000000,547.50000000,571.10000000,35713.65700000
1754524800000,571.10000000,585.40000000,567.20000000,582.20000000,191182.85500000
1754611200000,582.20000000,589.30000000,572.70000000,586.00000000,34369.08000000
1754697600000,585.90000000,592.30000000,565.10000000,566.10000000,37699.87000000
1754784000000,566.20000000,586.80000000,559.30000000,570.50000000,44724.00800000
1754870400000,570.40000000,600.00000000,569.70000000,578.50000000,81323.39100000
1754956800000,578.60000000,626.50000000,578.20000000,618.80000000,108077.27700000
1755043200000,618.90000000,634.30000000,601.20000000,616.20000000,123882.67900000
1755129600000,616.30000000,627.20000000,578.90000000,593.20000000,90929.52200000
1755216000000,593.20000000,602.00000000,580.10000000,592.50000000,33935.02600000
1755302400000,592.50000000,597.80000000,575.50000000,587.30000000,18199.24000000
1755388800000,587.30000000,592.20000000,580.20000000,582.00000000,21580.66900000
1755475200000,582.10000000,582.50000000,560.70000000,568.80000000,30721.15100000
1755561600000,568.90000000,573.70000000,547.60000000,548.50000000,27576.51500000
1755648000000,548.50000000,562.80000000,543.20000000,560.90000000,29304.04600000
1755734400000,560.90000000,565.00000000,550.20000000,554.70000000,23171.96300000
1755820800000,554.80000000,608.00000000,550.60000000,599.80000000,66814.96500000
1755907200000,599.80000000,601.80000000,584.20000000,591.30000000,36268.32200000
1755993600000,591.40000000,600.00000000,581.90000000,583.20000000,29071.39800000
1756080000000,583.30000000,589.60000000,536.10000000,543.60000000,46152.47900000
1756166400000,543.60000000,556.40000000,532.40000000,550.90000000,59689.00100000
1756252800000,550.90000000,564.00000000,544.20000000,550.20000000,49634.20800000
1756339200000,550.20000000,567.00000000,548.40000000,557.90000000,20413.26500000
1756425600000,557.90000000,560.40000000,527.20000000,530.70000000,91087.19100000
1756512000000,530.80000000,554.30000000,524.00000000,552.80000000,38450.04800000
1756598400000,552.80000000,556.00000000,542.40000000,544.20000000,22285.82100000
1756684800000,544.20000000,552.00000000,530.00000000,545.10000000,39807.81500000
1756771200000,545.20000000,587.70000000,543.40000000,584.70000000,85623.25100000
1756857600000,584.70000000,612.50000000,578.50000000,603.70000000,132537.68600000
1756944000000,603.60000000,604.60000000,583.10000000,586.60000000,52590.84400000
1757030400000,586.60000000,629.80000000,584.70000000,606.80000000,153538.91100000
1757116800000,606.80000000,617.20000000,583.60000000,595.30000000,102093.53000000
1757203200000,595.20000000,608.50000000,593.30000000,603.20000000,23119.19700000
1757289600000,603.20000000,606.10000000,585.40000000,588.40000000,94263.03100000
1757376000000,588.30000000,594.30000000,574.50000000,580.50000000,62742.77100000
1757462400000,580.40000000,591.10000000,576.90000000,581.10000000,48566.10900000
1757548800000,581.00000000,604.10000000,576.10000000,596.40000000,65679.15200000
1757635200000,596.30000000,601.80000000,587.20000000,598.30000000,39108.59600000
1757721600000,598.40000000,605.50000000,593.80000000,598.50000000,30294.45400000
1757808000000,598.60000000,607.30000000,588.10000000,601.60000000,50172.32300000
1757894400000,601.50000000,616.90000000,587.80000000,593.70000000,41905.51700000
1757980800000,593.70000000,601.90000000,588.90000000,598.80000000,20308.14000000
1758067200000,598.70000000,625.70000000,590.50000000,616.70000000,56876.09600000
1758153600000,616.80000000,651.00000000,612.30000000,624.40000000,104972.47900000
1758240000000,624.30000000,632.40000000,598.00000000,600.60000000,51420.18200000
1758326400000,600.60000000,606.90000000,593.10000000,594.50000000,18318.96800000
1758412800000,594.50000000,602.30000000,593.50000000,593.60000000,11037.13300000
1758499200000,593.60000000,594.80000000,553.00000000,567.10000000,41757.03600000
1758585600000,567.10000000,569.80000000,553.70000000,556.70000000,38572.09600000
1758672000000,556.70000000,563.70000000,548.50000000,556.40000000,21315.88200000
1758758400000,556.40000000,557.50000000,531.50000000,536.50000000,41678.73600000
1758844800000,536.50000000,551.10000000,534.40000000,548.10000000,22936.74200000
1758931200000,548.10000000,548.10000000,539.50000000,543.70000000,6722.93300000
1759017600000,543.70000000,558.20000000,535.80000000,556.40000000,20975.30000000
1759104000000,556.40000000,563.10000000,550.00000000,561.00000000,17868.09100000
1759190400000,561.00000000,563.20000000,549.20000000,560.60000000,19237.26800000
1759276800000,560.60000000,600.00000000,559.40000000,592.80000000,39731.76700000
1759363200000,592.80000000,598.10000000,579.90000000,594.50000000,47411.80200000
1759449600000,594.50000000,615.30000000,590.80000000,608.50000000,37951.90800000
1759536000000,608.50000000,609.40000000,584.30000000,589.90000000,20534.86900000
1759622400000,590.00000000,615.30000000,587.60000000,594.20000000,30815.17000000
1759708800000,594.30000000,606.70000000,592.10000000,598.80000000,17978.12900000
1759795200000,598.90000000,599.90000000,574.10000000,576.20000000,28936.46800000
1759881600000,576.30000000,588.00000000,573.20000000,583.10000000,13300.52800000
1759968000000,583.20000000,594.30000000,568.30000000,580.00000000,24992.37200000
1760054400000,579.90000000,601.20000000,482.00000000,513.50000000,158421.14100000
1760140800000,513.40000000,540.30000000,477.70000000,500.10000000,76072.05100000
1760227200000,500.10000000,545.40000000,495.60000000,540.70000000,53846.72500000
1760313600000,540.60000000,549.40000000,530.70000000,546.50000000,32077.73600000
1760400000000,546.50000000,547.20000000,507.60000000,538.00000000,138364.62900000
1760486400000,538.00000000,546.00000000,517.40000000,522.20000000,23601.44900000
1760572800000,522.20000000,529.70000000,501.30000000,504.80000000,29780.76600000
1760659200000,504.80000000,510.80000000,443.20000000,469.80000000,109617.49700000
1760745600000,469.80000000,483.70000000,462.20000000,468.50000000,24439.90700000
1760832000000,468.40000000,479.10000000,456.60000000,472.70000000,38553.23200000
1760918400000,472.60000000,486.60000000,467.00000000,478.70000000,39713.62300000
1761004800000,478.70000000,515.50000000,464.00000000,480.80000000,115892.32100000
1761091200000,480.80000000,486.00000000,462.20000000,473.20000000,32576.11100000
1761177600000,473.20000000,491.90000000,472.70000000,480.30000000,181958.64400000
1761264000000,480.30000000,510.00000000,478.30000000,503.20000000,54287.72700000
1761350400000,503.20000000,512.80000000,495.90000000,508.20000000,50338.59400000
1761436800000,508.20000000,565.70000000,508.20000000,559.40000000,100673.13900000
1761523200000,559.40000000,580.00000000,545.80000000,555.60000000,86828.77700000
1761609600000,555.60000000,580.00000000,550.00000000,557.60000000,150063.48700000
1761696000000,557.60000000,566.70000000,546.90000000,555.60000000,75881.15100000
1761782400000,555.60000000,576.20000000,527.30000000,541.20000000,78455.10600000
1761868800000,541.20000000,568.10000000,532.60000000,535.10000000,79423.96600000
1761955200000,535.10000000,563.00000000,531.10000000,554.00000000,57782.00000000
1762041600000,554.10000000,556.10000000,522.90000000,536.90000000,53863.40200000
1762128000000,536.90000000,537.00000000,492.60000000,505.90000000,63621.99900000
1762214400000,505.90000000,512.70000000,460.30000000,480.00000000,70285.87500000
1762300800000,480.10000000,494.60000000,460.50000000,489.10000000,25353.45800000
1762387200000,489.10000000,489.90000000,464.20000000,472.90000000,23718.46700000
1762473600000,473.00000000,524.80000000,470.40000000,512.30000000,186171.86900000
1762560000000,512.40000000,515.60000000,485.80000000,495.80000000,20711.57400000
1762646400000,495.70000000,507.30000000,488.70000000,503.50000000,30337.76900000
1762732800000,503.50000000,525.70000000,500.80000000,517.60000000,33742.93700000
1762819200000,517.60000000,532.10000000,503.80000000,505.70000000,74373.85100000
1762905600000,505.70000000,532.60000000,498.40000000,507.40000000,42374.51400000
1762992000000,507.30000000,531.60000000,494.10000000,509.30000000,83367.44500000
1763078400000,509.30000000,518.10000000,475.60000000,479.60000000,52378.56100000
1763164800000,479.60000000,519.80000000,479.40000000,502.50000000,53795.09900000
1763251200000,502.40000000,504.40000000,472.50000000,483.40000000,26967.15000000
1763337600000,483.40000000,515.60000000,480.80000000,490.80000000,42251.37900000
1763424000000,490.70000000,538.00000000,475.80000000,523.20000000,101787.35300000
1763510400000,523.20000000,523.40000000,470.90000000,486.40000000,58385.65600000
1763596800000,486.40000000,513.00000000,474.10000000,480.80000000,77540.03500000
1763683200000,480.80000000,550.70000000,446.90000000,533.50000000,171524.78700000
1763769600000,533.50000000,568.10000000,521.20000000,556.70000000,152643.72500000
1763856000000,556.70000000,558.50000000,536.50000000,539.30000000,66458.99300000
1763942400000,539.30000000,564.50000000,537.10000000,549.30000000,67672.65400000
1764028800000,549.40000000,550.00000000,516.20000000,527.30000000,51763.36400000
1764115200000,527.30000000,549.10000000,525.90000000,543.70000000,118543.40200000
1764201600000,543.70000000,551.00000000,531.40000000,532.70000000,51401.12300000
1764288000000,532.70000000,554.60000000,530.80000000,548.60000000,180678.26200000
1764374400000,548.70000000,548.80000000,517.50000000,521.50000000,89057.13700000
1764460800000,521.60000000,562.60000000,518.10000000,540.80000000,82833.15100000
1764547200000,540.70000000,544.80000000,508.80000000,523.20000000,94571.73400000
1764633600000,523.10000000,558.50000000,519.90000000,545.30000000,84212.03800000
1764720000000,545.30000000,607.40000000,543.50000000,590.60000000,143540.99800000
1764806400000,590.50000000,600.00000000,566.30000000,574.90000000,57320.17400000
1764892800000,574.90000000,583.70000000,557.00000000,559.60000000,42663.37600000
1764979200000,559.60000000,596.90000000,557.90000000,583.50000000,49121.84400000
1765065600000,583.60000000,605.00000000,567.70000000,598.50000000,41420.53600000
1765152000000,598.50000000,605.00000000,575.80000000,579.10000000,36561.43500000
1765238400000,579.20000000,591.30000000,570.00000000,585.00000000,96628.13000000
1765324800000,584.90000000,588.90000000,558.80000000,572.60000000,96044.05800000
1765411200000,572.70000000,576.60000000,551.50000000,574.30000000,45546.91700000
1765497600000,574.30000000,588.40000000,567.90000000,581.90000000,59279.98100000
1765584000000,581.90000000,586.80000000,568.20000000,579.90000000,19244.26300000
1765670400000,580.00000000,585.30000000,554.20000000,558.30000000,30902.91600000
1765756800000,558.20000000,573.80000000,518.50000000,536.10000000,50432.95200000
1765843200000,536.10000000,557.80000000,527.70000000,546.30000000,39953.94300000
1765929600000,546.20000000,568.80000000,539.80000000,546.70000000,51341.41900000
1766016000000,546.60000000,588.00000000,528.10000000,565.90000000,101010.71400000
1766102400000,565.90000000,631.70000000,557.10000000,624.90000000,97388.92900000
1766188800000,624.80000000,625.90000000,588.50000000,592.10000000,62967.31400000
1766275200000,592.00000000,602.90000000,576.80000000,591.10000000,30621.09700000
1766361600000,591.20000000,598.60000000,571.40000000,590.40000000,63563.17100000
1766448000000,590.40000000,593.90000000,570.60000000,572.50000000,33806.85600000
1766534400000,572.60000000,581.10000000,563.30000000,568.70000000,46526.49100000
1766620800000,568.70000000,600.10000000,566.40000000,589.80000000,42451.45100000
1766707200000,589.70000000,614.50000000,586.80000000,594.90000000,51345.08700000
1766793600000,594.80000000,625.80000000,593.20000000,623.40000000,41932.25300000
1766880000000,623.30000000,638.00000000,610.50000000,622.40000000,53213.95500000
1766966400000,622.40000000,627.20000000,592.90000000,599.20000000,103775.53700000
1767052800000,599.20000000,608.10000000,591.30000000,595.80000000,67362.52700000
1767139200000,595.80000000,603.40000000,592.90000000,599.50000000,27177.49300000
1767225600000,599.60000000,606.50000000,585.90000000,593.20000000,34439.41300000
1767312000000,593.30000000,618.70000000,585.40000000,609.80000000,57714.78600000
1767398400000,609.90000000,664.10000000,608.50000000,654.50000000,92733.46500000
1767484800000,654.50000000,662.50000000,635.40000000,639.10000000,88728.67500000
1767571200000,639.20000000,669.60000000,639.00000000,645.20000000,87698.15800000
1767657600000,645.30000000,658.00000000,624.10000000,638.20000000,65951.65900000
1767744000000,638.20000000,638.20000000,622.20000000,629.20000000,21367.68700000
1767830400000,629.30000000,653.40000000,619.00000000,632.00000000,54007.42800000
1767916800000,632.10000000,642.50000000,625.00000000,634.70000000,34426.62500000
1768003200000,634.70000000,650.40000000,631.40000000,643.90000000,21844.69000000
1768089600000,644.00000000,667.00000000,638.10000000,649.10000000,124934.69000000
1768176000000,649.20000000,661.20000000,613.10000000,621.70000000,133573.83000000
1768262400000,621.60000000,626.60000000,605.10000000,617.00000000,101028.81900000
1768348800000,617.00000000,619.50000000,593.60000000,597.40000000,116833.26700000
1768435200000,597.50000000,630.60000000,574.50000000,590.80000000,211491.27600000
1768521600000,590.90000000,606.90000000,589.50000000,599.50000000,114365.31400000
1768608000000,599.60000000,602.70000000,588.90000000,594.10000000,64836.31500000
1768694400000,594.10000000,602.30000000,587.70000000,591.40000000,24086.23800000
1768780800000,591.40000000,594.80000000,562.80000000,584.00000000,51379.08700000
1768867200000,584.00000000,587.20000000,564.20000000,573.20000000,58930.10500000
1768953600000,573.10000000,598.00000000,570.20000000,584.80000000,63001.86000000
1769040000000,584.80000000,604.00000000,584.50000000,599.20000000,25155.54800000
1769126400000,599.20000000,601.50000000,586.50000000,595.70000000,19873.14400000
1769212800000,595.70000000,599.10000000,590.80000000,593.60000000,8196.23200000
1769299200000,593.60000000,595.90000000,563.60000000,572.20000000,23802.13900000
1769385600000,572.10000000,583.30000000,571.20000000,578.70000000,14970.05300000
1769472000000,578.70000000,603.90000000,577.60000000,600.20000000,36032.42500000
1769558400000,600.20000000,602.00000000,589.40000000,591.10000000,18786.67500000
1769644800000,591.20000000,591.40000000,548.20000000,554.10000000,27886.29400000
1769731200000,554.10000000,559.80000000,533.40000000,553.20000000,49495.20200000
1769817600000,553.30000000,554.10000000,467.20000000,507.50000000,72516.89800000
1769904000000,507.60000000,538.40000000,506.20000000,516.20000000,84361.11300000
1769990400000,516.30000000,544.10000000,497.40000000,539.70000000,52571.70200000
1770076800000,539.60000000,542.10000000,509.60000000,527.10000000,36642.32000000
1770163200000,527.00000000,539.90000000,515.00000000,532.50000000,37639.92400000
1770249600000,532.50000000,542.60000000,452.60000000,453.90000000,93295.95300000
1770336000000,453.80000000,542.80000000,423.00000000,523.20000000,131309.69800000
1770422400000,523.10000000,540.50000000,514.20000000,525.10000000,77624.27500000
1770508800000,525.20000000,540.80000000,516.80000000,527.00000000,34730.78600000
1770595200000,527.00000000,538.00000000,511.20000000,533.00000000,31391.09900000
1770681600000,533.00000000,534.30000000,511.80000000,524.30000000,38388.19000000
1770768000000,524.30000000,528.00000000,507.60000000,516.20000000,38933.85700000
1770854400000,516.20000000,521.00000000,493.80000000,503.00000000,25899.03400000
1770940800000,503.00000000,570.00000000,499.90000000,563.90000000,52303.62100000
1771027200000,563.90000000,572.60000000,557.60000000,562.90000000,30470.35900000
1771113600000,563.00000000,566.60000000,550.40000000,553.50000000,22397.93300000
1771200000000,553.50000000,581.50000000,551.50000000,569.20000000,31961.49100000
1771286400000,569.20000000,578.00000000,549.50000000,563.40000000,25801.02200000
1771372800000,563.50000000,570.20000000,550.60000000,558.00000000,21799.75000000
1771459200000,557.90000000,564.90000000,538.70000000,560.40000000,29747.78100000
1771545600000,560.20000000,570.70000000,540.80000000,562.40000000,66675.69500000
1771632000000,562.50000000,577.00000000,558.50000000,564.10000000,19789.47900000
1771718400000,564.10000000,586.20000000,559.00000000,570.70000000,50444.27200000
1771804800000,570.80000000,570.80000000,487.30000000,495.80000000,76023.82500000
1771891200000,495.70000000,499.10000000,470.80000000,484.80000000,72609.41400000
1771977600000,484.80000000,520.30000000,483.90000000,492.90000000,53756.73800000
1772064000000,492.80000000,505.80000000,476.60000000,478.40000000,29976.65000000
1772150400000,478.40000000,491.10000000,455.10000000,461.50000000,32169.41400000
1772236800000,461.40000000,468.40000000,439.60000000,457.60000000,42894.53800000
1772323200000,457.60000000,466.90000000,432.00000000,441.70000000,28623.58200000
1772409600000,441.70000000,454.40000000,436.10000000,445.30000000,35460.97000000
1772496000000,445.40000000,450.10000000,432.20000000,443.90000000,24297.43500000
1772582400000,443.90000000,476.80000000,439.00000000,466.90000000,44261.32600000
1772668800000,466.80000000,467.80000000,454.30000000,461.60000000,30348.68700000
1772755200000,461.50000000,463.30000000,442.20000000,449.70000000,21438.59300000
1772841600000,449.60000000,454.10000000,445.70000000,450.20000000,13844.82600000
1772928000000,450.20000000,455.40000000,440.40000000,443.10000000,14209.03000000
1773014400000,443.00000000,456.90000000,442.90000000,444.60000000,23746.39200000
1773100800000,444.50000000,454.30000000,442.60000000,447.10000000,27205.97300000
1773187200000,447.00000000,461.20000000,445.70000000,455.10000000,19453.14800000
1773273600000,455.10000000,461.50000000,451.60000000,455.20000000,11218.46900000
1773360000000,455.20000000,475.60000000,454.80000000,461.00000000,39232.29300000
1773446400000,460.90000000,468.50000000,454.30000000,467.60000000,16336.77000000
1773532800000,467.60000000,470.70000000,459.80000000,469.70000000,17886.86100000
1773619200000,469.60000000,483.80000000,465.10000000,478.80000000,25463.50500000
1773705600000,478.80000000,481.20000000,470.20000000,470.70000000,13922.65300000
1773792000000,470.70000000,472.60000000,446.50000000,456.90000000,18368.33800000
1773878400000,456.90000000,460.70000000,449.70000000,455.60000000,18252.72700000
1773964800000,455.70000000,475.20000000,454.90000000,474.60000000,21846.58200000
1774051200000,474.60000000,477.20000000,459.70000000,462.60000000,13083.11200000
1774137600000,462.50000000,471.40000000,457.40000000,467.40000000,20206.79500000
1774224000000,467.40000000,486.30000000,462.60000000,478.00000000,26604.51300000
1774310400000,478.10000000,480.20000000,468.60000000,477.40000000,23114.36200000
1774396800000,477.40000000,480.30000000,471.40000000,473.60000000,13866.67900000
1774483200000,473.60000000,474.10000000,458.70000000,461.90000000,18277.48800000
1774569600000,462.00000000,475.00000000,458.20000000,472.90000000,57189.17500000
1774656000000,472.90000000,484.20000000,470.80000000,481.20000000,25019.84400000
1774742400000,481.20000000,484.80000000,446.90000000,452.70000000,93699.26500000
1774828800000,452.70000000,467.40000000,450.60000000,460.30000000,33395.92200000
1774915200000,460.30000000,477.90000000,460.00000000,466.50000000,39604.71200000
1775001600000,466.50000000,466.60000000,453.70000000,455.10000000,37116.94700000
1775088000000,455.10000000,455.80000000,439.40000000,444.30000000,23884.47000000
1775174400000,444.20000000,446.70000000,439.60000000,443.00000000,8808.81200000
1775260800000,443.00000000,445.10000000,440.90000000,441.20000000,6996.99100000
1775347200000,441.10000000,442.50000000,420.40000000,428.60000000,23521.35500000
1775433600000,428.70000000,440.60000000,428.70000000,435.10000000,17547.85400000
1775520000000,435.00000000,448.40000000,429.90000000,445.90000000,17971.89300000
1775606400000,446.00000000,449.90000000,440.10000000,441.30000000,18131.00200000
1775692800000,441.30000000,446.90000000,433.00000000,443.10000000,19468.63900000
1775779200000,443.20000000,446.80000000,434.30000000,443.80000000,13141.79400000
1775865600000,443.70000000,445.30000000,436.60000000,437.70000000,8778.88600000
1775952000000,437.60000000,438.00000000,419.50000000,421.30000000,25425.50100000
1776038400000,421.20000000,440.60000000,421.10000000,438.20000000,15504.76100000
1776124800000,438.30000000,444.20000000,433.50000000,436.20000000,14172.97100000
1776211200000,436.20000000,443.40000000,427.50000000,440.80000000,11572.83800000
1776297600000,440.80000000,457.50000000,434.10000000,454.90000000,18450.39600000
1776384000000,454.80000000,461.80000000,446.60000000,453.40000000,18935.65900000
1776470400000,453.40000000,456.10000000,443.30000000,443.50000000,9480.00800000
1776556800000,443.60000000,446.20000000,433.90000000,435.10000000,9877.98800000
1776643200000,435.30000000,446.40000000,435.20000000,443.60000000,8005.93000000
1776729600000,443.60000000,449.70000000,440.50000000,448.50000000,12511.70800000
1776816000000,448.60000000,474.00000000,447.50000000,460.30000000,30013.68500000
1776902400000,460.30000000,461.00000000,452.50000000,460.80000000,18193.90700000
1776988800000,460.90000000,461.70000000,454.50000000,456.20000000,9324.24200000
1777075200000,456.20000000,456.50000000,452.10000000,453.00000000,4766.45000000
1777161600000,453.10000000,456.30000000,450.30000000,454.90000000,7114.75800000
1777248000000,455.00000000,458.20000000,446.10000000,449.80000000,13050.61700000
1777334400000,449.80000000,454.20000000,442.70000000,453.70000000,8021.20600000
1777420800000,453.70000000,455.60000000,441.90000000,447.50000000,10733.69300000
1777507200000,447.50000000,449.30000000,440.30000000,440.90000000,6651.63200000
1777593600000,441.00000000,458.20000000,440.90000000,450.50000000,10072.88200000
1777680000000,450.60000000,453.20000000,444.40000000,445.70000000,4276.14900000
1777766400000,445.60000000,447.50000000,442.40000000,443.20000000,5230.95000000
1777852800000,443.10000000,450.80000000,437.00000000,443.70000000,25745.13000000
1777939200000,443.80000000,464.50000000,443.00000000,461.40000000,35728.83400000
1778025600000,461.50000000,489.30000000,458.50000000,465.70000000,66112.58300000
1778112000000,465.70000000,466.40000000,447.00000000,450.20000000,16635.57400000
1778198400000,450.30000000,454.50000000,447.80000000,450.50000000,14290.65000000
1778284800000,450.50000000,453.90000000,448.30000000,449.80000000,11516.57300000
1778371200000,449.90000000,465.40000000,449.00000000,464.30000000,15360.68100000
1778457600000,464.40000000,465.30000000,447.90000000,450.20000000,15052.63400000
1778544000000,450.20000000,450.40000000,436.00000000,439.60000000,22805.87600000
1778630400000,439.60000000,444.80000000,430.00000000,434.10000000,22082.84900000
1778716800000,434.20000000,438.90000000,431.50000000,435.00000000,8061.69500000
1778803200000,434.90000000,437.50000000,423.80000000,426.80000000,20813.41000000
1778889600000,426.80000000,428.20000000,410.60000000,415.80000000,34719.60500000
1778976000000,415.80000000,416.80000000,400.00000000,404.80000000,11386.05500000
1779062400000,404.80000000,404.80000000,348.30000000,378.80000000,135835.46400000
1779148800000,378.80000000,386.70000000,360.80000000,370.40000000,49253.81200000
1779235200000,370.40000000,375.20000000,364.00000000,373.10000000,22274.25100000
1779321600000,373.20000000,383.50000000,372.90000000,380.40000000,19384.16900000
1779408000000,380.50000000,382.30000000,359.10000000,360.70000000,19132.75400000
1779494400000,360.70000000,364.70000000,342.90000000,355.50000000,40041.83200000
1779580800000,355.60000000,358.00000000,333.50000000,347.00000000,19754.59800000
1779667200000,347.00000000,352.50000000,344.10000000,351.70000000,11407.98600000
1779753600000,351.80000000,355.20000000,342.70000000,343.40000000,16884.03800000
1779840000000,343.40000000,347.50000000,332.00000000,334.80000000,17294.60900000
1779926400000,334.70000000,336.20000000,287.80000000,300.30000000,129934.70200000
1780012800000,300.20000000,312.40000000,296.60000000,302.30000000,86978.39000000
1780099200000,302.30000000,308.10000000,296.80000000,303.70000000,20483.92500000
1780185600000,303.70000000,308.20000000,297.50000000,302.90000000,38984.33100000
1780272000000,302.80000000,304.80000000,278.10000000,293.80000000,44690.25800000
1780358400000,293.90000000,294.10000000,265.10000000,268.70000000,48215.32900000
1780444800000,268.70000000,271.60000000,239.50000000,243.30000000,325825.13000000
1780531200000,243.30000000,252.10000000,230.20000000,245.60000000,90407.30600000
1780617600000,245.50000000,246.10000000,207.90000000,210.00000000,96259.35700000
1780704000000,209.90000000,227.20000000,202.00000000,217.40000000,71645.45300000
1780790400000,217.40000000,234.60000000,215.70000000,230.30000000,43523.29700000
1780876800000,230.30000000,231.60000000,199.10000000,209.40000000,345559.48700000
1780963200000,209.40000000,211.00000000,201.00000000,203.40000000,62023.63900000
1781049600000,203.40000000,204.50000000,191.70000000,194.50000000,58489.66000000
1781136000000,194.40000000,209.80000000,192.60000000,205.30000000,75570.13700000
1781222400000,205.30000000,209.10000000,201.00000000,202.20000000,38456.17500000
1781308800000,202.20000000,209.70000000,200.90000000,208.70000000,30161.23200000
1781395200000,208.70000000,210.80000000,196.70000000,210.70000000,44020.62500000
1781481600000,210.60000000,231.10000000,209.50000000,224.60000000,65295.26800000
1781568000000,224.50000000,228.20000000,212.50000000,214.10000000,98108.41500000
1781654400000,214.00000000,218.20000000,208.50000000,212.50000000,47381.50900000
1781740800000,212.60000000,215.40000000,206.10000000,209.30000000,11669.57000000
