openTime,open,high,low,close,volume
1577836800000,0.00704600,0.00719100,0.00685700,0.00692300,7291591.00000000
1577923200000,0.00692500,0.00717600,0.00660000,0.00671900,16047571.00000000
1578009600000,0.00668300,0.00725700,0.00661900,0.00715100,15729749.00000000
1578096000000,0.00715100,0.00830100,0.00711500,0.00768000,60700461.00000000
1578182400000,0.00766100,0.00815600,0.00760300,0.00786900,41408311.00000000
1578268800000,0.00782500,0.00799900,0.00740600,0.00761300,25108797.00000000
1578355200000,0.00760700,0.00771700,0.00717000,0.00751400,33901964.00000000
1578441600000,0.00751300,0.00777600,0.00705000,0.00710500,47328242.00000000
1578528000000,0.00710500,0.00711300,0.00666600,0.00693800,18550190.00000000
1578614400000,0.00694100,0.00696900,0.00668000,0.00682900,19390125.00000000
1578700800000,0.00683000,0.00712600,0.00671400,0.00699000,21581067.00000000
1578787200000,0.00698500,0.00701600,0.00680300,0.00700800,10092902.00000000
1578873600000,0.00699600,0.00724800,0.00684900,0.00686800,14180660.00000000
1578960000000,0.00687600,0.00741900,0.00672700,0.00712900,37032304.00000000
1579046400000,0.00712900,0.00742000,0.00683200,0.00716900,29607996.00000000
1579132800000,0.00717000,0.00740100,0.00695000,0.00712000,16971753.00000000
1579219200000,0.00712200,0.00775000,0.00712000,0.00757600,24454823.00000000
1579305600000,0.00754900,0.00785000,0.00738900,0.00759400,18704983.00000000
1579392000000,0.00759200,0.00771300,0.00695000,0.00707900,18050530.00000000
1579478400000,0.00707900,0.00744800,0.00690000,0.00730700,19013700.00000000
1579564800000,0.00730700,0.00803000,0.00715100,0.00741900,54064917.00000000
1579651200000,0.00735800,0.00779900,0.00735700,0.00760900,19811674.00000000
1579737600000,0.00760900,0.00775000,0.00701700,0.00717300,64385611.00000000
1579824000000,0.00715800,0.00719200,0.00651600,0.00698300,34165210.00000000
1579910400000,0.00701400,0.00701500,0.00670000,0.00693300,13178630.00000000
1579996800000,0.00690200,0.00707900,0.00680000,0.00691600,13445878.00000000
1580083200000,0.00691500,0.00704000,0.00678600,0.00690100,19805253.00000000
1580169600000,0.00694600,0.00724800,0.00688100,0.00724300,21936206.00000000
1580256000000,0.00724200,0.00760000,0.00719400,0.00727700,29174330.00000000
1580342400000,0.00727700,0.00745900,0.00714200,0.00739100,18341023.00000000
1580428800000,0.00739000,0.00740000,0.00711300,0.00720400,12290156.00000000
1580515200000,0.00720400,0.00753200,0.00710900,0.00744100,18432401.00000000
1580601600000,0.00744100,0.00788600,0.00729600,0.00777600,34568931.00000000
1580688000000,0.00777600,0.00839700,0.00772100,0.00827200,36393075.00000000
1580774400000,0.00827300,0.00970000,0.00815200,0.00894100,54174992.00000000
1580860800000,0.00894100,0.00909300,0.00780700,0.00860000,73276400.00000000
1580947200000,0.00863100,0.01050000,0.00854500,0.01041300,81251426.00000000
1581033600000,0.01031600,0.01060000,0.00941400,0.00972300,59080331.00000000
1581120000000,0.00963500,0.01023900,0.00918000,0.00951000,19669755.00000000
1581206400000,0.00951000,0.01059600,0.00911000,0.01049700,31830368.00000000
1581292800000,0.01049700,0.01050000,0.00955100,0.01017000,36925624.00000000
1581379200000,0.01014000,0.01150000,0.01003200,0.01132300,48760768.00000000
1581465600000,0.01132300,0.01400000,0.01127100,0.01309800,80521545.00000000
1581552000000,0.01309800,0.01970000,0.01072300,0.01665700,581253096.00000000
1581638400000,0.01665100,0.01779800,0.01432200,0.01512400,231125740.00000000
1581724800000,0.01512400,0.01610000,0.01350100,0.01388300,136834063.00000000
1581811200000,0.01386000,0.01488800,0.01200000,0.01353000,94968752.00000000
1581897600000,0.01353000,0.01512100,0.01298500,0.01385100,167597758.00000000
1581984000000,0.01385100,0.01410000,0.01314300,0.01368100,68253777.00000000
1582070400000,0.01372300,0.01511400,0.01285100,0.01323400,67552873.00000000
1582156800000,0.01323300,0.01380000,0.01285000,0.01315000,53796208.00000000
1582243200000,0.01320800,0.01389700,0.01313600,0.01365900,29518165.00000000
1582329600000,0.01354600,0.01375000,0.01304900,0.01330600,26440163.00000000
1582416000000,0.01321000,0.01363900,0.01290000,0.01345800,36075242.00000000
1582502400000,0.01343900,0.01439900,0.01258500,0.01310600,94184863.00000000
1582588800000,0.01311500,0.01330000,0.01160200,0.01180400,65301936.00000000
1582675200000,0.01180600,0.01206100,0.01000000,0.01050900,76589633.00000000
1582761600000,0.01051600,0.01125800,0.01000000,0.01067600,38483351.00000000
1582848000000,0.01058700,0.01099900,0.01010000,0.01057900,37057800.00000000
1582934400000,0.01057300,0.01120800,0.01044000,0.01044000,25866952.00000000
1583020800000,0.01048400,0.01320000,0.01044000,0.01203000,67551126.00000000
1583107200000,0.01206900,0.01248800,0.01080600,0.01189900,88063831.00000000
1583193600000,0.01191900,0.01231900,0.01164100,0.01193500,64809880.00000000
1583280000000,0.01190100,0.01389900,0.01171100,0.01289800,128707507.00000000
1583366400000,0.01285200,0.01380000,0.01254000,0.01288400,112639257.00000000
1583452800000,0.01289500,0.01359600,0.01245500,0.01307600,455828403.00000000
1583539200000,0.01307900,0.01360000,0.01219200,0.01242900,510022649.00000000
1583625600000,0.01242200,0.01310000,0.01036000,0.01048200,299737984.00000000
1583712000000,0.01048700,0.01076500,0.00974300,0.01033100,335371510.00000000
1583798400000,0.01034900,0.01082500,0.01002700,0.01068900,219359127.00000000
1583884800000,0.01067800,0.01143000,0.00990200,0.01098600,237371388.00000000
1583971200000,0.01098300,0.01107600,0.00500000,0.00523900,2049796353.00000000
1584057600000,0.00516200,0.00692000,0.00381300,0.00616700,119240289.00000000
1584144000000,0.00617600,0.00650200,0.00541100,0.00568500,36043433.00000000
1584230400000,0.00571100,0.00628800,0.00548400,0.00580000,34540407.00000000
1584316800000,0.00579500,0.00579500,0.00465700,0.00520100,69094444.00000000
1584403200000,0.00521200,0.00597200,0.00513400,0.00574100,38723014.00000000
1584489600000,0.00575000,0.00595000,0.00510700,0.00527400,70363341.00000000
1584576000000,0.00527600,0.00726100,0.00523000,0.00634300,136339703.00000000
1584662400000,0.00637600,0.00696500,0.00554700,0.00607200,70222043.00000000
1584748800000,0.00606600,0.00630600,0.00570000,0.00601400,29706624.00000000
1584835200000,0.00599700,0.00617800,0.00531800,0.00536800,20950641.00000000
1584921600000,0.00538500,0.00615500,0.00532300,0.00608300,24174814.00000000
1585008000000,0.00611600,0.00640300,0.00588900,0.00621600,30070407.00000000
1585094400000,0.00615800,0.00642500,0.00600000,0.00617800,14974822.00000000
1585180800000,0.00621200,0.00680500,0.00615800,0.00667700,33897418.00000000
1585267200000,0.00670800,0.00723900,0.00636600,0.00642200,99977478.00000000
1585353600000,0.00639800,0.00665300,0.00597100,0.00636100,37250632.00000000
1585440000000,0.00636100,0.00640800,0.00591900,0.00609600,17759998.00000000
1585526400000,0.00605500,0.00700000,0.00605500,0.00633400,72901374.00000000
1585612800000,0.00630000,0.00650000,0.00624000,0.00632100,23226642.00000000
1585699200000,0.00632100,0.00653800,0.00606000,0.00651400,31998651.00000000
1585785600000,0.00647600,0.00684200,0.00637900,0.00652400,84315394.00000000
1585872000000,0.00650000,0.00842500,0.00645000,0.00684000,255356061.00000000
1585958400000,0.00686000,0.00696400,0.00661400,0.00683300,39770767.00000000
1586044800000,0.00683400,0.00685000,0.00650000,0.00650700,37868781.00000000
1586131200000,0.00654200,0.00751500,0.00650300,0.00692000,101694743.00000000
1586217600000,0.00692000,0.00718600,0.00679100,0.00686600,44335268.00000000
1586304000000,0.00686600,0.00700000,0.00669000,0.00686100,22623855.00000000
1586390400000,0.00690400,0.00713800,0.00678100,0.00700900,35798162.00000000
1586476800000,0.00700300,0.00700800,0.00590800,0.00627400,45837471.00000000
1586563200000,0.00625900,0.00651500,0.00608100,0.00626100,18127365.00000000
1586649600000,0.00626100,0.00660100,0.00612700,0.00632400,26994857.00000000
1586736000000,0.00632400,0.00698500,0.00608700,0.00670000,59980329.00000000
1586822400000,0.00670000,0.00690000,0.00648900,0.00652400,37484757.00000000
1586908800000,0.00648900,0.00662000,0.00610500,0.00615600,38067245.00000000
1586995200000,0.00611000,0.00694900,0.00603900,0.00680600,60899963.00000000
1587081600000,0.00681900,0.00895500,0.00669600,0.00677600,305175495.00000000
1587168000000,0.00677400,0.00711300,0.00671000,0.00689400,85948528.00000000
1587254400000,0.00689400,0.00695500,0.00661800,0.00670000,33038471.00000000
1587340800000,0.00670100,0.00675800,0.00622700,0.00633000,49350280.00000000
1587427200000,0.00634400,0.00649100,0.00617000,0.00637000,30871786.00000000
1587513600000,0.00636200,0.00660900,0.00631900,0.00657200,20155829.00000000
1587600000000,0.00657200,0.00700500,0.00641600,0.00675600,75523076.00000000
1587686400000,0.00675600,0.00695000,0.00659600,0.00670500,46457586.00000000
1587772800000,0.00673500,0.00698700,0.00665000,0.00678700,39034548.00000000
1587859200000,0.00673200,0.00690000,0.00668100,0.00683700,53067065.00000000
1587945600000,0.00683700,0.00733200,0.00673600,0.00710600,144867198.00000000
1588032000000,0.00710600,0.00733000,0.00698900,0.00726200,63422531.00000000
1588118400000,0.00726100,0.00748600,0.00705000,0.00743000,120150745.00000000
1588204800000,0.00743000,0.00780700,0.00696700,0.00719000,99019519.00000000
1588291200000,0.00718900,0.00771600,0.00718900,0.00750400,43786081.00000000
1588377600000,0.00750600,0.00794000,0.00730100,0.00792500,96976764.00000000
1588464000000,0.00789400,0.00810000,0.00750100,0.00762700,66184845.00000000
1588550400000,0.00762700,0.00856100,0.00737700,0.00850700,204884668.00000000
1588636800000,0.00849600,0.00970000,0.00813000,0.00937100,279495332.00000000
1588723200000,0.00937100,0.01130000,0.00937100,0.01038400,489689581.00000000
1588809600000,0.01041500,0.01234800,0.00943600,0.00989000,739056399.00000000
1588896000000,0.00989000,0.01074400,0.00975000,0.00989600,171185556.00000000
1588982400000,0.00989200,0.00999200,0.00926000,0.00926000,122866717.00000000
1589068800000,0.00928500,0.00929000,0.00774100,0.00834000,157158746.00000000
1589155200000,0.00834000,0.00915700,0.00800200,0.00863200,146904771.00000000
1589241600000,0.00865000,0.00940000,0.00858600,0.00911300,96433014.00000000
1589328000000,0.00911300,0.01031000,0.00911200,0.01005300,153333432.00000000
1589414400000,0.01007400,0.01016300,0.00950000,0.00980400,112756906.00000000
1589500800000,0.00980100,0.00984400,0.00915000,0.00932000,70918234.00000000
1589587200000,0.00932300,0.00986300,0.00915100,0.00977100,59271665.00000000
1589673600000,0.00975700,0.00989700,0.00956000,0.00960100,53705318.00000000
1589760000000,0.00960100,0.00976000,0.00934700,0.00960100,69819388.00000000
1589846400000,0.00964900,0.00973600,0.00935600,0.00958000,37688649.00000000
1589932800000,0.00962500,0.00994900,0.00930000,0.00963600,75935849.00000000
1590019200000,0.00963600,0.00966700,0.00869500,0.00899600,58497198.00000000
1590105600000,0.00900400,0.00955700,0.00884100,0.00949900,44155065.00000000
1590192000000,0.00947000,0.00960000,0.00929600,0.00945700,27705365.00000000
1590278400000,0.00938500,0.00989900,0.00899900,0.00913600,76285319.00000000
1590364800000,0.00910500,0.01019900,0.00897100,0.00991600,142699884.00000000
1590451200000,0.00989100,0.01025700,0.00945000,0.00989700,112811773.00000000
1590537600000,0.00991200,0.01025000,0.00961100,0.00990200,92005787.00000000
1590624000000,0.00990200,0.01040000,0.00981300,0.01014700,92989758.00000000
1590710400000,0.01014500,0.01125400,0.01000500,0.01096100,175278657.00000000
1590796800000,0.01096000,0.01136700,0.01060600,0.01107900,105579828.00000000
1590883200000,0.01104500,0.01170000,0.01056300,0.01073200,134154974.00000000
1590969600000,0.01066700,0.01139900,0.01062800,0.01130000,78613993.00000000
1591056000000,0.01129800,0.01180000,0.01001200,0.01154500,182009915.00000000
1591142400000,0.01155900,0.01228400,0.01145600,0.01210600,155268740.00000000
1591228800000,0.01211000,0.01254700,0.01160000,0.01242200,87718702.00000000
1591315200000,0.01243800,0.01299300,0.01210000,0.01238600,118198956.00000000
1591401600000,0.01233600,0.01254500,0.01195000,0.01216700,65077644.00000000
1591488000000,0.01214500,0.01226100,0.01145200,0.01212500,69426358.00000000
1591574400000,0.01212600,0.01238400,0.01200000,0.01223400,34488804.00000000
1591660800000,0.01218500,0.01279400,0.01190300,0.01253200,76279023.00000000
1591747200000,0.01253300,0.01266200,0.01210000,0.01244500,58441948.00000000
1591833600000,0.01244500,0.01264700,0.01074800,0.01128000,103676510.00000000
1591920000000,0.01125100,0.01198600,0.01122000,0.01190300,54918609.00000000
1592006400000,0.01190300,0.01236800,0.01170000,0.01231100,44707909.00000000
1592092800000,0.01231000,0.01234500,0.01151500,0.01165500,34943224.00000000
1592179200000,0.01165300,0.01215400,0.01102500,0.01187900,68344660.00000000
1592265600000,0.01187900,0.01320500,0.01184200,0.01294100,209627780.00000000
1592352000000,0.01295900,0.01332000,0.01251300,0.01315000,108888720.00000000
1592438400000,0.01315000,0.01460500,0.01290000,0.01426000,157020906.00000000
1592524800000,0.01433200,0.01447400,0.01333900,0.01369800,99532099.00000000
1592611200000,0.01369800,0.01391300,0.01302100,0.01331400,95402474.00000000
1592697600000,0.01330200,0.01424000,0.01324800,0.01406000,67293391.00000000
1592784000000,0.01408300,0.01540000,0.01349700,0.01393700,299621388.00000000
1592870400000,0.01393000,0.01420000,0.01375100,0.01405600,58286581.00000000
1592956800000,0.01405500,0.01410000,0.01268100,0.01301400,159402086.00000000
1593043200000,0.01301400,0.01319300,0.01250000,0.01266700,48943172.00000000
1593129600000,0.01270000,0.01274600,0.01190800,0.01220900,45576064.00000000
1593216000000,0.01220900,0.01269300,0.01133500,0.01146100,38013334.00000000
1593302400000,0.01146100,0.01184300,0.01112300,0.01173600,38453611.00000000
1593388800000,0.01173600,0.01219000,0.01160000,0.01203300,35788939.00000000
1593475200000,0.01210000,0.01213000,0.01154600,0.01170700,23776919.00000000
1593561600000,0.01170000,0.01200300,0.01154500,0.01192800,33713440.00000000
1593648000000,0.01195200,0.01202500,0.01118000,0.01136800,33616675.00000000
1593734400000,0.01133800,0.01142500,0.01091900,0.01127300,34227047.00000000
1593820800000,0.01133500,0.01180000,0.01115100,0.01152200,26932121.00000000
1593907200000,0.01152200,0.01200000,0.01131700,0.01164300,33536803.00000000
1593993600000,0.01167000,0.01206500,0.01159300,0.01204300,26480876.00000000
1594080000000,0.01200000,0.01244700,0.01183000,0.01195800,37101155.00000000
1594166400000,0.01194100,0.01249800,0.01187500,0.01220400,60895075.00000000
1594252800000,0.01220400,0.01275900,0.01184900,0.01218200,84972545.00000000
1594339200000,0.01218100,0.01277500,0.01202000,0.01262700,77239622.00000000
1594425600000,0.01263400,0.01270000,0.01222000,0.01247100,25300315.00000000
1594512000000,0.01247100,0.01249200,0.01213100,0.01236900,18733525.00000000
1594598400000,0.01237100,0.01302700,0.01210300,0.01230400,78549941.00000000
1594684800000,0.01225000,0.01243800,0.01200000,0.01237500,40746549.00000000
1594771200000,0.01241500,0.01270000,0.01202200,0.01243100,63591039.00000000
1594857600000,0.01236900,0.01268000,0.01143900,0.01199000,53496436.00000000
1594944000000,0.01199000,0.01232400,0.01197700,0.01215800,20385759.00000000
1595030400000,0.01215600,0.01220000,0.01196000,0.01210900,11337504.00000000
1595116800000,0.01211800,0.01219900,0.01057600,0.01197200,83770336.00000000
1595203200000,0.01199000,0.01215300,0.01183800,0.01192200,32375011.00000000
1595289600000,0.01192200,0.01209300,0.01180000,0.01201800,17590792.00000000
1595376000000,0.01203000,0.01221200,0.01180100,0.01208800,36729156.00000000
1595462400000,0.01209400,0.01231000,0.01198900,0.01201500,36548389.00000000
1595548800000,0.01201500,0.01220000,0.01182400,0.01184800,14082680.00000000
1595635200000,0.01184000,0.01209700,0.01183300,0.01183400,30013887.00000000
1595721600000,0.01189000,0.01211600,0.01168900,0.01173300,30883090.00000000
1595808000000,0.01180000,0.01197100,0.01061600,0.01155100,94761553.00000000
1595894400000,0.01150800,0.01242800,0.01136200,0.01191000,68804489.00000000
1595980800000,0.01186800,0.01252000,0.01163200,0.01210800,71353454.00000000
1596067200000,0.01210600,0.01418300,0.01200000,0.01296600,216762356.00000000
1596153600000,0.01296600,0.01622800,0.01296600,0.01404600,528746467.00000000
1596240000000,0.01401000,0.01401000,0.01299800,0.01341300,127557371.00000000
1596326400000,0.01341300,0.01355500,0.01200000,0.01264900,87520858.00000000
1596412800000,0.01263200,0.01378900,0.01247200,0.01305700,90874954.00000000
1596499200000,0.01305700,0.01379000,0.01280400,0.01328700,112552412.00000000
1596585600000,0.01328700,0.01350000,0.01305500,0.01329600,78978369.00000000
1596672000000,0.01326200,0.01360000,0.01308000,0.01324000,101304433.00000000
1596758400000,0.01323400,0.01346900,0.01255600,0.01300800,70956577.00000000
1596844800000,0.01300800,0.01332800,0.01292800,0.01332500,75507238.00000000
1596931200000,0.01332600,0.01406600,0.01317100,0.01394600,119118981.00000000
1597017600000,0.01394600,0.01464900,0.01315100,0.01434400,157800795.00000000
1597104000000,0.01432500,0.01461800,0.01351600,0.01417100,137380929.00000000
1597190400000,0.01417100,0.01615000,0.01374900,0.01597300,207213244.00000000
1597276800000,0.01596500,0.01884500,0.01595400,0.01817900,449318112.00000000
1597363200000,0.01817900,0.02040000,0.01751400,0.01978200,351540311.00000000
1597449600000,0.01970700,0.01976700,0.01815000,0.01852500,145074564.00000000
1597536000000,0.01853000,0.02030000,0.01817000,0.01955900,149805930.00000000
1597622400000,0.01958300,0.02095100,0.01880000,0.02015200,182249501.00000000
1597708800000,0.02015100,0.02229200,0.01711900,0.01822600,450908378.00000000
1597795200000,0.01826400,0.01826400,0.01559800,0.01616200,191513219.00000000
1597881600000,0.01616200,0.01832200,0.01600000,0.01787500,114763411.00000000
1597968000000,0.01780000,0.01888700,0.01602100,0.01645400,296428067.00000000
1598054400000,0.01648800,0.01755000,0.01619300,0.01727700,82664328.00000000
1598140800000,0.01727700,0.01736100,0.01653800,0.01687100,40386785.00000000
1598227200000,0.01693800,0.01744600,0.01660200,0.01722700,71846868.00000000
1598313600000,0.01729500,0.01737300,0.01500000,0.01552700,115095281.00000000
1598400000000,0.01552200,0.01611000,0.01510000,0.01555400,68309517.00000000
1598486400000,0.01555400,0.01562200,0.01426000,0.01443000,79604517.00000000
1598572800000,0.01452200,0.01532000,0.01441200,0.01531900,75492062.00000000
1598659200000,0.01523500,0.01531600,0.01480000,0.01490900,58563039.00000000
1598745600000,0.01490000,0.01514600,0.01464900,0.01503600,61279161.00000000
1598832000000,0.01503600,0.01520700,0.01469900,0.01483000,56954082.00000000
1598918400000,0.01482500,0.01609900,0.01455800,0.01523100,121787570.00000000
1599004800000,0.01513800,0.01522800,0.01350000,0.01423900,64189377.00000000
1599091200000,0.01425400,0.01445000,0.01096500,0.01111500,99637256.00000000
1599177600000,0.01127800,0.01219600,0.01090500,0.01214500,75575318.00000000
1599264000000,0.01211300,0.01232400,0.00988100,0.01056800,87611966.00000000
1599350400000,0.01061700,0.01126800,0.01000000,0.01092300,88525674.00000000
1599436800000,0.01101000,0.01175300,0.01020100,0.01121600,70014765.00000000
1599523200000,0.01121500,0.01154900,0.01054500,0.01113700,56159928.00000000
1599609600000,0.01111400,0.01260500,0.01073800,0.01217700,134700247.00000000
1599696000000,0.01222500,0.01285700,0.01207600,0.01248200,56981468.00000000
1599782400000,0.01246900,0.01301400,0.01211700,0.01246700,45966074.00000000
1599868800000,0.01247200,0.01319800,0.01229000,0.01304700,72997167.00000000
1599955200000,0.01304400,0.01310000,0.01200900,0.01218800,45386459.00000000
1600041600000,0.01228400,0.01389300,0.01219900,0.01341400,107761143.00000000
1600128000000,0.01334500,0.01370700,0.01235900,0.01282300,78302198.00000000
1600214400000,0.01282700,0.01288100,0.01181300,0.01231800,57509796.00000000
1600300800000,0.01223900,0.01271900,0.01222700,0.01269000,35403714.00000000
1600387200000,0.01269000,0.01272000,0.01192900,0.01221700,41167709.00000000
1600473600000,0.01214100,0.01229400,0.01097400,0.01207900,34257984.00000000
1600560000000,0.01199500,0.01207800,0.01128000,0.01152300,22309850.00000000
1600646400000,0.01143300,0.01169600,0.01003300,0.01085900,47422738.00000000
1600732800000,0.01076300,0.01158600,0.01057200,0.01125400,41591128.00000000
1600819200000,0.01122100,0.01125500,0.01023000,0.01025000,51869542.00000000
1600905600000,0.01032400,0.01149900,0.01022500,0.01138700,39920143.00000000
1600992000000,0.01146400,0.01167800,0.01090000,0.01121800,27490416.00000000
1601078400000,0.01118700,0.01146900,0.01108900,0.01125200,21126021.00000000
1601164800000,0.01120000,0.01155800,0.01081400,0.01100200,27607639.00000000
1601251200000,0.01109500,0.01123700,0.01080200,0.01090400,29509818.00000000
1601337600000,0.01085700,0.01117100,0.01075700,0.01107200,15021634.00000000
1601424000000,0.01102200,0.01212200,0.01076700,0.01156700,187721961.00000000
1601510400000,0.01156400,0.01199500,0.01071200,0.01115000,85428819.00000000
1601596800000,0.01124100,0.01124100,0.01027500,0.01061100,39381966.00000000
1601683200000,0.01062000,0.01127500,0.01056200,0.01079500,23739665.00000000
1601769600000,0.01079400,0.01108600,0.01071000,0.01100000,17006373.00000000
1601856000000,0.01104000,0.01158600,0.01083400,0.01101300,58045287.00000000
1601942400000,0.01095000,0.01100700,0.01010000,0.01034600,51271927.00000000
1602028800000,0.01033900,0.01071200,0.00983200,0.01032700,53695609.00000000
1602115200000,0.01034000,0.01065900,0.01000100,0.01057300,31227245.00000000
1602201600000,0.01054900,0.01125300,0.01042800,0.01112900,50246777.00000000
1602288000000,0.01112900,0.01200000,0.01104000,0.01118500,80389653.00000000
1602374400000,0.01118600,0.01143800,0.01100000,0.01112600,27901731.00000000
1602460800000,0.01112600,0.01146900,0.01105000,0.01111900,34082095.00000000
1602547200000,0.01111800,0.01179700,0.01084800,0.01093400,46704725.00000000
1602633600000,0.01092600,0.01109000,0.01070000,0.01085500,19414265.00000000
1602720000000,0.01085800,0.01093000,0.01052900,0.01068500,26510864.00000000
1602806400000,0.01073900,0.01081000,0.01010000,0.01055000,30716776.00000000
1602892800000,0.01054000,0.01071200,0.01041000,0.01061900,8615074.00000000
1602979200000,0.01063000,0.01090000,0.01056700,0.01072100,14524569.00000000
1603065600000,0.01072000,0.01082900,0.01045500,0.01062200,23751416.00000000
1603152000000,0.01062200,0.01085600,0.01026100,0.01039400,34528292.00000000
1603238400000,0.01037600,0.01087000,0.01028000,0.01045300,39066041.00000000
1603324800000,0.01045300,0.01100000,0.01045100,0.01082500,40213417.00000000
1603411200000,0.01078400,0.01085800,0.01050100,0.01067500,27897437.00000000
1603497600000,0.01064500,0.01113700,0.01061200,0.01086700,34550585.00000000
1603584000000,0.01082900,0.01095500,0.01051800,0.01057000,31428448.00000000
1603670400000,0.01057000,0.01074500,0.01028000,0.01038100,29173830.00000000
1603756800000,0.01038100,0.01063500,0.01010000,0.01025500,37721007.00000000
1603843200000,0.01023800,0.01040000,0.00955000,0.00993800,48266336.00000000
1603929600000,0.00995200,0.01010000,0.00940000,0.00960000,27455251.00000000
1604016000000,0.00954800,0.00966900,0.00875800,0.00948400,65912819.00000000
1604102400000,0.00948800,0.00960700,0.00927000,0.00940500,17433033.00000000
1604188800000,0.00940500,0.00970000,0.00924800,0.00951500,17049032.00000000
1604275200000,0.00950800,0.00979800,0.00924500,0.00941100,33401021.00000000
1604361600000,0.00941400,0.00972000,0.00889500,0.00939000,36955126.00000000
1604448000000,0.00941200,0.00974300,0.00920000,0.00965100,22378429.00000000
1604534400000,0.00965700,0.00987800,0.00928600,0.00976200,36090034.00000000
1604620800000,0.00979100,0.01082700,0.00974100,0.01045300,73972495.00000000
1604707200000,0.01044500,0.01089800,0.00971200,0.01001000,70379906.00000000
1604793600000,0.01000200,0.01046500,0.00989400,0.01043400,26385092.00000000
1604880000000,0.01043000,0.01078800,0.01002500,0.01074700,39006356.00000000
1604966400000,0.01073000,0.01124700,0.01050600,0.01088200,67006197.00000000
1605052800000,0.01088300,0.01109700,0.01067200,0.01073800,33210143.00000000
1605139200000,0.01067900,0.01089900,0.01030000,0.01059600,26962080.00000000
1605225600000,0.01059000,0.01146500,0.01058600,0.01097500,51731561.00000000
1605312000000,0.01097500,0.01097500,0.01047800,0.01077000,19743706.00000000
1605398400000,0.01072400,0.01087400,0.01041200,0.01057100,15762622.00000000
1605484800000,0.01059600,0.01110000,0.01039600,0.01102700,33953378.00000000
1605571200000,0.01102100,0.01116400,0.01070000,0.01097300,35727095.00000000
1605657600000,0.01099000,0.01114900,0.01032000,0.01058100,50202419.00000000
1605744000000,0.01058100,0.01080800,0.01029800,0.01056600,37954510.00000000
1605830400000,0.01049200,0.01115900,0.01047400,0.01096900,43575747.00000000
1605916800000,0.01096900,0.01163500,0.01079400,0.01155100,86860277.00000000
1606003200000,0.01156900,0.01164700,0.01067100,0.01114400,73127590.00000000
1606089600000,0.01114400,0.01240000,0.01097800,0.01196800,141657388.00000000
1606176000000,0.01196000,0.01313000,0.01180000,0.01252000,193310885.00000000
1606262400000,0.01252200,0.01466000,0.01210500,0.01342200,300335726.00000000
1606348800000,0.01336700,0.01386500,0.01092000,0.01196400,137478646.00000000
1606435200000,0.01196400,0.01228000,0.01121400,0.01158500,60600222.00000000
1606521600000,0.01159400,0.01209200,0.01122000,0.01178000,53184412.00000000
1606608000000,0.01178000,0.01192300,0.01138000,0.01166200,40595189.00000000
1606694400000,0.01166200,0.01255500,0.01133000,0.01217700,141776048.00000000
1606780800000,0.01217800,0.01309900,0.01150000,0.01209200,104086803.00000000
1606867200000,0.01207600,0.01371200,0.01160100,0.01291500,211060224.00000000
1606953600000,0.01291200,0.01341800,0.01217100,0.01305200,85111917.00000000
1607040000000,0.01300200,0.01306000,0.01217600,0.01222900,82942542.00000000
1607126400000,0.01222400,0.01270000,0.01205100,0.01270000,33775100.00000000
1607212800000,0.01266500,0.01284000,0.01224000,0.01270400,25189707.00000000
1607299200000,0.01271700,0.01318000,0.01252500,0.01276600,57246133.00000000
1607385600000,0.01276800,0.01279700,0.01212100,0.01226000,50182432.00000000
1607472000000,0.01222000,0.01224600,0.01145000,0.01215900,59423989.00000000
1607558400000,0.01215900,0.01220500,0.01169500,0.01200100,35269941.00000000
1607644800000,0.01199900,0.01271900,0.01133700,0.01238700,57709315.00000000
1607731200000,0.01238700,0.01286900,0.01211700,0.01237900,45189178.00000000
1607817600000,0.01240700,0.01284400,0.01219400,0.01261500,29555526.00000000
1607904000000,0.01261400,0.01642600,0.01247300,0.01470600,1031252991.00000000
1607990400000,0.01475000,0.01599400,0.01375600,0.01499400,553782812.00000000
1608076800000,0.01499800,0.01507600,0.01400000,0.01446200,231282054.00000000
1608163200000,0.01445900,0.01505000,0.01398400,0.01451500,203343816.00000000
1608249600000,0.01450900,0.01490000,0.01412800,0.01474200,138767873.00000000
1608336000000,0.01474200,0.01730000,0.01463400,0.01612600,412053019.00000000
1608422400000,0.01610100,0.01699900,0.01535200,0.01581000,262634445.00000000
1608508800000,0.01580800,0.02460000,0.01578700,0.01885900,2227679749.00000000
1608595200000,0.01884800,0.01959000,0.01615000,0.01739000,592627256.00000000
1608681600000,0.01738700,0.02354700,0.01570400,0.01809100,1333991449.00000000
1608768000000,0.01806200,0.02040000,0.01700000,0.01880600,771567180.00000000
1608854400000,0.01882000,0.01982100,0.01837300,0.01918600,588173945.00000000
1608940800000,0.01919100,0.02235800,0.01880000,0.02114800,798176677.00000000
1609027200000,0.02114700,0.02400000,0.02010500,0.02400000,883262921.00000000
1609113600000,0.02394200,0.02900000,0.02315000,0.02758600,1306783191.00000000
1609200000000,0.02754600,0.03059400,0.02716600,0.02839400,1222523107.00000000
1609286400000,0.02840000,0.02938000,0.02137100,0.02295100,1619585445.00000000
1609372800000,0.02286200,0.02298900,0.01906000,0.02125600,1039128599.00000000
1609459200000,0.02125400,0.02194000,0.01974500,0.02073900,436122427.00000000
1609545600000,0.02072400,0.02077200,0.01876100,0.01925600,476573389.00000000
1609632000000,0.01931100,0.02117500,0.01817200,0.01951800,788179081.00000000
1609718400000,0.01961700,0.02089000,0.01695800,0.01887100,497715412.00000000
1609804800000,0.01888800,0.02139700,0.01840500,0.02007400,519796414.00000000
1609891200000,0.02003000,0.02279100,0.01953000,0.02112200,579908555.00000000
1609977600000,0.02112300,0.02159400,0.01876900,0.01987700,424316694.00000000
1610064000000,0.01992500,0.02016900,0.01750000,0.01926100,349517816.00000000
1610150400000,0.01931200,0.02096900,0.01866800,0.02011300,279825403.00000000
1610236800000,0.02011900,0.02113500,0.01789400,0.01928600,343142523.00000000
1610323200000,0.01928600,0.01937700,0.01540300,0.01768000,350037889.00000000
1610409600000,0.01770200,0.01860000,0.01660100,0.01745300,184446606.00000000
1610496000000,0.01738700,0.02100000,0.01684000,0.02033400,292631500.00000000
1610582400000,0.02032200,0.02179900,0.01850500,0.01968500,731854877.00000000
1610668800000,0.01971700,0.02016500,0.01790400,0.01915400,255609863.00000000
1610755200000,0.01915400,0.02036500,0.01902100,0.01973900,304116781.00000000
1610841600000,0.01974800,0.02010000,0.01829300,0.01952700,210038966.00000000
1610928000000,0.01955700,0.02124500,0.01889100,0.02053300,416138109.00000000
1611014400000,0.02055800,0.02340000,0.02014300,0.02265500,655752085.00000000
1611100800000,0.02262600,0.02389200,0.02046800,0.02243400,492602483.00000000
1611187200000,0.02243400,0.02267300,0.01860000,0.01885300,394924383.00000000
1611273600000,0.01887600,0.02042100,0.01702300,0.01973300,332006109.00000000
1611360000000,0.01973300,0.02061000,0.01920800,0.01979600,229543116.00000000
1611446400000,0.01975200,0.02039800,0.01920800,0.01989200,160416209.00000000
1611532800000,0.01989200,0.02113400,0.01866200,0.01881400,266710627.00000000
1611619200000,0.01880700,0.02065100,0.01830000,0.02065100,325541781.00000000
1611705600000,0.02065100,0.02093900,0.01855500,0.01895800,299162781.00000000
1611792000000,0.01895800,0.02055000,0.01853100,0.02009200,277842079.00000000
1611878400000,0.02009100,0.02088000,0.01948000,0.01994400,416718269.00000000
1611964800000,0.01994800,0.02314200,0.01942900,0.02124800,572021641.00000000
1612051200000,0.02126300,0.02244700,0.02020100,0.02161100,438264158.00000000
1612137600000,0.02161200,0.02356800,0.02085200,0.02240200,786624404.00000000
1612224000000,0.02240000,0.02345600,0.02192500,0.02263600,345614889.00000000
1612310400000,0.02263200,0.02500000,0.02246000,0.02406300,429400980.00000000
1612396800000,0.02406300,0.02465200,0.02160100,0.02316500,623307682.00000000
1612483200000,0.02319900,0.02581400,0.02300200,0.02553200,462815184.00000000
1612569600000,0.02553100,0.02595000,0.02187700,0.02361000,477825183.00000000
1612656000000,0.02361000,0.02409300,0.02139200,0.02291900,349519695.00000000
1612742400000,0.02291800,0.02478000,0.02173200,0.02439000,578061793.00000000
1612828800000,0.02440000,0.02789100,0.02416200,0.02678400,670928631.00000000
1612915200000,0.02679500,0.03104900,0.02424600,0.02934100,1342243461.00000000
1613001600000,0.02939000,0.03274700,0.02825600,0.03056600,1023458477.00000000
1613088000000,0.03056100,0.03775000,0.02959500,0.03579000,1470295384.00000000
1613174400000,0.03589900,0.03789900,0.03264200,0.03665600,861466338.00000000
1613260800000,0.03671900,0.03858200,0.03329000,0.03463500,514517258.00000000
1613347200000,0.03465800,0.03859000,0.02716600,0.03443700,1053874273.00000000
1613433600000,0.03449200,0.03752500,0.03267500,0.03480400,595406370.00000000
1613520000000,0.03489800,0.03930000,0.03301000,0.03634800,791719888.00000000
1613606400000,0.03639200,0.03990000,0.03557000,0.03969700,602899295.00000000
1613692800000,0.03969800,0.06999000,0.03969800,0.05339100,3552172487.00000000
1613779200000,0.05332900,0.05667500,0.04704100,0.05046200,848331972.00000000
1613865600000,0.05046200,0.05730000,0.04935000,0.05356200,670950955.00000000
1613952000000,0.05370700,0.05590000,0.03920000,0.04779800,693879525.00000000
1614038400000,0.04779900,0.04922000,0.03246800,0.04226100,823527618.00000000
1614124800000,0.04225800,0.05756900,0.03871500,0.05087800,1849320270.00000000
1614211200000,0.05087800,0.06200000,0.04925100,0.04998900,1532306754.00000000
1614297600000,0.04998900,0.05450000,0.04651200,0.05049900,763234611.00000000
1614384000000,0.05049500,0.06079500,0.05001400,0.05286500,747825226.00000000
1614470400000,0.05277800,0.05398400,0.04655700,0.05073700,569840045.00000000
1614556800000,0.05073500,0.05640000,0.04985400,0.05637800,532918658.00000000
1614643200000,0.05630500,0.06960000,0.05341400,0.06498000,1730263934.00000000
1614729600000,0.06486000,0.09300000,0.06377100,0.08526000,2760259821.00000000
1614816000000,0.08537600,0.15500400,0.08174100,0.11825000,6089383545.00000000
1614902400000,0.11824900,0.13920000,0.10718100,0.11058800,2805032794.00000000
1614988800000,0.11057700,0.11863500,0.10040500,0.11302000,1579349524.00000000
1615075200000,0.11295800,0.14273200,0.11290000,0.12826000,2395192461.00000000
1615161600000,0.12835700,0.24400000,0.12817000,0.21924200,5489544243.00000000
1615248000000,0.21895700,0.31700000,0.21895700,0.26696700,5536031488.00000000
1615334400000,0.26672000,0.28000000,0.23500000,0.24861400,2071644281.00000000
1615420800000,0.24878500,0.43000000,0.24510000,0.35769000,3202256719.00000000
1615507200000,0.35769000,0.94490000,0.35534000,0.72771000,5376186539.70000000
1615593600000,0.72771000,0.88888000,0.58118000,0.60129000,3438397729.20000000
1615680000000,0.60129000,0.75990000,0.56700000,0.65265000,2110090949.50000000
1615766400000,0.65329000,0.68688000,0.58580000,0.60556000,1235015431.80000000
1615852800000,0.60562000,0.61430000,0.47144000,0.52002000,1589859195.10000000
1615939200000,0.52035000,0.61610000,0.47900000,0.58013000,1700501764.20000000
1616025600000,0.57991000,0.67235000,0.56400000,0.63724000,1317234547.80000000
1616112000000,0.63773000,0.71400000,0.58536000,0.60425000,1377243312.50000000
1616198400000,0.60425000,0.61719000,0.53416000,0.54494000,722436346.00000000
1616284800000,0.54488000,0.59900000,0.53180000,0.55498000,694155847.30000000
1616371200000,0.55478000,0.56497000,0.49390000,0.50793000,489412351.10000000
1616457600000,0.50827000,0.53767000,0.47400000,0.50799000,589720344.90000000
1616544000000,0.50720000,0.56106000,0.45000000,0.48221000,775405880.20000000
1616630400000,0.48268000,0.50289000,0.45413000,0.48285000,509392872.10000000
1616716800000,0.48278000,0.53332000,0.48012000,0.51554000,644968630.90000000
1616803200000,0.51585000,0.54750000,0.49023000,0.52299000,539200512.80000000
1616889600000,0.52299000,0.55849000,0.51090000,0.54015000,601432273.50000000
1616976000000,0.54012000,0.54362000,0.51700000,0.52969000,352344813.80000000
1617062400000,0.53000000,0.54257000,0.51700000,0.52570000,438569249.50000000
1617148800000,0.52567000,0.52900000,0.46530000,0.50034000,476097453.60000000
1617235200000,0.50034000,0.50666000,0.47966000,0.48851000,272998615.40000000
1617321600000,0.48851000,0.52300000,0.48300000,0.49282000,402614208.20000000
1617408000000,0.49282000,0.50740000,0.41568000,0.45336000,498253770.90000000
1617494400000,0.45337000,0.54999000,0.44284000,0.48715000,923215010.80000000
1617580800000,0.48715000,0.49803000,0.45573000,0.46000000,467877333.00000000
1617667200000,0.45999000,0.47000000,0.42395000,0.44653000,417783786.30000000
1617753600000,0.44652000,0.49481000,0.36638000,0.45156000,1215182935.80000000
1617840000000,0.45203000,0.53200000,0.43649000,0.48871000,1223925490.80000000
1617926400000,0.48871000,0.50787000,0.46910000,0.48277000,473966556.00000000
1618012800000,0.48278000,0.48300000,0.44444000,0.46167000,289480650.50000000
1618099200000,0.46143000,0.48200000,0.43667000,0.46479000,374184142.90000000
1618185600000,0.46466000,0.58852000,0.45720000,0.56820000,1268826676.70000000
1618272000000,0.56786000,0.57500000,0.50066000,0.51844000,1020822553.70000000
1618358400000,0.51843000,0.52800000,0.47500000,0.50256000,686868012.40000000
1618444800000,0.50213000,0.57659000,0.49600000,0.53371000,1014167787.90000000
1618531200000,0.53392000,0.84000000,0.50888000,0.77000000,3428896456.50000000
1618617600000,0.76856000,0.79200000,0.59583000,0.61854000,1582974071.80000000
1618704000000,0.61855000,0.66327000,0.43599000,0.54981000,1224233042.90000000
1618790400000,0.54978000,0.58669000,0.48110000,0.50620000,787176635.50000000
1618876800000,0.50626000,0.53759000,0.45010000,0.51207000,817290024.10000000
1618963200000,0.51219000,0.58471000,0.50201000,0.52203000,1263242488.30000000
1619049600000,0.52163000,0.54184000,0.44153000,0.46508000,955211828.30000000
1619136000000,0.46535000,0.47500000,0.32100000,0.43057000,1483299444.20000000
1619222400000,0.43082000,0.44000000,0.38406000,0.38807000,693547923.70000000
1619308800000,0.38823000,0.43149000,0.35600000,0.39288000,551159063.60000000
1619395200000,0.39300000,0.47860000,0.38689000,0.45661000,855933370.90000000
1619481600000,0.45661000,0.53800000,0.44282000,0.51760000,842340137.40000000
1619568000000,0.51745000,0.56600000,0.47340000,0.53573000,892581575.30000000
1619654400000,0.53595000,0.61674000,0.51298000,0.56322000,1279852449.30000000
1619740800000,0.56320000,0.57698000,0.53851000,0.57029000,570867571.40000000
1619827200000,0.57027000,0.57050000,0.54060000,0.55344000,369728999.60000000
1619913600000,0.55357000,0.55577000,0.51000000,0.53170000,348894632.40000000
1620000000000,0.53174000,0.55000000,0.51931000,0.52454000,338849209.50000000
1620086400000,0.52450000,0.55869000,0.47244000,0.48663000,785176560.40000000
1620172800000,0.48658000,0.52500000,0.48011000,0.51897000,508030875.60000000
1620259200000,0.51896000,0.53450000,0.49000000,0.50435000,512190817.10000000
1620345600000,0.50435000,0.52806000,0.49230000,0.50520000,438038819.50000000
1620432000000,0.50524000,0.51600000,0.49220000,0.49701000,264694080.50000000
1620518400000,0.49697000,0.49967000,0.45583000,0.48549000,356980703.50000000
1620604800000,0.48535000,0.50564000,0.39450000,0.43474000,449455706.40000000
1620691200000,0.43481000,0.46100000,0.42493000,0.45900000,300090748.90000000
1620777600000,0.45900000,0.48189000,0.38255000,0.40002000,399598422.10000000
1620864000000,0.39962000,0.46276000,0.36481000,0.42820000,740074065.70000000
1620950400000,0.42792000,0.44718000,0.41668000,0.43570000,265650521.60000000
1621036800000,0.43555000,0.52450000,0.42107000,0.43341000,1146012002.70000000
1621123200000,0.43340000,0.48666000,0.41358000,0.43552000,562427060.70000000
1621209600000,0.43583000,0.43587000,0.38010000,0.40538000,369254389.60000000
1621296000000,0.40606000,0.45499000,0.39925000,0.41872000,376392540.50000000
1621382400000,0.41905000,0.42900000,0.18209000,0.26255000,831517875.10000000
1621468800000,0.26153000,0.35000000,0.23200000,0.30855000,622429269.60000000
1621555200000,0.30824000,0.33799000,0.23399000,0.27952000,592784269.40000000
1621641600000,0.27982000,0.28665000,0.23857000,0.25296000,414799675.90000000
1621728000000,0.25317000,0.26200000,0.16408000,0.21349000,622555774.30000000
1621814400000,0.21330000,0.26464000,0.20500000,0.26442000,583135261.10000000
1621900800000,0.26463000,0.27496000,0.23020000,0.25774000,478382810.60000000
1621987200000,0.25799000,0.33769000,0.25043000,0.33526000,657241012.80000000
1622073600000,0.33539000,0.33593000,0.28766000,0.30084000,561750963.80000000
1622160000000,0.30072000,0.32450000,0.26790000,0.28704000,715187249.50000000
1622246400000,0.28710000,0.29452000,0.25528000,0.27093000,345882944.40000000
1622332800000,0.27116000,0.28521000,0.24828000,0.26967000,308569051.40000000
1622419200000,0.26947000,0.28352000,0.25234000,0.28159000,241650940.50000000
1622505600000,0.28179000,0.28731000,0.26663000,0.27209000,204714334.70000000
1622592000000,0.27207000,0.28220000,0.26584000,0.27740000,202445068.00000000
1622678400000,0.27741000,0.30608000,0.27421000,0.29505000,306877040.20000000
1622764800000,0.29489000,0.30133000,0.25412000,0.26967000,290998457.80000000
1622851200000,0.26961000,0.28311000,0.25200000,0.26076000,181680490.40000000
1622937600000,0.26077000,0.26942000,0.25986000,0.26692000,91093067.30000000
1623024000000,0.26692000,0.27500000,0.23743000,0.24105000,152391980.80000000
1623110400000,0.24115000,0.24608000,0.20500000,0.23278000,301930685.30000000
1623196800000,0.23277000,0.24386000,0.21656000,0.24169000,233444794.10000000
1623283200000,0.24170000,0.28077000,0.22928000,0.27717000,617298092.70000000
1623369600000,0.27700000,0.35705000,0.26007000,0.29568000,2499590437.70000000
1623456000000,0.29574000,0.32274000,0.27243000,0.27383000,979468353.40000000
1623542400000,0.27383000,0.28888000,0.26275000,0.28575000,402330136.70000000
1623628800000,0.28575000,0.29857000,0.27196000,0.28040000,343352078.30000000
1623715200000,0.28049000,0.34099000,0.27686000,0.32852000,926532050.20000000
1623801600000,0.32826000,0.36843000,0.31102000,0.33872000,1337881418.00000000
1623888000000,0.33888000,0.34960000,0.31510000,0.32518000,628022684.50000000
1623974400000,0.32519000,0.32535000,0.27878000,0.28996000,427531365.10000000
1624060800000,0.29015000,0.30250000,0.27949000,0.28358000,304037401.40000000
1624147200000,0.28359000,0.31000000,0.26600000,0.28763000,442455762.70000000
1624233600000,0.28751000,0.28971000,0.21102000,0.21429000,619258767.60000000
1624320000000,0.21446000,0.25000000,0.17848000,0.22097000,1063681341.60000000
1624406400000,0.22091000,0.25750000,0.21065000,0.23977000,625318009.10000000
1624492800000,0.23969000,0.25900000,0.22673000,0.24987000,385856544.70000000
1624579200000,0.24987000,0.26030000,0.22294000,0.22522000,438681312.00000000
1624665600000,0.22526000,0.24280000,0.21557000,0.23146000,344256008.80000000
1624752000000,0.23150000,0.24000000,0.22415000,0.23917000,234159065.70000000
1624838400000,0.23917000,0.24772000,0.23409000,0.24313000,225642921.70000000
1624924800000,0.24313000,0.26161000,0.24205000,0.25376000,293011078.70000000
1625011200000,0.25378000,0.25598000,0.23425000,0.25380000,247820020.10000000
1625097600000,0.25385000,0.25500000,0.23450000,0.24021000,186782772.60000000
1625184000000,0.24039000,0.24312000,0.22964000,0.23782000,155550717.60000000
1625270400000,0.23790000,0.24285000,0.23410000,0.24047000,114362740.90000000
1625356800000,0.24045000,0.24808000,0.23650000,0.24357000,127331994.10000000
1625443200000,0.24350000,0.24362000,0.22919000,0.23373000,143500346.00000000
1625529600000,0.23358000,0.25100000,0.23329000,0.24256000,185471358.00000000
1625616000000,0.24243000,0.28000000,0.23826000,0.25996000,622772420.70000000
1625702400000,0.25994000,0.28420000,0.24243000,0.24744000,580883261.00000000
1625788800000,0.24757000,0.25442000,0.23053000,0.25268000,290590611.70000000
1625875200000,0.25274000,0.26631000,0.24669000,0.25555000,323456405.40000000
1625961600000,0.25564000,0.26800000,0.25016000,0.25856000,219884424.00000000
1626048000000,0.25857000,0.25877000,0.24132000,0.24744000,148317634.10000000
1626134400000,0.24739000,0.25142000,0.23750000,0.24039000,141976005.30000000
1626220800000,0.24032000,0.25449000,0.22360000,0.24823000,222050986.50000000
1626307200000,0.24815000,0.28076000,0.24281000,0.25914000,816432111.20000000
1626393600000,0.25896000,0.26758000,0.23582000,0.23677000,327762305.90000000
1626480000000,0.23676000,0.24150000,0.23017000,0.23936000,170640995.50000000
1626566400000,0.23937000,0.24829000,0.23177000,0.23683000,130102046.80000000
1626652800000,0.23680000,0.24200000,0.22259000,0.22838000,167461744.60000000
1626739200000,0.22850000,0.23172000,0.19862000,0.20661000,224462436.20000000
1626825600000,0.20673000,0.23000000,0.20021000,0.22471000,277189715.90000000
1626912000000,0.22471000,0.23570000,0.22060000,0.23043000,174823429.30000000
1626998400000,0.23044000,0.24145000,0.22376000,0.23909000,180733111.40000000
1627084800000,0.23909000,0.26185000,0.23560000,0.24818000,340905650.40000000
1627171200000,0.24821000,0.25364000,0.23916000,0.25045000,195623043.20000000
1627257600000,0.25045000,0.26746000,0.24209000,0.24745000,390867570.80000000
1627344000000,0.24718000,0.25550000,0.23938000,0.25143000,199654987.30000000
1627430400000,0.25148000,0.25692000,0.24502000,0.25158000,160691842.30000000
1627516800000,0.25149000,0.25700000,0.24728000,0.25636000,133317704.00000000
1627603200000,0.25640000,0.26701000,0.24778000,0.26501000,251389241.80000000
1627689600000,0.26477000,0.26828000,0.25722000,0.26502000,131020240.00000000
1627776000000,0.26528000,0.27800000,0.25751000,0.26016000,180159371.90000000
1627862400000,0.26010000,0.27327000,0.25700000,0.26543000,152462806.70000000
1627948800000,0.26545000,0.26839000,0.25317000,0.25733000,109501984.00000000
1628035200000,0.25734000,0.26609000,0.25323000,0.26469000,116672555.80000000
1628121600000,0.26456000,0.26695000,0.25512000,0.26577000,136424134.10000000
1628208000000,0.26574000,0.29261000,0.26119000,0.28959000,269281332.70000000
1628294400000,0.28969000,0.29927000,0.28010000,0.29297000,282439163.80000000
1628380800000,0.29300000,0.29505000,0.27081000,0.27686000,238990151.60000000
1628467200000,0.27693000,0.32672000,0.26504000,0.31005000,609749531.80000000
1628553600000,0.31004000,0.35480000,0.30582000,0.32677000,516630787.10000000
1628640000000,0.32670000,0.34836000,0.32078000,0.32781000,393992049.10000000
1628726400000,0.32779000,0.37000000,0.31001000,0.36901000,656150838.30000000
1628812800000,0.36959000,0.38974000,0.35792000,0.38180000,418208976.50000000
1628899200000,0.38180000,0.38399000,0.35878000,0.37120000,267078705.70000000
1628985600000,0.37114000,0.37558000,0.35112000,0.37025000,211184975.90000000
1629072000000,0.37016000,0.38700000,0.34837000,0.35558000,264285493.50000000
1629158400000,0.35558000,0.37900000,0.32895000,0.33562000,335453213.70000000
1629244800000,0.33540000,0.34391000,0.31300000,0.33047000,232351135.50000000
1629331200000,0.33076000,0.34605000,0.31954000,0.34506000,192329893.70000000
1629417600000,0.34508000,0.35816000,0.34024000,0.35456000,197571895.80000000
1629504000000,0.35446000,0.40813000,0.34604000,0.38234000,636963375.80000000
1629590400000,0.38247000,0.41369000,0.36500000,0.37734000,378420557.90000000
1629676800000,0.37738000,0.41500000,0.37249000,0.40683000,412635757.70000000
1629763200000,0.40676000,0.40887000,0.35636000,0.36733000,344154831.90000000
1629849600000,0.36734000,0.39407000,0.34807000,0.38774000,324246370.20000000
1629936000000,0.38770000,0.38900000,0.35317000,0.35820000,304576795.80000000
1630022400000,0.35790000,0.38050000,0.34280000,0.37830000,225910919.10000000
1630108800000,0.37820000,0.38060000,0.36510000,0.36830000,131687736.80000000
1630195200000,0.36840000,0.38570000,0.35800000,0.37550000,213906225.40000000
1630281600000,0.37560000,0.40600000,0.36500000,0.36840000,355494226.50000000
1630368000000,0.36850000,0.37740000,0.35800000,0.36580000,180319657.00000000
1630454400000,0.36580000,0.38560000,0.35860000,0.38400000,190794588.00000000
1630540800000,0.38400000,0.39390000,0.37650000,0.38450000,171305426.00000000
1630627200000,0.38460000,0.40480000,0.37610000,0.39610000,220052463.00000000
1630713600000,0.39620000,0.44500000,0.39300000,0.41660000,393375287.60000000
1630800000000,0.41660000,0.43220000,0.40630000,0.42530000,192977459.00000000
1630886400000,0.42540000,0.45000000,0.40220000,0.44660000,356558092.50000000
1630972800000,0.44670000,0.44690000,0.27900000,0.34240000,613637293.80000000
1631059200000,0.34240000,0.35100000,0.30510000,0.33710000,358148265.00000000
1631145600000,0.33690000,0.35610000,0.33150000,0.34680000,262655557.00000000
1631232000000,0.34670000,0.36680000,0.31800000,0.32960000,280652952.00000000
1631318400000,0.32960000,0.34000000,0.32410000,0.33250000,118956352.00000000
1631404800000,0.33260000,0.34430000,0.32110000,0.33790000,129817527.00000000
1631491200000,0.33790000,0.34150000,0.29520000,0.32150000,159384556.00000000
1631577600000,0.32160000,0.34860000,0.31810000,0.33700000,203546666.00000000
1631664000000,0.33690000,0.34890000,0.33110000,0.34680000,124584910.00000000
1631750400000,0.34670000,0.35290000,0.33010000,0.33740000,177717626.00000000
1631836800000,0.33730000,0.34500000,0.32210000,0.32560000,122551933.00000000
1631923200000,0.32560000,0.33410000,0.32240000,0.32870000,87099336.00000000
1632009600000,0.32880000,0.32920000,0.31080000,0.31640000,76998458.00000000
1632096000000,0.31630000,0.31680000,0.26700000,0.27140000,242617050.80000000
1632182400000,0.27130000,0.28180000,0.24050000,0.25340000,236737459.40000000
1632268800000,0.25350000,0.29190000,0.24890000,0.29090000,235871850.00000000
1632355200000,0.29080000,0.30000000,0.28340000,0.29560000,190338248.00000000
1632441600000,0.29540000,0.29800000,0.25380000,0.27170000,194580291.00000000
1632528000000,0.27190000,0.27670000,0.25820000,0.26640000,128767663.00000000
1632614400000,0.26640000,0.26810000,0.24740000,0.26330000,132656160.00000000
1632700800000,0.26320000,0.27160000,0.25370000,0.25410000,106276366.00000000
1632787200000,0.25400000,0.25910000,0.24330000,0.24430000,98736724.00000000
1632873600000,0.24420000,0.26260000,0.24340000,0.24910000,107677097.00000000
1632960000000,0.24900000,0.26390000,0.24830000,0.26180000,104306068.00000000
1633046400000,0.26200000,0.28830000,0.25770000,0.28670000,159793006.00000000
1633132800000,0.28690000,0.29550000,0.27960000,0.28340000,134798493.00000000
1633219200000,0.28330000,0.29780000,0.27720000,0.28710000,128305360.00000000
1633305600000,0.28700000,0.28830000,0.27210000,0.28330000,148144035.00000000
1633392000000,0.28350000,0.31990000,0.28090000,0.30630000,236716355.00000000
1633478400000,0.30640000,0.31190000,0.28070000,0.30290000,208445669.00000000
1633564800000,0.30280000,0.38000000,0.29150000,0.35580000,662096467.20000000
1633651200000,0.35580000,0.35620000,0.32610000,0.33310000,389910603.00000000
1633737600000,0.33310000,0.33700000,0.32660000,0.33190000,141251338.00000000
1633824000000,0.33180000,0.33210000,0.30630000,0.30820000,133810769.00000000
1633910400000,0.30820000,0.32640000,0.30030000,0.30800000,142069127.00000000
1633996800000,0.30810000,0.32610000,0.28620000,0.31540000,244109210.00000000
1634083200000,0.31540000,0.33120000,0.30110000,0.32700000,334769975.00000000
1634169600000,0.32720000,0.33610000,0.32200000,0.33140000,144723829.00000000
1634256000000,0.33130000,0.33570000,0.30990000,0.32030000,221120242.00000000
1634342400000,0.32040000,0.33280000,0.32020000,0.32830000,141772909.00000000
1634428800000,0.32810000,0.33190000,0.30040000,0.31170000,144717459.00000000
1634515200000,0.31170000,0.32550000,0.31000000,0.32080000,146682215.00000000
1634601600000,0.32080000,0.32560000,0.31210000,0.31580000,101621892.00000000
1634688000000,0.31580000,0.33210000,0.30910000,0.32870000,123762868.00000000
1634774400000,0.32860000,0.33540000,0.31180000,0.31450000,175381799.00000000
1634860800000,0.31420000,0.33490000,0.31390000,0.32410000,169372157.00000000
1634947200000,0.32420000,0.33000000,0.31730000,0.32770000,79513290.00000000
1635033600000,0.32770000,0.32900000,0.30940000,0.31680000,93700903.00000000
1635120000000,0.31680000,0.34290000,0.31470000,0.33710000,150611583.00000000
1635206400000,0.33700000,0.36690000,0.33220000,0.34010000,313916103.00000000
1635292800000,0.34030000,0.36090000,0.27510000,0.30010000,429901100.00000000
1635379200000,0.30010000,0.33340000,0.29480000,0.32320000,352303032.00000000
1635465600000,0.32300000,0.36210000,0.31800000,0.35530000,413239823.00000000
1635552000000,0.35540000,0.65610000,0.33810000,0.52480000,1851632585.50000000
1635638400000,0.52490000,0.59900000,0.39090000,0.41710000,2057154911.00000000
1635724800000,0.41690000,0.49780000,0.40740000,0.45150000,902077375.00000000
1635811200000,0.45130000,0.52470000,0.44480000,0.49640000,801545457.00000000
1635897600000,0.49650000,0.50780000,0.43580000,0.45480000,440620782.00000000
1635984000000,0.45470000,0.49050000,0.42120000,0.43810000,469280529.00000000
1636070400000,0.43830000,0.48350000,0.43830000,0.45990000,424269296.00000000
1636156800000,0.45960000,0.54000000,0.44020000,0.50610000,736240211.00000000
1636243200000,0.50610000,0.52830000,0.47520000,0.48940000,349950801.00000000
1636329600000,0.48950000,0.49130000,0.46080000,0.47960000,244164172.00000000
1636416000000,0.47960000,0.49000000,0.46320000,0.47100000,207406793.00000000
1636502400000,0.47120000,0.55140000,0.43320000,0.47840000,942689062.00000000
1636588800000,0.47840000,0.52470000,0.46160000,0.51270000,471609885.00000000
1636675200000,0.51270000,0.57300000,0.48960000,0.56510000,714222287.00000000
1636761600000,0.56550000,0.59600000,0.52620000,0.53690000,590768243.00000000
1636848000000,0.53680000,0.56100000,0.52290000,0.55260000,288930408.00000000
1636934400000,0.55260000,0.58600000,0.52800000,0.53520000,336003398.00000000
1637020800000,0.53540000,0.53540000,0.44860000,0.48910000,525158579.00000000
1637107200000,0.48940000,0.51580000,0.47000000,0.49620000,252264700.00000000
1637193600000,0.49620000,0.49750000,0.41380000,0.42980000,368887407.00000000
1637280000000,0.43000000,0.47500000,0.42150000,0.46210000,206598140.00000000
1637366400000,0.46220000,0.48570000,0.44860000,0.46960000,199659718.00000000
1637452800000,0.46970000,0.47050000,0.44070000,0.44180000,153190213.00000000
1637539200000,0.44200000,0.44790000,0.41850000,0.43360000,171909177.00000000
1637625600000,0.43370000,0.45430000,0.42120000,0.43490000,218004840.00000000
1637712000000,0.43480000,0.49040000,0.41980000,0.48820000,409363003.00000000
1637798400000,0.48840000,0.52980000,0.46960000,0.50340000,505218761.00000000
1637884800000,0.50340000,0.50570000,0.42200000,0.44480000,334244921.00000000
1637971200000,0.44460000,0.46680000,0.43190000,0.44630000,146191817.00000000
1638057600000,0.44640000,0.44650000,0.39100000,0.44460000,202956950.00000000
1638144000000,0.44440000,0.47550000,0.43100000,0.45940000,243936675.00000000
1638230400000,0.45920000,0.46320000,0.43520000,0.43850000,178973683.00000000
1638316800000,0.43850000,0.45390000,0.42670000,0.43570000,126097123.00000000
1638403200000,0.43570000,0.43570000,0.41090000,0.42240000,105909985.00000000
1638489600000,0.42240000,0.42860000,0.37900000,0.39430000,155035006.00000000
1638576000000,0.39410000,0.40000000,0.23932000,0.33880000,517402990.00000000
1638662400000,0.33860000,0.35630000,0.30130000,0.31830000,279385909.00000000
1638748800000,0.31840000,0.32430000,0.27940000,0.32070000,280556266.00000000
1638835200000,0.32070000,0.34070000,0.31240000,0.31750000,179627050.00000000
1638921600000,0.31750000,0.33390000,0.30190000,0.32990000,177954911.00000000
1639008000000,0.32990000,0.33510000,0.29620000,0.29640000,159876575.00000000
1639094400000,0.29700000,0.31000000,0.28220000,0.28350000,132545350.00000000
1639180800000,0.28350000,0.29950000,0.27950000,0.29760000,79985446.00000000
1639267200000,0.29770000,0.30890000,0.29220000,0.30340000,74549721.00000000
1639353600000,0.30340000,0.31080000,0.26510000,0.27040000,139547098.00000000
1639440000000,0.27040000,0.29710000,0.26060000,0.27880000,162492797.00000000
1639526400000,0.27870000,0.29250000,0.25850000,0.28670000,126811089.00000000
1639612800000,0.28670000,0.29830000,0.27800000,0.27940000,112904265.00000000
1639699200000,0.27940000,0.28680000,0.25460000,0.26630000,143359219.00000000
1639785600000,0.26630000,0.27540000,0.25890000,0.27180000,66275234.00000000
1639872000000,0.27180000,0.27570000,0.25980000,0.26310000,77883492.00000000
1639958400000,0.26320000,0.27350000,0.24810000,0.26750000,114388219.00000000
1640044800000,0.26750000,0.28510000,0.26300000,0.28010000,96926416.00000000
1640131200000,0.28010000,0.29370000,0.27740000,0.28560000,85415250.00000000
1640217600000,0.28570000,0.31440000,0.28090000,0.31280000,122934446.00000000
1640304000000,0.31290000,0.32100000,0.29770000,0.30150000,92382883.00000000
1640390400000,0.30160000,0.32270000,0.29840000,0.31780000,87281128.00000000
1640476800000,0.31800000,0.33270000,0.31230000,0.32960000,117387388.00000000
1640563200000,0.32980000,0.35320000,0.32650000,0.33660000,134916539.00000000
1640649600000,0.33670000,0.33690000,0.30030000,0.30350000,156963571.00000000
1640736000000,0.30350000,0.30800000,0.28430000,0.28710000,120893383.00000000
1640822400000,0.28710000,0.29680000,0.27940000,0.28960000,82380077.00000000
1640908800000,0.28970000,0.29590000,0.27540000,0.28340000,89053918.00000000
1640995200000,0.28340000,0.29570000,0.28320000,0.29510000,57716381.00000000
1641081600000,0.29500000,0.31830000,0.29310000,0.31160000,127892505.00000000
1641168000000,0.31160000,0.31920000,0.29360000,0.30040000,90278671.00000000
1641254400000,0.30060000,0.31740000,0.29210000,0.30250000,90232587.00000000
1641340800000,0.30260000,0.32550000,0.26270000,0.27890000,182081538.00000000
1641427200000,0.27900000,0.28490000,0.26800000,0.28130000,103319417.00000000
1641513600000,0.28110000,0.28300000,0.26000000,0.26410000,111623754.00000000
1641600000000,0.26420000,0.27390000,0.24240000,0.25550000,94345271.00000000
1641686400000,0.25560000,0.26920000,0.25210000,0.26100000,63484647.00000000
1641772800000,0.26100000,0.26990000,0.23630000,0.25100000,113092974.00000000
1641859200000,0.25100000,0.26500000,0.24430000,0.26380000,81356581.00000000
1641945600000,0.26390000,0.27840000,0.26340000,0.27770000,75527288.00000000
1642032000000,0.27760000,0.27990000,0.26140000,0.26400000,72908154.00000000
1642118400000,0.26390000,0.27330000,0.25640000,0.26670000,63308312.00000000
1642204800000,0.26650000,0.27270000,0.26190000,0.26680000,44696775.00000000
1642291200000,0.26680000,0.28000000,0.26450000,0.26950000,73509583.00000000
1642377600000,0.26950000,0.27060000,0.25230000,0.25680000,66677553.00000000
1642464000000,0.25680000,0.26890000,0.24750000,0.25900000,115118758.00000000
1642550400000,0.25910000,0.26090000,0.24160000,0.24620000,77598076.00000000
1642636800000,0.24630000,0.25850000,0.23290000,0.23440000,72991604.80000000
1642723200000,0.23440000,0.24000000,0.19210000,0.19810000,179999562.20000000
1642809600000,0.19790000,0.20120000,0.16290000,0.17620000,240188874.50000000
1642896000000,0.17640000,0.19370000,0.17360000,0.18520000,119279400.00000000
1642982400000,0.18520000,0.18520000,0.15800000,0.17530000,174103234.80000000
1643068800000,0.17530000,0.17930000,0.16820000,0.17180000,140920817.00000000
1643155200000,0.17190000,0.18930000,0.16810000,0.17260000,161422622.00000000
1643241600000,0.17260000,0.18060000,0.16470000,0.17530000,138757779.00000000
1643328000000,0.17530000,0.18050000,0.17140000,0.17960000,87956611.00000000
1643414400000,0.17950000,0.18600000,0.17790000,0.18440000,84134887.00000000
1643500800000,0.18430000,0.19150000,0.17800000,0.18160000,104327154.00000000
1643587200000,0.18160000,0.19210000,0.17260000,0.18880000,97004238.00000000
1643673600000,0.18880000,0.19200000,0.18530000,0.18840000,76995580.00000000
1643760000000,0.18850000,0.19620000,0.17830000,0.18050000,99394006.00000000
1643846400000,0.18040000,0.18430000,0.17570000,0.18390000,48193496.00000000
1643932800000,0.18380000,0.22000000,0.18210000,0.20220000,122709271.00000000
1644019200000,0.20210000,0.21470000,0.20040000,0.20890000,105206366.00000000
1644105600000,0.20880000,0.23220000,0.20870000,0.23170000,119495927.00000000
1644192000000,0.23180000,0.23690000,0.22260000,0.23440000,118781807.00000000
1644278400000,0.23450000,0.23830000,0.21160000,0.22540000,141406248.00000000
1644364800000,0.22580000,0.24400000,0.21700000,0.24110000,122223864.00000000
1644451200000,0.24110000,0.24700000,0.22110000,0.22400000,186879771.00000000
1644537600000,0.22390000,0.23390000,0.20050000,0.20550000,107358665.00000000
1644624000000,0.20540000,0.21510000,0.19710000,0.20620000,74467804.00000000
1644710400000,0.20620000,0.20910000,0.19790000,0.20090000,48415102.00000000
1644796800000,0.20090000,0.20650000,0.19530000,0.20450000,54011383.00000000
1644883200000,0.20460000,0.22260000,0.20420000,0.22130000,91150531.00000000
1644969600000,0.22130000,0.22380000,0.21080000,0.22040000,63222925.00000000
1645056000000,0.22030000,0.23240000,0.19920000,0.20150000,108083271.00000000
1645142400000,0.20160000,0.20850000,0.19350000,0.19670000,73049397.00000000
1645228800000,0.19660000,0.20110000,0.19020000,0.19790000,40941209.00000000
1645315200000,0.19800000,0.19800000,0.18250000,0.18630000,63223064.00000000
1645401600000,0.18630000,0.19720000,0.16730000,0.16860000,123997302.00000000
1645488000000,0.16850000,0.17940000,0.16150000,0.17760000,98366709.00000000
1645574400000,0.17760000,0.18760000,0.16920000,0.17000000,102408663.00000000
1645660800000,0.17000000,0.17100000,0.14440000,0.16400000,236717345.70000000
1645747200000,0.16400000,0.17590000,0.16100000,0.17410000,106036953.00000000
1645833600000,0.17410000,0.18060000,0.17280000,0.17520000,65666713.00000000
1645920000000,0.17530000,0.17830000,0.16340000,0.16730000,76839067.00000000
1646006400000,0.16730000,0.19550000,0.16430000,0.19260000,213884929.00000000
1646092800000,0.19260000,0.19740000,0.18470000,0.19540000,126555363.00000000
1646179200000,0.19530000,0.20930000,0.19120000,0.19700000,174771341.00000000
1646265600000,0.19690000,0.19900000,0.18370000,0.19710000,132317030.00000000
1646352000000,0.19710000,0.20710000,0.18730000,0.19530000,259053103.00000000
1646438400000,0.19530000,0.23670000,0.18720000,0.23280000,432752726.00000000
1646524800000,0.23280000,0.23650000,0.20710000,0.20750000,318926896.00000000
1646611200000,0.20750000,0.20800000,0.18970000,0.19420000,180096251.00000000
1646697600000,0.19420000,0.20010000,0.18960000,0.19470000,111886151.00000000
1646784000000,0.19480000,0.20650000,0.19370000,0.20060000,122146413.00000000
1646870400000,0.20060000,0.20120000,0.18290000,0.19630000,132223289.00000000
1646956800000,0.19620000,0.20210000,0.19080000,0.19320000,103174045.00000000
1647043200000,0.19310000,0.21250000,0.19180000,0.20060000,170994706.00000000
1647129600000,0.20070000,0.21610000,0.19340000,0.19400000,261087696.00000000
1647216000000,0.19400000,0.19790000,0.18840000,0.19520000,125345636.00000000
1647302400000,0.19530000,0.19600000,0.18830000,0.19140000,68947131.00000000
1647388800000,0.19140000,0.20370000,0.18910000,0.20350000,106175082.00000000
1647475200000,0.20360000,0.21460000,0.19770000,0.21070000,144217294.00000000
1647561600000,0.21060000,0.21270000,0.19860000,0.20870000,88541839.00000000
1647648000000,0.20870000,0.21700000,0.20650000,0.21120000,87835933.00000000
1647734400000,0.21120000,0.21180000,0.19920000,0.20330000,65769738.00000000
1647820800000,0.20340000,0.20450000,0.19610000,0.20300000,89164286.00000000
1647907200000,0.20310000,0.21490000,0.20180000,0.20880000,101834093.00000000
1647993600000,0.20880000,0.21540000,0.20480000,0.21390000,96416021.00000000
1648080000000,0.21390000,0.22820000,0.21300000,0.22070000,125471368.00000000
1648166400000,0.22060000,0.25480000,0.21670000,0.24730000,369803769.00000000
1648252800000,0.24730000,0.24790000,0.23540000,0.24190000,124532600.00000000
1648339200000,0.24180000,0.27800000,0.23770000,0.26930000,344080897.00000000
1648425600000,0.26920000,0.28310000,0.25360000,0.25880000,239043407.00000000
1648512000000,0.25890000,0.32200000,0.25810000,0.29410000,530966137.00000000
1648598400000,0.29410000,0.33150000,0.29210000,0.30160000,445120935.00000000
1648684800000,0.30170000,0.31570000,0.27740000,0.28300000,307402986.00000000
1648771200000,0.28300000,0.29070000,0.26470000,0.28140000,234336887.00000000
1648857600000,0.28150000,0.29440000,0.27500000,0.27850000,182438941.00000000
1648944000000,0.27840000,0.28930000,0.27190000,0.28370000,111750999.00000000
1649030400000,0.28370000,0.28760000,0.25520000,0.27060000,154853649.00000000
1649116800000,0.27070000,0.27800000,0.25850000,0.25940000,103482000.00000000
1649203200000,0.25950000,0.25970000,0.22620000,0.22740000,167014008.00000000
1649289600000,0.22730000,0.24550000,0.22350000,0.24050000,105003720.00000000
1649376000000,0.24050000,0.24660000,0.22770000,0.23040000,88896436.00000000
1649462400000,0.23040000,0.24730000,0.23000000,0.24490000,85006829.00000000
1649548800000,0.24490000,0.24690000,0.23440000,0.23520000,81647343.00000000
1649635200000,0.23520000,0.24940000,0.21470000,0.21780000,195295983.00000000
1649721600000,0.21780000,0.23240000,0.21490000,0.22750000,123238202.00000000
1649808000000,0.22750000,0.25540000,0.22210000,0.24290000,298688053.00000000
1649894400000,0.24290000,0.25880000,0.23220000,0.23700000,208402064.00000000
1649980800000,0.23700000,0.24430000,0.23290000,0.23880000,73968310.00000000
1650067200000,0.23880000,0.24140000,0.22940000,0.23450000,53030577.00000000
1650153600000,0.23460000,0.24460000,0.22150000,0.22210000,86784223.00000000
1650240000000,0.22210000,0.23090000,0.21110000,0.22990000,115038542.00000000
1650326400000,0.22980000,0.23550000,0.22520000,0.23000000,118410995.00000000
1650412800000,0.22990000,0.23800000,0.22040000,0.22590000,131926327.00000000
1650499200000,0.22590000,0.23530000,0.21430000,0.21830000,111693201.00000000
1650585600000,0.21830000,0.22460000,0.21670000,0.22020000,64064424.00000000
1650672000000,0.22020000,0.22190000,0.21520000,0.21630000,43513873.00000000
1650758400000,0.21620000,0.21850000,0.20820000,0.21170000,50293589.00000000
1650844800000,0.21170000,0.21310000,0.19280000,0.21260000,118753362.00000000
1650931200000,0.21260000,0.21850000,0.19250000,0.19660000,104112913.00000000
1651017600000,0.19660000,0.21190000,0.19370000,0.20920000,71058129.00000000
1651104000000,0.20930000,0.21050000,0.19890000,0.20210000,79835802.00000000
1651190400000,0.20220000,0.20380000,0.18590000,0.19040000,77910549.00000000
1651276800000,0.19030000,0.19320000,0.16700000,0.17110000,82311751.00000000
1651363200000,0.17100000,0.18570000,0.16770000,0.18210000,77168068.00000000
1651449600000,0.18200000,0.18550000,0.17220000,0.17870000,74154790.00000000
1651536000000,0.17870000,0.19170000,0.17510000,0.17790000,69000892.00000000
1651622400000,0.17800000,0.19760000,0.17730000,0.19590000,107411393.00000000
1651708800000,0.19590000,0.19760000,0.17000000,0.17580000,124836087.00000000
1651795200000,0.17590000,0.17650000,0.16700000,0.17300000,78229626.00000000
1651881600000,0.17300000,0.17420000,0.16250000,0.16770000,58179779.00000000
1651968000000,0.16780000,0.16890000,0.15960000,0.16270000,75162297.00000000
1652054400000,0.16270000,0.16590000,0.13200000,0.13330000,181114635.50000000
1652140800000,0.13320000,0.15480000,0.12870000,0.14200000,270970191.70000000
1652227200000,0.14210000,0.14740000,0.10000000,0.10780000,350680899.20000000
1652313600000,0.10770000,0.11300000,0.08460000,0.09690000,397223547.50000000
1652400000000,0.09700000,0.12430000,0.09580000,0.11110000,240867186.00000000
1652486400000,0.11110000,0.12140000,0.10510000,0.11750000,139006859.00000000
1652572800000,0.11750000,0.12590000,0.11240000,0.12590000,92134188.00000000
1652659200000,0.12580000,0.12590000,0.11080000,0.11400000,111897287.00000000
1652745600000,0.11400000,0.12200000,0.11290000,0.11990000,82454409.00000000
1652832000000,0.12000000,0.14200000,0.11630000,0.11880000,448634759.00000000
1652918400000,0.11880000,0.12460000,0.10970000,0.12320000,276977170.00000000
1653004800000,0.12330000,0.12870000,0.11440000,0.11780000,159454287.00000000
1653091200000,0.11780000,0.12290000,0.11580000,0.12080000,66667388.00000000
1653177600000,0.12090000,0.12650000,0.11860000,0.12350000,105170721.00000000
1653264000000,0.12350000,0.12840000,0.11590000,0.11770000,116073130.00000000
1653350400000,0.11760000,0.12070000,0.11130000,0.11910000,91325809.00000000
1653436800000,0.11910000,0.12710000,0.11730000,0.12010000,104837036.00000000
1653523200000,0.12010000,0.12380000,0.10520000,0.11270000,163282128.00000000
1653609600000,0.11260000,0.11400000,0.10520000,0.10730000,120266230.00000000
1653696000000,0.10740000,0.11500000,0.10630000,0.11260000,68354427.00000000
1653782400000,0.11260000,0.11490000,0.10940000,0.11360000,49922240.00000000
1653868800000,0.11360000,0.12240000,0.11240000,0.12180000,92460742.00000000
1653955200000,0.12180000,0.13130000,0.11780000,0.12220000,131395979.00000000
1654041600000,0.12230000,0.13080000,0.11470000,0.11790000,214172952.00000000
1654128000000,0.11780000,0.12690000,0.11760000,0.12490000,120631465.00000000
1654214400000,0.12490000,0.12600000,0.11800000,0.12200000,74180136.00000000
1654300800000,0.12200000,0.13020000,0.12190000,0.12810000,110277161.00000000
1654387200000,0.12810000,0.12960000,0.12210000,0.12640000,54224198.00000000
1654473600000,0.12640000,0.13660000,0.12640000,0.12970000,119280018.00000000
1654560000000,0.12970000,0.12970000,0.11770000,0.12320000,114146323.00000000
1654646400000,0.12330000,0.12520000,0.11900000,0.12020000,57911824.00000000
1654732800000,0.12020000,0.12220000,0.11830000,0.11980000,52059723.00000000
1654819200000,0.11970000,0.12070000,0.11160000,0.11380000,72692081.00000000
1654905600000,0.11370000,0.11830000,0.10150000,0.10440000,90996005.00000000
1654992000000,0.10450000,0.10590000,0.09430000,0.09730000,125335593.00000000
1655078400000,0.09730000,0.09970000,0.08500000,0.09460000,204707032.00000000
1655164800000,0.09470000,0.09910000,0.08630000,0.09440000,152132901.00000000
1655251200000,0.09440000,0.10300000,0.08580000,0.10280000,184154971.00000000
1655337600000,0.10290000,0.10480000,0.09010000,0.09250000,100584586.00000000
1655424000000,0.09250000,0.10120000,0.09130000,0.09460000,100565742.00000000
1655510400000,0.09460000,0.09630000,0.08110000,0.08700000,151354501.00000000
1655596800000,0.08690000,0.09480000,0.08310000,0.09340000,120131371.00000000
1655683200000,0.09340000,0.09540000,0.08780000,0.09340000,116118041.00000000
1655769600000,0.09340000,0.10040000,0.09240000,0.09550000,119304818.00000000
1655856000000,0.09550000,0.09600000,0.09090000,0.09200000,74822709.00000000
1655942400000,0.09200000,0.09870000,0.09150000,0.09780000,86988342.00000000
1656028800000,0.09780000,0.10350000,0.09740000,0.10120000,87827398.00000000
1656115200000,0.10110000,0.10610000,0.09680000,0.10490000,91745030.00000000
1656201600000,0.10490000,0.10670000,0.09770000,0.09850000,105633278.00000000
1656288000000,0.09850000,0.11270000,0.09800000,0.10910000,325475975.00000000
1656374400000,0.10910000,0.11930000,0.10150000,0.10260000,395928872.00000000
1656460800000,0.10250000,0.10510000,0.09880000,0.10020000,117851258.00000000
1656547200000,0.10020000,0.10040000,0.09150000,0.09760000,106264908.00000000
1656633600000,0.09750000,0.10020000,0.09360000,0.09490000,68131816.00000000
1656720000000,0.09490000,0.10030000,0.09360000,0.09720000,78977425.00000000
1656806400000,0.09730000,0.10020000,0.09530000,0.09870000,48124214.00000000
1656892800000,0.09860000,0.10320000,0.09700000,0.10190000,82605998.00000000
1656979200000,0.10210000,0.10320000,0.09630000,0.09860000,73195364.00000000
1657065600000,0.09850000,0.10070000,0.09690000,0.09980000,49671621.00000000
1657152000000,0.09970000,0.10480000,0.09870000,0.10370000,55020256.00000000
1657238400000,0.10370000,0.10590000,0.09920000,0.10080000,66426855.00000000
1657324800000,0.10090000,0.10460000,0.10080000,0.10300000,36522118.00000000
1657411200000,0.10310000,0.10950000,0.10090000,0.10530000,151039547.00000000
1657497600000,0.10540000,0.11130000,0.10420000,0.10630000,215435934.00000000
1657584000000,0.10630000,0.10950000,0.09670000,0.09710000,128938129.00000000
1657670400000,0.09700000,0.10230000,0.09420000,0.10180000,117206198.00000000
1657756800000,0.10180000,0.10680000,0.09810000,0.10500000,114786453.00000000
1657843200000,0.10500000,0.10830000,0.10310000,0.10590000,153064980.00000000
1657929600000,0.10590000,0.11300000,0.10470000,0.11050000,142496534.00000000
1658016000000,0.11050000,0.11260000,0.10540000,0.10580000,86463722.00000000
1658102400000,0.10590000,0.11770000,0.10580000,0.11480000,144715535.00000000
1658188800000,0.11450000,0.12040000,0.11190000,0.11700000,145287391.00000000
1658275200000,0.11710000,0.12040000,0.10800000,0.10900000,138703684.00000000
1658361600000,0.10900000,0.11110000,0.10460000,0.11010000,118755038.00000000
1658448000000,0.11010000,0.11380000,0.10440000,0.10600000,128139378.00000000
1658534400000,0.10600000,0.11010000,0.10480000,0.10880000,69366897.00000000
1658620800000,0.10880000,0.11120000,0.10790000,0.10850000,51666623.00000000
1658707200000,0.10850000,0.10940000,0.10090000,0.10130000,79705662.00000000
1658793600000,0.10130000,0.10340000,0.09940000,0.10340000,48097365.00000000
1658880000000,0.10340000,0.11440000,0.10160000,0.11410000,89602886.00000000
1658966400000,0.11410000,0.12350000,0.11030000,0.12080000,167178967.00000000
1659052800000,0.12080000,0.13720000,0.11450000,0.12920000,340427315.00000000
1659139200000,0.12920000,0.13690000,0.12550000,0.12670000,210260605.00000000
1659225600000,0.12670000,0.13230000,0.12120000,0.12190000,115590475.00000000
1659312000000,0.12190000,0.16340000,0.12120000,0.14940000,760370330.00000000
1659398400000,0.14940000,0.16000000,0.13350000,0.13590000,575893166.00000000
1659484800000,0.13590000,0.14060000,0.12990000,0.13380000,201486692.00000000
1659571200000,0.13370000,0.14990000,0.13360000,0.14480000,301082049.00000000
1659657600000,0.14480000,0.15030000,0.14140000,0.14580000,163438145.00000000
1659744000000,0.14580000,0.15350000,0.14420000,0.14630000,124263898.00000000
1659830400000,0.14620000,0.15590000,0.14300000,0.15140000,156478233.00000000
1659916800000,0.15130000,0.15700000,0.14950000,0.15260000,135295110.00000000
1660003200000,0.15250000,0.15270000,0.14220000,0.14590000,144529219.00000000
1660089600000,0.14590000,0.15450000,0.14110000,0.15310000,144813262.00000000
1660176000000,0.15320000,0.15740000,0.14880000,0.14970000,139399122.00000000
1660262400000,0.14970000,0.16600000,0.14650000,0.16390000,329356824.00000000
1660348800000,0.16380000,0.16410000,0.15810000,0.16160000,109642042.00000000
1660435200000,0.16170000,0.19100000,0.16060000,0.18110000,562417157.00000000
1660521600000,0.18110000,0.20470000,0.17220000,0.19650000,589230212.00000000
1660608000000,0.19660000,0.21900000,0.19420000,0.20960000,606748932.00000000
1660694400000,0.20960000,0.22960000,0.20150000,0.22250000,661458106.00000000
1660780800000,0.22250000,0.23000000,0.20800000,0.20860000,557543963.00000000
1660867200000,0.20860000,0.21080000,0.18880000,0.19600000,786841353.00000000
1660953600000,0.19600000,0.20090000,0.17410000,0.18320000,395906437.00000000
1661040000000,0.18320000,0.19500000,0.17910000,0.18730000,364516202.00000000
1661126400000,0.18740000,0.22420000,0.18260000,0.22310000,641708586.00000000
1661212800000,0.22300000,0.26500000,0.21570000,0.25050000,732768907.00000000
1661299200000,0.25050000,0.26540000,0.23450000,0.24260000,554010014.00000000
1661385600000,0.24250000,0.24460000,0.21920000,0.22440000,366832889.00000000
1661472000000,0.22440000,0.24300000,0.20220000,0.20730000,714190002.00000000
1661558400000,0.20730000,0.22500000,0.20590000,0.22010000,383456181.00000000
1661644800000,0.22020000,0.23300000,0.20880000,0.21030000,427693899.00000000
1661731200000,0.21030000,0.22400000,0.20160000,0.21580000,425679992.00000000
1661817600000,0.21570000,0.21780000,0.19310000,0.19670000,374014520.00000000
1661904000000,0.19680000,0.22100000,0.19670000,0.21790000,516458497.00000000
1661990400000,0.21780000,0.22080000,0.20160000,0.21380000,289497783.00000000
1662076800000,0.21380000,0.22730000,0.20840000,0.21880000,317822317.00000000
1662163200000,0.21880000,0.22680000,0.21260000,0.21720000,276341002.00000000
1662249600000,0.21720000,0.21760000,0.20910000,0.21330000,133871306.00000000
1662336000000,0.21340000,0.21480000,0.20130000,0.20730000,184320489.00000000
1662422400000,0.20730000,0.21040000,0.18210000,0.18500000,372080367.00000000
1662508800000,0.18500000,0.19470000,0.18240000,0.19340000,236567760.00000000
1662595200000,0.19350000,0.19820000,0.18310000,0.18700000,222560093.00000000
1662681600000,0.18710000,0.20930000,0.18640000,0.20530000,381022022.00000000
1662768000000,0.20530000,0.20760000,0.19730000,0.20180000,160273933.00000000
1662854400000,0.20180000,0.22100000,0.19710000,0.20810000,327699075.00000000
1662940800000,0.20820000,0.20920000,0.19540000,0.20150000,244204080.00000000
1663027200000,0.20150000,0.21080000,0.18950000,0.19330000,471325765.00000000
1663113600000,0.19320000,0.19940000,0.18730000,0.19240000,226391234.00000000
1663200000000,0.19220000,0.19750000,0.17760000,0.19110000,346871703.00000000
1663286400000,0.19120000,0.21330000,0.18970000,0.21020000,447815930.00000000
1663372800000,0.21020000,0.22790000,0.20860000,0.22530000,325518667.00000000
1663459200000,0.22530000,0.24800000,0.22020000,0.23110000,620127800.00000000
1663545600000,0.23110000,0.25830000,0.22200000,0.25320000,800630654.00000000
1663632000000,0.25310000,0.25730000,0.23530000,0.23990000,413288874.00000000
1663718400000,0.24000000,0.25510000,0.22180000,0.22860000,624147477.00000000
1663804800000,0.22860000,0.27380000,0.22850000,0.26900000,626477104.00000000
1663891200000,0.26890000,0.28280000,0.26120000,0.27030000,709628178.00000000
1663977600000,0.27040000,0.27390000,0.25640000,0.26540000,305157445.00000000
1664064000000,0.26540000,0.27660000,0.25310000,0.25580000,372296433.00000000
1664150400000,0.25580000,0.26310000,0.24400000,0.25790000,358907492.00000000
1664236800000,0.25780000,0.26840000,0.24240000,0.24920000,405118598.00000000
1664323200000,0.24920000,0.25000000,0.23130000,0.24060000,282789114.00000000
1664409600000,0.24060000,0.24200000,0.23050000,0.24120000,259965516.00000000
1664496000000,0.24120000,0.24300000,0.23260000,0.23530000,169344258.00000000
1664582400000,0.23530000,0.24960000,0.23450000,0.23880000,178620263.00000000
1664668800000,0.23870000,0.24280000,0.21220000,0.21570000,304917682.00000000
1664755200000,0.21570000,0.22300000,0.20860000,0.22090000,240906808.00000000
1664841600000,0.22090000,0.22240000,0.21320000,0.21870000,169828431.00000000
1664928000000,0.21860000,0.22540000,0.20900000,0.21760000,169475244.00000000
1665014400000,0.21760000,0.22060000,0.21250000,0.21430000,110368531.00000000
1665100800000,0.21430000,0.22300000,0.21240000,0.22130000,201922548.00000000
1665187200000,0.22120000,0.22310000,0.21010000,0.21540000,72860494.00000000
1665273600000,0.21550000,0.21770000,0.21220000,0.21520000,59886561.00000000
1665360000000,0.21510000,0.21790000,0.18600000,0.18920000,292559336.00000000
1665446400000,0.18910000,0.19710000,0.18200000,0.19460000,211379626.00000000
1665532800000,0.19460000,0.19640000,0.18740000,0.18990000,88377044.00000000
1665619200000,0.18990000,0.19030000,0.16000000,0.18420000,333446602.00000000
1665705600000,0.18420000,0.19440000,0.17670000,0.18010000,158038733.00000000
1665792000000,0.18010000,0.19000000,0.17430000,0.18020000,125372911.00000000
1665878400000,0.18030000,0.18680000,0.17840000,0.18150000,91307671.00000000
1665964800000,0.18150000,0.18820000,0.17860000,0.18750000,87404862.00000000
1666051200000,0.18750000,0.19020000,0.17930000,0.18320000,106620349.00000000
1666137600000,0.18320000,0.18410000,0.16270000,0.17010000,109124944.00000000
1666224000000,0.17000000,0.17300000,0.16440000,0.16830000,99168751.00000000
1666310400000,0.16820000,0.18600000,0.16330000,0.18470000,215349770.00000000
1666396800000,0.18480000,0.18880000,0.18110000,0.18470000,108682853.00000000
1666483200000,0.18480000,0.18700000,0.17710000,0.18560000,95364702.00000000
1666569600000,0.18560000,0.19610000,0.17810000,0.19260000,201282864.00000000
1666656000000,0.19270000,0.20180000,0.18950000,0.19830000,255668237.00000000
1666742400000,0.19830000,0.20490000,0.19560000,0.20180000,180297249.00000000
1666828800000,0.20190000,0.20800000,0.19050000,0.19090000,209266114.00000000
1666915200000,0.19100000,0.20280000,0.18610000,0.19830000,204546301.00000000
1667001600000,0.19840000,0.20500000,0.19300000,0.19720000,222008365.00000000
1667088000000,0.19730000,0.23220000,0.19390000,0.22700000,523832862.00000000
1667174400000,0.22700000,0.24240000,0.21480000,0.22110000,370832594.00000000
1667260800000,0.22110000,0.23800000,0.21640000,0.22800000,359785624.00000000
1667347200000,0.22800000,0.24990000,0.22210000,0.24020000,549841223.00000000
1667433600000,0.24020000,0.25100000,0.23220000,0.23920000,300930293.00000000
1667520000000,0.23920000,0.25850000,0.23070000,0.25660000,302936866.00000000
1667606400000,0.25670000,0.28100000,0.25130000,0.26890000,404929800.00000000
1667692800000,0.26890000,0.29370000,0.26180000,0.27300000,524132403.00000000
1667779200000,0.27300000,0.29700000,0.25090000,0.27490000,625917157.00000000
1667865600000,0.27490000,0.28040000,0.17260000,0.21350000,1750427308.00000000
1667952000000,0.21350000,0.21680000,0.14500000,0.15470000,1064447266.00000000
1668038400000,0.15470000,0.21850000,0.15060000,0.21550000,1078377674.00000000
1668124800000,0.21530000,0.23550000,0.20210000,0.22770000,1015429277.00000000
1668211200000,0.22760000,0.22980000,0.20480000,0.21500000,348264896.00000000
1668297600000,0.21500000,0.21850000,0.19240000,0.20120000,310633546.00000000
1668384000000,0.20120000,0.21080000,0.17820000,0.19850000,569339874.00000000
1668470400000,0.19840000,0.22840000,0.19370000,0.22130000,598563950.00000000
1668556800000,0.22140000,0.23990000,0.21200000,0.22990000,699446093.00000000
1668643200000,0.23000000,0.24120000,0.22040000,0.23440000,435488210.00000000
1668729600000,0.23450000,0.27210000,0.23330000,0.26840000,680957387.00000000
1668816000000,0.26840000,0.27500000,0.24180000,0.24490000,683465590.00000000
1668902400000,0.24500000,0.24590000,0.19180000,0.19720000,1039379984.00000000
1668988800000,0.19730000,0.20240000,0.17900000,0.18580000,717648917.00000000
1669075200000,0.18580000,0.18900000,0.16750000,0.18270000,527387812.00000000
1669161600000,0.18280000,0.18720000,0.17480000,0.18440000,285753196.00000000
1669248000000,0.18430000,0.18440000,0.17430000,0.17730000,176182110.00000000
1669334400000,0.17720000,0.17770000,0.16850000,0.17650000,185632528.00000000
1669420800000,0.17650000,0.17940000,0.17040000,0.17260000,137745834.00000000
1669507200000,0.17260000,0.17660000,0.16870000,0.16980000,117733772.00000000
1669593600000,0.16980000,0.17200000,0.15660000,0.16420000,431793462.00000000
1669680000000,0.16410000,0.16760000,0.16090000,0.16340000,164606141.00000000
1669766400000,0.16340000,0.16800000,0.15390000,0.16580000,198338823.00000000
1669852800000,0.16570000,0.16660000,0.15920000,0.16090000,111863437.00000000
1669939200000,0.16100000,0.17640000,0.15540000,0.17040000,335604381.00000000
1670025600000,0.17030000,0.17110000,0.16390000,0.16520000,139828011.00000000
1670112000000,0.16520000,0.17050000,0.16490000,0.16670000,83601029.00000000
1670198400000,0.16670000,0.17160000,0.15770000,0.16200000,208632402.00000000
1670284800000,0.16200000,0.16300000,0.15800000,0.16110000,120093391.00000000
1670371200000,0.16120000,0.16200000,0.14840000,0.15200000,134156260.00000000
1670457600000,0.15200000,0.15560000,0.14730000,0.15350000,122173670.00000000
1670544000000,0.15360000,0.15420000,0.14850000,0.15030000,83559062.00000000
1670630400000,0.15040000,0.15180000,0.14810000,0.14950000,62566387.00000000
1670716800000,0.14940000,0.15130000,0.13980000,0.14360000,126292479.00000000
1670803200000,0.14360000,0.14370000,0.13270000,0.13810000,166518753.00000000
1670889600000,0.13820000,0.14330000,0.13180000,0.14070000,147834254.00000000
1670976000000,0.14070000,0.14200000,0.13370000,0.13620000,115606402.00000000
1671062400000,0.13620000,0.14790000,0.13190000,0.14230000,279941050.00000000
1671148800000,0.14240000,0.14510000,0.11840000,0.12110000,284510427.00000000
1671235200000,0.12110000,0.12190000,0.11230000,0.12000000,184094891.00000000
1671321600000,0.11990000,0.12710000,0.11610000,0.11810000,325756366.00000000
1671408000000,0.11810000,0.12000000,0.10430000,0.10670000,176370736.00000000
1671494400000,0.10670000,0.11560000,0.10640000,0.11290000,156984861.00000000
1671580800000,0.11290000,0.11330000,0.10850000,0.11110000,111874174.00000000
1671667200000,0.11110000,0.11270000,0.10720000,0.11150000,100452353.00000000
1671753600000,0.11160000,0.11270000,0.11010000,0.11180000,79560560.00000000
1671840000000,0.11170000,0.11250000,0.11110000,0.11160000,39778100.00000000
1671926400000,0.11160000,0.11230000,0.10910000,0.11060000,67156832.00000000
1672012800000,0.11070000,0.11170000,0.10850000,0.11040000,64083581.00000000
1672099200000,0.11040000,0.11100000,0.10500000,0.10750000,75363359.00000000
1672185600000,0.10750000,0.10760000,0.10220000,0.10240000,155240645.00000000
1672272000000,0.10250000,0.10480000,0.09940000,0.10200000,162642723.00000000
1672358400000,0.10210000,0.10260000,0.09690000,0.10020000,94739026.00000000
1672444800000,0.10030000,0.10200000,0.09950000,0.10030000,44045542.00000000
1672531200000,0.10030000,0.10150000,0.09950000,0.10120000,35816177.00000000
1672617600000,0.10120000,0.10360000,0.09870000,0.10190000,106291894.00000000
1672704000000,0.10180000,0.10340000,0.10020000,0.10280000,106726867.00000000
1672790400000,0.10280000,0.10670000,0.10170000,0.10460000,121125290.00000000
1672876800000,0.10450000,0.11850000,0.10440000,0.11220000,336494240.00000000
1672963200000,0.11220000,0.11220000,0.10530000,0.11000000,103630139.00000000
1673049600000,0.11000000,0.11060000,0.10770000,0.10860000,42212177.00000000
1673136000000,0.10870000,0.11270000,0.10720000,0.11210000,93181889.00000000
1673222400000,0.11220000,0.11770000,0.11100000,0.11410000,206486990.00000000
1673308800000,0.11410000,0.12620000,0.11410000,0.12060000,389627589.00000000
1673395200000,0.12060000,0.12140000,0.11480000,0.12070000,130365722.00000000
1673481600000,0.12060000,0.12920000,0.11940000,0.12750000,318309366.00000000
1673568000000,0.12740000,0.13240000,0.12460000,0.13200000,189706206.00000000
1673654400000,0.13190000,0.14440000,0.12810000,0.13830000,354129898.00000000
1673740800000,0.13820000,0.14130000,0.13210000,0.14110000,166992624.00000000
1673827200000,0.14110000,0.14350000,0.13120000,0.13580000,175188474.00000000
1673913600000,0.13580000,0.13830000,0.13230000,0.13530000,88666952.00000000
1674000000000,0.13530000,0.13940000,0.12240000,0.12310000,248737743.00000000
1674086400000,0.12310000,0.12910000,0.12300000,0.12760000,86086655.00000000
1674172800000,0.12770000,0.13740000,0.12620000,0.13690000,142100773.00000000
1674259200000,0.13690000,0.13890000,0.13330000,0.13440000,175007392.00000000
1674345600000,0.13440000,0.14080000,0.13240000,0.13580000,143411090.00000000
1674432000000,0.13570000,0.14270000,0.13530000,0.14050000,216986622.00000000
1674518400000,0.14050000,0.15470000,0.13180000,0.13360000,364118900.00000000
1674604800000,0.13350000,0.14110000,0.12820000,0.13770000,241593559.00000000
1674691200000,0.13770000,0.14020000,0.13430000,0.13700000,137507844.00000000
1674777600000,0.13700000,0.13910000,0.13120000,0.13900000,136770571.00000000
1674864000000,0.13900000,0.14250000,0.13520000,0.13710000,105000979.00000000
1674950400000,0.13700000,0.14330000,0.13590000,0.14300000,87785456.00000000
1675036800000,0.14300000,0.14660000,0.12860000,0.13110000,204461361.00000000
1675123200000,0.13110000,0.13470000,0.13000000,0.13330000,95755234.00000000
1675209600000,0.13340000,0.13950000,0.12850000,0.13890000,165861055.00000000
1675296000000,0.13890000,0.15000000,0.13770000,0.14000000,389218285.00000000
1675382400000,0.14010000,0.14630000,0.13910000,0.14550000,156922665.00000000
1675468800000,0.14550000,0.14940000,0.14270000,0.14520000,172825119.00000000
1675555200000,0.14530000,0.14690000,0.13530000,0.13990000,161461054.00000000
1675641600000,0.13990000,0.14190000,0.13620000,0.13720000,93909260.00000000
1675728000000,0.13730000,0.17000000,0.13680000,0.16160000,767525861.00000000
1675814400000,0.16160000,0.17920000,0.15230000,0.15810000,698512695.00000000
1675900800000,0.15810000,0.15840000,0.13350000,0.13810000,381017855.00000000
1675987200000,0.13820000,0.14120000,0.13310000,0.13590000,231264059.00000000
1676073600000,0.13580000,0.13870000,0.13450000,0.13800000,72459000.00000000
1676160000000,0.13790000,0.13950000,0.13090000,0.13360000,112388510.00000000
1676246400000,0.13350000,0.13420000,0.12470000,0.12960000,177586030.00000000
1676332800000,0.12970000,0.13490000,0.12600000,0.13460000,141828477.00000000
1676419200000,0.13470000,0.14310000,0.13160000,0.14300000,149596574.00000000
1676505600000,0.14290000,0.14460000,0.13280000,0.13370000,197183072.00000000
1676592000000,0.13360000,0.14210000,0.13290000,0.14000000,104272652.00000000
1676678400000,0.13990000,0.14240000,0.13880000,0.14030000,60388366.00000000
1676764800000,0.14030000,0.14440000,0.13760000,0.14140000,129807623.00000000
1676851200000,0.14140000,0.14740000,0.13700000,0.14570000,159895046.00000000
1676937600000,0.14560000,0.14710000,0.13810000,0.14140000,170169544.00000000
1677024000000,0.14140000,0.14190000,0.13450000,0.13910000,118745660.00000000
1677110400000,0.13910000,0.14160000,0.13630000,0.13870000,67812427.00000000
1677196800000,0.13880000,0.14420000,0.13210000,0.13510000,168584495.00000000
1677283200000,0.13510000,0.13590000,0.13000000,0.13400000,84018829.00000000
1677369600000,0.13400000,0.13670000,0.13310000,0.13630000,45264839.00000000
1677456000000,0.13640000,0.13650000,0.13190000,0.13420000,54285197.00000000
1677542400000,0.13420000,0.13550000,0.13000000,0.13100000,57044702.00000000
1677628800000,0.13110000,0.14550000,0.13030000,0.13650000,274574655.00000000
1677715200000,0.13660000,0.13810000,0.13230000,0.13420000,76700315.00000000
1677801600000,0.13420000,0.13430000,0.11970000,0.12690000,127225349.00000000
1677888000000,0.12700000,0.12760000,0.11910000,0.12250000,53491194.00000000
1677974400000,0.12250000,0.12450000,0.12160000,0.12220000,34523546.00000000
1678060800000,0.12200000,0.12460000,0.11910000,0.12330000,48296266.00000000
1678147200000,0.12330000,0.12430000,0.11790000,0.12080000,62635324.00000000
1678233600000,0.12090000,0.12150000,0.11040000,0.11080000,116228972.00000000
1678320000000,0.11080000,0.11530000,0.10280000,0.10560000,123359275.00000000
1678406400000,0.10550000,0.11090000,0.10010000,0.11000000,125835290.00000000
1678492800000,0.10990000,0.11180000,0.10480000,0.10900000,89528848.00000000
1678579200000,0.10900000,0.11510000,0.10660000,0.11470000,73797319.00000000
1678665600000,0.11480000,0.11970000,0.11110000,0.11820000,149657851.00000000
1678752000000,0.11840000,0.12560000,0.11570000,0.12240000,164186351.00000000
1678838400000,0.12240000,0.12420000,0.11200000,0.11380000,122981198.00000000
1678924800000,0.11370000,0.11820000,0.11230000,0.11680000,79817801.00000000
1679011200000,0.11680000,0.12440000,0.11560000,0.12370000,88571267.00000000
1679097600000,0.12360000,0.12660000,0.11690000,0.11840000,133161257.00000000
1679184000000,0.11830000,0.12350000,0.11800000,0.12120000,82369792.00000000
1679270400000,0.12120000,0.12370000,0.11620000,0.11760000,118267638.00000000
1679356800000,0.11770000,0.12340000,0.11520000,0.12220000,82317758.00000000
1679443200000,0.12220000,0.12490000,0.11440000,0.11810000,150916473.00000000
1679529600000,0.11810000,0.12400000,0.11740000,0.12210000,72527849.00000000
1679616000000,0.12200000,0.12240000,0.11640000,0.11850000,62860399.00000000
1679702400000,0.11850000,0.12090000,0.11690000,0.11870000,62146659.00000000
1679788800000,0.11870000,0.12120000,0.11800000,0.12030000,43854049.00000000
1679875200000,0.12030000,0.12060000,0.11140000,0.11340000,101504633.00000000
1679961600000,0.11350000,0.11660000,0.11160000,0.11480000,89516213.00000000
1680048000000,0.11480000,0.12000000,0.11430000,0.11860000,94086501.00000000
1680134400000,0.11860000,0.12070000,0.11470000,0.11690000,152731409.00000000
1680220800000,0.11690000,0.12140000,0.11530000,0.12030000,105632611.00000000
1680307200000,0.12030000,0.12340000,0.11880000,0.12200000,74465676.00000000
1680393600000,0.12190000,0.12280000,0.11710000,0.11860000,70457314.00000000
1680480000000,0.11860000,0.12320000,0.11560000,0.12210000,132652426.00000000
1680566400000,0.12210000,0.12770000,0.12210000,0.12430000,171768835.00000000
1680652800000,0.12430000,0.13300000,0.12330000,0.13050000,205620356.00000000
1680739200000,0.13040000,0.13300000,0.12400000,0.12950000,192387482.00000000
1680825600000,0.12950000,0.13150000,0.12410000,0.13050000,148820573.00000000
1680912000000,0.13050000,0.14310000,0.12890000,0.13250000,565124336.00000000
1680998400000,0.13250000,0.13710000,0.12870000,0.13110000,207940370.00000000
1681084800000,0.13110000,0.13410000,0.12760000,0.13380000,143564456.00000000
1681171200000,0.13370000,0.13670000,0.13090000,0.13130000,160916201.00000000
1681257600000,0.13140000,0.13160000,0.12570000,0.12820000,126922471.00000000
1681344000000,0.12820000,0.13210000,0.12720000,0.13150000,73701250.00000000
1681430400000,0.13140000,0.13510000,0.13020000,0.13370000,128102858.00000000
1681516800000,0.13370000,0.13400000,0.13120000,0.13330000,59290439.00000000
1681603200000,0.13320000,0.13880000,0.13150000,0.13830000,102321523.00000000
1681689600000,0.13830000,0.13980000,0.13420000,0.13530000,148037335.00000000
1681776000000,0.13530000,0.13900000,0.13460000,0.13770000,86832626.00000000
1681862400000,0.13770000,0.14260000,0.12740000,0.13030000,310078748.00000000
1681948800000,0.13020000,0.13280000,0.12600000,0.12800000,119190634.00000000
1682035200000,0.12790000,0.12910000,0.11720000,0.11980000,137328646.00000000
1682121600000,0.11970000,0.12270000,0.11840000,0.12260000,53772760.00000000
1682208000000,0.12260000,0.12280000,0.11650000,0.12000000,76268357.00000000
1682294400000,0.12010000,0.12430000,0.11780000,0.12320000,93133733.00000000
1682380800000,0.12310000,0.12910000,0.12270000,0.12870000,147265474.00000000
1682467200000,0.12870000,0.13140000,0.12000000,0.12760000,144581120.00000000
1682553600000,0.12750000,0.13000000,0.12580000,0.12880000,75305374.00000000
1682640000000,0.12880000,0.13050000,0.12620000,0.12760000,63338061.00000000
1682726400000,0.12770000,0.12860000,0.12620000,0.12770000,29131461.00000000
1682812800000,0.12770000,0.12870000,0.12570000,0.12630000,57218294.00000000
1682899200000,0.12640000,0.12980000,0.12260000,0.12770000,126374939.00000000
1682985600000,0.12770000,0.12850000,0.12370000,0.12700000,50840001.00000000
1683072000000,0.12710000,0.13060000,0.12380000,0.13020000,91743893.00000000
1683158400000,0.13030000,0.13130000,0.12700000,0.12950000,53327867.00000000
1683244800000,0.12960000,0.13170000,0.12620000,0.13070000,63387938.00000000
1683331200000,0.13060000,0.13190000,0.12360000,0.12510000,66849065.00000000
1683417600000,0.12510000,0.12800000,0.12400000,0.12510000,36701968.00000000
1683504000000,0.12500000,0.12530000,0.11070000,0.11320000,145972411.00000000
1683590400000,0.11330000,0.11550000,0.11190000,0.11270000,96555252.00000000
1683676800000,0.11270000,0.11380000,0.10500000,0.11080000,246138390.00000000
1683763200000,0.11080000,0.11080000,0.10400000,0.10660000,91390006.00000000
1683849600000,0.10670000,0.10760000,0.10260000,0.10750000,78535894.00000000
1683936000000,0.10750000,0.10760000,0.10500000,0.10580000,38357916.00000000
1684022400000,0.10580000,0.10760000,0.10480000,0.10690000,28170944.00000000
1684108800000,0.10690000,0.10870000,0.10550000,0.10750000,40623141.00000000
1684195200000,0.10750000,0.10940000,0.10640000,0.10760000,50593589.00000000
1684281600000,0.10770000,0.11080000,0.10520000,0.10830000,84996226.00000000
1684368000000,0.10830000,0.10870000,0.10450000,0.10700000,58606314.00000000
1684454400000,0.10710000,0.10820000,0.10610000,0.10760000,35322157.00000000
1684540800000,0.10760000,0.10760000,0.10620000,0.10710000,16960361.00000000
1684627200000,0.10710000,0.10750000,0.10360000,0.10450000,30114370.00000000
1684713600000,0.10460000,0.10600000,0.10230000,0.10480000,39532494.00000000
1684800000000,0.10480000,0.10640000,0.10390000,0.10470000,28740819.00000000
1684886400000,0.10480000,0.10480000,0.09810000,0.10070000,72255916.00000000
1684972800000,0.10070000,0.10140000,0.09790000,0.09910000,61149499.00000000
1685059200000,0.09910000,0.10040000,0.09800000,0.09950000,53289571.00000000
1685145600000,0.09950000,0.10100000,0.09910000,0.10070000,28068689.00000000
1685232000000,0.10080000,0.10350000,0.10030000,0.10290000,47447061.00000000
1685318400000,0.10300000,0.10420000,0.09990000,0.10080000,68622715.00000000
1685404800000,0.10070000,0.10140000,0.09970000,0.10020000,42083460.00000000
1685491200000,0.10020000,0.10090000,0.09710000,0.09880000,56934607.00000000
1685577600000,0.09890000,0.10220000,0.09730000,0.09980000,77408611.00000000
1685664000000,0.09990000,0.10250000,0.09940000,0.10060000,77411591.00000000
1685750400000,0.10060000,0.10220000,0.09980000,0.10180000,42547004.00000000
1685836800000,0.10180000,0.10340000,0.10070000,0.10100000,42202657.00000000
1685923200000,0.10100000,0.10100000,0.08500000,0.09350000,181389711.00000000
1686009600000,0.09350000,0.09580000,0.09130000,0.09450000,85806754.00000000
1686096000000,0.09450000,0.09460000,0.08550000,0.08630000,100130008.00000000
1686182400000,0.08620000,0.08830000,0.08480000,0.08740000,59872191.00000000
1686268800000,0.08730000,0.08870000,0.08560000,0.08710000,43699554.00000000
1686355200000,0.08710000,0.08730000,0.05850000,0.06870000,480717582.00000000
1686441600000,0.06880000,0.06990000,0.06720000,0.06810000,103294226.00000000
1686528000000,0.06810000,0.06820000,0.06520000,0.06760000,94743194.00000000
1686614400000,0.06760000,0.06940000,0.06650000,0.06830000,73382071.00000000
1686700800000,0.06840000,0.06870000,0.06350000,0.06540000,72619623.00000000
1686787200000,0.06550000,0.06710000,0.06420000,0.06670000,51733604.00000000
1686873600000,0.06670000,0.06770000,0.06510000,0.06690000,40567367.00000000
1686960000000,0.06700000,0.06940000,0.06670000,0.06830000,48100007.00000000
1687046400000,0.06830000,0.06910000,0.06670000,0.06680000,52006068.00000000
1687132800000,0.06690000,0.06890000,0.06610000,0.06850000,61462401.00000000
1687219200000,0.06860000,0.07080000,0.06690000,0.07070000,118928258.00000000
1687305600000,0.07070000,0.07470000,0.07040000,0.07450000,143536251.00000000
1687392000000,0.07440000,0.07850000,0.07320000,0.07350000,135034077.00000000
1687478400000,0.07350000,0.07870000,0.07350000,0.07720000,88628211.00000000
1687564800000,0.07730000,0.08080000,0.07620000,0.07800000,95934930.00000000
1687651200000,0.07800000,0.08360000,0.07790000,0.07960000,91885731.00000000
1687737600000,0.07960000,0.08020000,0.07570000,0.07750000,67693040.00000000
1687824000000,0.07750000,0.07870000,0.07630000,0.07730000,36808706.00000000
1687910400000,0.07740000,0.07750000,0.07020000,0.07270000,71685984.00000000
1687996800000,0.07260000,0.07540000,0.07240000,0.07390000,33563988.00000000
1688083200000,0.07400000,0.07700000,0.07000000,0.07560000,94483982.00000000
1688169600000,0.07560000,0.08000000,0.07520000,0.07980000,69670450.00000000
1688256000000,0.07980000,0.08020000,0.07580000,0.07790000,61516936.00000000
1688342400000,0.07790000,0.08000000,0.07750000,0.07980000,52601391.00000000
1688428800000,0.07990000,0.08040000,0.07760000,0.07910000,48446213.00000000
1688515200000,0.07920000,0.08140000,0.07620000,0.07740000,64171623.00000000
1688601600000,0.07730000,0.07960000,0.07400000,0.07460000,57615706.00000000
1688688000000,0.07450000,0.07720000,0.07360000,0.07680000,45147534.00000000
1688774400000,0.07670000,0.07740000,0.07500000,0.07670000,33897852.00000000
1688860800000,0.07670000,0.07730000,0.07550000,0.07570000,23365195.00000000
1688947200000,0.07570000,0.07760000,0.07440000,0.07590000,39081409.00000000
1689033600000,0.07600000,0.07770000,0.07530000,0.07710000,37913666.00000000
1689120000000,0.07710000,0.07880000,0.07570000,0.07650000,47482047.00000000
1689206400000,0.07640000,0.08460000,0.07560000,0.08420000,93545874.00000000
1689292800000,0.08430000,0.08530000,0.07780000,0.08030000,93418943.00000000
1689379200000,0.08020000,0.08290000,0.07940000,0.08180000,33051815.00000000
1689465600000,0.08180000,0.08240000,0.07900000,0.07930000,32041857.00000000
1689552000000,0.07930000,0.08180000,0.07800000,0.08070000,53418464.00000000
1689638400000,0.08070000,0.08180000,0.07750000,0.07930000,53388056.00000000
1689724800000,0.07920000,0.08060000,0.07810000,0.07900000,35382515.00000000
1689811200000,0.07900000,0.08050000,0.07770000,0.07900000,46430108.00000000
1689897600000,0.07910000,0.08050000,0.07840000,0.07930000,38298867.00000000
1689984000000,0.07930000,0.07980000,0.07740000,0.07800000,30086667.00000000
1690070400000,0.07800000,0.08060000,0.07740000,0.07950000,33112693.00000000
1690156800000,0.07950000,0.07970000,0.07350000,0.07690000,63252936.00000000
1690243200000,0.07690000,0.07830000,0.07630000,0.07720000,32057577.00000000
1690329600000,0.07720000,0.07770000,0.07530000,0.07720000,42613088.00000000
1690416000000,0.07720000,0.07840000,0.07650000,0.07730000,49906606.00000000
1690502400000,0.07720000,0.07810000,0.07630000,0.07800000,28935528.00000000
1690588800000,0.07810000,0.08270000,0.07770000,0.07950000,94695852.00000000
1690675200000,0.07960000,0.07990000,0.07600000,0.07770000,51669660.00000000
1690761600000,0.07770000,0.07870000,0.07650000,0.07730000,31265906.00000000
1690848000000,0.07730000,0.07820000,0.07490000,0.07810000,37176267.00000000
1690934400000,0.07820000,0.07850000,0.07570000,0.07650000,44382123.00000000
1691020800000,0.07640000,0.07760000,0.07580000,0.07670000,39825354.00000000
1691107200000,0.07670000,0.07750000,0.07590000,0.07730000,35573001.00000000
1691193600000,0.07730000,0.07730000,0.07540000,0.07660000,20356018.00000000
1691280000000,0.07660000,0.07780000,0.07630000,0.07720000,26096176.00000000
1691366400000,0.07730000,0.07790000,0.07450000,0.07570000,43208398.00000000
1691452800000,0.07580000,0.07710000,0.07530000,0.07660000,36386517.00000000
1691539200000,0.07670000,0.07710000,0.07540000,0.07610000,24143924.00000000
1691625600000,0.07610000,0.07660000,0.07550000,0.07550000,15822588.00000000
1691712000000,0.07550000,0.07570000,0.07510000,0.07560000,20121062.00000000
1691798400000,0.07560000,0.07660000,0.07550000,0.07640000,18288212.00000000
1691884800000,0.07650000,0.07700000,0.07560000,0.07580000,22281103.00000000
1691971200000,0.07580000,0.07650000,0.07490000,0.07540000,34088309.00000000
1692057600000,0.07550000,0.07560000,0.06630000,0.07130000,66250595.00000000
1692144000000,0.07130000,0.07140000,0.06650000,0.06790000,65154544.00000000
1692230400000,0.06790000,0.07120000,0.05590000,0.06260000,136463079.00000000
1692316800000,0.06270000,0.06570000,0.06220000,0.06360000,140836311.00000000
1692403200000,0.06360000,0.06510000,0.06340000,0.06480000,24127324.00000000
1692489600000,0.06480000,0.06580000,0.06450000,0.06540000,16886096.00000000
1692576000000,0.06540000,0.06570000,0.06250000,0.06390000,24771452.00000000
1692662400000,0.06390000,0.06470000,0.06010000,0.06260000,39058213.00000000
1692748800000,0.06260000,0.06510000,0.06220000,0.06440000,29164802.00000000
1692835200000,0.06440000,0.06460000,0.06230000,0.06300000,23316225.00000000
1692921600000,0.06300000,0.06350000,0.06150000,0.06340000,31147602.00000000
1693008000000,0.06340000,0.06390000,0.06220000,0.06250000,15893449.00000000
1693094400000,0.06260000,0.06300000,0.06200000,0.06230000,12573749.00000000
1693180800000,0.06230000,0.06240000,0.06030000,0.06120000,40197737.00000000
1693267200000,0.06120000,0.06410000,0.06010000,0.06370000,59719723.00000000
1693353600000,0.06380000,0.06490000,0.06200000,0.06310000,70623396.00000000
1693440000000,0.06310000,0.06340000,0.05960000,0.06040000,55211142.00000000
1693526400000,0.06030000,0.06080000,0.05900000,0.05990000,26398096.00000000
1693612800000,0.05990000,0.06020000,0.05880000,0.06000000,25561662.00000000
1693699200000,0.06000000,0.06030000,0.05910000,0.05970000,15718699.00000000
1693785600000,0.05970000,0.06060000,0.05900000,0.05960000,21030422.00000000
1693872000000,0.05970000,0.05990000,0.05880000,0.05990000,24066068.00000000
1693958400000,0.05980000,0.06020000,0.05830000,0.05950000,27296903.00000000
1694044800000,0.05950000,0.05980000,0.05880000,0.05960000,29933162.00000000
1694131200000,0.05970000,0.06020000,0.05840000,0.05910000,25889385.00000000
1694217600000,0.05920000,0.05940000,0.05890000,0.05900000,18485280.00000000
1694304000000,0.05900000,0.05900000,0.05520000,0.05720000,59712004.00000000
1694390400000,0.05730000,0.05750000,0.05440000,0.05510000,49461831.30000000
1694476800000,0.05520000,0.05750000,0.05500000,0.05560000,39345793.00000000
1694563200000,0.05560000,0.05750000,0.05500000,0.05650000,53364872.00000000
1694649600000,0.05640000,0.05780000,0.05610000,0.05750000,28651062.00000000
1694736000000,0.05750000,0.05950000,0.05720000,0.05930000,38164015.00000000
1694822400000,0.05930000,0.06040000,0.05860000,0.05930000,29168946.00000000
1694908800000,0.05930000,0.05930000,0.05630000,0.05700000,38586329.00000000
1694995200000,0.05690000,0.05990000,0.05620000,0.05860000,44777278.00000000
1695081600000,0.05850000,0.05990000,0.05850000,0.05930000,31369005.00000000
1695168000000,0.05930000,0.06010000,0.05820000,0.05950000,30963071.00000000
1695254400000,0.05940000,0.06000000,0.05750000,0.05860000,33031310.00000000
1695340800000,0.05850000,0.05930000,0.05800000,0.05860000,31359655.00000000
1695427200000,0.05860000,0.05880000,0.05800000,0.05820000,27190099.00000000
1695513600000,0.05820000,0.05830000,0.05670000,0.05710000,28050915.00000000
1695600000000,0.05720000,0.05800000,0.05680000,0.05790000,23439555.00000000
1695686400000,0.05780000,0.05850000,0.05680000,0.05760000,24451871.00000000
1695772800000,0.05750000,0.05840000,0.05680000,0.05720000,32611792.00000000
1695859200000,0.05720000,0.05870000,0.05710000,0.05850000,34792870.00000000
1695945600000,0.05860000,0.05970000,0.05820000,0.05950000,28418185.00000000
1696032000000,0.05960000,0.06490000,0.05950000,0.06190000,263620649.00000000
1696118400000,0.06190000,0.06510000,0.06110000,0.06440000,91279503.00000000
1696204800000,0.06450000,0.06470000,0.05970000,0.06160000,62290223.00000000
1696291200000,0.06160000,0.06300000,0.05980000,0.06010000,58756779.00000000
1696377600000,0.06010000,0.06130000,0.05790000,0.06060000,58285230.00000000
1696464000000,0.06060000,0.06160000,0.05990000,0.06000000,42245410.00000000
1696550400000,0.06000000,0.06080000,0.05890000,0.06030000,36179455.00000000
1696636800000,0.06030000,0.06100000,0.05940000,0.05990000,24985990.00000000
1696723200000,0.05980000,0.06050000,0.05930000,0.05990000,20789987.00000000
1696809600000,0.05990000,0.06010000,0.05490000,0.05640000,75669686.00000000
1696896000000,0.05650000,0.05700000,0.05600000,0.05650000,38279355.00000000
1696982400000,0.05660000,0.05700000,0.05520000,0.05570000,39829108.00000000
1697068800000,0.05570000,0.05570000,0.05360000,0.05453000,93098172.00000000
1697155200000,0.05454000,0.05576000,0.05445000,0.05506000,92174553.00000000
1697241600000,0.05506000,0.05567000,0.05492000,0.05522000,60586500.00000000
1697328000000,0.05523000,0.05622000,0.05513000,0.05609000,62451362.00000000
1697414400000,0.05606000,0.05831000,0.05578000,0.05671000,110233872.00000000
1697500800000,0.05670000,0.05685000,0.05473000,0.05559000,74565958.00000000
1697587200000,0.05557000,0.05950000,0.05536000,0.05706000,346945010.00000000
1697673600000,0.05709000,0.05710000,0.05486000,0.05618000,116967507.00000000
1697760000000,0.05618000,0.05948000,0.05601000,0.05839000,161369107.00000000
1697846400000,0.05840000,0.06111000,0.05813000,0.06035000,135911506.00000000
1697932800000,0.06035000,0.06464000,0.05900000,0.06260000,266075798.00000000
1698019200000,0.06261000,0.06631000,0.06139000,0.06624000,326184587.00000000
1698105600000,0.06622000,0.06900000,0.06064000,0.06623000,269786217.00000000
1698192000000,0.06625000,0.06754000,0.06405000,0.06615000,270886249.00000000
1698278400000,0.06617000,0.06771000,0.06220000,0.06468000,383456899.00000000
1698364800000,0.06467000,0.06645000,0.06203000,0.06372000,206125658.00000000
1698451200000,0.06373000,0.06595000,0.06366000,0.06592000,82346888.00000000
1698537600000,0.06593000,0.06725000,0.06473000,0.06689000,99662429.00000000
1698624000000,0.06688000,0.06854000,0.06548000,0.06818000,137242543.00000000
1698710400000,0.06817000,0.06858000,0.06332000,0.06666000,139799112.00000000
1698796800000,0.06666000,0.06980000,0.06470000,0.06931000,189433585.00000000
1698883200000,0.06931000,0.07361000,0.06793000,0.07056000,202262520.00000000
1698969600000,0.07057000,0.07058000,0.06756000,0.06976000,86231957.00000000
1699056000000,0.06980000,0.07395000,0.06922000,0.07256000,129554867.00000000
1699142400000,0.07260000,0.08039000,0.07210000,0.07998000,254811152.00000000
1699228800000,0.07998000,0.08175000,0.07622000,0.08073000,144545507.00000000
1699315200000,0.08073000,0.08073000,0.07465000,0.07778000,97671339.00000000
1699401600000,0.07777000,0.07999000,0.07720000,0.07880000,88108832.00000000
1699488000000,0.07881000,0.08199000,0.06739000,0.07686000,222839064.00000000
1699574400000,0.07686000,0.08262000,0.07465000,0.08254000,154181962.00000000
1699660800000,0.08254000,0.08529000,0.07864000,0.08267000,230402267.00000000
1699747200000,0.08267000,0.08439000,0.07890000,0.08308000,144920080.00000000
1699833600000,0.08305000,0.08623000,0.07910000,0.07914000,176708872.00000000
1699920000000,0.07920000,0.08107000,0.07325000,0.07670000,139467775.00000000
1700006400000,0.07675000,0.08011000,0.07564000,0.07987000,106666712.00000000
1700092800000,0.07986000,0.08129000,0.07420000,0.07558000,133828961.00000000
1700179200000,0.07553000,0.07772000,0.07338000,0.07728000,88092383.00000000
1700265600000,0.07727000,0.07727000,0.07337000,0.07606000,56659962.00000000
1700352000000,0.07606000,0.07790000,0.07419000,0.07755000,56538113.00000000
1700438400000,0.07757000,0.07836000,0.07450000,0.07568000,120153767.00000000
1700524800000,0.07569000,0.07669000,0.06758000,0.06808000,170666643.00000000
1700611200000,0.06806000,0.07290000,0.06789000,0.07222000,99261218.00000000
1700697600000,0.07228000,0.07549000,0.07214000,0.07422000,91447620.00000000
1700784000000,0.07421000,0.07591000,0.07398000,0.07498000,76539801.00000000
1700870400000,0.07498000,0.07725000,0.07455000,0.07696000,65347175.00000000
1700956800000,0.07695000,0.07720000,0.07354000,0.07484000,63452071.00000000
1701043200000,0.07487000,0.07525000,0.07182000,0.07342000,96352875.00000000
1701129600000,0.07346000,0.07374000,0.07142000,0.07310000,105604706.00000000
1701216000000,0.07311000,0.07403000,0.07230000,0.07394000,73993829.00000000
1701302400000,0.07393000,0.07396000,0.07239000,0.07299000,52453604.00000000
1701388800000,0.07302000,0.07455000,0.07244000,0.07438000,58696334.00000000
1701475200000,0.07439000,0.07695000,0.07421000,0.07639000,71084726.00000000
1701561600000,0.07639000,0.07780000,0.07563000,0.07744000,87356470.00000000
1701648000000,0.07746000,0.07928000,0.07468000,0.07825000,130916116.00000000
1701734400000,0.07827000,0.07979000,0.07664000,0.07948000,112944858.00000000
1701820800000,0.07947000,0.08438000,0.07890000,0.08130000,254070928.00000000
1701907200000,0.08125000,0.08995000,0.08071000,0.08823000,311074944.00000000
1701993600000,0.08825000,0.09354000,0.08560000,0.09148000,228050425.00000000
1702080000000,0.09148000,0.09453000,0.08915000,0.09029000,201343867.00000000
1702166400000,0.09029000,0.09425000,0.08858000,0.09054000,139997728.00000000
1702252800000,0.09054000,0.09088000,0.07974000,0.08300000,258224218.00000000
1702339200000,0.08295000,0.08451000,0.08160000,0.08394000,126182997.00000000
1702425600000,0.08397000,0.08647000,0.07950000,0.08506000,124857502.00000000
1702512000000,0.08510000,0.08821000,0.08168000,0.08645000,153255241.00000000
1702598400000,0.08647000,0.08655000,0.08175000,0.08233000,152390643.00000000
1702684800000,0.08234000,0.08435000,0.08131000,0.08326000,105061276.00000000
1702771200000,0.08325000,0.08411000,0.08055000,0.08089000,119360546.00000000
1702857600000,0.08089000,0.08144000,0.07520000,0.07970000,166996621.00000000
1702944000000,0.07969000,0.08128000,0.07792000,0.07883000,125421056.00000000
1703030400000,0.07885000,0.08569000,0.07874000,0.08312000,245429253.00000000
1703116800000,0.08313000,0.08542000,0.08221000,0.08471000,111598788.00000000
1703203200000,0.08468000,0.08781000,0.08385000,0.08715000,108174006.00000000
1703289600000,0.08718000,0.08723000,0.08394000,0.08593000,78084498.00000000
1703376000000,0.08593000,0.08986000,0.08416000,0.08629000,165599641.00000000
1703462400000,0.08629000,0.09080000,0.08536000,0.09015000,156864139.00000000
1703548800000,0.09012000,0.09197000,0.08258000,0.08800000,179180104.00000000
1703635200000,0.08801000,0.09497000,0.08800000,0.09429000,215664501.00000000
1703721600000,0.09430000,0.09542000,0.08900000,0.09020000,105653207.00000000
1703808000000,0.09015000,0.09159000,0.08627000,0.08822000,104115339.00000000
1703894400000,0.08821000,0.08905000,0.08500000,0.08801000,67387212.00000000
1703980800000,0.08802000,0.08892000,0.08460000,0.08631000,77960952.00000000
1704067200000,0.08632000,0.08986000,0.08511000,0.08975000,78511898.00000000
1704153600000,0.08975000,0.09179000,0.08659000,0.08758000,116321719.00000000
1704240000000,0.08756000,0.09020000,0.07500000,0.08054000,272991855.00000000
1704326400000,0.08053000,0.08286000,0.07920000,0.08172000,102942358.00000000
1704412800000,0.08175000,0.08232000,0.07690000,0.07990000,100969341.00000000
1704499200000,0.07991000,0.07991000,0.07590000,0.07843000,90095722.00000000
1704585600000,0.07843000,0.08231000,0.07440000,0.07525000,85625551.00000000
1704672000000,0.07521000,0.07767000,0.06973000,0.07747000,204358951.00000000
1704758400000,0.07748000,0.07786000,0.07247000,0.07509000,116836788.00000000
1704844800000,0.07511000,0.08084000,0.07215000,0.07963000,121209081.00000000
1704931200000,0.07966000,0.08412000,0.07921000,0.08234000,164149586.00000000
1705017600000,0.08234000,0.08409000,0.07650000,0.07939000,153320916.00000000
1705104000000,0.07945000,0.08811000,0.07772000,0.08712000,289204609.00000000
1705190400000,0.08708000,0.08828000,0.08304000,0.08330000,146301755.00000000
1705276800000,0.08331000,0.09315000,0.08328000,0.08960000,281218314.00000000
1705363200000,0.08960000,0.10981000,0.08910000,0.10322000,936280489.00000000
1705449600000,0.10322000,0.11190000,0.09978000,0.10005000,619990127.00000000
1705536000000,0.10006000,0.10428000,0.09310000,0.09336000,386282099.00000000
1705622400000,0.09337000,0.09349000,0.08575000,0.08970000,354384578.00000000
1705708800000,0.08972000,0.10640000,0.08835000,0.10410000,632122565.00000000
1705795200000,0.10414000,0.10743000,0.09692000,0.09699000,389086411.00000000
1705881600000,0.09699000,0.09744000,0.09088000,0.09282000,338510997.00000000
1705968000000,0.09280000,0.10124000,0.09101000,0.10073000,574650063.00000000
1706054400000,0.10073000,0.10225000,0.09405000,0.09707000,336648538.00000000
1706140800000,0.09707000,0.10990000,0.09622000,0.10772000,621829324.00000000
1706227200000,0.10772000,0.11637000,0.10756000,0.10846000,552073734.00000000
1706313600000,0.10844000,0.11419000,0.10565000,0.11195000,258187375.00000000
1706400000000,0.11195000,0.11340000,0.10300000,0.10325000,243322999.00000000
1706486400000,0.10326000,0.10930000,0.10300000,0.10595000,223169057.00000000
1706572800000,0.10593000,0.10697000,0.10106000,0.10184000,199380717.00000000
1706659200000,0.10183000,0.10231000,0.09730000,0.09983000,211964275.00000000
1706745600000,0.09984000,0.10452000,0.09768000,0.10449000,272746827.00000000
1706832000000,0.10449000,0.10459000,0.10019000,0.10222000,134999630.00000000
1706918400000,0.10222000,0.10598000,0.10036000,0.10430000,156672444.00000000
1707004800000,0.10430000,0.10430000,0.09984000,0.10050000,124142644.00000000
1707091200000,0.10049000,0.10157000,0.09754000,0.09934000,116212583.00000000
1707177600000,0.09932000,0.10250000,0.09893000,0.09998000,151769705.00000000
1707264000000,0.10001000,0.10276000,0.09811000,0.10192000,143741853.00000000
1707350400000,0.10191000,0.10266000,0.10015000,0.10054000,89522952.00000000
1707436800000,0.10056000,0.10376000,0.10021000,0.10344000,130443870.00000000
1707523200000,0.10341000,0.10469000,0.10041000,0.10141000,76054694.00000000
1707609600000,0.10140000,0.10240000,0.09941000,0.10031000,75155111.00000000
1707696000000,0.10031000,0.10244000,0.09824000,0.10167000,138035702.00000000
1707782400000,0.10168000,0.10244000,0.09760000,0.09941000,138671212.00000000
1707868800000,0.09938000,0.10579000,0.09853000,0.10408000,154056518.00000000
1707955200000,0.10408000,0.10829000,0.10303000,0.10799000,239049779.00000000
1708041600000,0.10800000,0.12000000,0.10604000,0.11799000,299368038.00000000
1708128000000,0.11798000,0.11812000,0.11133000,0.11330000,248761049.00000000
1708214400000,0.11333000,0.11620000,0.11071000,0.11384000,123024630.00000000
1708300800000,0.11385000,0.12399000,0.11272000,0.12163000,227227263.00000000
1708387200000,0.12163000,0.12700000,0.11391000,0.12549000,349730590.00000000
1708473600000,0.12550000,0.12790000,0.11594000,0.11951000,221129972.00000000
1708560000000,0.11951000,0.13495000,0.11633000,0.12719000,349866383.00000000
1708646400000,0.12719000,0.13255000,0.12301000,0.12392000,155812262.00000000
1708732800000,0.12391000,0.12784000,0.12200000,0.12606000,98772615.00000000
1708819200000,0.12608000,0.12974000,0.12500000,0.12619000,118059156.00000000
1708905600000,0.12617000,0.13947000,0.12500000,0.13837000,249367400.00000000
1708992000000,0.13833000,0.14696000,0.13592000,0.14467000,229328095.00000000
1709078400000,0.14467000,0.14700000,0.13000000,0.13826000,291629473.00000000
1709164800000,0.13825000,0.14643000,0.13551000,0.14223000,172991591.00000000
1709251200000,0.14223000,0.16757000,0.14135000,0.16157000,264229212.00000000
1709337600000,0.16156000,0.16433000,0.15562000,0.16250000,179968128.00000000
1709424000000,0.16251000,0.16426000,0.14200000,0.15358000,255618419.00000000
1709510400000,0.15358000,0.15600000,0.14700000,0.15047000,242157762.00000000
1709596800000,0.15047000,0.16000000,0.11552000,0.13542000,417379479.00000000
1709683200000,0.13541000,0.15300000,0.12941000,0.14833000,303727769.00000000
1709769600000,0.14832000,0.15427000,0.14380000,0.15140000,186239165.00000000
1709856000000,0.15139000,0.16000000,0.14700000,0.15372000,309802773.00000000
1709942400000,0.15372000,0.16206000,0.15116000,0.15489000,175350684.00000000
1710028800000,0.15489000,0.15776000,0.14561000,0.15005000,161447957.00000000
1710115200000,0.15004000,0.16478000,0.14200000,0.16139000,307103997.00000000
1710201600000,0.16146000,0.16666000,0.14631000,0.15819000,219826194.00000000
1710288000000,0.15821000,0.16789000,0.15592000,0.16652000,216513690.00000000
1710374400000,0.16651000,0.16656000,0.14980000,0.15846000,211296504.00000000
1710460800000,0.15848000,0.16088000,0.13634000,0.14737000,239608472.00000000
1710547200000,0.14740000,0.14844000,0.12917000,0.13331000,206573605.00000000
1710633600000,0.13333000,0.14132000,0.12600000,0.13948000,207407997.00000000
1710720000000,0.13953000,0.14171000,0.12890000,0.13269000,173299101.00000000
1710806400000,0.13268000,0.13384000,0.11599000,0.12067000,249779274.00000000
1710892800000,0.12068000,0.13361000,0.11600000,0.13308000,168970095.00000000
1710979200000,0.13307000,0.13888000,0.13001000,0.13806000,140695598.00000000
1711065600000,0.13804000,0.14263000,0.12898000,0.13382000,157512891.00000000
1711152000000,0.13378000,0.13807000,0.13219000,0.13385000,83811658.00000000
1711238400000,0.13391000,0.13973000,0.13217000,0.13871000,60697015.00000000
1711324800000,0.13871000,0.14689000,0.13731000,0.14528000,128908362.00000000
1711411200000,0.14526000,0.15191000,0.14426000,0.14756000,123530120.00000000
1711497600000,0.14755000,0.14918000,0.13901000,0.14189000,140729028.00000000
1711584000000,0.14183000,0.14628000,0.13841000,0.14566000,106178148.00000000
1711670400000,0.14566000,0.15424000,0.14239000,0.15159000,178178673.00000000
1711756800000,0.15163000,0.15394000,0.14493000,0.14699000,105020803.00000000
1711843200000,0.14693000,0.15098000,0.14644000,0.14971000,67448639.00000000
1711929600000,0.14970000,0.15018000,0.13545000,0.13928000,133682544.00000000
1712016000000,0.13928000,0.13928000,0.12783000,0.12974000,130839423.00000000
1712102400000,0.12976000,0.13379000,0.12560000,0.13076000,93362668.00000000
1712188800000,0.13075000,0.14497000,0.13017000,0.14455000,257333982.00000000
1712275200000,0.14453000,0.14480000,0.13496000,0.14016000,138494872.00000000
1712361600000,0.14016000,0.15294000,0.13941000,0.15031000,138825735.00000000
1712448000000,0.15031000,0.15400000,0.14632000,0.14802000,129764307.00000000
1712534400000,0.14802000,0.16078000,0.14510000,0.15791000,150679341.00000000
1712620800000,0.15793000,0.16257000,0.14659000,0.14726000,159613520.00000000
1712707200000,0.14715000,0.14978000,0.13946000,0.14745000,126150033.00000000
1712793600000,0.14748000,0.14999000,0.14036000,0.14191000,90822376.00000000
1712880000000,0.14189000,0.14425000,0.10850000,0.12007000,265292116.00000000
1712966400000,0.12006000,0.12006000,0.08419000,0.09793000,405394554.00000000
1713052800000,0.09799000,0.11178000,0.09272000,0.10732000,272998836.00000000
1713139200000,0.10732000,0.11429000,0.10044000,0.10226000,199367081.00000000
1713225600000,0.10224000,0.10912000,0.09785000,0.10748000,191971437.00000000
1713312000000,0.10746000,0.11302000,0.10407000,0.10914000,262668364.00000000
1713398400000,0.10912000,0.11463000,0.10483000,0.10829000,226175201.00000000
1713484800000,0.10830000,0.11063000,0.09914000,0.10848000,194166538.00000000
1713571200000,0.10850000,0.11868000,0.10662000,0.11830000,135486143.00000000
1713657600000,0.11829000,0.11900000,0.11347000,0.11610000,94229441.00000000
1713744000000,0.11610000,0.11981000,0.11517000,0.11864000,87687525.00000000
1713830400000,0.11861000,0.12037000,0.11449000,0.11725000,93857047.00000000
1713916800000,0.11723000,0.13151000,0.11609000,0.11740000,299696827.00000000
1714003200000,0.11742000,0.12281000,0.11287000,0.12005000,140867665.00000000
1714089600000,0.12006000,0.12071000,0.11511000,0.11666000,94027567.00000000
1714176000000,0.11668000,0.11782000,0.11096000,0.11300000,107204100.00000000
1714262400000,0.11304000,0.11609000,0.11078000,0.11140000,76786102.00000000
1714348800000,0.11140000,0.11552000,0.10886000,0.11306000,104147266.00000000
1714435200000,0.11313000,0.11759000,0.10325000,0.10781000,183893174.00000000
1714521600000,0.10778000,0.11700000,0.10424000,0.11647000,211299294.00000000
1714608000000,0.11645000,0.12003000,0.11153000,0.11795000,103796275.00000000
1714694400000,0.11797000,0.12152000,0.11475000,0.12030000,100470042.00000000
1714780800000,0.12029000,0.12167000,0.11830000,0.11948000,76277110.00000000
1714867200000,0.11949000,0.12298000,0.11608000,0.12132000,75474130.00000000
1714953600000,0.12136000,0.12825000,0.12100000,0.12180000,126881540.00000000
1715040000000,0.12185000,0.13007000,0.12123000,0.12568000,105902138.00000000
1715126400000,0.12568000,0.12999000,0.12069000,0.12184000,156873419.00000000
1715212800000,0.12186000,0.12874000,0.11978000,0.12815000,112712055.00000000
1715299200000,0.12820000,0.13202000,0.12266000,0.12581000,151946574.00000000
1715385600000,0.12579000,0.12696000,0.12156000,0.12243000,74536458.00000000
1715472000000,0.12245000,0.12803000,0.12190000,0.12631000,55061573.00000000
1715558400000,0.12631000,0.12669000,0.11550000,0.11715000,166177684.00000000
1715644800000,0.11714000,0.11816000,0.11126000,0.11168000,115876868.00000000
1715731200000,0.11168000,0.12003000,0.11071000,0.11953000,106767796.00000000
1715817600000,0.11949000,0.12273000,0.11570000,0.11780000,109859251.00000000
1715904000000,0.11780000,0.12221000,0.11528000,0.12082000,97420499.00000000
1715990400000,0.12083000,0.12338000,0.11875000,0.11952000,64437905.00000000
1716076800000,0.11949000,0.12095000,0.11400000,0.11436000,76285129.00000000
1716163200000,0.11438000,0.12505000,0.11329000,0.12504000,116952558.00000000
1716249600000,0.12506000,0.12739000,0.12208000,0.12440000,133850936.00000000
1716336000000,0.12438000,0.12659000,0.11878000,0.12149000,123918210.00000000
1716422400000,0.12156000,0.12398000,0.11000000,0.11680000,207038547.00000000
1716508800000,0.11679000,0.11875000,0.11377000,0.11732000,91817664.00000000
1716595200000,0.11725000,0.14300000,0.11693000,0.13624000,392822877.00000000
1716681600000,0.13623000,0.13970000,0.13132000,0.13395000,395417773.00000000
1716768000000,0.13400000,0.13780000,0.13219000,0.13752000,202988410.00000000
1716854400000,0.13756000,0.15570000,0.13260000,0.15399000,503191786.00000000
1716940800000,0.15397000,0.15990000,0.14759000,0.15427000,366547465.00000000
1717027200000,0.15427000,0.16500000,0.14345000,0.14590000,397277952.00000000
1717113600000,0.14589000,0.14877000,0.14000000,0.14186000,188371516.00000000
1717200000000,0.14187000,0.15340000,0.14147000,0.15102000,203213756.00000000
1717286400000,0.15101000,0.15195000,0.14038000,0.14167000,191755601.00000000
1717372800000,0.14168000,0.14889000,0.14125000,0.14489000,191292261.00000000
1717459200000,0.14485000,0.14781000,0.14240000,0.14473000,155543228.00000000
1717545600000,0.14474000,0.14695000,0.14192000,0.14656000,164418268.00000000
1717632000000,0.14662000,0.14784000,0.13520000,0.13723000,152668500.00000000
1717718400000,0.13723000,0.14000000,0.11112000,0.12441000,299357203.00000000
1717804800000,0.12440000,0.12499000,0.11576000,0.11727000,179180601.00000000
1717891200000,0.11725000,0.13218000,0.11708000,0.12979000,247692328.00000000
1717977600000,0.12981000,0.13049000,0.12127000,0.12545000,218754850.00000000
1718064000000,0.12545000,0.12844000,0.11500000,0.11734000,283034105.00000000
1718150400000,0.11729000,0.12405000,0.11318000,0.12022000,215476769.00000000
1718236800000,0.12022000,0.12045000,0.11083000,0.11246000,176569904.00000000
1718323200000,0.11251000,0.12032000,0.10500000,0.10831000,330445117.00000000
1718409600000,0.10831000,0.10840000,0.10234000,0.10409000,226930831.00000000
1718496000000,0.10411000,0.10449000,0.09926000,0.10095000,176791644.00000000
1718582400000,0.10095000,0.10164000,0.08789000,0.08997000,311238515.00000000
1718668800000,0.08997000,0.09042000,0.07211000,0.08028000,406302949.00000000
1718755200000,0.08026000,0.08291000,0.07887000,0.08008000,141736938.00000000
1718841600000,0.08007000,0.08314000,0.07814000,0.07948000,156096244.00000000
1718928000000,0.07947000,0.08084000,0.07620000,0.07761000,140442533.00000000
1719014400000,0.07760000,0.07847000,0.07634000,0.07722000,77892792.00000000
1719100800000,0.07723000,0.07890000,0.07458000,0.07531000,88594222.00000000
1719187200000,0.07530000,0.07702000,0.06959000,0.07675000,183881871.00000000
1719273600000,0.07675000,0.08064000,0.07622000,0.07906000,82583931.00000000
1719360000000,0.07904000,0.07968000,0.07611000,0.07702000,66575283.00000000
1719446400000,0.07703000,0.07940000,0.07510000,0.07770000,48856288.00000000
1719532800000,0.07770000,0.07860000,0.07510000,0.07520000,52851122.00000000
1719619200000,0.07510000,0.07630000,0.07320000,0.07350000,33294230.00000000
1719705600000,0.07340000,0.07610000,0.07190000,0.07590000,42677831.00000000
1719792000000,0.07590000,0.07710000,0.07380000,0.07480000,48292438.00000000
1719878400000,0.07480000,0.07680000,0.07390000,0.07620000,32792634.00000000
1719964800000,0.07610000,0.07660000,0.07030000,0.07100000,43485035.00000000
1720051200000,0.07100000,0.07160000,0.06210000,0.06260000,106850466.00000000
1720137600000,0.06270000,0.06280000,0.05420000,0.06220000,241095292.00000000
1720224000000,0.06220000,0.06920000,0.06190000,0.06870000,56600084.00000000
1720310400000,0.06870000,0.06870000,0.06300000,0.06340000,59759804.00000000
1720396800000,0.06340000,0.06760000,0.06050000,0.06550000,110290508.00000000
1720483200000,0.06550000,0.06730000,0.06450000,0.06630000,46953323.00000000
1720569600000,0.06640000,0.06810000,0.06540000,0.06660000,47705097.00000000
1720656000000,0.06660000,0.06890000,0.06470000,0.06500000,59772730.00000000
1720742400000,0.06500000,0.06650000,0.06370000,0.06590000,41287620.00000000
1720828800000,0.06590000,0.06890000,0.06570000,0.06800000,32260266.00000000
1720915200000,0.06810000,0.06950000,0.06700000,0.06890000,41480368.00000000
1721001600000,0.06890000,0.07280000,0.06880000,0.07250000,62844060.00000000
1721088000000,0.07250000,0.07420000,0.06870000,0.07330000,90204897.00000000
1721174400000,0.07340000,0.07520000,0.07140000,0.07220000,56061104.00000000
1721260800000,0.07220000,0.07400000,0.06810000,0.06990000,55507689.00000000
1721347200000,0.06980000,0.07440000,0.06820000,0.07390000,68525319.00000000
1721433600000,0.07380000,0.07490000,0.07280000,0.07380000,38488129.00000000
1721520000000,0.07380000,0.07640000,0.07140000,0.07550000,79187930.00000000
1721606400000,0.07540000,0.07610000,0.07110000,0.07170000,53444881.00000000
1721692800000,0.07160000,0.07290000,0.06870000,0.06940000,60525887.00000000
1721779200000,0.06940000,0.07160000,0.06810000,0.06880000,47651714.00000000
1721865600000,0.06880000,0.06950000,0.06430000,0.06680000,79347734.00000000
1721952000000,0.06680000,0.07050000,0.06650000,0.07020000,56649258.00000000
1722038400000,0.07020000,0.07150000,0.06850000,0.07030000,58883518.00000000
1722124800000,0.07030000,0.07040000,0.06770000,0.06850000,31485247.00000000
1722211200000,0.06850000,0.07090000,0.06740000,0.06770000,49185903.00000000
1722297600000,0.06760000,0.06910000,0.06510000,0.06620000,48451751.00000000
1722384000000,0.06620000,0.06730000,0.06430000,0.06470000,53205013.00000000
1722470400000,0.06480000,0.06530000,0.05950000,0.06370000,73237205.00000000
1722556800000,0.06360000,0.06410000,0.05910000,0.06000000,67962394.00000000
1722643200000,0.06000000,0.06070000,0.05530000,0.05740000,90946578.00000000
1722729600000,0.05740000,0.05840000,0.05270000,0.05490000,115407972.00000000
1722816000000,0.05490000,0.05530000,0.04310000,0.05030000,382072512.00000000
1722902400000,0.05040000,0.05430000,0.05030000,0.05280000,91254252.00000000
1722988800000,0.05280000,0.05420000,0.05040000,0.05100000,87012966.00000000
1723075200000,0.05110000,0.05640000,0.05020000,0.05620000,51099075.00000000
1723161600000,0.05610000,0.05630000,0.05400000,0.05550000,46011338.00000000
1723248000000,0.05550000,0.05800000,0.05490000,0.05750000,39826538.00000000
1723334400000,0.05750000,0.05850000,0.05310000,0.05360000,47771255.00000000
1723420800000,0.05370000,0.05650000,0.05310000,0.05560000,62701414.00000000
1723507200000,0.05560000,0.05690000,0.05420000,0.05640000,26649647.00000000
1723593600000,0.05630000,0.05690000,0.05410000,0.05480000,29774067.00000000
1723680000000,0.05480000,0.05580000,0.05240000,0.05300000,42620782.00000000
1723766400000,0.05290000,0.05370000,0.05120000,0.05250000,28427590.00000000
1723852800000,0.05260000,0.05330000,0.05210000,0.05320000,26168787.00000000
1723939200000,0.05320000,0.05480000,0.05260000,0.05370000,21962578.00000000
1724025600000,0.05370000,0.05450000,0.05260000,0.05440000,32823399.00000000
1724112000000,0.05430000,0.05590000,0.05360000,0.05490000,36885737.00000000
1724198400000,0.05490000,0.05770000,0.05450000,0.05700000,38186221.00000000
1724284800000,0.05710000,0.05920000,0.05590000,0.05880000,56751979.00000000
1724371200000,0.05880000,0.06200000,0.05840000,0.06150000,66273608.00000000
1724457600000,0.06150000,0.06380000,0.06060000,0.06220000,73628973.00000000
1724544000000,0.06230000,0.06230000,0.05860000,0.06060000,49004880.00000000
1724630400000,0.06050000,0.06110000,0.05680000,0.05710000,65490108.00000000
1724716800000,0.05710000,0.05870000,0.05330000,0.05450000,53309259.00000000
1724803200000,0.05450000,0.05590000,0.05210000,0.05370000,53552529.00000000
1724889600000,0.05370000,0.05650000,0.05270000,0.05600000,55055167.00000000
1724976000000,0.05600000,0.05610000,0.05180000,0.05410000,57126898.00000000
1725062400000,0.05400000,0.05440000,0.05250000,0.05290000,28256707.00000000
1725148800000,0.05290000,0.05310000,0.04970000,0.05020000,46383634.00000000
1725235200000,0.05010000,0.05270000,0.05010000,0.05250000,38986738.00000000
1725321600000,0.05250000,0.05310000,0.05010000,0.05030000,27751856.00000000
1725408000000,0.05030000,0.05240000,0.04780000,0.05170000,48138757.00000000
1725494400000,0.05160000,0.05180000,0.04940000,0.04980000,32051728.00000000
1725580800000,0.04980000,0.05100000,0.04710000,0.04870000,45809171.00000000
1725667200000,0.04860000,0.05100000,0.04830000,0.05020000,34025834.00000000
1725753600000,0.05010000,0.05230000,0.05000000,0.05170000,20411301.00000000
1725840000000,0.05180000,0.05360000,0.05150000,0.05310000,41213249.00000000
1725926400000,0.05300000,0.05370000,0.05240000,0.05310000,28755863.00000000
1726012800000,0.05320000,0.05330000,0.05060000,0.05200000,46313171.00000000
1726099200000,0.05210000,0.05330000,0.05200000,0.05320000,36524820.00000000
1726185600000,0.05320000,0.05440000,0.05260000,0.05390000,49878752.00000000
1726272000000,0.05400000,0.05430000,0.05300000,0.05360000,25857684.00000000
1726358400000,0.05360000,0.05390000,0.05150000,0.05190000,27700248.00000000
1726444800000,0.05190000,0.05220000,0.05060000,0.05110000,36225177.00000000
1726531200000,0.05100000,0.05280000,0.05060000,0.05200000,34556949.00000000
1726617600000,0.05200000,0.05390000,0.05040000,0.05390000,44075425.00000000
1726704000000,0.05380000,0.05630000,0.05380000,0.05550000,56845775.00000000
1726790400000,0.05550000,0.05740000,0.05500000,0.05730000,46720424.00000000
1726876800000,0.05730000,0.05980000,0.05650000,0.05950000,52757988.00000000
1726963200000,0.05950000,0.05960000,0.05620000,0.05760000,42304745.00000000
1727049600000,0.05750000,0.06250000,0.05650000,0.06130000,138497523.00000000
1727136000000,0.06120000,0.06240000,0.05930000,0.06170000,50483405.00000000
1727222400000,0.06180000,0.07080000,0.06080000,0.06650000,307591299.00000000
1727308800000,0.06650000,0.07080000,0.06410000,0.06920000,156788296.00000000
1727395200000,0.06910000,0.07160000,0.06840000,0.06950000,98153826.00000000
1727481600000,0.06960000,0.07020000,0.06580000,0.06870000,66741537.00000000
1727568000000,0.06870000,0.07060000,0.06710000,0.06910000,87218277.00000000
1727654400000,0.06920000,0.06990000,0.06500000,0.06560000,68299904.00000000
1727740800000,0.06550000,0.06790000,0.05840000,0.06040000,130242581.00000000
1727827200000,0.06040000,0.06250000,0.05800000,0.05910000,78315508.00000000
1727913600000,0.05900000,0.06070000,0.05740000,0.05890000,72631964.00000000
1728000000000,0.05880000,0.06190000,0.05860000,0.06190000,48864704.00000000
1728086400000,0.06190000,0.06530000,0.06110000,0.06250000,55603576.00000000
1728172800000,0.06240000,0.06380000,0.06160000,0.06380000,35022793.00000000
1728259200000,0.06370000,0.06870000,0.06250000,0.06820000,117475166.00000000
1728345600000,0.06820000,0.06890000,0.06470000,0.06610000,185888718.00000000
1728432000000,0.06610000,0.07840000,0.06530000,0.07040000,756414365.00000000
1728518400000,0.07040000,0.07520000,0.06620000,0.06890000,502937778.00000000
1728604800000,0.06890000,0.07230000,0.06770000,0.07000000,199110069.00000000
1728691200000,0.07000000,0.07230000,0.06790000,0.06980000,155883940.00000000
1728777600000,0.06980000,0.08000000,0.06900000,0.07510000,397338613.00000000
1728864000000,0.07510000,0.07960000,0.07400000,0.07700000,177915512.00000000
1728950400000,0.07710000,0.08370000,0.07620000,0.08260000,406017404.00000000
1729036800000,0.08260000,0.08280000,0.07610000,0.07630000,179672726.00000000
1729123200000,0.07630000,0.07650000,0.07270000,0.07580000,193597637.00000000
1729209600000,0.07580000,0.07620000,0.07390000,0.07580000,71655440.00000000
1729296000000,0.07590000,0.07740000,0.07370000,0.07420000,61121629.00000000
1729382400000,0.07430000,0.07470000,0.07270000,0.07430000,102144744.00000000
1729468800000,0.07440000,0.07510000,0.07170000,0.07190000,111631211.00000000
1729555200000,0.07200000,0.07490000,0.07070000,0.07220000,126825585.00000000
1729641600000,0.07210000,0.07220000,0.06660000,0.06910000,97874848.00000000
1729728000000,0.06910000,0.06910000,0.06530000,0.06770000,96611611.00000000
1729814400000,0.06770000,0.06780000,0.05880000,0.06160000,138395735.00000000
1729900800000,0.06160000,0.06340000,0.06020000,0.06180000,89493722.00000000
1729987200000,0.06180000,0.06270000,0.06080000,0.06190000,84353069.00000000
1730073600000,0.06200000,0.06450000,0.05960000,0.06280000,183770879.00000000
1730160000000,0.06280000,0.06470000,0.06130000,0.06320000,313562640.00000000
1730246400000,0.06320000,0.06430000,0.06120000,0.06290000,207470820.00000000
1730332800000,0.06290000,0.06300000,0.05880000,0.05920000,136529690.00000000
1730419200000,0.05910000,0.06050000,0.05760000,0.05900000,147607082.00000000
1730505600000,0.05900000,0.06050000,0.05750000,0.05810000,77178954.00000000
1730592000000,0.05820000,0.05830000,0.05350000,0.05530000,117444995.00000000
1730678400000,0.05540000,0.05690000,0.05370000,0.05430000,202248893.00000000
1730764800000,0.05430000,0.05780000,0.05420000,0.05710000,124636293.00000000
1730851200000,0.05710000,0.06200000,0.05700000,0.06190000,184558196.00000000
1730937600000,0.06180000,0.06300000,0.06030000,0.06260000,145439559.00000000
1731024000000,0.06260000,0.06290000,0.06010000,0.06190000,127830911.00000000
1731110400000,0.06180000,0.06410000,0.06080000,0.06390000,104612358.00000000
1731196800000,0.06400000,0.06920000,0.06340000,0.06690000,294405137.00000000
1731283200000,0.06700000,0.07210000,0.06510000,0.07160000,358382606.00000000
1731369600000,0.07170000,0.07400000,0.06410000,0.06810000,453084088.00000000
1731456000000,0.06800000,0.06930000,0.06180000,0.06500000,366826691.00000000
1731542400000,0.06500000,0.06750000,0.06160000,0.06280000,182757936.00000000
1731628800000,0.06270000,0.06770000,0.06140000,0.06750000,189382585.00000000
1731715200000,0.06750000,0.07580000,0.06700000,0.07520000,289640210.00000000
1731801600000,0.07510000,0.07530000,0.06780000,0.06910000,168052987.00000000
1731888000000,0.06910000,0.09010000,0.06850000,0.07930000,696412806.00000000
1731974400000,0.07930000,0.08640000,0.07410000,0.07590000,510512965.00000000
1732060800000,0.07590000,0.07590000,0.07030000,0.07160000,198908528.00000000
1732147200000,0.07160000,0.07560000,0.06950000,0.07460000,217577667.00000000
1732233600000,0.07460000,0.07890000,0.07310000,0.07870000,266143966.00000000
1732320000000,0.07870000,0.08940000,0.07750000,0.08660000,491703405.00000000
1732406400000,0.08660000,0.10160000,0.08560000,0.09790000,807471012.00000000
1732492800000,0.09800000,0.10010000,0.08880000,0.09090000,377580554.00000000
1732579200000,0.09090000,0.09620000,0.08550000,0.09020000,408325089.00000000
1732665600000,0.09010000,0.09480000,0.08730000,0.09350000,242296902.00000000
1732752000000,0.09350000,0.09450000,0.08920000,0.09410000,184895962.00000000
1732838400000,0.09410000,0.10460000,0.09160000,0.10240000,247598516.00000000
1732924800000,0.10240000,0.10550000,0.09820000,0.10330000,239369079.00000000
1733011200000,0.10320000,0.10930000,0.10000000,0.10640000,301861092.00000000
1733097600000,0.10640000,0.11510000,0.09820000,0.11350000,484200350.00000000
1733184000000,0.11350000,0.12360000,0.09960000,0.12220000,814282718.00000000
1733270400000,0.12230000,0.13999000,0.11750000,0.13360000,700821168.00000000
1733356800000,0.13360000,0.14320000,0.12330000,0.13070000,547859775.00000000
1733443200000,0.13080000,0.13410000,0.12530000,0.13090000,293426011.00000000
1733529600000,0.13080000,0.13360000,0.12620000,0.12900000,179755752.00000000
1733616000000,0.12900000,0.13810000,0.12600000,0.13120000,271935832.00000000
1733702400000,0.13130000,0.13130000,0.09190000,0.10630000,455387284.00000000
1733788800000,0.10630000,0.10780000,0.09130000,0.10200000,359545637.00000000
1733875200000,0.10190000,0.12310000,0.09760000,0.11990000,273164984.00000000
1733961600000,0.12000000,0.12430000,0.11520000,0.11750000,238217358.00000000
1734048000000,0.11750000,0.11830000,0.11240000,0.11750000,162131239.00000000
1734134400000,0.11740000,0.11800000,0.10740000,0.11030000,111586531.00000000
1734220800000,0.11030000,0.11360000,0.10680000,0.11280000,108116652.00000000
1734307200000,0.11290000,0.11520000,0.10610000,0.10840000,144748608.00000000
1734393600000,0.10840000,0.11070000,0.10200000,0.10330000,140772175.00000000
1734480000000,0.10330000,0.10390000,0.09270000,0.09370000,223561035.00000000
1734566400000,0.09370000,0.09640000,0.08310000,0.08590000,296320904.00000000
1734652800000,0.08600000,0.08990000,0.07390000,0.08910000,286043025.00000000
1734739200000,0.08910000,0.09420000,0.08220000,0.08340000,187049629.00000000
1734825600000,0.08340000,0.08720000,0.08140000,0.08430000,121345609.00000000
1734912000000,0.08420000,0.09170000,0.08200000,0.09050000,134353034.00000000
1734998400000,0.09040000,0.09940000,0.08840000,0.09440000,500619000.00000000
1735084800000,0.09440000,0.09530000,0.09080000,0.09210000,81477915.00000000
1735171200000,0.09210000,0.09320000,0.08380000,0.08520000,78243445.00000000
1735257600000,0.08530000,0.09000000,0.08450000,0.08550000,78694294.00000000
1735344000000,0.08560000,0.08940000,0.08500000,0.08900000,56339105.00000000
1735430400000,0.08910000,0.08980000,0.08320000,0.08390000,42085263.00000000
1735516800000,0.08390000,0.08720000,0.08130000,0.08410000,101005645.00000000
1735603200000,0.08420000,0.08560000,0.08060000,0.08200000,73528236.00000000
1735689600000,0.08190000,0.08660000,0.08060000,0.08620000,66002097.00000000
1735776000000,0.08620000,0.08990000,0.08620000,0.08790000,72012503.00000000
1735862400000,0.08790000,0.09370000,0.08690000,0.09340000,84007321.00000000
1735948800000,0.09340000,0.09430000,0.09100000,0.09200000,74763839.00000000
1736035200000,0.09200000,0.09320000,0.09020000,0.09250000,59354855.00000000
1736121600000,0.09260000,0.09730000,0.09080000,0.09530000,126371415.00000000
1736208000000,0.09520000,0.09550000,0.08450000,0.08460000,144919826.00000000
1736294400000,0.08470000,0.08570000,0.07890000,0.08230000,171323393.00000000
1736380800000,0.08240000,0.08490000,0.07980000,0.08280000,181887823.00000000
1736467200000,0.08280000,0.08450000,0.08050000,0.08380000,98926025.00000000
1736553600000,0.08370000,0.08520000,0.08140000,0.08360000,58667694.00000000
1736640000000,0.08360000,0.08400000,0.08010000,0.08120000,56926646.00000000
1736726400000,0.08110000,0.08340000,0.07270000,0.07880000,169425481.00000000
1736812800000,0.07880000,0.08160000,0.07800000,0.08110000,71286712.00000000
1736899200000,0.08120000,0.08740000,0.07970000,0.08700000,107390437.00000000
1736985600000,0.08700000,0.08750000,0.08370000,0.08490000,126066410.00000000
1737072000000,0.08500000,0.09080000,0.08500000,0.08970000,132271817.00000000
1737158400000,0.08960000,0.09040000,0.08180000,0.08320000,116765053.00000000
1737244800000,0.08320000,0.08550000,0.07460000,0.07600000,231882686.00000000
1737331200000,0.07600000,0.08290000,0.07310000,0.07650000,239242143.00000000
1737417600000,0.07650000,0.07960000,0.07270000,0.07790000,126522024.00000000
1737504000000,0.07790000,0.07890000,0.07580000,0.07620000,53679925.00000000
1737590400000,0.07610000,0.07660000,0.07290000,0.07560000,97578784.00000000
1737676800000,0.07560000,0.07670000,0.07210000,0.07310000,66128179.00000000
1737763200000,0.07310000,0.07440000,0.07180000,0.07370000,48199354.00000000
1737849600000,0.07370000,0.07620000,0.07180000,0.07190000,44330589.00000000
1737936000000,0.07190000,0.07210000,0.06450000,0.06980000,152827763.00000000
1738022400000,0.06980000,0.07070000,0.06280000,0.06400000,107123499.00000000
1738108800000,0.06390000,0.06770000,0.06340000,0.06540000,112490736.00000000
1738195200000,0.06550000,0.07400000,0.06470000,0.07240000,110962218.00000000
1738281600000,0.07240000,0.07510000,0.07110000,0.07190000,91066529.00000000
1738368000000,0.07190000,0.07350000,0.06560000,0.06610000,89392114.00000000
1738454400000,0.06620000,0.06770000,0.05460000,0.05780000,255051327.00000000
1738540800000,0.05770000,0.06310000,0.04370000,0.06240000,541340427.00000000
1738627200000,0.06250000,0.06350000,0.05590000,0.05820000,215221999.00000000
1738713600000,0.05820000,0.05920000,0.05580000,0.05630000,121764168.00000000
1738800000000,0.05630000,0.05790000,0.05340000,0.05410000,135417569.00000000
1738886400000,0.05420000,0.05860000,0.05370000,0.05530000,111088108.00000000
1738972800000,0.05530000,0.05880000,0.05450000,0.05810000,72034508.00000000
1739059200000,0.05810000,0.06060000,0.05560000,0.05810000,85483706.00000000
1739145600000,0.05800000,0.06030000,0.05600000,0.05950000,106799144.00000000
1739232000000,0.05950000,0.06230000,0.05710000,0.05820000,77949508.00000000
1739318400000,0.05810000,0.06510000,0.05780000,0.06410000,140509200.00000000
1739404800000,0.06410000,0.06510000,0.06000000,0.06070000,76186612.00000000
1739491200000,0.06070000,0.06680000,0.06010000,0.06170000,184110672.00000000
1739577600000,0.06170000,0.06170000,0.05850000,0.05900000,86487588.00000000
1739664000000,0.05900000,0.06100000,0.05810000,0.05990000,66232667.00000000
1739750400000,0.05980000,0.06200000,0.05860000,0.06020000,86031531.00000000
1739836800000,0.06020000,0.06040000,0.05400000,0.05550000,181212484.00000000
1739923200000,0.05550000,0.05570000,0.05330000,0.05420000,239187684.00000000
1740009600000,0.05420000,0.05480000,0.05210000,0.05430000,266600371.00000000
1740096000000,0.05420000,0.05580000,0.05000000,0.05120000,342968312.00000000
1740182400000,0.05110000,0.05300000,0.05080000,0.05270000,123773346.00000000
1740268800000,0.05260000,0.05340000,0.05110000,0.05220000,112794364.00000000
1740355200000,0.05210000,0.05230000,0.04680000,0.04770000,197816921.00000000
1740441600000,0.04770000,0.05050000,0.04470000,0.04980000,305808891.00000000
1740528000000,0.04970000,0.05110000,0.04860000,0.05040000,162247297.00000000
1740614400000,0.05050000,0.05220000,0.04950000,0.05090000,148219935.00000000
1740700800000,0.05080000,0.05160000,0.04650000,0.05100000,273749544.00000000
1740787200000,0.05110000,0.05150000,0.04890000,0.05030000,112443814.00000000
1740873600000,0.05020000,0.05440000,0.04960000,0.05360000,208557935.00000000
1740960000000,0.05360000,0.05420000,0.04590000,0.04650000,233920682.00000000
1741046400000,0.04650000,0.04850000,0.04360000,0.04780000,246824409.00000000
1741132800000,0.04780000,0.04920000,0.04670000,0.04890000,131520069.00000000
1741219200000,0.04900000,0.05097000,0.04763000,0.04788000,141469708.00000000
1741305600000,0.04788000,0.05161000,0.04557000,0.04894000,316020597.00000000
1741392000000,0.04894000,0.05074000,0.04647000,0.04745000,132568660.00000000
1741478400000,0.04746000,0.04778000,0.04279000,0.04332000,130809825.00000000
1741564800000,0.04335000,0.04626000,0.04077000,0.04095000,152053202.00000000
1741651200000,0.04097000,0.04440000,0.03879000,0.04325000,255929950.00000000
1741737600000,0.04324000,0.04491000,0.04176000,0.04391000,175437649.00000000
1741824000000,0.04394000,0.04410000,0.04184000,0.04256000,133101180.00000000
1741910400000,0.04258000,0.04422000,0.04249000,0.04377000,138049921.00000000
1741996800000,0.04377000,0.04724000,0.04377000,0.04666000,173068998.00000000
1742083200000,0.04666000,0.04689000,0.04354000,0.04397000,110001475.00000000
1742169600000,0.04397000,0.04605000,0.04389000,0.04565000,77421948.00000000
1742256000000,0.04565000,0.04574000,0.04380000,0.04567000,70576116.00000000
1742342400000,0.04566000,0.04683000,0.04511000,0.04673000,106367022.00000000
1742428800000,0.04674000,0.04689000,0.04465000,0.04523000,78648672.00000000
1742515200000,0.04523000,0.04608000,0.04419000,0.04489000,64871474.00000000
1742601600000,0.04490000,0.04691000,0.04490000,0.04568000,49458180.00000000
1742688000000,0.04568000,0.04602000,0.04463000,0.04548000,49606746.00000000
1742774400000,0.04550000,0.04837000,0.04480000,0.04770000,84205535.00000000
1742860800000,0.04771000,0.04880000,0.04759000,0.04827000,57921041.00000000
1742947200000,0.04822000,0.05018000,0.04708000,0.04764000,66140674.00000000
1743033600000,0.04764000,0.04863000,0.04655000,0.04740000,61627424.00000000
1743120000000,0.04742000,0.04747000,0.04305000,0.04351000,115906474.00000000
1743206400000,0.04352000,0.04368000,0.04123000,0.04182000,55173318.00000000
1743292800000,0.04182000,0.04279000,0.04132000,0.04209000,32767029.00000000
1743379200000,0.04210000,0.04293000,0.04093000,0.04206000,73703564.00000000
1743465600000,0.04206000,0.04492000,0.04187000,0.04360000,109812033.00000000
1743552000000,0.04362000,0.04382000,0.03963000,0.04021000,141288752.00000000
1743638400000,0.04022000,0.04131000,0.03909000,0.04093000,78342298.00000000
1743724800000,0.04097000,0.04247000,0.04047000,0.04201000,110054482.00000000
1743811200000,0.04201000,0.04222000,0.04092000,0.04158000,27958777.00000000
1743897600000,0.04159000,0.04183000,0.03700000,0.03797000,75068844.00000000
1743984000000,0.03797000,0.04084000,0.03540000,0.03851000,213886167.00000000
1744070400000,0.03854000,0.03938000,0.03547000,0.03583000,110447499.00000000
1744156800000,0.03584000,0.03962000,0.03439000,0.03922000,138901057.00000000
1744243200000,0.03922000,0.03967000,0.03719000,0.03823000,79569550.00000000
1744329600000,0.03824000,0.04014000,0.03806000,0.03883000,133736475.00000000
1744416000000,0.03884000,0.04061000,0.03805000,0.04018000,144068515.00000000
1744502400000,0.04019000,0.04033000,0.03673000,0.03725000,133241443.00000000
1744588800000,0.03726000,0.03880000,0.03698000,0.03716000,108679514.00000000
1744675200000,0.03717000,0.03781000,0.03574000,0.03606000,146142874.00000000
1744761600000,0.03606000,0.03656000,0.03462000,0.03544000,137653711.00000000
1744848000000,0.03545000,0.03616000,0.03501000,0.03537000,90846952.00000000
1744934400000,0.03537000,0.03703000,0.03512000,0.03659000,84191064.00000000
1745020800000,0.03660000,0.03796000,0.03659000,0.03767000,68202848.00000000
1745107200000,0.03768000,0.03847000,0.03671000,0.03765000,116631749.00000000
1745193600000,0.03766000,0.03869000,0.03710000,0.03747000,118456376.00000000
1745280000000,0.03748000,0.04059000,0.03638000,0.04055000,139710395.00000000
1745366400000,0.04054000,0.04177000,0.03960000,0.04118000,117943970.00000000
1745452800000,0.04118000,0.04172000,0.03965000,0.04145000,99142295.00000000
1745539200000,0.04145000,0.04271000,0.04088000,0.04224000,101162568.00000000
1745625600000,0.04222000,0.04401000,0.04162000,0.04293000,65934785.00000000
1745712000000,0.04292000,0.04322000,0.04083000,0.04102000,60074754.00000000
1745798400000,0.04102000,0.04256000,0.03987000,0.04238000,74546372.00000000
1745884800000,0.04239000,0.04296000,0.04032000,0.04074000,59227557.00000000
1745971200000,0.04074000,0.04265000,0.03963000,0.04121000,80902250.00000000
1746057600000,0.04122000,0.04278000,0.04085000,0.04264000,55597434.00000000
1746144000000,0.04264000,0.04320000,0.04186000,0.04252000,50584101.00000000
1746230400000,0.04252000,0.04252000,0.03985000,0.04027000,51758714.00000000
1746316800000,0.04027000,0.04057000,0.03859000,0.03908000,60617326.00000000
1746403200000,0.03908000,0.03991000,0.03870000,0.03936000,42266393.00000000
1746489600000,0.03935000,0.04025000,0.03748000,0.03887000,106913927.00000000
1746576000000,0.03888000,0.03968000,0.03803000,0.03932000,58479245.00000000
1746662400000,0.03933000,0.04491000,0.03932000,0.04416000,118541602.00000000
1746748800000,0.04416000,0.04666000,0.04409000,0.04628000,118351132.00000000
1746835200000,0.04628000,0.04951000,0.04580000,0.04939000,95788989.00000000
1746921600000,0.04938000,0.04993000,0.04702000,0.04809000,101180078.00000000
1747008000000,0.04809000,0.04988000,0.04596000,0.04866000,125104634.00000000
1747094400000,0.04865000,0.05048000,0.04529000,0.04970000,86895084.00000000
1747180800000,0.04970000,0.05102000,0.04720000,0.04781000,77673608.00000000
1747267200000,0.04781000,0.04826000,0.04368000,0.04468000,98657485.00000000
1747353600000,0.04470000,0.04567000,0.04380000,0.04425000,63521944.00000000
1747440000000,0.04424000,0.04441000,0.04213000,0.04259000,57735219.00000000
1747526400000,0.04260000,0.04568000,0.04200000,0.04517000,70872668.00000000
1747612800000,0.04518000,0.04550000,0.04174000,0.04368000,62848689.00000000
1747699200000,0.04369000,0.04480000,0.04245000,0.04432000,54829742.00000000
1747785600000,0.04433000,0.04616000,0.04350000,0.04524000,82329062.00000000
1747872000000,0.04525000,0.04748000,0.04516000,0.04714000,83568204.00000000
1747958400000,0.04715000,0.04813000,0.04348000,0.04373000,96734063.00000000
1748044800000,0.04373000,0.04455000,0.04323000,0.04344000,35090523.00000000
1748131200000,0.04344000,0.04369000,0.04205000,0.04361000,54685641.00000000
1748217600000,0.04361000,0.04450000,0.04299000,0.04338000,43730351.00000000
1748304000000,0.04336000,0.04492000,0.04226000,0.04406000,42056046.00000000
1748390400000,0.04404000,0.04659000,0.04257000,0.04412000,65943936.00000000
1748476800000,0.04413000,0.04500000,0.04223000,0.04240000,55631061.00000000
1748563200000,0.04241000,0.04273000,0.03808000,0.03821000,144902313.00000000
1748649600000,0.03820000,0.03968000,0.03701000,0.03894000,66179418.00000000
1748736000000,0.03894000,0.03976000,0.03826000,0.03955000,36339455.00000000
1748822400000,0.03956000,0.04040000,0.03899000,0.04023000,66403137.00000000
1748908800000,0.04025000,0.04088000,0.03958000,0.03997000,58547096.00000000
1748995200000,0.03998000,0.04070000,0.03872000,0.03898000,46942732.00000000
1749081600000,0.03899000,0.03956000,0.03609000,0.03673000,86636718.00000000
1749168000000,0.03674000,0.03833000,0.03651000,0.03714000,42392298.00000000
1749254400000,0.03715000,0.03854000,0.03713000,0.03808000,29894744.00000000
1749340800000,0.03808000,0.03864000,0.03741000,0.03810000,36835331.00000000
1749427200000,0.03810000,0.03968000,0.03716000,0.03951000,48986836.00000000
1749513600000,0.03952000,0.04066000,0.03887000,0.04059000,65877868.00000000
1749600000000,0.04059000,0.04094000,0.03889000,0.03931000,44148322.00000000
1749686400000,0.03932000,0.03937000,0.03705000,0.03727000,51311263.00000000
1749772800000,0.03726000,0.03726000,0.03463000,0.03658000,99785785.00000000
1749859200000,0.03658000,0.03686000,0.03553000,0.03635000,31608429.00000000
1749945600000,0.03634000,0.03670000,0.03557000,0.03625000,31089339.00000000
1750032000000,0.03626000,0.03787000,0.03591000,0.03668000,53724478.00000000
1750118400000,0.03668000,0.03727000,0.03484000,0.03523000,49581276.00000000
1750204800000,0.03523000,0.03563000,0.03430000,0.03531000,45420887.00000000
1750291200000,0.03530000,0.03563000,0.03443000,0.03515000,25294421.00000000
1750377600000,0.03516000,0.03596000,0.03350000,0.03436000,36872891.00000000
1750464000000,0.03436000,0.03492000,0.03196000,0.03291000,42035009.00000000
1750550400000,0.03292000,0.03316000,0.03060000,0.03225000,70894325.00000000
1750636800000,0.03226000,0.03520000,0.03207000,0.03513000,44413036.00000000
1750723200000,0.03515000,0.03582000,0.03500000,0.03568000,42579506.00000000
1750809600000,0.03569000,0.03641000,0.03488000,0.03581000,59537807.00000000
1750896000000,0.03582000,0.03768000,0.03391000,0.03405000,128162334.00000000
1750982400000,0.03406000,0.03514000,0.03350000,0.03465000,35998233.00000000
1751068800000,0.03466000,0.03549000,0.03453000,0.03532000,18535121.00000000
1751155200000,0.03533000,0.03691000,0.03512000,0.03660000,28175861.00000000
1751241600000,0.03659000,0.03674000,0.03478000,0.03521000,38372692.00000000
1751328000000,0.03520000,0.03540000,0.03373000,0.03387000,31841737.00000000
1751414400000,0.03391000,0.03713000,0.03347000,0.03651000,43580646.00000000
1751500800000,0.03651000,0.03727000,0.03614000,0.03663000,36104182.00000000
1751587200000,0.03664000,0.03676000,0.03423000,0.03491000,170539092.00000000
1751673600000,0.03490000,0.03522000,0.03442000,0.03509000,19942788.00000000
1751760000000,0.03510000,0.03627000,0.03480000,0.03571000,26935980.00000000
1751846400000,0.03572000,0.03621000,0.03486000,0.03518000,27475301.00000000
1751932800000,0.03518000,0.03595000,0.03460000,0.03585000,27217926.00000000
1752019200000,0.03586000,0.03805000,0.03546000,0.03775000,51691520.00000000
1752105600000,0.03776000,0.04004000,0.03732000,0.03989000,81095003.00000000
1752192000000,0.03991000,0.04141000,0.03919000,0.03990000,72237260.00000000
1752278400000,0.03990000,0.04085000,0.03864000,0.03981000,50028613.00000000
1752364800000,0.03982000,0.04168000,0.03947000,0.04071000,44387460.00000000
1752451200000,0.04073000,0.04224000,0.03964000,0.04034000,76195690.00000000
1752537600000,0.04033000,0.04142000,0.03863000,0.04137000,56859522.00000000
1752624000000,0.04137000,0.04316000,0.04063000,0.04208000,72825312.00000000
1752710400000,0.04210000,0.04297000,0.04097000,0.04251000,58821958.00000000
1752796800000,0.04253000,0.04516000,0.04172000,0.04245000,95202581.00000000
1752883200000,0.04246000,0.04380000,0.04145000,0.04372000,39054114.00000000
1752969600000,0.04372000,0.04625000,0.04340000,0.04543000,62474461.00000000
1753056000000,0.04542000,0.04726000,0.04468000,0.04630000,85064307.00000000
1753142400000,0.04630000,0.04655000,0.04375000,0.04628000,68278118.00000000
1753228800000,0.04629000,0.04630000,0.04096000,0.04215000,76843092.00000000
1753315200000,0.04216000,0.04305000,0.03969000,0.04151000,66618040.00000000
1753401600000,0.04152000,0.04251000,0.04005000,0.04233000,55057677.00000000
1753488000000,0.04233000,0.04319000,0.04202000,0.04249000,33015327.00000000
1753574400000,0.04249000,0.04568000,0.04243000,0.04428000,100328336.00000000
1753660800000,0.04428000,0.04484000,0.04095000,0.04129000,91556463.00000000
1753747200000,0.04130000,0.04269000,0.04016000,0.04128000,55542687.00000000
1753833600000,0.04126000,0.04137000,0.03867000,0.04063000,102431055.00000000
1753920000000,0.04064000,0.04155000,0.03844000,0.03863000,65612623.00000000
1754006400000,0.03863000,0.03897000,0.03662000,0.03784000,105303367.00000000
1754092800000,0.03783000,0.03820000,0.03635000,0.03707000,39353790.00000000
1754179200000,0.03706000,0.03838000,0.03656000,0.03827000,23843595.00000000
1754265600000,0.03828000,0.04004000,0.03825000,0.03996000,41135704.00000000
1754352000000,0.03996000,0.04014000,0.03786000,0.03865000,49032090.00000000
1754438400000,0.03866000,0.03954000,0.03773000,0.03947000,25437869.00000000
1754524800000,0.03947000,0.04092000,0.03898000,0.04086000,47895423.00000000
1754611200000,0.04087000,0.04247000,0.04041000,0.04227000,76320544.00000000
1754697600000,0.04228000,0.04398000,0.04225000,0.04332000,46022102.00000000
1754784000000,0.04333000,0.04404000,0.04182000,0.04306000,70231596.00000000
1754870400000,0.04306000,0.04421000,0.04060000,0.04090000,74261119.00000000
1754956800000,0.04090000,0.04366000,0.04058000,0.04315000,64138992.00000000
1755043200000,0.04315000,0.04507000,0.04273000,0.04439000,98904766.00000000
1755129600000,0.04440000,0.04476000,0.03942000,0.04015000,143246825.00000000
1755216000000,0.04016000,0.04131000,0.03854000,0.04008000,91361178.00000000
1755302400000,0.04007000,0.04188000,0.04007000,0.04172000,69900829.00000000
1755388800000,0.04173000,0.04265000,0.04110000,0.04127000,54786052.00000000
1755475200000,0.04127000,0.04130000,0.03928000,0.03995000,55994429.00000000
1755561600000,0.03995000,0.04046000,0.03859000,0.03876000,86707305.00000000
1755648000000,0.03876000,0.04047000,0.03854000,0.04024000,44369186.00000000
1755734400000,0.04025000,0.04074000,0.03927000,0.03956000,48889930.00000000
1755820800000,0.03956000,0.04287000,0.03828000,0.04251000,106254882.00000000
1755907200000,0.04252000,0.04274000,0.04134000,0.04174000,41412997.00000000
1755993600000,0.04174000,0.04243000,0.03979000,0.04072000,90518194.00000000
1756080000000,0.04073000,0.04119000,0.03754000,0.03827000,82068046.00000000
1756166400000,0.03827000,0.03988000,0.03786000,0.03968000,50448055.00000000
1756252800000,0.03967000,0.04010000,0.03926000,0.03937000,47836668.00000000
1756339200000,0.03937000,0.04105000,0.03912000,0.04105000,43881909.00000000
1756425600000,0.04105000,0.04125000,0.03852000,0.03901000,84182238.00000000
1756512000000,0.03902000,0.03965000,0.03847000,0.03946000,30865422.00000000
1756598400000,0.03947000,0.04177000,0.03947000,0.03995000,130903809.00000000
1756684800000,0.03994000,0.04068000,0.03807000,0.03882000,72015926.00000000
1756771200000,0.03883000,0.03982000,0.03856000,0.03932000,41895556.00000000
1756857600000,0.03933000,0.04019000,0.03885000,0.03973000,34226525.00000000
1756944000000,0.03974000,0.03989000,0.03836000,0.03862000,49168048.00000000
1757030400000,0.03862000,0.04022000,0.03862000,0.03950000,47786263.00000000
1757116800000,0.03951000,0.03965000,0.03890000,0.03901000,17388517.00000000
1757203200000,0.03901000,0.04021000,0.03900000,0.04002000,34619741.00000000
1757289600000,0.04001000,0.04181000,0.03989000,0.04160000,75044694.00000000
1757376000000,0.04161000,0.04350000,0.04139000,0.04225000,91527860.00000000
1757462400000,0.04226000,0.04297000,0.04183000,0.04211000,61272228.00000000
1757548800000,0.04212000,0.04250000,0.04144000,0.04234000,42217208.00000000
1757635200000,0.04235000,0.04354000,0.04202000,0.04350000,50841419.00000000
1757721600000,0.04350000,0.04441000,0.04309000,0.04407000,67752863.00000000
1757808000000,0.04408000,0.04421000,0.04194000,0.04223000,48652059.00000000
1757894400000,0.04222000,0.04270000,0.04003000,0.04080000,58913027.00000000
1757980800000,0.04080000,0.04194000,0.04007000,0.04177000,44914932.00000000
1758067200000,0.04178000,0.04329000,0.04086000,0.04294000,56279487.00000000
1758153600000,0.04295000,0.04398000,0.04252000,0.04363000,85015610.00000000
1758240000000,0.04364000,0.04403000,0.04157000,0.04191000,71266079.00000000
1758326400000,0.04190000,0.04281000,0.04153000,0.04241000,35291913.00000000
1758412800000,0.04241000,0.04293000,0.04188000,0.04194000,24869910.00000000
1758499200000,0.04194000,0.04213000,0.03756000,0.03925000,112519611.00000000
1758585600000,0.03925000,0.04035000,0.03841000,0.03957000,44519045.00000000
1758672000000,0.03958000,0.04089000,0.03900000,0.03984000,53306778.00000000
1758758400000,0.03985000,0.04005000,0.03772000,0.03807000,75165260.00000000
1758844800000,0.03812000,0.03968000,0.03796000,0.03961000,62542577.00000000
1758931200000,0.03961000,0.03970000,0.03878000,0.03891000,36785129.00000000
1759017600000,0.03892000,0.04016000,0.03829000,0.04000000,34307971.00000000
1759104000000,0.04001000,0.04032000,0.03906000,0.03996000,51160020.00000000
1759190400000,0.03996000,0.04051000,0.03870000,0.04044000,93550848.00000000
1759276800000,0.04044000,0.04601000,0.04013000,0.04452000,288404631.00000000
1759363200000,0.04453000,0.04704000,0.04431000,0.04576000,181785647.00000000
1759449600000,0.04577000,0.04621000,0.04435000,0.04542000,83382586.00000000
1759536000000,0.04541000,0.04560000,0.04399000,0.04428000,64935715.00000000
1759622400000,0.04428000,0.04567000,0.04344000,0.04364000,49160957.00000000
1759708800000,0.04364000,0.04494000,0.04333000,0.04429000,52111311.00000000
1759795200000,0.04430000,0.04486000,0.04148000,0.04165000,85503126.00000000
1759881600000,0.04165000,0.04337000,0.04123000,0.04251000,61852760.00000000
1759968000000,0.04251000,0.04255000,0.04024000,0.04142000,48772580.00000000
1760054400000,0.04143000,0.05000000,0.01000000,0.03077000,408889254.00000000
1760140800000,0.03081000,0.03403000,0.02981000,0.03173000,234175901.00000000
1760227200000,0.03173000,0.03575000,0.03108000,0.03500000,75023049.00000000
1760313600000,0.03501000,0.03700000,0.03463000,0.03668000,97879204.00000000
1760400000000,0.03669000,0.03678000,0.03338000,0.03572000,133594539.00000000
1760486400000,0.03572000,0.03649000,0.03370000,0.03447000,83854539.00000000
1760572800000,0.03447000,0.03481000,0.03285000,0.03338000,84322482.00000000
1760659200000,0.03336000,0.03382000,0.03095000,0.03279000,97455042.00000000
1760745600000,0.03280000,0.03350000,0.03227000,0.03268000,47146190.00000000
1760832000000,0.03268000,0.03351000,0.03219000,0.03304000,36428248.00000000
1760918400000,0.03305000,0.03391000,0.03250000,0.03324000,50765156.00000000
1761004800000,0.03324000,0.03421000,0.03186000,0.03192000,69828642.00000000
1761091200000,0.03190000,0.03249000,0.03063000,0.03151000,70601255.00000000
1761177600000,0.03153000,0.03238000,0.03146000,0.03195000,32378793.00000000
1761264000000,0.03198000,0.03296000,0.03180000,0.03256000,38233034.00000000
1761350400000,0.03257000,0.03283000,0.03215000,0.03257000,28150684.00000000
1761436800000,0.03259000,0.03372000,0.03234000,0.03341000,29761626.00000000
1761523200000,0.03343000,0.03387000,0.03231000,0.03267000,44508422.00000000
1761609600000,0.03267000,0.03343000,0.03134000,0.03194000,81505701.00000000
1761696000000,0.03194000,0.03280000,0.03122000,0.03204000,57869638.00000000
1761782400000,0.03204000,0.03236000,0.02957000,0.03060000,75592482.00000000
1761868800000,0.03062000,0.03148000,0.03025000,0.03087000,48973050.00000000
1761955200000,0.03086000,0.03162000,0.03067000,0.03152000,25453692.00000000
1762041600000,0.03153000,0.03200000,0.03081000,0.03192000,43163068.00000000
1762128000000,0.03193000,0.03204000,0.02744000,0.02878000,87569082.00000000
1762214400000,0.02879000,0.02948000,0.02687000,0.02801000,99418116.00000000
1762300800000,0.02802000,0.02937000,0.02659000,0.02926000,46912058.00000000
1762387200000,0.02925000,0.03001000,0.02835000,0.02993000,67811542.00000000
1762473600000,0.02993000,0.03554000,0.02993000,0.03460000,225085220.00000000
1762560000000,0.03460000,0.03517000,0.03320000,0.03421000,101598452.00000000
1762646400000,0.03421000,0.03427000,0.03297000,0.03398000,46918662.00000000
1762732800000,0.03397000,0.03499000,0.03373000,0.03428000,55992777.00000000
1762819200000,0.03429000,0.03473000,0.03258000,0.03266000,52582783.00000000
1762905600000,0.03267000,0.03382000,0.03186000,0.03247000,49453830.00000000
1762992000000,0.03247000,0.03350000,0.03104000,0.03167000,60293559.00000000
1763078400000,0.03166000,0.03188000,0.03025000,0.03098000,49411383.00000000
1763164800000,0.03098000,0.03219000,0.03094000,0.03150000,54026122.00000000
1763251200000,0.03150000,0.03208000,0.02988000,0.03060000,64299340.00000000
1763337600000,0.03060000,0.03163000,0.02948000,0.03009000,68003998.00000000
1763424000000,0.03010000,0.03135000,0.02948000,0.03089000,57557341.00000000
1763510400000,0.03091000,0.03105000,0.02865000,0.02978000,43232575.00000000
1763596800000,0.02978000,0.03058000,0.02792000,0.02853000,60852196.00000000
1763683200000,0.02853000,0.02914000,0.02669000,0.02788000,137564988.00000000
1763769600000,0.02787000,0.02818000,0.02745000,0.02792000,52815696.00000000
1763856000000,0.02792000,0.02831000,0.02776000,0.02780000,35717538.00000000
1763942400000,0.02781000,0.02912000,0.02752000,0.02884000,48054712.00000000
1764028800000,0.02885000,0.02937000,0.02827000,0.02929000,32381446.00000000
1764115200000,0.02930000,0.02950000,0.02851000,0.02927000,34174154.00000000
1764201600000,0.02925000,0.02967000,0.02884000,0.02942000,38129611.00000000
1764288000000,0.02943000,0.03102000,0.02927000,0.03053000,118933829.00000000
1764374400000,0.03053000,0.03259000,0.03024000,0.03069000,116606213.00000000
1764460800000,0.03069000,0.03138000,0.03017000,0.03019000,48042784.00000000
1764547200000,0.03020000,0.03027000,0.02795000,0.02878000,95795907.00000000
1764633600000,0.02878000,0.03073000,0.02855000,0.03022000,55496292.00000000
1764720000000,0.03021000,0.03126000,0.03021000,0.03099000,49052978.00000000
1764806400000,0.03100000,0.03103000,0.02966000,0.03019000,32002838.00000000
1764892800000,0.03019000,0.03053000,0.02920000,0.02963000,41310013.00000000
1764979200000,0.02963000,0.03221000,0.02944000,0.03182000,287190066.00000000
1765065600000,0.03182000,0.03211000,0.03014000,0.03075000,129312167.00000000
1765152000000,0.03074000,0.03255000,0.03064000,0.03177000,117433362.00000000
1765238400000,0.03178000,0.03400000,0.03178000,0.03311000,184402305.00000000
1765324800000,0.03312000,0.03334000,0.03198000,0.03222000,55832733.00000000
1765411200000,0.03220000,0.03407000,0.03193000,0.03313000,184041647.00000000
1765497600000,0.03314000,0.03451000,0.03236000,0.03355000,150979784.00000000
1765584000000,0.03355000,0.03423000,0.03310000,0.03348000,61026150.00000000
1765670400000,0.03349000,0.03358000,0.03180000,0.03203000,61437498.00000000
1765756800000,0.03203000,0.03270000,0.02993000,0.03069000,85049194.00000000
1765843200000,0.03068000,0.03071000,0.02980000,0.03044000,67134462.00000000
1765929600000,0.03043000,0.03091000,0.02877000,0.02917000,44594468.00000000
1766016000000,0.02917000,0.02975000,0.02809000,0.02875000,58938433.00000000
1766102400000,0.02874000,0.03655000,0.02858000,0.03577000,490986470.00000000
1766188800000,0.03577000,0.03958000,0.03505000,0.03678000,443214947.00000000
1766275200000,0.03678000,0.03900000,0.03523000,0.03621000,275296067.00000000
1766361600000,0.03620000,0.03727000,0.03512000,0.03603000,145158163.00000000
1766448000000,0.03603000,0.03603000,0.03430000,0.03459000,82439521.00000000
1766534400000,0.03459000,0.03609000,0.03449000,0.03497000,181182792.00000000
1766620800000,0.03498000,0.03530000,0.03380000,0.03391000,71619617.00000000
1766707200000,0.03390000,0.03695000,0.03338000,0.03660000,163544629.00000000
1766793600000,0.03659000,0.03716000,0.03567000,0.03644000,73443668.00000000
1766880000000,0.03644000,0.03713000,0.03583000,0.03628000,107587686.00000000
1766966400000,0.03628000,0.03850000,0.03623000,0.03703000,223592873.00000000
1767052800000,0.03702000,0.04000000,0.03670000,0.03970000,144513155.00000000
1767139200000,0.03971000,0.04592000,0.03951000,0.04228000,699954226.00000000
1767225600000,0.04227000,0.04331000,0.04105000,0.04110000,180645521.00000000
1767312000000,0.04111000,0.04648000,0.04111000,0.04389000,320692642.00000000
1767398400000,0.04389000,0.04675000,0.04364000,0.04564000,213498981.00000000
1767484800000,0.04565000,0.04626000,0.04455000,0.04463000,123832577.00000000
1767571200000,0.04464000,0.04698000,0.04460000,0.04555000,155699562.00000000
1767657600000,0.04554000,0.04583000,0.04251000,0.04414000,155264126.00000000
1767744000000,0.04414000,0.04450000,0.04259000,0.04335000,76130092.00000000
1767830400000,0.04335000,0.04546000,0.04316000,0.04426000,152896330.00000000
1767916800000,0.04426000,0.04593000,0.04389000,0.04484000,91520694.00000000
1768003200000,0.04484000,0.05202000,0.04434000,0.05072000,300532651.00000000
1768089600000,0.05072000,0.05100000,0.04784000,0.04872000,196710189.00000000
1768176000000,0.04873000,0.05170000,0.04793000,0.05044000,207141904.00000000
1768262400000,0.05045000,0.05521000,0.05042000,0.05353000,314559128.00000000
1768348800000,0.05354000,0.05800000,0.05350000,0.05585000,286599829.00000000
1768435200000,0.05585000,0.06312000,0.05387000,0.05814000,454000240.00000000
1768521600000,0.05813000,0.06058000,0.05712000,0.05780000,252487312.00000000
1768608000000,0.05778000,0.06434000,0.05735000,0.06214000,351064668.00000000
1768694400000,0.06212000,0.06405000,0.05883000,0.05964000,232162701.00000000
1768780800000,0.05964000,0.06108000,0.05250000,0.05736000,329404425.00000000
1768867200000,0.05735000,0.05735000,0.05104000,0.05140000,293776306.00000000
1768953600000,0.05139000,0.05366000,0.04979000,0.05090000,196629865.00000000
1769040000000,0.05091000,0.05558000,0.04995000,0.05088000,224371303.00000000
1769126400000,0.05088000,0.05288000,0.04924000,0.05066000,134441162.00000000
1769212800000,0.05065000,0.05333000,0.04968000,0.05221000,109061249.00000000
1769299200000,0.05220000,0.05453000,0.04940000,0.04980000,190081778.00000000
1769385600000,0.04979000,0.05484000,0.04932000,0.05469000,123051016.00000000
1769472000000,0.05468000,0.05828000,0.05392000,0.05765000,218203733.00000000
1769558400000,0.05765000,0.05816000,0.05591000,0.05635000,112308566.00000000
1769644800000,0.05635000,0.05648000,0.04615000,0.04718000,362957064.00000000
1769731200000,0.04717000,0.05071000,0.04656000,0.04936000,233513856.00000000
1769817600000,0.04935000,0.04941000,0.04067000,0.04439000,282187089.00000000
1769904000000,0.04438000,0.04750000,0.04424000,0.04606000,240039322.00000000
1769990400000,0.04605000,0.04716000,0.04350000,0.04621000,167521307.00000000
1770076800000,0.04621000,0.04626000,0.04189000,0.04434000,219042740.00000000
1770163200000,0.04433000,0.04567000,0.04275000,0.04439000,151476930.00000000
1770249600000,0.04439000,0.04461000,0.03790000,0.03831000,312868326.00000000
1770336000000,0.03831000,0.04260000,0.03432000,0.04171000,336836579.00000000
1770422400000,0.04171000,0.04416000,0.04079000,0.04291000,160375274.00000000
1770508800000,0.04292000,0.04294000,0.04084000,0.04126000,65373249.00000000
1770595200000,0.04125000,0.04231000,0.03934000,0.04016000,75246016.00000000
1770681600000,0.04017000,0.04069000,0.03859000,0.03974000,92040520.00000000
1770768000000,0.03974000,0.04025000,0.03763000,0.03883000,105687741.00000000
1770854400000,0.03884000,0.04086000,0.03884000,0.04008000,76906370.00000000
1770940800000,0.04008000,0.04204000,0.03947000,0.04192000,77589176.00000000
1771027200000,0.04192000,0.04422000,0.04165000,0.04295000,94406594.00000000
1771113600000,0.04295000,0.04342000,0.03953000,0.04004000,106167938.00000000
1771200000000,0.04004000,0.04194000,0.03978000,0.04176000,60981681.00000000
1771286400000,0.04176000,0.04197000,0.04000000,0.04067000,49634691.00000000
1771372800000,0.04068000,0.04106000,0.03901000,0.03954000,60770131.00000000
1771459200000,0.03955000,0.03979000,0.03741000,0.03855000,61090311.00000000
1771545600000,0.03856000,0.03894000,0.03496000,0.03555000,191732810.00000000
1771632000000,0.03557000,0.03678000,0.03539000,0.03587000,77504276.00000000
1771718400000,0.03585000,0.03585000,0.03359000,0.03485000,128008440.00000000
1771804800000,0.03485000,0.03520000,0.03270000,0.03390000,137029657.00000000
1771891200000,0.03389000,0.03459000,0.03320000,0.03331000,142554198.00000000
1771977600000,0.03332000,0.03609000,0.03311000,0.03536000,107426835.00000000
1772064000000,0.03536000,0.03548000,0.03095000,0.03205000,197823665.00000000
1772150400000,0.03206000,0.03439000,0.03197000,0.03379000,136006569.00000000
1772236800000,0.03378000,0.03509000,0.03115000,0.03466000,178494444.00000000
1772323200000,0.03466000,0.03490000,0.03256000,0.03322000,99584127.00000000
1772409600000,0.03322000,0.03546000,0.03303000,0.03450000,97241776.00000000
1772496000000,0.03451000,0.03720000,0.03438000,0.03658000,179494090.00000000
1772582400000,0.03657000,0.03827000,0.03561000,0.03751000,145431386.00000000
1772668800000,0.03752000,0.03900000,0.03695000,0.03711000,136045534.00000000
1772755200000,0.03711000,0.03782000,0.03542000,0.03640000,109857397.00000000
1772841600000,0.03641000,0.03652000,0.03367000,0.03451000,88527990.00000000
1772928000000,0.03450000,0.03746000,0.03379000,0.03620000,122118884.00000000
1773014400000,0.03621000,0.03951000,0.03620000,0.03855000,186095277.00000000
1773100800000,0.03856000,0.04114000,0.03813000,0.03826000,149226983.00000000
1773187200000,0.03825000,0.03904000,0.03766000,0.03848000,82474700.00000000
1773273600000,0.03849000,0.03856000,0.03685000,0.03728000,51475112.00000000
1773360000000,0.03728000,0.03871000,0.03722000,0.03802000,87577790.00000000
1773446400000,0.03801000,0.03859000,0.03731000,0.03832000,57973682.00000000
1773532800000,0.03830000,0.03843000,0.03751000,0.03778000,47887879.00000000
1773619200000,0.03777000,0.04037000,0.03773000,0.03988000,88326893.00000000
1773705600000,0.03989000,0.03997000,0.03848000,0.03883000,70587784.00000000
1773792000000,0.03883000,0.03914000,0.03556000,0.03636000,91811595.00000000
1773878400000,0.03637000,0.03667000,0.03492000,0.03596000,71764950.00000000
1773964800000,0.03597000,0.03636000,0.03547000,0.03603000,36782926.00000000
1774051200000,0.03604000,0.03664000,0.03478000,0.03503000,35401250.00000000
1774137600000,0.03502000,0.03568000,0.03415000,0.03471000,46427334.00000000
1774224000000,0.03474000,0.03602000,0.03402000,0.03587000,70545574.00000000
1774310400000,0.03587000,0.03634000,0.03544000,0.03596000,44930951.00000000
1774396800000,0.03597000,0.03641000,0.03561000,0.03600000,39860807.00000000
1774483200000,0.03601000,0.03622000,0.03458000,0.03527000,51936703.00000000
1774569600000,0.03528000,0.03639000,0.03427000,0.03563000,102814925.00000000
1774656000000,0.03564000,0.04198000,0.03534000,0.04027000,276683788.00000000
1774742400000,0.04028000,0.04125000,0.03860000,0.04014000,172297311.00000000
1774828800000,0.04015000,0.04490000,0.04012000,0.04269000,260692638.00000000
1774915200000,0.04268000,0.04417000,0.04154000,0.04230000,137653446.00000000
1775001600000,0.04230000,0.04284000,0.04090000,0.04117000,83872932.00000000
1775088000000,0.04117000,0.04180000,0.03820000,0.03890000,103859878.00000000
1775174400000,0.03891000,0.04042000,0.03852000,0.03958000,70472932.00000000
1775260800000,0.03955000,0.03960000,0.03861000,0.03909000,43863108.00000000
1775347200000,0.03908000,0.03949000,0.03777000,0.03885000,68208258.00000000
1775433600000,0.03887000,0.03980000,0.03721000,0.03746000,82444236.00000000
1775520000000,0.03745000,0.04000000,0.03704000,0.03957000,86132800.00000000
1775606400000,0.03958000,0.03968000,0.03755000,0.03769000,75734548.00000000
1775692800000,0.03769000,0.03947000,0.03732000,0.03896000,57026593.00000000
1775779200000,0.03894000,0.03985000,0.03880000,0.03958000,48212633.00000000
1775865600000,0.03959000,0.03996000,0.03904000,0.03932000,34532155.00000000
1775952000000,0.03934000,0.03957000,0.03561000,0.03569000,89979191.00000000
1776038400000,0.03570000,0.03736000,0.03551000,0.03714000,97840506.00000000
1776124800000,0.03713000,0.03755000,0.03621000,0.03640000,83891912.00000000
1776211200000,0.03640000,0.04407000,0.03637000,0.04206000,272413760.00000000
1776297600000,0.04207000,0.04446000,0.04179000,0.04290000,256376408.00000000
1776384000000,0.04289000,0.04300000,0.04011000,0.04144000,136828414.00000000
1776470400000,0.04142000,0.04260000,0.03997000,0.04045000,116644191.00000000
1776556800000,0.04046000,0.04214000,0.03982000,0.04047000,114877951.00000000
1776643200000,0.04048000,0.04839000,0.04045000,0.04648000,360837596.00000000
1776729600000,0.04649000,0.04914000,0.04534000,0.04761000,255237374.00000000
1776816000000,0.04761000,0.04906000,0.04587000,0.04714000,165139928.00000000
1776902400000,0.04715000,0.05045000,0.04596000,0.05030000,202640093.00000000
1776988800000,0.05027000,0.05199000,0.04750000,0.04819000,173519667.00000000
1777075200000,0.04819000,0.05033000,0.04774000,0.04966000,96318026.00000000
1777161600000,0.04965000,0.05162000,0.04887000,0.04968000,113642649.00000000
1777248000000,0.04968000,0.05136000,0.04791000,0.05015000,160220702.00000000
1777334400000,0.05014000,0.05065000,0.04486000,0.04549000,190491813.00000000
1777420800000,0.04550000,0.04773000,0.04114000,0.04245000,211410412.00000000
1777507200000,0.04245000,0.04275000,0.04002000,0.04129000,161827976.00000000
1777593600000,0.04128000,0.04249000,0.04101000,0.04165000,84192041.00000000
1777680000000,0.04166000,0.04194000,0.04103000,0.04153000,58230721.00000000
1777766400000,0.04154000,0.04157000,0.03911000,0.04029000,125332064.00000000
1777852800000,0.04027000,0.04137000,0.03870000,0.03984000,119892629.00000000
1777939200000,0.03984000,0.04296000,0.03958000,0.04134000,174611982.00000000
1778025600000,0.04133000,0.04364000,0.04132000,0.04307000,193674393.00000000
1778112000000,0.04308000,0.04436000,0.04200000,0.04409000,149424062.00000000
1778198400000,0.04410000,0.04689000,0.04336000,0.04518000,236270544.00000000
1778284800000,0.04517000,0.04731000,0.04430000,0.04485000,108851865.00000000
1778371200000,0.04486000,0.04649000,0.04406000,0.04557000,127147355.00000000
1778457600000,0.04555000,0.04568000,0.04267000,0.04334000,128389155.00000000
1778544000000,0.04332000,0.04468000,0.04171000,0.04445000,122482415.00000000
1778630400000,0.04445000,0.04581000,0.04200000,0.04318000,126697385.00000000
1778716800000,0.04317000,0.04438000,0.04214000,0.04437000,64978422.00000000
1778803200000,0.04438000,0.04613000,0.04258000,0.04558000,234817000.00000000
1778889600000,0.04556000,0.04906000,0.04304000,0.04771000,307883541.00000000
1778976000000,0.04770000,0.04965000,0.04504000,0.04650000,257537119.00000000
1779062400000,0.04649000,0.04964000,0.04553000,0.04858000,210629308.00000000
1779148800000,0.04858000,0.05023000,0.04673000,0.04748000,168465697.00000000
1779235200000,0.04748000,0.04805000,0.04433000,0.04476000,174306145.00000000
1779321600000,0.04476000,0.04591000,0.04220000,0.04398000,253439581.00000000
1779408000000,0.04397000,0.04398000,0.03982000,0.04024000,167738041.00000000
1779494400000,0.04025000,0.04102000,0.03630000,0.03776000,409472671.00000000
1779580800000,0.03776000,0.03879000,0.03519000,0.03637000,191245492.00000000
1779667200000,0.03638000,0.03760000,0.03599000,0.03680000,163152616.00000000
1779753600000,0.03680000,0.03689000,0.03468000,0.03611000,184143779.00000000
1779840000000,0.03611000,0.03749000,0.03495000,0.03651000,142629254.00000000
1779926400000,0.03651000,0.03720000,0.03344000,0.03473000,242221125.00000000
1780012800000,0.03474000,0.03489000,0.03240000,0.03313000,139804972.00000000
1780099200000,0.03314000,0.03496000,0.03264000,0.03287000,109451251.00000000
1780185600000,0.03288000,0.03417000,0.03247000,0.03391000,127453522.00000000
1780272000000,0.03391000,0.03735000,0.03290000,0.03650000,222924924.00000000
1780358400000,0.03651000,0.03745000,0.03213000,0.03283000,338532222.00000000
1780444800000,0.03283000,0.03507000,0.03223000,0.03346000,234698532.00000000
1780531200000,0.03345000,0.03398000,0.02627000,0.02689000,748048190.00000000
1780617600000,0.02688000,0.02689000,0.02316000,0.02473000,417613107.00000000
1780704000000,0.02473000,0.02542000,0.02296000,0.02511000,195666341.00000000
1780790400000,0.02511000,0.02601000,0.02431000,0.02517000,198018694.00000000
1780876800000,0.02516000,0.02770000,0.02416000,0.02648000,318171363.00000000
1780963200000,0.02648000,0.02933000,0.02523000,0.02891000,629241967.00000000
1781049600000,0.02891000,0.02937000,0.02585000,0.02665000,490091695.00000000
1781136000000,0.02663000,0.03075000,0.02623000,0.02822000,511322093.00000000
1781222400000,0.02823000,0.02827000,0.02541000,0.02596000,296459596.00000000
1781308800000,0.02595000,0.02632000,0.02513000,0.02572000,188659971.00000000
1781395200000,0.02571000,0.02653000,0.02458000,0.02574000,236942832.00000000
1781481600000,0.02574000,0.02637000,0.02495000,0.02524000,261020314.00000000
1781568000000,0.02525000,0.02527000,0.02358000,0.02439000,299461762.00000000
1781654400000,0.02439000,0.02518000,0.02355000,0.02414000,188524004.00000000
1781740800000,0.02412000,0.02454000,0.02325000,0.02357000,63268612.00000000
