openTime,open,high,low,close,volume
1593043200000,209.18000000,250.00000000,202.97000000,228.00000000,37101.70850000
1593129600000,227.54000000,269.00000000,226.11000000,261.73000000,26524.52040000
1593216000000,262.04000000,264.76000000,222.28000000,231.00000000,15940.11709000
1593302400000,231.10000000,253.00000000,226.15000000,245.45000000,10431.86668000
1593388800000,245.30000000,245.99000000,232.00000000,233.44000000,8236.60397000
1593475200000,233.54000000,240.45000000,213.00000000,216.66000000,16078.22456000
1593561600000,216.59000000,219.00000000,200.05000000,201.09000000,14551.42448000
1593648000000,200.56000000,204.77000000,172.98000000,180.01000000,29718.04212000
1593734400000,180.21000000,193.88000000,170.42000000,171.91000000,21353.24222000
1593820800000,171.62000000,193.00000000,163.43000000,180.42000000,25973.55181000
1593907200000,180.50000000,220.00000000,177.70000000,201.66000000,37187.92325000
1593993600000,200.85000000,204.23000000,188.50000000,194.83000000,26148.04907000
1594080000000,194.92000000,197.00000000,183.05000000,187.71000000,21819.06760000
1594166400000,187.71000000,188.90000000,180.77000000,184.57000000,24830.91003000
1594252800000,184.91000000,188.50000000,176.00000000,179.86000000,18763.35938000
1594339200000,180.13000000,180.94000000,172.15000000,175.05000000,13154.89590000
1594425600000,175.43000000,184.64000000,173.94000000,178.24000000,19248.08138000
1594512000000,177.95000000,186.21000000,167.00000000,176.07000000,17858.55898000
1594598400000,176.07000000,178.80000000,158.59000000,166.47000000,18207.40692000
1594684800000,166.27000000,167.50000000,160.01000000,164.19000000,18400.91505000
1594771200000,164.17000000,167.80000000,159.67000000,160.17000000,11736.60572000
1594857600000,160.40000000,163.99000000,152.23000000,154.79000000,18819.97966000
1594944000000,154.79000000,176.50000000,154.11000000,167.24000000,44563.02339000
1595030400000,167.04000000,168.00000000,161.00000000,163.64000000,22704.20545000
1595116800000,163.80000000,164.99000000,159.36000000,163.61000000,11709.43764000
1595203200000,163.60000000,174.04000000,154.00000000,157.87000000,46633.59127000
1595289600000,157.80000000,161.99000000,157.02000000,159.58000000,15133.94545000
1595376000000,159.79000000,159.95000000,153.16000000,157.73000000,24133.91106000
1595462400000,157.49000000,162.41000000,155.00000000,156.00000000,22840.39826000
1595548800000,156.25000000,158.00000000,154.56000000,155.33000000,12258.64240000
1595635200000,155.16000000,157.43000000,153.99000000,155.82000000,14492.32431000
1595721600000,155.82000000,164.00000000,153.55000000,157.45000000,32064.74420000
1595808000000,157.47000000,158.52000000,121.55000000,135.78000000,64309.47985000
1595894400000,135.74000000,140.67000000,129.30000000,136.69000000,28543.13028000
1595980800000,136.50000000,139.98000000,131.17000000,133.18000000,14990.37867000
1596067200000,133.20000000,135.89000000,131.06000000,133.00000000,13599.73858000
1596153600000,133.04000000,141.00000000,128.91000000,134.63000000,31288.09389000
1596240000000,134.60000000,143.97000000,134.00000000,137.89000000,35554.32505000
1596326400000,137.89000000,139.05000000,110.00000000,127.39000000,37242.04762000
1596412800000,127.48000000,133.00000000,124.69000000,127.20000000,15817.55962000
1596499200000,126.99000000,133.60000000,126.62000000,131.91000000,18123.99709000
1596585600000,132.19000000,141.50000000,128.97000000,134.85000000,36588.96519000
1596672000000,134.72000000,142.50000000,132.27000000,136.86000000,30213.66065000
1596758400000,136.70000000,156.34000000,136.25000000,154.46000000,72474.24744000
1596844800000,154.68000000,160.66000000,147.60000000,152.86000000,48290.83884000
1596931200000,152.64000000,175.00000000,148.00000000,170.89000000,60988.44859000
1597017600000,170.91000000,188.00000000,165.00000000,176.62000000,61794.13670000
1597104000000,176.58000000,198.55000000,153.26000000,195.80000000,94712.82577000
1597190400000,196.00000000,267.50000000,190.55000000,218.38000000,290189.12760000
1597276800000,218.38000000,234.76000000,185.00000000,205.33000000,223478.28529000
1597363200000,205.02000000,217.00000000,192.39000000,196.06000000,99246.53034000
1597449600000,196.32000000,213.00000000,186.58000000,196.35000000,80423.05705000
1597536000000,196.36000000,207.40000000,191.23000000,201.08000000,52742.67709000
1597622400000,201.40000000,202.54000000,182.93000000,184.21000000,61169.19873000
1597708800000,184.76000000,190.66000000,172.00000000,187.50000000,69688.74337000
1597795200000,187.42000000,211.60000000,175.57000000,182.83000000,123241.00949000
1597881600000,182.71000000,187.75000000,176.36000000,179.75000000,45671.27364000
1597968000000,179.96000000,190.00000000,162.84000000,169.52000000,81779.88332000
1598054400000,169.52000000,175.21000000,160.34000000,173.88000000,38431.16018000
1598140800000,174.15000000,175.94000000,164.29000000,169.18000000,30302.01972000
1598227200000,169.29000000,188.09000000,166.35000000,180.91000000,46407.39425000
1598313600000,180.87000000,188.00000000,161.00000000,165.57000000,43379.48868000
1598400000000,165.29000000,185.95000000,162.05000000,179.42000000,46741.20754000
1598486400000,179.56000000,180.00000000,164.50000000,171.48000000,32280.78595000
1598572800000,171.47000000,204.07000000,169.44000000,189.00000000,71556.68891000
1598659200000,188.99000000,200.00000000,184.85000000,193.19000000,36746.00154000
1598745600000,193.14000000,224.66000000,191.91000000,216.72000000,62320.11286000
1598832000000,216.60000000,250.41000000,208.46000000,243.14000000,72559.20874000
1598918400000,242.81000000,272.61000000,236.00000000,256.89000000,105435.89231000
1599004800000,256.91000000,258.13000000,203.28000000,226.77000000,75984.90564000
1599091200000,227.13000000,244.49000000,181.38000000,187.13000000,113023.76169000
1599177600000,186.83000000,201.84000000,178.50000000,187.23000000,80225.59607000
1599264000000,186.91000000,198.00000000,145.73000000,157.89000000,77893.04732000
1599350400000,157.89000000,178.39000000,145.20000000,170.85000000,51234.70938000
1599436800000,170.85000000,180.10000000,153.72000000,179.40000000,54108.93817000
1599523200000,179.39000000,184.74000000,167.22000000,173.29000000,28783.42692000
1599609600000,173.69000000,184.84000000,167.25000000,177.79000000,40335.02523000
1599696000000,177.74000000,186.82000000,170.18000000,171.45000000,36790.93874000
1599782400000,171.60000000,177.81000000,160.94000000,173.15000000,36230.28549000
1599868800000,173.15000000,181.10000000,169.37000000,180.26000000,19227.56057000
1599955200000,180.27000000,184.95000000,161.13000000,165.09000000,36470.23165000
1600041600000,165.01000000,170.74000000,159.00000000,166.06000000,24261.16595000
1600128000000,165.99000000,169.78000000,152.25000000,154.80000000,17342.97837000
1600214400000,154.57000000,155.00000000,147.19000000,153.38000000,20027.43609000
1600300800000,153.36000000,161.09000000,146.00000000,158.11000000,52792.40817000
1600387200000,158.11000000,167.90000000,150.72000000,154.16000000,38949.38105000
1600473600000,154.11000000,156.33000000,150.89000000,151.97000000,16119.42837000
1600560000000,152.13000000,152.92000000,140.33000000,144.62000000,16199.97088000
1600646400000,144.55000000,146.00000000,124.51000000,128.31000000,25576.45440000
1600732800000,128.73000000,146.28000000,127.00000000,143.89000000,43318.84880000
1600819200000,143.90000000,147.08000000,124.15000000,127.24000000,45869.16351000
1600905600000,127.48000000,141.26000000,125.91000000,138.68000000,29768.25550000
1600992000000,138.79000000,143.90000000,133.04000000,139.07000000,26483.40650000
1601078400000,139.31000000,147.57000000,136.78000000,144.16000000,18153.83318000
1601164800000,144.15000000,147.76000000,135.46000000,139.08000000,11274.23585000
1601251200000,139.29000000,141.53000000,130.21000000,131.55000000,29280.00376000
1601337600000,131.42000000,134.66000000,127.61000000,132.99000000,13394.67482000
1601424000000,132.80000000,136.65000000,130.03000000,133.43000000,27923.28681000
1601510400000,133.80000000,140.11000000,125.01000000,129.20000000,27342.85351000
1601596800000,129.15000000,130.85000000,116.57000000,120.36000000,32308.55170000
1601683200000,120.37000000,125.55000000,119.88000000,121.18000000,11168.43208000
1601769600000,121.30000000,122.89000000,117.00000000,119.46000000,16512.02910000
1601856000000,119.39000000,125.00000000,117.36000000,122.04000000,28463.14631000
1601942400000,122.17000000,123.08000000,101.16000000,105.76000000,68185.27544000
1602028800000,105.79000000,111.94000000,101.32000000,110.47000000,64110.99894000
1602115200000,110.52000000,114.00000000,102.13000000,108.10000000,65774.84303000
1602201600000,108.33000000,117.85000000,103.43000000,115.32000000,65442.36142000
1602288000000,115.27000000,123.40000000,112.65000000,114.13000000,45406.57379000
1602374400000,113.89000000,117.00000000,111.21000000,115.55000000,20773.57632000
1602460800000,115.79000000,120.86000000,112.16000000,116.77000000,33503.72167000
1602547200000,116.77000000,119.50000000,111.72000000,114.03000000,28349.77088000
1602633600000,113.89000000,115.78000000,105.39000000,107.22000000,35076.55239000
1602720000000,107.19000000,109.82000000,104.68000000,107.02000000,24147.55339000
1602806400000,106.90000000,107.01000000,99.35000000,103.41000000,26404.83007000
1602892800000,103.54000000,105.97000000,101.53000000,103.09000000,11187.59609000
1602979200000,103.09000000,107.92000000,102.49000000,104.89000000,22010.47597000
1603065600000,104.74000000,105.73000000,101.37000000,102.78000000,18955.68673000
1603152000000,102.80000000,102.89000000,92.72000000,94.85000000,26342.79378000
1603238400000,94.95000000,100.00000000,92.74000000,95.35000000,26192.29677000
1603324800000,95.39000000,103.03000000,95.39000000,102.43000000,22793.62849000
1603411200000,102.30000000,106.52000000,99.37000000,103.00000000,24589.52512000
1603497600000,102.93000000,107.82000000,101.00000000,105.23000000,14690.56871000
1603584000000,105.20000000,105.48000000,101.17000000,101.20000000,17026.00018000
1603670400000,101.20000000,104.53000000,97.76000000,100.00000000,24445.46580000
1603756800000,100.00000000,113.71000000,99.59000000,109.02000000,56767.12758000
1603843200000,109.02000000,120.89000000,104.48000000,107.82000000,68340.91766000
1603929600000,107.76000000,111.91000000,93.96000000,96.97000000,53225.31978000
1604016000000,96.86000000,99.27000000,88.29000000,92.05000000,37133.24631000
1604102400000,92.00000000,94.97000000,89.02000000,90.83000000,29475.11701000
1604188800000,90.76000000,96.32000000,89.35000000,93.84000000,19377.81823000
1604275200000,93.97000000,99.18000000,90.16000000,91.44000000,16978.70451000
1604361600000,91.08000000,91.08000000,80.62000000,87.47000000,45003.41011000
1604448000000,87.58000000,89.08000000,81.38000000,88.71000000,18488.55265000
1604534400000,88.94000000,93.69000000,83.21000000,90.91000000,32669.31704000
1604620800000,90.90000000,99.81000000,88.56000000,95.86000000,59075.57242000
1604707200000,95.84000000,111.80000000,89.50000000,92.41000000,74455.88431000
1604793600000,92.41000000,101.00000000,91.22000000,97.13000000,26298.91251000
1604880000000,97.07000000,100.29000000,93.07000000,94.78000000,27983.60488000
1604966400000,94.97000000,105.47000000,94.00000000,102.57000000,31453.64615000
1605052800000,102.65000000,114.63000000,98.70000000,103.18000000,62668.66485000
1605139200000,103.20000000,108.77000000,99.25000000,104.35000000,34780.79449000
1605225600000,104.32000000,118.00000000,103.09000000,116.42000000,63690.02794000
1605312000000,116.55000000,124.41000000,107.21000000,121.60000000,83087.57549000
1605398400000,121.62000000,130.40000000,113.55000000,120.20000000,69466.76039000
1605484800000,119.86000000,124.88000000,114.41000000,120.07000000,34749.79407000
1605571200000,120.27000000,127.54000000,118.16000000,122.66000000,36049.19962000
1605657600000,122.67000000,126.00000000,107.01000000,114.13000000,61270.77664000
1605744000000,114.35000000,118.50000000,108.64000000,113.32000000,39781.08815000
1605830400000,113.38000000,124.00000000,113.21000000,116.23000000,42126.60829000
1605916800000,116.09000000,128.40000000,112.66000000,127.38000000,63402.53187000
1606003200000,127.38000000,129.00000000,112.48000000,116.88000000,51267.49485000
1606089600000,116.95000000,129.45000000,115.60000000,125.60000000,58579.51240000
1606176000000,125.71000000,133.45000000,121.25000000,127.82000000,67820.56946000
1606262400000,127.85000000,139.78000000,120.00000000,122.73000000,74500.45928000
1606348800000,122.63000000,125.75000000,98.50000000,106.91000000,83680.61210000
1606435200000,106.93000000,109.97000000,100.00000000,104.49000000,34071.43222000
1606521600000,104.60000000,109.66000000,102.09000000,108.10000000,28694.42413000
1606608000000,108.10000000,111.50000000,105.75000000,110.49000000,18219.68314000
1606694400000,110.62000000,114.94000000,109.27000000,111.96000000,27513.05925000
1606780800000,112.16000000,117.85000000,100.32000000,105.00000000,48776.09481000
1606867200000,104.99000000,114.95000000,104.11000000,113.88000000,44948.09302000
1606953600000,113.63000000,137.92000000,112.61000000,131.66000000,141665.31080000
1607040000000,131.66000000,147.76000000,124.49000000,127.24000000,161816.92092000
1607126400000,127.10000000,145.21000000,125.00000000,143.55000000,77431.75979000
1607212800000,143.60000000,144.25000000,132.71000000,137.01000000,43789.07498000
1607299200000,137.16000000,151.05000000,135.00000000,149.84000000,46571.64934000
1607385600000,149.84000000,179.48000000,148.00000000,155.60000000,264911.73332000
1607472000000,155.60000000,171.62000000,145.46000000,164.81000000,146606.74641000
1607558400000,164.81000000,166.15000000,148.29000000,149.32000000,73812.92585000
1607644800000,149.40000000,153.22000000,137.50000000,142.65000000,83059.73824000
1607731200000,142.58000000,153.80000000,140.00000000,144.66000000,64029.56969000
1607817600000,144.63000000,153.33000000,140.15000000,147.36000000,33152.85063000
1607904000000,147.12000000,159.94000000,143.54000000,153.13000000,48845.54405000
1607990400000,153.09000000,154.16000000,146.31000000,150.01000000,41748.37466000
1608076800000,150.01000000,157.50000000,144.12000000,155.52000000,45227.18205000
1608163200000,155.51000000,178.99000000,150.88000000,177.23000000,89938.09370000
1608249600000,177.39000000,177.94000000,150.17000000,160.34000000,102143.77970000
1608336000000,160.41000000,165.15000000,154.51000000,155.62000000,35163.17981000
1608422400000,155.76000000,163.17000000,151.28000000,153.67000000,41874.76589000
1608508800000,153.53000000,155.57000000,139.29000000,141.66000000,31208.43487000
1608595200000,141.81000000,148.91000000,135.70000000,145.20000000,31589.28459000
1608681600000,145.36000000,148.88000000,122.00000000,129.59000000,39325.21382000
1608768000000,129.67000000,137.76000000,125.66000000,136.75000000,26312.99992000
1608854400000,136.75000000,143.71000000,133.96000000,137.69000000,16585.75698000
1608940800000,137.54000000,138.66000000,127.85000000,130.00000000,26997.64055000
1609027200000,129.93000000,140.42000000,128.00000000,131.15000000,40483.34438000
1609113600000,131.46000000,143.72000000,129.84000000,143.70000000,28266.88243000
1609200000000,143.57000000,146.39000000,130.10000000,139.36000000,58108.11858000
1609286400000,139.55000000,159.00000000,138.14000000,156.81000000,59178.46352000
1609372800000,156.84000000,157.13000000,142.03000000,149.02000000,54771.38886000
1609459200000,149.03000000,155.00000000,139.70000000,145.54000000,76859.21463000
1609545600000,145.56000000,147.67000000,134.48000000,136.71000000,31185.10701000
1609632000000,136.60000000,151.69000000,135.58000000,146.90000000,41745.14054000
1609718400000,146.92000000,161.92000000,137.00000000,151.24000000,66438.03751000
1609804800000,151.25000000,166.31000000,146.52000000,161.48000000,52769.13739000
1609891200000,161.44000000,187.00000000,159.43000000,183.98000000,58194.95924000
1609977600000,184.27000000,191.94000000,165.38000000,172.45000000,87963.61578000
1610064000000,172.58000000,181.55000000,153.12000000,165.75000000,65428.13638000
1610150400000,165.66000000,186.29000000,161.17000000,179.95000000,37925.08683000
1610236800000,180.01000000,208.97000000,169.56000000,194.39000000,90899.09087000
1610323200000,194.55000000,196.85000000,147.51000000,168.59000000,91441.98088000
1610409600000,168.58000000,201.86000000,162.01000000,183.80000000,69903.01437000
1610496000000,183.78000000,219.07000000,174.50000000,211.04000000,71119.97016000
1610582400000,210.97000000,225.00000000,201.81000000,214.50000000,61416.83631000
1610668800000,214.68000000,218.00000000,187.05000000,202.56000000,58475.33848000
1610755200000,203.09000000,219.95000000,200.32000000,207.00000000,42651.83714000
1610841600000,207.00000000,229.00000000,200.17000000,216.96000000,52158.11646000
1610928000000,217.14000000,238.99000000,207.14000000,225.91000000,47319.21806000
1611014400000,226.21000000,234.90000000,210.18000000,211.22000000,40276.26352000
1611100800000,211.41000000,218.35000000,198.28000000,212.39000000,36760.44324000
1611187200000,212.77000000,213.71000000,174.53000000,176.64000000,52521.46992000
1611273600000,176.33000000,209.09000000,165.47000000,199.71000000,42071.87662000
1611360000000,199.49000000,213.55000000,196.74000000,206.98000000,21875.59262000
1611446400000,206.97000000,253.04000000,205.11000000,250.06000000,59373.87296000
1611532800000,250.38000000,258.82000000,206.15000000,212.81000000,63642.86608000
1611619200000,212.75000000,241.99000000,205.16000000,237.90000000,54031.36972000
1611705600000,237.91000000,239.84000000,209.66000000,219.12000000,39485.87126000
1611792000000,218.83000000,268.00000000,213.81000000,252.03000000,53314.67291000
1611878400000,251.52000000,304.00000000,236.56000000,295.88000000,68848.78740000
1611964800000,295.17000000,340.00000000,278.98000000,338.20000000,114437.65004000
1612051200000,338.36000000,349.00000000,304.84000000,347.19000000,63201.68979000
1612137600000,347.46000000,377.00000000,330.85000000,362.25000000,80108.39207000
1612224000000,361.97000000,365.97000000,336.09000000,356.18000000,37465.60475000
1612310400000,356.22000000,390.12000000,342.82000000,389.67000000,41153.96456000
1612396800000,389.67000000,498.00000000,379.79000000,455.19000000,134162.84494000
1612483200000,455.04000000,553.99000000,454.00000000,531.46000000,91255.72810000
1612569600000,531.91000000,550.00000000,440.00000000,465.00000000,80702.24162000
1612656000000,464.82000000,479.00000000,392.67000000,457.41000000,58784.92251000
1612742400000,457.41000000,497.00000000,441.83000000,454.98000000,55511.51045000
1612828800000,455.00000000,490.33000000,436.01000000,489.00000000,80150.41483000
1612915200000,489.59000000,528.41000000,437.49000000,473.12000000,82313.28981000
1613001600000,473.12000000,525.34000000,455.29000000,501.91000000,71753.59159000
1613088000000,501.69000000,573.00000000,479.22000000,536.53000000,107099.71371000
1613174400000,536.55000000,558.00000000,497.16000000,511.00000000,50504.52103000
1613260800000,511.76000000,528.76000000,459.72000000,471.27000000,42041.19439000
1613347200000,471.31000000,508.39000000,399.79000000,460.75000000,64270.83768000
1613433600000,460.47000000,506.00000000,435.50000000,457.31000000,45272.26745000
1613520000000,457.49000000,475.00000000,412.60000000,474.18000000,59320.72130000
1613606400000,473.91000000,480.97000000,450.68000000,456.63000000,28229.13975000
1613692800000,456.69000000,482.00000000,435.59000000,451.15000000,42449.18932000
1613779200000,451.15000000,506.26000000,427.22000000,452.82000000,82081.30748000
1613865600000,452.84000000,469.77000000,442.32000000,453.06000000,29148.89209000
1613952000000,453.51000000,470.70000000,367.80000000,423.19000000,88778.93379000
1614038400000,424.01000000,431.66000000,322.15000000,383.79000000,92848.60848000
1614124800000,383.47000000,461.06000000,368.29000000,437.24000000,71510.51421000
1614211200000,437.65000000,459.00000000,392.00000000,396.48000000,48027.07874000
1614297600000,397.33000000,422.76000000,361.72000000,398.09000000,115247.58319000
1614384000000,397.83000000,432.66000000,389.23000000,399.49000000,39502.42454000
1614470400000,399.62000000,409.87000000,348.91000000,405.12000000,59932.88088000
1614556800000,404.86000000,499.00000000,404.83000000,493.56000000,80162.82114000
1614643200000,493.78000000,536.20000000,478.12000000,499.42000000,91522.59095000
1614729600000,499.92000000,518.69000000,490.00000000,491.15000000,27572.27275000
1614816000000,491.98000000,503.93000000,455.87000000,470.34000000,23933.94141000
1614902400000,470.34000000,484.54000000,444.51000000,475.41000000,24231.96511000
1614988800000,475.07000000,513.94000000,468.08000000,491.37000000,33534.11379000
1615075200000,492.24000000,495.30000000,469.40000000,490.35000000,17317.85425000
1615161600000,490.77000000,491.52000000,462.00000000,476.46000000,23112.43899000
1615248000000,477.28000000,503.91000000,470.29000000,502.28000000,29985.10008000
1615334400000,501.40000000,505.52000000,450.00000000,460.43000000,31652.86795000
1615420800000,461.05000000,477.71000000,450.00000000,465.84000000,28099.92597000
1615507200000,466.06000000,468.19000000,426.00000000,434.20000000,27660.27733000
1615593600000,434.28000000,469.47000000,413.15000000,465.63000000,34919.08697000
1615680000000,465.70000000,470.64000000,435.50000000,438.13000000,17821.35254000
1615766400000,437.89000000,451.82000000,419.78000000,431.41000000,21668.71500000
1615852800000,431.99000000,442.57000000,416.35000000,431.79000000,16901.29073000
1615939200000,432.24000000,440.06000000,419.09000000,435.99000000,20484.02858000
1616025600000,435.99000000,451.79000000,429.00000000,429.26000000,17793.55234000
1616112000000,429.31000000,446.22000000,420.56000000,443.23000000,17058.03367000
1616198400000,443.45000000,447.18000000,405.57000000,412.09000000,29022.82058000
1616284800000,411.83000000,428.47000000,400.00000000,403.30000000,35786.26473000
1616371200000,403.43000000,424.24000000,372.40000000,378.69000000,57108.71019000
1616457600000,378.67000000,394.64000000,359.27000000,359.30000000,37117.33504000
1616544000000,359.27000000,387.20000000,333.45000000,345.35000000,31702.84159000
1616630400000,345.05000000,369.23000000,330.00000000,361.01000000,36870.69776000
1616716800000,361.04000000,378.41000000,360.51000000,369.06000000,24371.05779000
1616803200000,369.21000000,373.38000000,350.88000000,363.23000000,27109.87144000
1616889600000,363.36000000,372.61000000,355.00000000,362.24000000,18652.77749000
1616976000000,362.23000000,410.00000000,357.54000000,409.91000000,35538.45975000
1617062400000,409.92000000,422.00000000,398.50000000,402.37000000,30660.98417000
1617148800000,402.27000000,404.94000000,382.00000000,399.12000000,22579.12427000
1617235200000,399.44000000,464.04000000,399.44000000,449.75000000,89859.19173000
1617321600000,449.99000000,492.31000000,445.81000000,486.08000000,35667.89021000
1617408000000,486.04000000,500.50000000,465.00000000,479.48000000,42349.03366000
1617494400000,479.11000000,562.85000000,469.23000000,548.13000000,90330.64487000
1617580800000,548.44000000,556.00000000,501.94000000,512.94000000,53129.90631000
1617667200000,512.97000000,526.90000000,475.74000000,482.05000000,39910.22543000
1617753600000,482.03000000,495.30000000,434.66000000,442.13000000,60402.05970000
1617840000000,441.74000000,477.88000000,437.67000000,455.79000000,43399.05090000
1617926400000,456.11000000,467.89000000,447.07000000,454.02000000,37351.85152000
1618012800000,454.16000000,461.69000000,435.00000000,451.08000000,44053.11658000
1618099200000,451.52000000,461.74000000,438.53000000,458.84000000,35846.43980000
1618185600000,458.89000000,470.94000000,435.00000000,463.72000000,44266.23970000
1618272000000,463.72000000,486.49000000,444.00000000,484.39000000,51622.95899000
1618358400000,484.39000000,496.86000000,450.00000000,485.94000000,52935.87055000
1618444800000,486.06000000,593.89000000,484.63000000,562.06000000,117015.98554000
1618531200000,562.06000000,619.00000000,540.59000000,563.88000000,137267.90130000
1618617600000,564.06000000,594.43000000,532.84000000,535.49000000,49748.50416000
1618704000000,535.70000000,539.04000000,411.37000000,487.73000000,97235.39475000
1618790400000,487.71000000,516.28000000,432.45000000,477.99000000,76059.13153000
1618876800000,478.07000000,498.88000000,423.39000000,484.70000000,86137.58400000
1618963200000,485.04000000,508.12000000,444.94000000,492.49000000,48358.06820000
1619049600000,493.02000000,597.00000000,488.25000000,528.49000000,176385.58306000
1619136000000,528.48000000,647.33000000,437.97000000,622.65000000,254989.52640000
1619222400000,622.65000000,665.69000000,543.02000000,568.92000000,184325.31756000
1619308800000,568.90000000,593.72000000,522.00000000,553.46000000,73518.81204000
1619395200000,553.95000000,671.52000000,550.00000000,642.41000000,97058.37927000
1619481600000,642.13000000,689.24000000,635.34000000,658.60000000,75362.88837000
1619568000000,658.60000000,681.00000000,607.00000000,647.79000000,65394.90272000
1619654400000,647.29000000,684.52000000,628.99000000,643.16000000,47283.98292000
1619740800000,643.19000000,743.44000000,636.72000000,741.65000000,78058.21366000
1619827200000,741.66000000,831.60000000,723.19000000,803.13000000,91464.70072000
1619913600000,803.28000000,879.00000000,785.27000000,804.74000000,99891.80015000
1620000000000,805.03000000,840.61000000,783.80000000,832.19000000,92538.72878000
1620086400000,831.59000000,850.00000000,726.10000000,740.94000000,80951.22974000
1620172800000,740.93000000,789.93000000,724.85000000,787.22000000,45903.54819000
1620259200000,787.22000000,809.44000000,722.86000000,740.76000000,50172.64148000
1620345600000,740.41000000,745.19000000,692.98000000,714.50000000,42563.35089000
1620432000000,714.63000000,800.12000000,701.68000000,782.93000000,60457.09523000
1620518400000,782.97000000,785.34000000,733.14000000,770.70000000,36789.22805000
1620604800000,771.30000000,812.81000000,706.83000000,780.59000000,65566.06168000
1620691200000,781.31000000,871.87000000,770.85000000,854.27000000,110841.61717000
1620777600000,854.26000000,911.00000000,700.00000000,736.83000000,112260.89542000
1620864000000,734.96000000,810.48000000,693.00000000,767.48000000,110705.66109000
1620950400000,767.04000000,821.74000000,746.13000000,774.77000000,60591.83461000
1621036800000,775.00000000,783.74000000,685.72000000,689.90000000,45162.43634000
1621123200000,690.12000000,736.75000000,630.17000000,684.05000000,55251.42378000
1621209600000,684.60000000,709.91000000,610.88000000,695.53000000,64046.28239000
1621296000000,696.11000000,726.37000000,648.03000000,665.43000000,66224.26464000
1621382400000,665.75000000,673.39000000,355.00000000,472.47000000,171114.88896000
1621468800000,471.20000000,571.41000000,413.17000000,547.65000000,96264.63575000
1621555200000,547.92000000,583.69000000,377.77000000,448.24000000,109020.65626000
1621641600000,448.77000000,455.01000000,370.34000000,384.44000000,88760.37741000
1621728000000,384.56000000,401.41000000,267.55000000,339.79000000,127080.70795000
1621814400000,340.34000000,435.44000000,328.44000000,427.02000000,78263.46018000
1621900800000,427.02000000,440.89000000,367.81000000,427.06000000,88926.56932000
1621987200000,426.66000000,464.76000000,413.30000000,464.00000000,58016.08353000
1622073600000,463.55000000,464.00000000,403.07000000,423.14000000,46570.47553000
1622160000000,423.43000000,426.72000000,356.00000000,377.59000000,49037.00943000
1622246400000,377.06000000,405.27000000,333.54000000,354.02000000,41800.60739000
1622332800000,354.01000000,424.36000000,333.33000000,406.25000000,41078.64376000
1622419200000,405.51000000,437.47000000,381.57000000,435.51000000,42615.31216000
1622505600000,435.65000000,439.83000000,406.73000000,426.79000000,34263.69216000
1622592000000,427.23000000,459.64000000,412.78000000,434.95000000,32305.99808000
1622678400000,434.06000000,453.78000000,425.45000000,449.62000000,33579.27622000
1622764800000,449.26000000,449.67000000,383.46000000,401.70000000,44728.14774000
1622851200000,401.08000000,418.00000000,376.80000000,387.34000000,28014.70153000
1622937600000,387.20000000,395.18000000,377.23000000,388.28000000,20133.04858000
1623024000000,388.30000000,412.38000000,341.00000000,343.20000000,37864.11676000
1623110400000,343.00000000,352.09000000,308.00000000,350.34000000,50367.34227000
1623196800000,350.34000000,380.00000000,328.77000000,363.88000000,54204.13574000
1623283200000,363.88000000,365.48000000,320.56000000,327.82000000,46351.46183000
1623369600000,327.88000000,331.17000000,292.02000000,295.06000000,29755.65909000
1623456000000,294.97000000,306.36000000,278.66000000,295.83000000,40801.82530000
1623542400000,296.17000000,330.60000000,284.60000000,324.15000000,31574.20351000
1623628800000,324.22000000,343.18000000,317.39000000,336.49000000,39367.04161000
1623715200000,336.84000000,349.00000000,321.43000000,325.71000000,36166.61352000
1623801600000,325.26000000,325.26000000,300.93000000,305.87000000,31171.97042000
1623888000000,305.58000000,323.96000000,296.72000000,306.59000000,22621.63898000
1623974400000,306.76000000,308.91000000,265.02000000,278.92000000,36375.87406000
1624060800000,278.78000000,287.32000000,271.20000000,272.79000000,16835.76207000
1624147200000,272.71000000,300.00000000,259.57000000,293.66000000,38030.91887000
1624233600000,293.66000000,295.93000000,220.60000000,222.11000000,61032.72130000
1624320000000,221.91000000,247.85000000,196.46000000,235.05000000,92715.09172000
1624406400000,235.05000000,270.94000000,224.52000000,241.97000000,80852.02679000
1624492800000,242.14000000,260.41000000,227.17000000,256.49000000,57910.63980000
1624579200000,256.63000000,260.89000000,221.17000000,222.07000000,46947.49811000
1624665600000,222.06000000,229.40000000,211.34000000,225.47000000,50316.03626000
1624752000000,225.35000000,257.79000000,223.35000000,257.39000000,57464.63612000
1624838400000,257.40000000,319.32000000,248.79000000,311.92000000,213656.49067000
1624924800000,312.17000000,330.00000000,307.37000000,310.87000000,115906.48631000
1625011200000,311.03000000,338.51000000,285.00000000,338.19000000,95691.94128000
1625097600000,338.19000000,356.96000000,319.42000000,332.00000000,152766.62672000
1625184000000,331.95000000,369.04000000,307.00000000,368.50000000,137314.07381000
1625270400000,368.17000000,386.91000000,362.41000000,380.61000000,128546.08082000
1625356800000,380.87000000,464.72000000,368.43000000,443.98000000,178068.46446000
1625443200000,443.72000000,520.25000000,412.99000000,492.32000000,320467.18234000
1625529600000,492.43000000,530.98000000,462.51000000,481.55000000,239428.82404000
1625616000000,481.23000000,493.00000000,434.41000000,441.47000000,150139.66490000
1625702400000,441.51000000,445.74000000,408.43000000,414.83000000,138677.91063000
1625788800000,414.67000000,441.27000000,386.70000000,434.18000000,120471.55939000
1625875200000,434.18000000,448.96000000,408.80000000,423.35000000,94436.33699000
1625961600000,423.10000000,457.82000000,414.29000000,436.65000000,78271.46920000
1626048000000,436.62000000,444.52000000,401.91000000,412.34000000,62710.33572000
1626134400000,412.10000000,418.00000000,381.11000000,387.31000000,55500.80762000
1626220800000,387.64000000,424.66000000,358.51000000,410.51000000,95737.89989000
1626307200000,410.11000000,431.52000000,392.65000000,398.79000000,142539.43665000
1626393600000,398.90000000,409.90000000,366.67000000,368.09000000,60864.32328000
1626480000000,368.09000000,388.99000000,365.20000000,379.10000000,44446.40647000
1626566400000,378.90000000,398.95000000,371.32000000,379.37000000,46954.16365000
1626652800000,379.41000000,379.93000000,334.60000000,340.04000000,86188.68199000
1626739200000,340.50000000,360.90000000,310.00000000,349.56000000,87857.92379000
1626825600000,349.91000000,399.00000000,338.74000000,376.89000000,99118.49419000
1626912000000,376.94000000,415.25000000,368.49000000,414.20000000,108526.74771000
1626998400000,414.05000000,427.00000000,385.78000000,417.56000000,79120.75072000
1627084800000,417.89000000,428.50000000,401.68000000,409.31000000,68781.17949000
1627171200000,409.52000000,412.84000000,370.00000000,391.35000000,79782.87504000
1627257600000,391.12000000,438.32000000,385.00000000,392.09000000,131489.86113000
1627344000000,391.83000000,408.20000000,375.70000000,392.64000000,85641.46349000
1627430400000,392.52000000,400.00000000,380.71000000,388.49000000,49480.94263000
1627516800000,388.33000000,401.96000000,378.39000000,396.49000000,46481.04033000
1627603200000,396.69000000,412.28000000,381.89000000,403.98000000,58135.96215000
1627689600000,404.31000000,409.88000000,391.79000000,405.81000000,37445.09167000
1627776000000,405.74000000,425.00000000,392.23000000,409.03000000,56147.16535000
1627862400000,409.07000000,426.86000000,393.08000000,407.26000000,66287.94734000
1627948800000,407.40000000,408.80000000,385.23000000,396.65000000,44399.99201000
1628035200000,396.65000000,472.80000000,391.15000000,464.42000000,103324.86482000
1628121600000,464.50000000,496.00000000,436.69000000,475.65000000,132477.67539000
1628208000000,475.63000000,485.00000000,449.93000000,466.65000000,57077.61713000
1628294400000,466.75000000,508.00000000,460.92000000,507.89000000,84382.94631000
1628380800000,507.49000000,512.71000000,456.67000000,467.09000000,40215.71946000
1628467200000,466.99000000,489.32000000,444.42000000,466.99000000,43879.87012000
1628553600000,466.89000000,485.10000000,459.31000000,472.58000000,41716.79697000
1628640000000,472.92000000,497.89000000,464.23000000,467.70000000,68324.80516000
1628726400000,467.65000000,482.43000000,440.18000000,454.01000000,66004.45672000
1628812800000,453.84000000,484.54000000,450.03000000,483.69000000,41333.74898000
1628899200000,483.76000000,485.79000000,454.71000000,477.00000000,56748.33065000
1628985600000,476.97000000,491.72000000,446.71000000,488.95000000,72658.43211000
1629072000000,488.77000000,529.53000000,467.77000000,469.34000000,125225.24789000
1629158400000,469.38000000,517.15000000,441.15000000,447.33000000,110263.79156000
1629244800000,447.13000000,459.68000000,420.00000000,435.51000000,86146.62570000
1629331200000,435.73000000,458.19000000,419.29000000,457.94000000,56039.24687000
1629417600000,458.17000000,507.99000000,451.96000000,479.90000000,74405.83930000
1629504000000,479.94000000,483.93000000,455.63000000,462.40000000,69308.16356000
1629590400000,462.40000000,482.74000000,446.26000000,459.89000000,60658.79184000
1629676800000,459.71000000,484.99000000,455.71000000,465.38000000,115548.75334000
1629763200000,465.41000000,470.29000000,412.01000000,423.00000000,85743.28705000
1629849600000,422.76000000,438.36000000,411.01000000,435.49000000,43036.83218000
1629936000000,435.25000000,439.23000000,400.10000000,405.00000000,37187.93990000
1630022400000,405.20000000,425.50000000,389.70000000,421.20000000,47687.15844000
1630108800000,421.20000000,426.20000000,410.20000000,413.70000000,28514.35294000
1630195200000,414.00000000,427.30000000,399.20000000,418.50000000,39733.76300000
1630281600000,418.90000000,453.38000000,405.40000000,419.80000000,93446.19851000
1630368000000,420.20000000,448.00000000,411.10000000,442.20000000,94377.51300000
1630454400000,441.90000000,485.00000000,433.90000000,478.00000000,86922.81511000
1630540800000,478.00000000,483.00000000,456.50000000,462.00000000,65950.12200000
1630627200000,462.20000000,480.70000000,455.00000000,466.90000000,58445.69700000
1630713600000,466.80000000,483.00000000,462.00000000,471.30000000,43979.87400000
1630800000000,471.40000000,527.50000000,467.80000000,510.90000000,121287.09384000
1630886400000,511.20000000,528.60000000,474.10000000,509.20000000,92228.60900000
1630972800000,509.30000000,510.50000000,350.20000000,413.10000000,178304.25066000
1631059200000,413.50000000,424.50000000,379.40000000,409.70000000,70862.24200000
1631145600000,409.30000000,428.50000000,397.50000000,411.40000000,37125.89900000
1631232000000,412.00000000,426.70000000,383.10000000,392.00000000,30657.31800000
1631318400000,391.80000000,408.50000000,388.50000000,397.30000000,23539.71400000
1631404800000,397.40000000,413.70000000,387.10000000,403.70000000,26380.17500000
1631491200000,403.20000000,407.30000000,360.00000000,385.00000000,37414.43900000
1631577600000,384.90000000,447.50000000,377.10000000,447.00000000,78222.32400000
1631664000000,447.00000000,450.50000000,418.10000000,442.50000000,62464.68500000
1631750400000,442.80000000,459.40000000,412.20000000,422.20000000,56660.90000000
1631836800000,422.10000000,428.60000000,392.40000000,400.20000000,54819.35300000
1631923200000,400.70000000,416.10000000,392.40000000,401.50000000,27870.14000000
1632009600000,401.40000000,402.50000000,384.00000000,393.10000000,16382.08400000
1632096000000,393.20000000,394.10000000,332.10000000,338.00000000,57839.53659000
1632182400000,338.10000000,350.30000000,301.70000000,312.50000000,69299.63677000
1632268800000,312.70000000,348.90000000,305.80000000,347.40000000,60733.84400000
1632355200000,347.30000000,375.30000000,336.40000000,374.10000000,44526.30300000
1632441600000,373.90000000,375.90000000,316.10000000,340.80000000,68226.32600000
1632528000000,340.90000000,347.10000000,327.20000000,331.20000000,32112.60500000
1632614400000,331.00000000,358.00000000,309.70000000,355.00000000,58583.41400000
1632700800000,354.60000000,375.20000000,337.80000000,338.20000000,43488.84300000
1632787200000,338.00000000,342.80000000,318.70000000,319.90000000,28827.40900000
1632873600000,319.70000000,338.10000000,279.90000000,307.50000000,86338.10377000
1632960000000,307.50000000,319.90000000,286.70000000,317.90000000,193458.74400000
1633046400000,317.70000000,330.00000000,309.00000000,326.40000000,90387.75200000
1633132800000,326.60000000,351.40000000,318.00000000,337.40000000,91209.31900000
1633219200000,337.10000000,346.10000000,321.00000000,326.70000000,95435.50100000
1633305600000,326.70000000,326.90000000,308.50000000,312.90000000,93565.11400000
1633392000000,313.10000000,323.00000000,302.10000000,309.60000000,123933.99500000
1633478400000,309.80000000,314.30000000,286.30000000,305.90000000,105631.29600000
1633564800000,306.10000000,325.70000000,296.50000000,316.90000000,106407.65000000
1633651200000,316.90000000,335.90000000,310.50000000,313.40000000,103620.31800000
1633737600000,313.60000000,334.70000000,310.00000000,330.60000000,69880.69500000
1633824000000,330.70000000,331.50000000,302.20000000,303.50000000,49047.22000000
1633910400000,303.30000000,318.70000000,295.00000000,302.70000000,46623.21500000
1633996800000,302.50000000,309.90000000,287.10000000,306.40000000,55107.73500000
1634083200000,306.30000000,309.60000000,294.50000000,304.10000000,50957.34300000
1634169600000,304.10000000,322.00000000,304.00000000,315.30000000,52462.96800000
1634256000000,315.30000000,325.00000000,299.60000000,316.80000000,72109.03300000
1634342400000,316.80000000,330.70000000,313.00000000,317.00000000,59117.79700000
1634428800000,316.90000000,323.30000000,300.00000000,310.70000000,48423.20600000
1634515200000,310.70000000,313.80000000,298.70000000,305.30000000,53766.95000000
1634601600000,305.10000000,309.90000000,301.00000000,306.30000000,44417.86300000
1634688000000,306.30000000,329.30000000,303.80000000,323.30000000,69874.20500000
1634774400000,323.30000000,335.20000000,310.20000000,315.70000000,83057.76100000
1634860800000,315.90000000,328.40000000,311.50000000,315.70000000,48539.02100000
1634947200000,315.80000000,318.00000000,305.10000000,311.80000000,69118.16600000
1635033600000,311.80000000,317.00000000,301.00000000,308.40000000,64388.78500000
1635120000000,308.60000000,324.00000000,306.20000000,322.20000000,54251.40200000
1635206400000,322.40000000,360.80000000,321.30000000,342.20000000,193471.42700000
1635292800000,342.30000000,352.90000000,291.60000000,302.40000000,171186.59200000
1635379200000,302.40000000,319.40000000,300.80000000,312.50000000,75273.78500000
1635465600000,312.20000000,332.60000000,311.00000000,328.70000000,80518.17400000
1635552000000,328.80000000,329.10000000,311.70000000,319.10000000,49911.68300000
1635638400000,319.00000000,361.40000000,317.90000000,346.20000000,175108.60800000
1635724800000,346.30000000,369.80000000,325.20000000,364.40000000,169942.40400000
1635811200000,364.40000000,376.30000000,355.10000000,361.60000000,88992.07000000
1635897600000,361.60000000,400.00000000,350.10000000,384.10000000,220075.29100000
1635984000000,384.30000000,391.90000000,356.90000000,366.00000000,82433.42200000
1636070400000,366.00000000,378.10000000,353.00000000,357.00000000,66129.15800000
1636156800000,357.00000000,357.20000000,335.00000000,354.80000000,50727.35800000
1636243200000,355.00000000,368.30000000,350.70000000,362.60000000,37903.82300000
1636329600000,362.50000000,363.00000000,351.20000000,359.90000000,57021.62600000
1636416000000,359.80000000,371.20000000,354.70000000,356.30000000,60247.59000000
1636502400000,356.30000000,363.90000000,305.00000000,326.90000000,99667.66300000
1636588800000,326.70000000,344.40000000,320.30000000,335.00000000,57209.85800000
1636675200000,335.00000000,337.40000000,313.60000000,326.40000000,60681.29700000
1636761600000,326.20000000,354.80000000,326.00000000,354.60000000,52917.23700000
1636848000000,354.60000000,360.00000000,337.00000000,346.20000000,47177.44300000
1636934400000,346.30000000,355.40000000,328.60000000,332.80000000,47915.28800000
1637020800000,332.60000000,332.80000000,295.40000000,312.60000000,73232.69300000
1637107200000,312.50000000,325.40000000,305.30000000,321.70000000,53270.94500000
1637193600000,321.70000000,324.80000000,286.00000000,294.10000000,64550.86200000
1637280000000,293.50000000,310.20000000,288.80000000,308.30000000,45154.29100000
1637366400000,308.30000000,317.40000000,299.40000000,314.60000000,28814.57700000
1637452800000,314.90000000,315.30000000,303.30000000,304.30000000,31674.42600000
1637539200000,304.30000000,305.20000000,281.80000000,287.90000000,83326.52600000
1637625600000,287.80000000,293.00000000,275.30000000,291.90000000,58102.93906000
1637712000000,291.80000000,293.30000000,271.00000000,277.20000000,55243.86187000
1637798400000,277.10000000,291.20000000,274.40000000,288.30000000,46522.84400000
1637884800000,288.30000000,289.40000000,242.00000000,261.60000000,82296.18800000
1637971200000,261.50000000,275.90000000,260.90000000,270.10000000,34327.89100000
1638057600000,270.00000000,288.00000000,260.00000000,287.60000000,58013.72300000
1638144000000,287.20000000,291.20000000,280.60000000,289.50000000,31884.46600000
1638230400000,289.60000000,297.00000000,277.00000000,278.00000000,34401.12900000
1638316800000,278.50000000,286.50000000,267.70000000,272.10000000,28480.87000000
1638403200000,272.10000000,274.50000000,263.90000000,270.30000000,20082.35100000
1638489600000,270.30000000,275.80000000,246.80000000,254.20000000,29944.23400000
1638576000000,254.00000000,254.80000000,185.00000000,221.00000000,96131.05227000
1638662400000,221.00000000,225.60000000,205.30000000,211.40000000,41717.60100000
1638748800000,211.60000000,227.20000000,193.00000000,222.90000000,59619.38500000
1638835200000,222.80000000,230.60000000,219.30000000,223.40000000,33229.22800000
1638921600000,223.60000000,228.70000000,212.20000000,219.70000000,59470.12300000
1639008000000,219.70000000,223.60000000,192.00000000,192.50000000,148528.03400000
1639094400000,192.40000000,202.90000000,182.00000000,183.00000000,67253.57800000
1639180800000,182.70000000,197.00000000,180.10000000,196.30000000,33293.59300000
1639267200000,196.40000000,201.80000000,189.90000000,198.60000000,32633.76700000
1639353600000,198.50000000,200.70000000,175.00000000,180.80000000,70990.38709000
1639440000000,180.80000000,190.70000000,177.10000000,186.40000000,45433.84500000
1639526400000,186.40000000,197.80000000,174.70000000,191.50000000,50342.81200000
1639612800000,191.60000000,200.20000000,186.30000000,187.20000000,44673.53800000
1639699200000,187.20000000,214.00000000,177.70000000,212.80000000,81074.47200000
1639785600000,212.90000000,216.10000000,201.60000000,204.70000000,106989.43600000
1639872000000,204.70000000,210.90000000,194.10000000,194.80000000,48865.71700000
1639958400000,194.70000000,197.50000000,181.60000000,188.90000000,46005.76700000
1640044800000,189.10000000,195.50000000,186.60000000,194.70000000,43236.27900000
1640131200000,194.70000000,211.00000000,193.60000000,207.00000000,48882.41600000
1640217600000,207.10000000,238.60000000,201.20000000,230.00000000,109929.05500000
1640304000000,230.20000000,238.60000000,222.10000000,231.60000000,65652.81400000
1640390400000,231.70000000,241.50000000,224.20000000,228.10000000,45040.19400000
1640476800000,228.10000000,236.60000000,218.50000000,234.80000000,53597.84800000
1640563200000,234.90000000,249.00000000,232.70000000,236.10000000,62071.58200000
1640649600000,236.10000000,236.20000000,208.60000000,209.00000000,103125.94200000
1640736000000,209.00000000,212.70000000,196.10000000,198.30000000,57677.91000000
1640822400000,198.30000000,205.80000000,192.90000000,199.50000000,42743.12300000
1640908800000,199.40000000,208.50000000,193.60000000,199.70000000,48900.20000000
1640995200000,199.90000000,213.40000000,197.20000000,210.40000000,38093.37400000
1641081600000,210.60000000,211.90000000,202.20000000,210.40000000,35147.73000000
1641168000000,210.30000000,225.30000000,205.70000000,220.60000000,94979.02600000
1641254400000,220.70000000,236.50000000,213.60000000,222.70000000,88389.57300000
1641340800000,222.80000000,244.80000000,195.90000000,204.30000000,123730.85800000
1641427200000,204.20000000,205.90000000,192.00000000,204.00000000,71475.71500000
1641513600000,203.90000000,205.00000000,185.50000000,194.60000000,67780.48400000
1641600000000,194.60000000,198.60000000,180.60000000,188.10000000,46545.97400000
1641686400000,188.10000000,200.50000000,186.40000000,194.00000000,38975.34000000
1641772800000,193.90000000,197.30000000,175.20000000,183.30000000,61510.64200000
1641859200000,183.30000000,192.60000000,180.90000000,189.90000000,33179.27900000
1641945600000,189.90000000,199.50000000,189.90000000,196.80000000,26642.56700000
1642032000000,196.80000000,202.40000000,186.10000000,186.70000000,33818.16400000
1642118400000,186.70000000,193.40000000,182.60000000,190.30000000,27778.54400000
1642204800000,190.30000000,199.40000000,189.10000000,190.40000000,20905.74500000
1642291200000,190.40000000,192.30000000,186.10000000,191.20000000,28683.34700000
1642377600000,191.20000000,191.80000000,177.70000000,181.50000000,37380.87700000
1642464000000,181.30000000,183.70000000,173.40000000,180.10000000,37048.96200000
1642550400000,180.20000000,181.00000000,166.00000000,168.10000000,48010.48900000
1642636800000,168.10000000,177.30000000,160.50000000,161.20000000,33566.19900000
1642723200000,161.10000000,162.90000000,135.00000000,139.00000000,71270.83091000
1642809600000,139.10000000,141.80000000,110.20000000,123.00000000,110857.34900000
1642896000000,123.00000000,131.00000000,121.30000000,128.40000000,46730.10700000
1642982400000,128.20000000,128.20000000,109.30000000,124.50000000,81972.32600000
1643068800000,124.70000000,128.00000000,121.30000000,126.60000000,36766.24400000
1643155200000,126.70000000,136.70000000,122.70000000,125.40000000,60928.96300000
1643241600000,125.50000000,129.70000000,118.60000000,123.30000000,52078.27100000
1643328000000,123.30000000,126.00000000,118.50000000,122.60000000,51428.86100000
1643414400000,122.60000000,126.90000000,121.70000000,124.00000000,48438.76900000
1643500800000,124.00000000,124.40000000,116.30000000,117.80000000,50727.57200000
1643587200000,117.70000000,123.00000000,112.80000000,121.80000000,65423.59700000
1643673600000,121.70000000,129.90000000,121.40000000,126.00000000,53105.85600000
1643760000000,126.20000000,131.20000000,119.20000000,119.90000000,49375.52700000
1643846400000,119.90000000,125.20000000,116.70000000,124.80000000,34190.41700000
1643932800000,124.70000000,135.50000000,123.80000000,135.20000000,60035.60100000
1644019200000,135.40000000,142.30000000,132.20000000,136.20000000,75404.87300000
1644105600000,136.20000000,143.20000000,133.60000000,141.00000000,53386.49000000
1644192000000,141.00000000,149.40000000,136.30000000,149.40000000,65626.97300000
1644278400000,149.30000000,153.00000000,136.20000000,146.90000000,93213.66500000
1644364800000,147.00000000,148.40000000,140.60000000,145.00000000,56721.20500000
1644451200000,145.10000000,146.50000000,132.60000000,133.20000000,83404.23200000
1644537600000,133.30000000,137.80000000,123.20000000,125.50000000,61415.68400000
1644624000000,125.50000000,131.20000000,122.40000000,127.80000000,34034.78800000
1644710400000,127.80000000,130.00000000,122.60000000,124.10000000,18615.59600000
1644796800000,124.10000000,127.70000000,120.80000000,125.90000000,20034.08800000
1644883200000,126.00000000,136.70000000,125.90000000,136.10000000,30360.83900000
1644969600000,136.20000000,137.70000000,129.40000000,136.00000000,36805.13000000
1645056000000,135.90000000,137.90000000,121.20000000,122.90000000,40139.92500000
1645142400000,122.80000000,126.30000000,118.30000000,121.20000000,22355.44900000
1645228800000,121.20000000,124.70000000,117.90000000,122.40000000,16335.28600000
1645315200000,122.40000000,122.40000000,112.20000000,114.70000000,30450.15600000
1645401600000,114.80000000,120.00000000,105.20000000,105.90000000,56714.17700000
1645488000000,106.00000000,113.20000000,102.40000000,112.70000000,47314.00500000
1645574400000,112.70000000,117.90000000,108.80000000,109.10000000,33744.37300000
1645660800000,109.00000000,111.30000000,93.30000000,107.60000000,85808.23000000
1645747200000,107.50000000,114.40000000,105.80000000,112.90000000,46896.35600000
1645833600000,112.90000000,116.30000000,111.60000000,112.60000000,31436.70900000
1645920000000,112.90000000,117.80000000,105.20000000,107.10000000,53277.64500000
1646006400000,107.00000000,121.20000000,105.30000000,121.00000000,59669.82800000
1646092800000,121.10000000,128.30000000,117.50000000,125.70000000,69070.04100000
1646179200000,125.70000000,126.90000000,119.50000000,120.80000000,49169.70400000
1646265600000,120.70000000,122.90000000,115.70000000,117.30000000,32994.95700000
1646352000000,117.20000000,117.60000000,107.10000000,108.60000000,36923.85500000
1646438400000,108.70000000,110.60000000,105.40000000,109.70000000,20070.34500000
1646524800000,109.70000000,110.40000000,100.80000000,101.10000000,35740.38400000
1646611200000,101.10000000,106.30000000,97.60000000,101.20000000,34970.13300000
1646697600000,101.30000000,107.60000000,100.40000000,104.20000000,36730.99400000
1646784000000,104.10000000,112.10000000,104.00000000,109.90000000,27662.33100000
1646870400000,110.00000000,110.60000000,100.00000000,103.30000000,36762.36800000
1646956800000,103.20000000,104.20000000,100.00000000,101.20000000,23163.27800000
1647043200000,101.20000000,105.30000000,101.20000000,101.70000000,21204.39000000
1647129600000,101.60000000,103.70000000,97.80000000,99.00000000,19441.18700000
1647216000000,99.00000000,102.50000000,98.20000000,101.40000000,25899.25200000
1647302400000,101.30000000,105.40000000,98.60000000,104.30000000,30073.03300000
1647388800000,104.30000000,110.90000000,102.90000000,110.70000000,44273.61900000
1647475200000,110.70000000,116.90000000,108.40000000,111.60000000,59340.86900000
1647561600000,111.60000000,120.30000000,109.30000000,119.40000000,46810.23300000
1647648000000,119.50000000,124.40000000,118.40000000,119.60000000,45137.29800000
1647734400000,119.70000000,120.10000000,113.30000000,115.20000000,49958.89700000
1647820800000,115.30000000,118.30000000,111.80000000,113.10000000,44748.11800000
1647907200000,113.00000000,119.00000000,112.70000000,114.20000000,63182.29000000
1647993600000,114.10000000,116.90000000,112.30000000,116.30000000,72634.10500000
1648080000000,116.30000000,121.90000000,113.40000000,118.90000000,123283.60900000
1648166400000,118.90000000,121.80000000,113.60000000,116.00000000,87297.34400000
1648252800000,116.10000000,122.20000000,115.80000000,122.10000000,56184.23400000
1648339200000,122.10000000,126.20000000,118.00000000,126.00000000,137768.73800000
1648425600000,126.00000000,134.40000000,121.00000000,122.60000000,215012.59800000
1648512000000,122.60000000,150.20000000,121.90000000,147.50000000,510772.85100000
1648598400000,147.40000000,163.30000000,139.00000000,158.10000000,392983.61600000
1648684800000,158.10000000,164.50000000,146.00000000,149.20000000,198533.73100000
1648771200000,149.20000000,159.80000000,141.00000000,158.80000000,171664.41300000
1648857600000,158.80000000,162.50000000,149.50000000,150.40000000,109615.78000000
1648944000000,150.40000000,174.80000000,147.90000000,171.70000000,221280.27100000
1649030400000,171.70000000,171.70000000,155.00000000,163.60000000,132279.25500000
1649116800000,163.50000000,166.20000000,152.70000000,153.60000000,62366.55800000
1649203200000,153.60000000,153.60000000,133.00000000,133.90000000,117236.94800000
1649289600000,133.80000000,140.50000000,131.50000000,138.60000000,54008.48500000
1649376000000,138.50000000,143.50000000,133.10000000,134.70000000,76441.12200000
1649462400000,134.60000000,138.40000000,133.60000000,137.20000000,37586.34600000
1649548800000,137.30000000,140.60000000,133.40000000,134.00000000,24108.19300000
1649635200000,134.00000000,134.20000000,115.70000000,117.60000000,70854.44800000
1649721600000,117.50000000,133.50000000,116.90000000,128.80000000,132321.47900000
1649808000000,128.90000000,153.00000000,127.60000000,149.30000000,183240.48900000
1649894400000,149.30000000,156.50000000,141.00000000,143.70000000,185272.16200000
1649980800000,143.60000000,148.40000000,139.10000000,148.10000000,76494.74200000
1650067200000,148.00000000,150.10000000,140.90000000,143.60000000,66444.62500000
1650153600000,143.50000000,149.90000000,140.90000000,141.80000000,68446.16000000
1650240000000,141.70000000,146.50000000,132.60000000,140.70000000,112443.82100000
1650326400000,140.70000000,144.50000000,138.40000000,142.80000000,80174.54800000
1650412800000,142.90000000,149.40000000,139.40000000,146.60000000,77754.09500000
1650499200000,146.50000000,148.70000000,132.70000000,136.30000000,86208.43300000
1650585600000,136.20000000,139.50000000,133.00000000,135.30000000,45289.20100000
1650672000000,135.30000000,137.10000000,130.60000000,131.20000000,40001.63500000
1650758400000,131.30000000,133.40000000,128.60000000,129.40000000,24545.29500000
1650844800000,129.30000000,133.20000000,121.80000000,132.80000000,52398.41900000
1650931200000,132.80000000,134.00000000,118.50000000,120.60000000,57294.55700000
1651017600000,120.60000000,127.10000000,119.80000000,124.50000000,34633.39400000
1651104000000,124.50000000,126.50000000,121.00000000,122.40000000,33885.12200000
1651190400000,122.50000000,123.80000000,112.30000000,114.00000000,41210.48000000
1651276800000,114.10000000,116.70000000,102.10000000,103.70000000,64128.72600000
1651363200000,103.60000000,108.00000000,101.00000000,105.70000000,88718.07200000
1651449600000,105.70000000,107.90000000,100.70000000,104.30000000,39760.44200000
1651536000000,104.40000000,106.70000000,100.70000000,103.00000000,32293.99000000
1651622400000,102.90000000,115.80000000,102.60000000,115.60000000,48062.86800000
1651708800000,115.70000000,117.20000000,101.60000000,104.60000000,67213.45100000
1651795200000,104.60000000,105.60000000,100.20000000,103.10000000,49360.89300000
1651881600000,103.20000000,103.80000000,95.70000000,98.50000000,47386.29400000
1651968000000,98.40000000,101.60000000,94.80000000,97.50000000,68362.13300000
1652054400000,97.50000000,99.60000000,79.00000000,79.70000000,154352.69295000
1652140800000,79.60000000,95.40000000,76.50000000,87.90000000,188453.43000000
1652227200000,88.00000000,90.90000000,66.10000000,68.90000000,302514.99800000
1652313600000,69.00000000,73.70000000,53.60000000,61.00000000,249505.48975000
1652400000000,61.00000000,75.90000000,60.20000000,68.40000000,130909.11200000
1652486400000,68.30000000,73.10000000,63.90000000,71.20000000,85036.62600000
1652572800000,71.30000000,75.30000000,67.50000000,74.90000000,67900.49600000
1652659200000,74.80000000,74.80000000,65.80000000,66.90000000,70968.98600000
1652745600000,66.90000000,75.20000000,66.70000000,74.00000000,68532.65800000
1652832000000,74.00000000,75.50000000,63.70000000,64.30000000,80941.59600000
1652918400000,64.40000000,68.40000000,61.40000000,67.30000000,60720.23300000
1653004800000,67.40000000,69.20000000,62.90000000,65.80000000,56853.64100000
1653091200000,65.70000000,69.20000000,64.40000000,68.20000000,48353.69400000
1653177600000,68.10000000,73.00000000,67.30000000,70.50000000,68150.97300000
1653264000000,70.40000000,75.20000000,68.30000000,69.00000000,93412.62100000
1653350400000,69.00000000,71.30000000,65.10000000,70.40000000,69486.98900000
1653436800000,70.40000000,72.10000000,65.00000000,65.70000000,131963.75900000
1653523200000,65.70000000,67.30000000,57.70000000,59.20000000,129258.43800000
1653609600000,59.10000000,60.30000000,54.30000000,56.00000000,154039.49700000
1653696000000,56.00000000,58.30000000,54.80000000,56.90000000,108183.47100000
1653782400000,56.90000000,57.80000000,55.20000000,57.00000000,124059.29400000
1653868800000,57.00000000,64.00000000,56.30000000,63.20000000,133625.96400000
1653955200000,63.20000000,67.90000000,61.70000000,63.70000000,158516.98200000
1654041600000,63.80000000,70.10000000,55.80000000,56.70000000,191471.62800000
1654128000000,56.70000000,59.30000000,56.10000000,58.80000000,150141.85800000
1654214400000,58.80000000,59.30000000,55.00000000,55.90000000,96821.56200000
1654300800000,55.90000000,58.40000000,54.90000000,58.00000000,58368.56600000
1654387200000,58.00000000,59.30000000,56.70000000,58.00000000,47369.64000000
1654473600000,58.00000000,61.80000000,57.80000000,59.50000000,86172.71600000
1654560000000,59.50000000,59.70000000,54.60000000,57.30000000,93508.17300000
1654646400000,57.20000000,58.50000000,54.90000000,55.40000000,67652.03800000
1654732800000,55.50000000,56.90000000,54.70000000,55.40000000,46068.36100000
1654819200000,55.30000000,55.80000000,50.30000000,51.40000000,84731.90300000
1654905600000,51.50000000,52.70000000,44.70000000,45.50000000,198557.16400000
1654992000000,45.60000000,45.80000000,40.60000000,41.10000000,130989.83700000
1655078400000,41.20000000,41.40000000,33.50000000,35.80000000,237042.51700000
1655164800000,35.70000000,37.20000000,32.40000000,35.10000000,213237.07500000
1655251200000,35.10000000,35.70000000,29.40000000,35.60000000,351111.93200000
1655337600000,35.60000000,36.30000000,29.30000000,30.20000000,159850.13400000
1655424000000,30.20000000,33.10000000,29.80000000,32.30000000,97899.70700000
1655510400000,32.30000000,33.10000000,26.20000000,28.80000000,155344.23500000
1655596800000,28.80000000,32.70000000,27.20000000,32.00000000,141475.89100000
1655683200000,32.00000000,35.50000000,30.10000000,34.80000000,207830.33500000
1655769600000,34.90000000,44.70000000,34.00000000,39.40000000,569457.44600000
1655856000000,39.40000000,42.10000000,37.20000000,39.50000000,230762.88000000
1655942400000,39.60000000,44.70000000,39.50000000,43.10000000,215212.59500000
1656028800000,43.10000000,47.50000000,41.50000000,46.40000000,183656.88000000
1656115200000,46.40000000,56.70000000,45.60000000,55.10000000,298008.16700000
1656201600000,55.10000000,55.40000000,50.10000000,50.60000000,186757.34800000
1656288000000,50.70000000,53.90000000,48.00000000,49.70000000,145545.69300000
1656374400000,49.70000000,51.90000000,45.91000000,46.66000000,132818.54800000
1656460800000,46.65000000,51.75000000,46.18000000,49.73000000,236715.03400000
1656547200000,49.76000000,50.50000000,42.95000000,47.48000000,243838.81400000
1656633600000,47.58000000,49.67000000,45.25000000,47.51000000,227424.72000000
1656720000000,47.53000000,47.98000000,45.40000000,47.50000000,198353.23100000
1656806400000,47.50000000,50.68000000,45.90000000,49.45000000,201048.81600000
1656892800000,49.46000000,50.02000000,47.26000000,49.35000000,146126.01400000
1656979200000,49.39000000,50.47000000,44.96000000,45.95000000,158216.67000000
1657065600000,45.93000000,47.30000000,45.45000000,46.30000000,107734.90800000
1657152000000,46.31000000,50.70000000,45.79000000,48.27000000,319025.74000000
1657238400000,48.28000000,50.26000000,46.10000000,46.92000000,157142.59900000
1657324800000,46.91000000,56.01000000,46.91000000,55.08000000,273188.29900000
1657411200000,55.08000000,58.76000000,51.74000000,53.50000000,348164.73500000
1657497600000,53.51000000,55.27000000,48.25000000,48.67000000,203283.28600000
1657584000000,48.69000000,50.40000000,45.80000000,45.88000000,156035.08700000
1657670400000,45.90000000,49.57000000,43.75000000,49.42000000,143182.89600000
1657756800000,49.38000000,55.86000000,46.70000000,55.10000000,200742.15800000
1657843200000,55.14000000,59.80000000,54.05000000,55.19000000,233751.18900000
1657929600000,55.18000000,58.18000000,52.83000000,55.95000000,184908.89900000
1658016000000,55.95000000,56.45000000,53.58000000,54.89000000,129345.24000000
1658102400000,54.94000000,58.70000000,54.44000000,57.54000000,187664.44400000
1658188800000,57.55000000,63.88000000,55.12000000,61.09000000,206400.31600000
1658275200000,61.11000000,62.49000000,55.11000000,56.05000000,109035.88900000
1658361600000,56.08000000,59.34000000,54.00000000,57.86000000,83536.00700000
1658448000000,57.89000000,61.37000000,54.70000000,55.92000000,113164.83800000
1658534400000,55.90000000,57.93000000,53.70000000,55.71000000,96470.31700000
1658620800000,55.75000000,56.89000000,54.57000000,54.99000000,77118.64400000
1658707200000,55.02000000,55.75000000,49.82000000,49.94000000,169904.56900000
1658793600000,49.95000000,50.70000000,46.58000000,49.35000000,114873.98300000
1658880000000,49.34000000,57.43000000,47.77000000,55.32000000,166975.55600000
1658966400000,55.35000000,60.96000000,53.13000000,57.92000000,164147.47000000
1659052800000,57.95000000,59.92000000,55.40000000,57.27000000,113886.63800000
1659139200000,57.30000000,61.72000000,56.57000000,58.08000000,126535.21800000
1659225600000,58.11000000,62.50000000,56.90000000,57.00000000,159693.61300000
1659312000000,57.00000000,62.23000000,56.66000000,58.62000000,115682.33600000
1659398400000,58.55000000,59.33000000,54.17000000,56.39000000,81655.48400000
1659484800000,56.41000000,59.39000000,54.50000000,56.58000000,71222.19700000
1659571200000,56.56000000,58.29000000,55.82000000,56.86000000,55223.57200000
1659657600000,56.91000000,61.45000000,56.67000000,61.19000000,102917.78500000
1659744000000,61.13000000,65.57000000,60.08000000,64.95000000,129167.37100000
1659830400000,64.94000000,66.49000000,62.45000000,62.81000000,107850.22000000
1659916800000,62.82000000,65.28000000,61.76000000,62.75000000,74548.55700000
1660003200000,62.81000000,65.25000000,58.26000000,58.83000000,106538.05100000
1660089600000,58.86000000,71.50000000,57.64000000,66.49000000,259585.97600000
1660176000000,66.51000000,66.61000000,63.06000000,63.55000000,130827.98900000
1660262400000,63.56000000,65.56000000,62.14000000,65.27000000,62118.52500000
1660348800000,65.29000000,66.69000000,63.85000000,65.53000000,82222.15400000
1660435200000,65.56000000,68.28000000,62.21000000,62.81000000,88417.80800000
1660521600000,62.90000000,64.66000000,60.46000000,61.46000000,110690.72400000
1660608000000,61.42000000,62.77000000,59.82000000,61.13000000,105685.84800000
1660694400000,61.14000000,63.39000000,57.97000000,58.66000000,67988.80000000
1660780800000,58.64000000,59.92000000,55.00000000,56.07000000,54422.08200000
1660867200000,56.06000000,56.24000000,49.50000000,49.97000000,159711.78300000
1660953600000,49.98000000,52.25000000,48.08000000,49.44000000,108332.85000000
1661040000000,49.43000000,51.77000000,49.25000000,50.96000000,66662.79900000
1661126400000,50.98000000,52.94000000,47.86000000,50.82000000,215475.03100000
1661212800000,50.82000000,52.58000000,48.84000000,50.86000000,205764.18600000
1661299200000,50.91000000,52.42000000,49.56000000,50.59000000,77184.42600000
1661385600000,50.59000000,52.75000000,50.09000000,51.75000000,73539.38200000
1661472000000,51.75000000,54.60000000,45.68000000,46.25000000,200421.17000000
1661558400000,46.21000000,46.93000000,45.22000000,46.26000000,68665.33600000
1661644800000,46.30000000,47.77000000,43.75000000,43.94000000,150022.54100000
1661731200000,43.98000000,49.99000000,43.32000000,49.52000000,191438.50900000
1661817600000,49.55000000,54.14000000,46.04000000,47.56000000,448850.36900000
1661904000000,47.68000000,49.32000000,46.22000000,46.47000000,153412.81700000
1661990400000,46.42000000,49.15000000,45.09000000,48.17000000,191883.37400000
1662076800000,48.19000000,48.88000000,45.38000000,46.18000000,297007.81000000
1662163200000,46.16000000,48.49000000,45.80000000,47.83000000,75777.78200000
1662249600000,47.82000000,48.91000000,47.54000000,48.57000000,53665.41300000
1662336000000,48.59000000,49.20000000,46.61000000,48.79000000,69104.18800000
1662422400000,48.82000000,50.57000000,44.48000000,44.60000000,99906.13400000
1662508800000,44.61000000,49.08000000,43.90000000,48.68000000,81229.01300000
1662595200000,48.73000000,50.47000000,48.28000000,48.50000000,88097.11800000
1662681600000,48.58000000,53.07000000,48.51000000,52.57000000,91254.68000000
1662768000000,52.60000000,54.73000000,52.38000000,54.03000000,92275.77400000
1662854400000,54.02000000,57.05000000,54.01000000,55.90000000,107447.61000000
1662940800000,55.92000000,56.68000000,52.80000000,54.93000000,117394.45900000
1663027200000,54.94000000,57.98000000,51.68000000,54.40000000,145634.05100000
1663113600000,54.36000000,62.05000000,51.63000000,59.88000000,178503.39200000
1663200000000,59.86000000,60.17000000,53.16000000,56.70000000,224958.26700000
1663286400000,56.72000000,57.74000000,52.48000000,53.96000000,138128.93800000
1663372800000,53.96000000,56.02000000,53.12000000,54.49000000,80765.54900000
1663459200000,54.49000000,55.26000000,46.48000000,49.55000000,99943.65900000
1663545600000,49.55000000,53.99000000,47.87000000,52.00000000,157991.44800000
1663632000000,51.99000000,55.42000000,51.12000000,54.72000000,179382.38000000
1663718400000,54.66000000,61.40000000,51.50000000,56.66000000,220610.15800000
1663804800000,56.66000000,70.00000000,53.95000000,61.49000000,216627.22100000
1663891200000,61.46000000,65.71000000,59.03000000,63.61000000,242234.01300000
1663977600000,63.63000000,64.94000000,60.42000000,60.75000000,111281.45200000
1664064000000,60.74000000,64.14000000,60.69000000,61.30000000,112451.00500000
1664150400000,61.28000000,65.10000000,60.78000000,62.74000000,139192.50900000
1664236800000,62.76000000,65.84000000,60.21000000,61.29000000,162453.32600000
1664323200000,61.32000000,63.33000000,58.07000000,61.88000000,126915.63800000
1664409600000,61.91000000,62.75000000,59.44000000,62.03000000,72927.41900000
1664496000000,62.03000000,63.14000000,60.57000000,60.94000000,70505.19900000
1664582400000,60.92000000,63.38000000,60.44000000,60.91000000,57178.76900000
1664668800000,60.91000000,61.31000000,58.12000000,58.35000000,43028.09200000
1664755200000,58.35000000,60.84000000,57.07000000,59.35000000,142579.99500000
1664841600000,59.37000000,61.25000000,58.91000000,60.07000000,65286.51300000
1664928000000,60.00000000,60.41000000,58.15000000,59.28000000,42025.69200000
1665014400000,59.27000000,60.38000000,58.37000000,58.70000000,48385.88500000
1665100800000,58.69000000,60.53000000,57.76000000,58.75000000,50093.99200000
1665187200000,58.74000000,60.26000000,57.92000000,58.80000000,37196.95400000
1665273600000,58.79000000,59.76000000,58.66000000,59.25000000,27435.11500000
1665360000000,59.19000000,60.20000000,57.00000000,57.00000000,42466.06200000
1665446400000,57.00000000,57.08000000,55.04000000,55.30000000,27723.88300000
1665532800000,55.29000000,56.49000000,55.08000000,55.46000000,20736.86200000
1665619200000,55.42000000,55.49000000,51.21000000,54.59000000,91021.68700000
1665705600000,54.55000000,57.34000000,53.64000000,54.76000000,40032.50700000
1665792000000,54.74000000,55.91000000,53.67000000,54.01000000,21464.48700000
1665878400000,54.00000000,55.53000000,53.93000000,54.97000000,11846.56900000
1665964800000,54.94000000,56.34000000,53.93000000,54.94000000,42808.70600000
1666051200000,54.98000000,55.43000000,51.62000000,52.74000000,123263.18000000
1666137600000,52.75000000,54.68000000,49.60000000,49.95000000,117645.00900000
1666224000000,49.98000000,51.17000000,48.60000000,49.17000000,174262.27300000
1666310400000,49.14000000,50.24000000,47.40000000,50.12000000,55102.18300000
1666396800000,50.14000000,50.94000000,49.55000000,50.41000000,20711.73600000
1666483200000,50.46000000,51.51000000,49.05000000,51.23000000,34937.87100000
1666569600000,51.28000000,51.44000000,49.09000000,49.91000000,42359.63100000
1666656000000,49.93000000,52.95000000,49.18000000,50.83000000,297147.40000000
1666742400000,50.81000000,53.65000000,50.62000000,52.67000000,79822.37200000
1666828800000,52.64000000,54.55000000,50.22000000,50.53000000,94223.24100000
1666915200000,50.54000000,52.31000000,49.68000000,51.51000000,152554.10200000
1667001600000,51.51000000,52.45000000,50.26000000,51.02000000,130680.41800000
1667088000000,51.03000000,53.36000000,49.71000000,50.39000000,88704.23800000
1667174400000,50.38000000,51.36000000,49.43000000,50.19000000,73560.05900000
1667260800000,50.20000000,50.66000000,48.34000000,48.47000000,100141.07000000
1667347200000,48.47000000,48.85000000,45.48000000,46.57000000,107830.97800000
1667433600000,46.57000000,49.20000000,46.48000000,47.60000000,66526.90200000
1667520000000,47.62000000,52.39000000,47.27000000,51.70000000,124357.82200000
1667606400000,51.71000000,53.31000000,50.76000000,51.90000000,99186.77600000
1667692800000,51.84000000,52.07000000,48.44000000,48.47000000,74181.34100000
1667779200000,48.47000000,50.86000000,48.10000000,50.16000000,69544.90700000
1667865600000,50.19000000,51.02000000,36.81000000,42.12000000,279860.82100000
1667952000000,42.08000000,42.92000000,32.56000000,34.69000000,244686.84500000
1668038400000,34.52000000,41.46000000,33.86000000,40.83000000,543579.42700000
1668124800000,40.81000000,42.00000000,36.58000000,39.89000000,200974.90600000
1668211200000,39.91000000,40.61000000,37.28000000,37.63000000,75463.71800000
1668297600000,37.64000000,40.05000000,37.17000000,38.66000000,74239.35900000
1668384000000,38.65000000,39.98000000,35.59000000,38.74000000,94910.72500000
1668470400000,38.73000000,43.53000000,37.93000000,40.92000000,115956.66300000
1668556800000,40.92000000,41.61000000,39.25000000,39.69000000,56979.06000000
1668643200000,39.69000000,41.61000000,38.56000000,38.68000000,66183.14300000
1668729600000,38.69000000,40.35000000,38.07000000,38.98000000,39412.07700000
1668816000000,38.98000000,39.99000000,37.96000000,39.81000000,19447.16800000
1668902400000,39.81000000,40.27000000,37.47000000,37.63000000,32275.09200000
1668988800000,37.60000000,38.49000000,36.08000000,37.10000000,44723.90800000
1669075200000,37.10000000,38.25000000,36.10000000,37.82000000,44193.14600000
1669161600000,37.83000000,39.47000000,37.66000000,38.57000000,58717.00600000
1669248000000,38.58000000,38.99000000,37.42000000,37.94000000,39917.94600000
1669334400000,37.90000000,38.95000000,36.90000000,38.21000000,34106.86000000
1669420800000,38.24000000,39.32000000,37.56000000,37.95000000,25167.31400000
1669507200000,37.94000000,39.04000000,37.07000000,37.15000000,65570.32500000
1669593600000,37.16000000,37.56000000,35.71000000,37.16000000,51320.76400000
1669680000000,37.14000000,38.41000000,36.78000000,37.08000000,36678.64100000
1669766400000,37.09000000,38.81000000,36.61000000,38.54000000,55909.39800000
1669852800000,38.53000000,38.80000000,37.19000000,37.51000000,48502.63800000
1669939200000,37.51000000,38.52000000,36.82000000,38.46000000,43831.12000000
1670025600000,38.46000000,38.75000000,36.87000000,37.03000000,28915.60500000
1670112000000,37.00000000,37.97000000,36.94000000,37.70000000,18785.33700000
1670198400000,37.72000000,39.65000000,37.68000000,38.84000000,80070.47900000
1670284800000,38.85000000,38.89000000,37.51000000,38.45000000,34046.02000000
1670371200000,38.47000000,39.19000000,36.41000000,37.69000000,73382.63600000
1670457600000,37.70000000,38.87000000,36.96000000,38.57000000,43695.00200000
1670544000000,38.56000000,39.92000000,38.09000000,39.27000000,80734.98900000
1670630400000,39.29000000,40.43000000,39.19000000,39.35000000,41794.23600000
1670716800000,39.35000000,39.77000000,37.57000000,37.79000000,30548.25900000
1670803200000,37.80000000,39.56000000,36.88000000,39.16000000,70674.60000000
1670889600000,39.18000000,39.85000000,37.97000000,39.54000000,60317.74900000
1670976000000,39.53000000,40.33000000,38.67000000,39.26000000,69988.84700000
1671062400000,39.26000000,40.49000000,38.36000000,39.56000000,55772.92200000
1671148800000,39.58000000,39.76000000,32.63000000,34.10000000,110331.32300000
1671235200000,34.10000000,34.61000000,33.14000000,34.13000000,71736.87000000
1671321600000,34.12000000,34.23000000,33.24000000,33.71000000,31337.59700000
1671408000000,33.72000000,34.38000000,30.68000000,31.57000000,66601.79300000
1671494400000,31.50000000,33.85000000,31.46000000,33.64000000,40408.70800000
1671580800000,33.62000000,33.65000000,32.59000000,33.21000000,36478.89500000
1671667200000,33.15000000,33.65000000,32.26000000,33.64000000,36732.01000000
1671753600000,33.64000000,33.80000000,32.90000000,32.98000000,20994.78000000
1671840000000,32.99000000,33.05000000,32.40000000,32.79000000,15159.38000000
1671926400000,32.77000000,32.82000000,31.19000000,31.83000000,34155.83400000
1672012800000,31.82000000,32.38000000,31.57000000,32.30000000,32460.59500000
1672099200000,32.40000000,33.47000000,32.07000000,32.74000000,79436.70800000
1672185600000,32.74000000,33.19000000,31.81000000,31.97000000,56905.90200000
1672272000000,31.95000000,32.05000000,30.44000000,31.12000000,63224.40600000
1672358400000,31.12000000,31.65000000,30.12000000,30.66000000,74245.17400000
1672444800000,30.67000000,32.11000000,29.86000000,31.20000000,200295.45300000
1672531200000,31.21000000,32.30000000,30.85000000,31.55000000,107780.89400000
1672617600000,31.55000000,32.32000000,30.77000000,31.99000000,95891.68500000
1672704000000,32.00000000,32.09000000,30.90000000,31.23000000,63255.21300000
1672790400000,31.23000000,34.22000000,31.21000000,33.23000000,196161.60500000
1672876800000,33.25000000,33.60000000,32.58000000,33.19000000,71217.29600000
1672963200000,33.18000000,33.72000000,32.44000000,33.58000000,89691.85000000
1673049600000,33.58000000,34.31000000,33.56000000,34.16000000,44502.88700000
1673136000000,34.17000000,35.14000000,33.49000000,34.94000000,67976.22100000
1673222400000,34.95000000,37.05000000,34.86000000,35.40000000,102523.43200000
1673308800000,35.40000000,36.52000000,34.69000000,36.12000000,68298.23100000
1673395200000,36.12000000,36.38000000,34.45000000,36.19000000,58438.88700000
1673481600000,36.18000000,37.90000000,35.54000000,37.76000000,110006.08400000
1673568000000,37.74000000,39.66000000,37.17000000,39.45000000,86433.71500000
1673654400000,39.44000000,58.00000000,39.40000000,52.40000000,744490.06800000
1673740800000,52.41000000,53.70000000,49.35000000,52.18000000,161389.03200000
1673827200000,52.16000000,56.45000000,49.78000000,51.47000000,173549.90300000
1673913600000,51.44000000,54.67000000,50.41000000,51.55000000,155127.08400000
1674000000000,51.53000000,53.35000000,45.62000000,49.54000000,199258.22600000
1674086400000,49.47000000,49.51000000,46.15000000,48.39000000,93331.06500000
1674172800000,48.38000000,51.88000000,47.18000000,51.36000000,95364.97100000
1674259200000,51.32000000,55.54000000,50.15000000,50.87000000,122088.64700000
1674345600000,50.88000000,53.73000000,49.53000000,51.28000000,62003.89900000
1674432000000,51.28000000,53.99000000,51.11000000,52.10000000,81585.85000000
1674518400000,52.06000000,53.67000000,47.11000000,48.15000000,122630.78400000
1674604800000,48.14000000,52.35000000,47.27000000,51.21000000,71370.70700000
1674691200000,51.24000000,55.72000000,50.44000000,55.23000000,115601.96600000
1674777600000,55.21000000,61.87000000,52.03000000,57.70000000,189401.38300000
1674864000000,57.72000000,58.13000000,54.62000000,55.66000000,107652.31600000
1674950400000,55.67000000,57.32000000,55.01000000,56.06000000,85396.47300000
1675036800000,56.05000000,57.12000000,50.19000000,51.64000000,78699.71100000
1675123200000,51.66000000,53.40000000,51.19000000,52.02000000,38023.44500000
1675209600000,51.99000000,55.81000000,49.81000000,55.60000000,64986.90800000
1675296000000,55.61000000,58.39000000,51.91000000,52.55000000,252478.75500000
1675382400000,52.58000000,55.23000000,52.35000000,54.41000000,105947.72700000
1675468800000,54.36000000,54.84000000,53.04000000,53.71000000,67003.87000000
1675555200000,53.70000000,54.18000000,50.31000000,52.00000000,128115.03200000
1675641600000,52.01000000,53.39000000,51.03000000,51.37000000,78847.47200000
1675728000000,51.40000000,58.12000000,51.20000000,57.13000000,206922.38000000
1675814400000,57.13000000,58.31000000,53.80000000,56.13000000,106280.17100000
1675900800000,56.11000000,56.68000000,47.70000000,49.20000000,115954.45000000
1675987200000,49.18000000,50.69000000,48.17000000,49.76000000,65796.35100000
1676073600000,49.77000000,50.68000000,49.49000000,50.15000000,31360.28100000
1676160000000,50.16000000,50.49000000,47.67000000,48.57000000,34781.86800000
1676246400000,48.55000000,50.02000000,46.57000000,48.65000000,64042.83400000
1676332800000,48.64000000,49.70000000,47.37000000,49.09000000,61931.01000000
1676419200000,49.07000000,52.33000000,48.56000000,51.99000000,80380.75800000
1676505600000,51.98000000,53.49000000,48.48000000,48.69000000,98754.33100000
1676592000000,48.70000000,53.10000000,48.43000000,52.03000000,68422.36700000
1676678400000,52.06000000,56.01000000,52.06000000,54.70000000,126256.93000000
1676764800000,54.74000000,64.10000000,52.84000000,56.65000000,367299.48300000
1676851200000,56.68000000,58.13000000,54.50000000,58.01000000,130915.84000000
1676937600000,58.00000000,59.84000000,55.07000000,57.70000000,139851.98700000
1677024000000,57.71000000,57.72000000,51.80000000,54.27000000,93794.59900000
1677110400000,54.26000000,55.28000000,52.40000000,53.41000000,52072.67000000
1677196800000,53.44000000,54.08000000,49.53000000,50.87000000,83300.17600000
1677283200000,50.88000000,51.39000000,48.15000000,50.58000000,45304.87000000
1677369600000,50.58000000,52.16000000,50.15000000,51.75000000,38644.80300000
1677456000000,51.75000000,52.56000000,50.14000000,50.18000000,44494.99700000
1677542400000,50.19000000,50.40000000,48.39000000,48.85000000,43955.81600000
1677628800000,48.83000000,51.92000000,48.39000000,51.80000000,53650.42700000
1677715200000,51.79000000,51.86000000,48.48000000,49.94000000,36901.76200000
1677801600000,49.92000000,49.94000000,44.33000000,47.73000000,82233.37700000
1677888000000,47.73000000,48.59000000,45.53000000,46.58000000,43535.15200000
1677974400000,46.58000000,47.53000000,45.32000000,45.67000000,36753.70600000
1678060800000,45.61000000,46.92000000,44.70000000,46.36000000,45570.39300000
1678147200000,46.37000000,46.96000000,44.16000000,45.41000000,50201.03200000
1678233600000,45.45000000,45.88000000,40.50000000,40.97000000,54389.38100000
1678320000000,40.98000000,42.47000000,37.79000000,38.69000000,91136.80700000
1678406400000,38.72000000,39.08000000,35.61000000,38.81000000,104967.72400000
1678492800000,38.76000000,39.84000000,35.67000000,37.94000000,103550.76000000
1678579200000,37.94000000,42.55000000,37.34000000,42.53000000,78685.15200000
1678665600000,42.54000000,45.23000000,40.81000000,44.73000000,122816.48300000
1678752000000,44.79000000,48.58000000,42.83000000,46.61000000,110010.25600000
1678838400000,46.55000000,47.85000000,41.36000000,42.77000000,98760.83900000
1678924800000,42.79000000,43.70000000,41.91000000,43.14000000,52187.37600000
1679011200000,43.12000000,46.81000000,42.39000000,46.71000000,77796.88400000
1679097600000,46.73000000,47.81000000,44.52000000,44.87000000,73703.58900000
1679184000000,44.84000000,47.36000000,44.67000000,46.09000000,48357.31500000
1679270400000,46.13000000,46.45000000,43.16000000,43.72000000,73737.33100000
1679356800000,43.74000000,45.73000000,42.53000000,45.57000000,58386.22200000
1679443200000,45.57000000,45.59000000,41.05000000,42.60000000,91825.75400000
1679529600000,42.59000000,44.80000000,41.89000000,44.09000000,49305.10900000
1679616000000,44.12000000,44.46000000,41.50000000,42.32000000,39109.48400000
1679702400000,42.33000000,42.72000000,41.42000000,41.87000000,24738.39100000
1679788800000,41.87000000,43.01000000,41.72000000,42.62000000,22471.91600000
1679875200000,42.65000000,42.93000000,39.67000000,41.12000000,65346.39200000
1679961600000,41.14000000,42.39000000,40.38000000,41.75000000,33017.13400000
1680048000000,41.75000000,44.10000000,41.64000000,43.65000000,52281.54900000
1680134400000,43.63000000,44.22000000,41.32000000,42.36000000,72343.97700000
1680220800000,42.35000000,43.34000000,41.18000000,43.13000000,48364.83900000
1680307200000,43.14000000,43.84000000,42.60000000,43.57000000,39128.89600000
1680393600000,43.58000000,44.30000000,41.51000000,42.30000000,40681.39700000
1680480000000,42.29000000,43.46000000,40.73000000,42.65000000,68386.23700000
1680566400000,42.65000000,44.07000000,42.06000000,43.65000000,41101.36000000
1680652800000,43.63000000,44.71000000,43.04000000,43.75000000,55600.44500000
1680739200000,43.75000000,43.86000000,42.43000000,43.16000000,34779.80100000
1680825600000,43.16000000,43.51000000,41.86000000,42.62000000,36938.22400000
1680912000000,42.65000000,42.72000000,41.67000000,42.18000000,41900.20000000
1680998400000,42.18000000,43.14000000,41.65000000,42.85000000,38617.75400000
1681084800000,42.84000000,43.83000000,42.01000000,43.81000000,41679.85000000
1681171200000,43.81000000,44.32000000,43.34000000,43.49000000,53377.31500000
1681257600000,43.46000000,43.69000000,41.76000000,43.06000000,81084.00500000
1681344000000,43.07000000,44.38000000,42.35000000,44.32000000,52520.42400000
1681430400000,44.33000000,45.76000000,43.59000000,45.11000000,68115.65500000
1681516800000,45.09000000,45.70000000,44.28000000,45.09000000,56262.34200000
1681603200000,45.08000000,46.90000000,44.02000000,46.40000000,74056.73300000
1681689600000,46.40000000,46.57000000,44.39000000,45.49000000,64049.65800000
1681776000000,45.49000000,46.87000000,45.24000000,46.19000000,66766.22200000
1681862400000,46.18000000,46.24000000,40.39000000,41.58000000,99366.26300000
1681948800000,41.59000000,41.95000000,39.69000000,40.49000000,52458.88200000
1682035200000,40.47000000,41.24000000,38.10000000,38.73000000,75515.96500000
1682121600000,38.70000000,40.36000000,38.46000000,40.09000000,35291.20400000
1682208000000,40.09000000,40.21000000,38.43000000,39.58000000,40439.57800000
1682294400000,39.55000000,40.39000000,38.92000000,39.74000000,26940.00500000
1682380800000,39.73000000,40.46000000,38.53000000,40.28000000,29255.90800000
1682467200000,40.29000000,41.98000000,37.48000000,39.64000000,74930.43300000
1682553600000,39.64000000,41.41000000,39.49000000,40.84000000,68539.93500000
1682640000000,40.87000000,40.91000000,39.70000000,40.71000000,28724.61000000
1682726400000,40.72000000,42.57000000,40.62000000,42.56000000,39935.69500000
1682812800000,42.57000000,42.61000000,41.32000000,41.50000000,34950.90000000
1682899200000,41.55000000,41.77000000,39.41000000,39.99000000,32233.45500000
1682985600000,39.97000000,40.18000000,39.34000000,39.83000000,24303.93000000
1683072000000,39.87000000,40.99000000,39.00000000,40.68000000,41173.71800000
1683158400000,40.69000000,40.78000000,39.76000000,39.92000000,20954.10000000
1683244800000,39.92000000,41.14000000,39.50000000,40.75000000,25878.16100000
1683331200000,40.73000000,41.09000000,38.15000000,39.33000000,30095.93800000
1683417600000,39.36000000,39.46000000,38.49000000,38.70000000,18295.06200000
1683504000000,38.69000000,38.98000000,34.68000000,36.49000000,57914.07900000
1683590400000,36.47000000,36.80000000,35.90000000,36.57000000,31943.09100000
1683676800000,36.57000000,37.42000000,34.83000000,36.62000000,67390.41600000
1683763200000,36.64000000,36.65000000,33.92000000,35.43000000,68796.06800000
1683849600000,35.43000000,35.54000000,33.54000000,35.01000000,148317.51000000
1683936000000,35.04000000,35.06000000,34.18000000,34.48000000,59229.46000000
1684022400000,34.49000000,35.10000000,33.96000000,34.84000000,25928.99600000
1684108800000,34.84000000,35.49000000,34.26000000,34.89000000,33364.98700000
1684195200000,34.90000000,35.62000000,34.50000000,35.07000000,35722.87600000
1684281600000,35.14000000,36.18000000,34.61000000,36.10000000,42741.75200000
1684368000000,36.10000000,36.27000000,34.88000000,35.54000000,42355.17700000
1684454400000,35.55000000,36.06000000,35.33000000,35.89000000,38991.20700000
1684540800000,35.94000000,36.03000000,35.52000000,35.76000000,15811.06600000
1684627200000,35.77000000,35.86000000,34.24000000,34.58000000,21472.01600000
1684713600000,34.56000000,35.43000000,34.03000000,35.21000000,14211.37200000
1684800000000,35.23000000,36.01000000,35.07000000,35.54000000,14614.74600000
1684886400000,35.55000000,35.55000000,33.65000000,34.67000000,34068.19800000
1684972800000,34.70000000,34.82000000,33.64000000,33.91000000,25892.64900000
1685059200000,33.90000000,34.49000000,33.25000000,34.34000000,49510.97000000
1685145600000,34.34000000,35.25000000,34.21000000,35.08000000,31981.62800000
1685232000000,35.09000000,36.84000000,34.94000000,36.44000000,29662.96200000
1685318400000,36.43000000,37.04000000,36.02000000,36.87000000,23377.48500000
1685404800000,36.86000000,37.11000000,36.22000000,36.43000000,22903.82700000
1685491200000,36.41000000,36.64000000,35.43000000,35.84000000,29046.99500000
1685577600000,35.86000000,36.01000000,35.04000000,35.37000000,15189.32200000
1685664000000,35.36000000,36.42000000,34.92000000,35.67000000,19594.12900000
1685750400000,35.69000000,35.96000000,35.33000000,35.46000000,11537.74100000
1685836800000,35.46000000,36.02000000,35.17000000,35.46000000,13355.73200000
1685923200000,35.46000000,35.51000000,30.50000000,32.55000000,58888.19800000
1686009600000,32.54000000,34.24000000,32.39000000,33.78000000,37333.11400000
1686096000000,33.78000000,33.80000000,31.54000000,32.10000000,46067.04900000
1686182400000,32.13000000,32.85000000,31.62000000,31.97000000,28254.05300000
1686268800000,31.97000000,32.75000000,31.71000000,32.24000000,18598.51600000
1686355200000,32.26000000,32.26000000,23.27000000,26.60000000,214906.25100000
1686441600000,26.62000000,26.74000000,25.78000000,26.20000000,39626.31800000
1686528000000,26.19000000,28.84000000,25.53000000,28.21000000,84820.78500000
1686614400000,28.21000000,28.42000000,27.00000000,27.22000000,43678.58100000
1686700800000,27.23000000,28.14000000,26.07000000,26.47000000,60207.43400000
1686787200000,26.48000000,27.34000000,26.08000000,27.03000000,45632.59300000
1686873600000,27.04000000,27.86000000,26.66000000,27.81000000,37362.08300000
1686960000000,27.83000000,28.98000000,27.64000000,28.64000000,38432.45900000
1687046400000,28.66000000,28.87000000,27.84000000,27.93000000,26042.05400000
1687132800000,27.95000000,28.58000000,27.66000000,28.47000000,37148.55100000
1687219200000,28.46000000,29.07000000,27.55000000,28.83000000,46783.97500000
1687305600000,28.84000000,30.02000000,28.72000000,29.86000000,69761.71000000
1687392000000,29.86000000,30.89000000,29.20000000,29.49000000,57897.83300000
1687478400000,29.50000000,31.36000000,29.47000000,30.56000000,37705.21100000
1687564800000,30.57000000,31.13000000,29.80000000,30.51000000,39587.00800000
1687651200000,30.52000000,43.50000000,30.48000000,37.79000000,1185389.75400000
1687737600000,37.80000000,38.73000000,35.17000000,35.68000000,297050.48800000
1687824000000,35.69000000,45.11000000,35.69000000,42.10000000,768453.79800000
1687910400000,42.11000000,44.05000000,38.80000000,40.21000000,462467.02500000
1687996800000,40.24000000,55.33000000,38.68000000,50.17000000,1089944.77000000
1688083200000,50.16000000,59.50000000,47.77000000,55.87000000,1338420.83500000
1688169600000,55.88000000,56.05000000,51.34000000,52.46000000,324567.24000000
1688256000000,52.46000000,70.74000000,50.86000000,68.41000000,980126.88200000
1688342400000,68.41000000,69.82000000,60.46000000,63.61000000,778499.33900000
1688428800000,63.61000000,70.94000000,61.00000000,62.58000000,592939.58100000
1688515200000,62.58000000,66.00000000,54.83000000,59.41000000,618322.27200000
1688601600000,59.41000000,63.98000000,56.36000000,56.58000000,424724.28400000
1688688000000,56.55000000,59.52000000,54.08000000,55.65000000,341486.75600000
1688774400000,55.64000000,57.50000000,52.78000000,53.95000000,152980.32100000
1688860800000,53.94000000,63.12000000,51.81000000,60.46000000,508112.87400000
1688947200000,60.49000000,63.00000000,56.95000000,59.36000000,471640.54700000
1689033600000,59.43000000,68.34000000,58.65000000,66.46000000,703127.27800000
1689120000000,66.47000000,74.49000000,64.63000000,70.90000000,394046.88400000
1689206400000,70.98000000,73.10000000,67.58000000,69.62000000,646791.23400000
1689292800000,69.61000000,72.40000000,66.01000000,66.58000000,401110.45700000
1689379200000,66.61000000,78.44000000,65.16000000,76.17000000,696898.20100000
1689465600000,76.17000000,85.90000000,74.23000000,77.53000000,726772.67100000
1689552000000,77.49000000,79.05000000,70.94000000,75.96000000,441846.39200000
1689638400000,76.05000000,76.77000000,68.96000000,71.24000000,291903.02900000
1689724800000,71.23000000,74.15000000,68.97000000,69.32000000,196295.57200000
1689811200000,69.32000000,74.88000000,68.80000000,73.41000000,317605.08000000
1689897600000,73.40000000,76.83000000,70.84000000,71.08000000,252827.56300000
1689984000000,71.12000000,71.97000000,69.30000000,70.53000000,101254.51000000
1690070400000,70.53000000,72.94000000,69.70000000,70.16000000,142848.86100000
1690156800000,70.15000000,70.15000000,62.58000000,63.45000000,323832.00700000
1690243200000,63.44000000,63.85000000,58.29000000,62.24000000,750817.97800000
1690329600000,62.24000000,73.49000000,62.22000000,70.76000000,779746.59700000
1690416000000,70.77000000,74.50000000,69.57000000,70.23000000,320294.76500000
1690502400000,70.24000000,72.59000000,69.21000000,72.53000000,163195.37100000
1690588800000,72.53000000,74.91000000,71.51000000,72.24000000,225105.56900000
1690675200000,72.25000000,74.04000000,70.68000000,70.80000000,148786.81700000
1690761600000,70.79000000,79.76000000,65.49000000,66.35000000,908602.27100000
1690848000000,66.35000000,66.42000000,60.70000000,65.87000000,860517.44000000
1690934400000,65.94000000,67.27000000,61.50000000,61.63000000,409515.90900000
1691020800000,61.64000000,62.24000000,58.67000000,59.93000000,451766.93400000
1691107200000,59.93000000,61.41000000,56.00000000,58.03000000,598121.59800000
1691193600000,58.04000000,58.62000000,54.52000000,57.53000000,262035.33900000
1691280000000,57.52000000,59.88000000,56.52000000,56.75000000,163097.25300000
1691366400000,56.78000000,58.48000000,53.07000000,54.36000000,612194.10300000
1691452800000,54.33000000,56.41000000,53.56000000,55.99000000,186183.01000000
1691539200000,56.00000000,57.35000000,54.82000000,55.80000000,137749.09400000
1691625600000,55.81000000,57.65000000,54.90000000,55.41000000,124977.43700000
1691712000000,55.40000000,56.09000000,54.91000000,55.53000000,71188.69600000
1691798400000,55.53000000,56.91000000,54.99000000,55.37000000,76682.07700000
1691884800000,55.37000000,55.61000000,53.66000000,54.30000000,93959.58600000
1691971200000,54.29000000,56.70000000,53.94000000,55.85000000,153833.44700000
1692057600000,55.81000000,56.49000000,47.60000000,50.82000000,233206.93500000
1692144000000,50.80000000,51.09000000,45.89000000,46.77000000,249303.37900000
1692230400000,46.76000000,47.53000000,35.05000000,39.89000000,372518.09700000
1692316800000,39.89000000,42.73000000,39.79000000,42.11000000,191187.29400000
1692403200000,42.11000000,43.80000000,41.21000000,42.70000000,99518.83400000
1692489600000,42.70000000,42.96000000,41.93000000,42.34000000,110974.73400000
1692576000000,42.32000000,42.89000000,40.15000000,41.64000000,132004.02600000
1692662400000,41.62000000,45.23000000,40.12000000,42.27000000,325760.85000000
1692748800000,42.29000000,43.97000000,41.50000000,43.07000000,120014.53500000
1692835200000,43.11000000,45.03000000,42.30000000,43.43000000,143141.07700000
1692921600000,43.43000000,43.71000000,41.72000000,42.73000000,79208.88000000
1693008000000,42.78000000,43.53000000,41.77000000,42.12000000,47805.41500000
1693094400000,42.11000000,43.04000000,41.68000000,42.23000000,42530.18400000
1693180800000,42.23000000,42.23000000,41.03000000,42.02000000,57357.49100000
1693267200000,42.01000000,44.44000000,40.68000000,43.84000000,120642.94800000
1693353600000,43.83000000,44.18000000,42.25000000,42.87000000,76488.63700000
1693440000000,42.88000000,43.49000000,40.19000000,41.13000000,111332.55900000
1693526400000,41.15000000,41.56000000,39.19000000,40.09000000,75677.79500000
1693612800000,40.10000000,41.50000000,39.98000000,40.44000000,50477.53800000
1693699200000,40.44000000,40.85000000,39.81000000,40.18000000,40535.06200000
1693785600000,40.22000000,41.42000000,39.73000000,40.21000000,58288.03000000
1693872000000,40.23000000,40.44000000,39.76000000,40.04000000,51217.32600000
1693958400000,40.11000000,40.91000000,39.50000000,40.28000000,66978.73800000
1694044800000,40.29000000,40.32000000,39.36000000,40.15000000,62369.18400000
1694131200000,40.16000000,40.46000000,39.23000000,39.65000000,55028.26600000
1694217600000,39.65000000,40.12000000,39.15000000,39.22000000,46884.92400000
1694304000000,39.21000000,39.23000000,35.52000000,37.09000000,155222.41900000
1694390400000,37.09000000,37.18000000,34.87000000,35.85000000,101367.41500000
1694476800000,35.84000000,37.55000000,35.67000000,36.74000000,87302.44400000
1694563200000,36.76000000,42.24000000,36.65000000,39.40000000,567396.95700000
1694649600000,39.41000000,40.50000000,38.27000000,39.27000000,181726.16100000
1694736000000,39.28000000,42.04000000,39.08000000,41.01000000,169666.97700000
1694822400000,41.01000000,42.92000000,39.68000000,39.97000000,143176.04900000
1694908800000,39.96000000,40.02000000,37.50000000,38.55000000,103033.95700000
1694995200000,38.53000000,41.30000000,38.12000000,39.39000000,282041.02100000
1695081600000,39.39000000,41.14000000,39.13000000,39.97000000,279542.57700000
1695168000000,40.00000000,40.47000000,38.82000000,40.02000000,74350.22100000
1695254400000,40.02000000,42.18000000,38.40000000,38.60000000,114450.14200000
1695340800000,38.59000000,39.65000000,38.13000000,39.60000000,48929.45200000
1695427200000,39.61000000,40.39000000,39.19000000,40.26000000,64255.03400000
1695513600000,40.24000000,40.88000000,39.79000000,40.12000000,55646.69200000
1695600000000,40.13000000,41.16000000,39.63000000,39.74000000,224848.01500000
1695686400000,39.78000000,39.79000000,38.24000000,39.25000000,71690.48400000
1695772800000,39.23000000,41.44000000,39.20000000,41.32000000,99253.20000000
1695859200000,41.32000000,50.28000000,40.66000000,49.46000000,643050.03900000
1695945600000,49.47000000,50.10000000,46.24000000,48.97000000,318944.75400000
1696032000000,48.97000000,50.65000000,46.32000000,46.87000000,195713.25700000
1696118400000,46.85000000,49.61000000,46.12000000,47.97000000,171511.82400000
1696204800000,48.02000000,49.39000000,44.53000000,45.78000000,154375.44200000
1696291200000,45.77000000,46.37000000,43.82000000,44.38000000,100563.95200000
1696377600000,44.32000000,44.52000000,42.41000000,44.38000000,70702.73900000
1696464000000,44.38000000,45.58000000,42.25000000,42.33000000,124966.48500000
1696550400000,42.34000000,45.09000000,42.31000000,44.32000000,71464.85300000
1696636800000,44.33000000,44.77000000,43.39000000,43.63000000,52457.51800000
1696723200000,43.64000000,43.94000000,42.91000000,43.13000000,30332.00000000
1696809600000,43.13000000,44.50000000,40.18000000,41.48000000,262686.52500000
1696896000000,41.49000000,42.14000000,40.65000000,41.30000000,82201.70100000
1696982400000,41.30000000,41.63000000,40.30000000,41.33000000,44455.75100000
1697068800000,41.33000000,41.58000000,39.69000000,40.57000000,48265.81000000
1697155200000,40.57000000,41.18000000,40.12000000,40.45000000,30401.06300000
1697241600000,40.45000000,41.14000000,40.26000000,40.80000000,25145.50900000
1697328000000,40.82000000,41.40000000,40.43000000,40.91000000,39294.60900000
1697414400000,40.92000000,43.45000000,40.78000000,41.36000000,83188.73200000
1697500800000,41.42000000,41.50000000,39.00000000,40.02000000,54268.17600000
1697587200000,40.05000000,41.01000000,39.45000000,39.75000000,54193.96700000
1697673600000,39.78000000,40.33000000,38.85000000,40.12000000,61270.54100000
1697760000000,40.13000000,41.79000000,39.94000000,40.26000000,81498.15100000
1697846400000,40.26000000,42.92000000,40.08000000,42.42000000,70982.22300000
1697932800000,42.43000000,44.53000000,41.97000000,44.04000000,169583.17500000
1698019200000,44.10000000,46.73000000,43.38000000,45.76000000,216760.69600000
1698105600000,45.78000000,48.58000000,44.07000000,46.14000000,240651.69400000
1698192000000,46.13000000,46.80000000,44.01000000,45.70000000,120804.65400000
1698278400000,45.69000000,47.88000000,43.46000000,45.72000000,142106.93700000
1698364800000,45.74000000,45.83000000,43.70000000,44.82000000,50168.61800000
1698451200000,44.81000000,46.53000000,44.77000000,46.14000000,66668.29100000
1698537600000,46.13000000,47.84000000,45.13000000,47.10000000,69398.23100000
1698624000000,47.10000000,47.73000000,45.77000000,47.25000000,80930.73900000
1698710400000,47.25000000,48.00000000,44.08000000,45.85000000,102211.23500000
1698796800000,45.85000000,48.45000000,43.93000000,48.22000000,127007.66600000
1698883200000,48.25000000,52.60000000,45.50000000,46.95000000,297782.08200000
1698969600000,46.94000000,47.19000000,44.79000000,46.97000000,99603.33900000
1699056000000,46.96000000,49.22000000,46.50000000,48.49000000,99981.64800000
1699142400000,48.51000000,50.91000000,48.08000000,49.77000000,201886.82600000
1699228800000,49.77000000,52.12000000,48.60000000,51.72000000,146415.15500000
1699315200000,51.72000000,54.55000000,49.75000000,51.28000000,282997.62500000
1699401600000,51.29000000,53.15000000,50.60000000,52.41000000,103042.63700000
1699488000000,52.43000000,58.15000000,45.10000000,54.34000000,335259.64900000
1699574400000,54.32000000,55.50000000,51.36000000,55.09000000,208279.84800000
1699660800000,55.08000000,57.71000000,51.90000000,54.55000000,229583.31700000
1699747200000,54.55000000,55.88000000,51.94000000,54.46000000,167554.34300000
1699833600000,54.46000000,56.42000000,51.04000000,51.35000000,177132.10300000
1699920000000,51.36000000,55.61000000,48.50000000,52.21000000,236594.78900000
1700006400000,52.19000000,59.50000000,52.08000000,57.74000000,315890.98000000
1700092800000,57.81000000,58.65000000,52.04000000,53.64000000,281368.42100000
1700179200000,53.63000000,55.19000000,50.14000000,52.51000000,154408.86600000
1700265600000,52.52000000,52.71000000,48.48000000,51.01000000,138912.11800000
1700352000000,51.01000000,52.58000000,49.57000000,52.30000000,87662.43100000
1700438400000,52.36000000,53.58000000,50.36000000,51.21000000,118662.12800000
1700524800000,51.16000000,52.15000000,46.55000000,47.13000000,174942.77500000
1700611200000,47.16000000,51.28000000,46.98000000,50.41000000,125063.43000000
1700697600000,50.42000000,51.86000000,50.04000000,51.36000000,106329.94300000
1700784000000,51.35000000,52.77000000,50.74000000,51.28000000,140954.78800000
1700870400000,51.28000000,54.60000000,50.96000000,53.38000000,181827.41400000
1700956800000,53.40000000,55.08000000,50.99000000,52.65000000,146164.47300000
1701043200000,52.65000000,52.95000000,49.62000000,51.00000000,119384.85500000
1701129600000,50.99000000,52.01000000,49.95000000,51.28000000,91357.48200000
1701216000000,51.28000000,52.07000000,50.19000000,51.26000000,72157.95400000
1701302400000,51.21000000,51.88000000,50.33000000,50.63000000,48947.82700000
1701388800000,50.64000000,51.78000000,50.24000000,51.53000000,84729.96500000
1701475200000,51.53000000,52.53000000,51.30000000,52.22000000,125933.45400000
1701561600000,52.25000000,52.62000000,50.69000000,51.16000000,109021.85600000
1701648000000,51.16000000,53.06000000,48.57000000,51.13000000,222546.28600000
1701734400000,51.13000000,53.51000000,49.47000000,52.46000000,313832.48700000
1701820800000,52.48000000,53.46000000,49.85000000,50.65000000,179124.47100000
1701907200000,50.67000000,53.01000000,49.90000000,52.81000000,141306.32600000
1701993600000,52.81000000,55.57000000,52.49000000,55.49000000,223218.72100000
1702080000000,55.50000000,57.28000000,54.00000000,54.90000000,188549.44400000
1702166400000,54.92000000,57.93000000,53.53000000,55.77000000,124559.10000000
1702252800000,55.79000000,56.28000000,47.71000000,50.55000000,199965.46100000
1702339200000,50.54000000,52.00000000,49.69000000,50.96000000,105020.20000000
1702425600000,50.97000000,51.66000000,48.38000000,50.88000000,137911.24300000
1702512000000,50.88000000,52.52000000,48.50000000,52.07000000,156749.98400000
1702598400000,52.07000000,55.36000000,50.10000000,50.59000000,345099.36200000
1702684800000,50.59000000,53.79000000,50.13000000,53.44000000,178565.71200000
1702771200000,53.44000000,53.79000000,50.31000000,50.73000000,127510.91600000
1702857600000,50.74000000,51.47000000,47.61000000,50.59000000,114246.45100000
1702944000000,50.61000000,51.66000000,49.07000000,49.75000000,90082.21200000
1703030400000,49.73000000,51.93000000,49.42000000,50.32000000,101066.99000000
1703116800000,50.34000000,52.17000000,49.81000000,52.09000000,124640.42100000
1703203200000,52.08000000,53.87000000,51.20000000,53.47000000,142745.43500000
1703289600000,53.49000000,55.90000000,51.83000000,54.89000000,178871.82500000
1703376000000,54.89000000,59.18000000,52.81000000,56.92000000,304525.11000000
1703462400000,56.93000000,60.64000000,56.01000000,57.85000000,261210.79700000
1703548800000,57.84000000,63.92000000,55.83000000,62.93000000,323564.31100000
1703635200000,62.93000000,64.89000000,59.83000000,63.92000000,245230.78500000
1703721600000,63.90000000,68.39000000,60.68000000,61.99000000,299677.37600000
1703808000000,61.98000000,63.49000000,58.16000000,59.86000000,164696.63200000
1703894400000,59.86000000,60.91000000,58.00000000,58.29000000,82784.58900000
1703980800000,58.32000000,60.30000000,55.77000000,57.41000000,98209.72100000
1704067200000,57.39000000,62.34000000,56.56000000,61.24000000,127282.36800000
1704153600000,61.28000000,62.00000000,58.16000000,58.86000000,136499.52100000
1704240000000,58.84000000,60.50000000,44.77000000,52.58000000,257108.74900000
1704326400000,52.52000000,54.25000000,52.05000000,53.27000000,96463.59300000
1704412800000,53.32000000,54.01000000,49.79000000,52.17000000,116648.58700000
1704499200000,52.16000000,52.24000000,48.56000000,50.44000000,82548.07000000
1704585600000,50.46000000,51.27000000,47.41000000,48.09000000,90698.33500000
1704672000000,48.08000000,50.94000000,44.92000000,50.78000000,138172.04500000
1704758400000,50.76000000,50.99000000,47.55000000,49.96000000,121833.52100000
1704844800000,49.94000000,54.61000000,49.11000000,53.55000000,188256.10500000
1704931200000,53.57000000,56.99000000,53.10000000,55.71000000,188277.01600000
1705017600000,55.72000000,56.92000000,51.02000000,52.80000000,148564.84300000
1705104000000,52.80000000,60.50000000,51.16000000,58.73000000,274198.77200000
1705190400000,58.74000000,61.97000000,56.15000000,57.75000000,247889.54400000
1705276800000,57.76000000,59.60000000,56.61000000,57.35000000,145009.62500000
1705363200000,57.39000000,59.55000000,55.20000000,56.47000000,239559.87200000
1705449600000,56.49000000,56.67000000,54.50000000,55.57000000,99545.36100000
1705536000000,55.60000000,57.42000000,53.01000000,54.27000000,195251.25400000
1705622400000,54.28000000,57.73000000,53.38000000,57.72000000,175607.86900000
1705708800000,57.71000000,59.84000000,56.16000000,56.83000000,147852.90400000
1705795200000,56.83000000,57.36000000,54.25000000,54.46000000,84312.45100000
1705881600000,54.45000000,55.57000000,51.83000000,52.34000000,116715.44000000
1705968000000,52.36000000,53.35000000,49.62000000,51.88000000,151276.55400000
1706054400000,51.87000000,53.93000000,51.21000000,53.06000000,81099.46200000
1706140800000,53.04000000,53.75000000,51.74000000,53.75000000,58336.51200000
1706227200000,53.74000000,54.86000000,53.14000000,54.80000000,56425.89300000
1706313600000,54.80000000,56.36000000,54.45000000,55.56000000,64950.03700000
1706400000000,55.57000000,56.90000000,53.89000000,54.42000000,116870.97500000
1706486400000,54.43000000,56.06000000,53.22000000,55.63000000,75384.96300000
1706572800000,55.63000000,56.67000000,54.80000000,55.25000000,109584.80900000
1706659200000,55.26000000,55.93000000,53.08000000,54.46000000,118128.56700000
1706745600000,54.45000000,54.78000000,52.69000000,53.57000000,116131.79900000
1706832000000,53.56000000,54.71000000,53.31000000,54.61000000,65952.83900000
1706918400000,54.61000000,56.18000000,54.51000000,54.92000000,66102.33200000
1707004800000,54.91000000,55.45000000,52.91000000,53.45000000,159857.57900000
1707091200000,53.44000000,53.57000000,51.87000000,52.26000000,92829.85700000
1707177600000,52.28000000,53.32000000,51.96000000,52.50000000,100198.11000000
1707264000000,52.51000000,53.64000000,51.96000000,53.21000000,68974.03300000
1707350400000,53.22000000,54.16000000,53.14000000,54.09000000,68018.44200000
1707436800000,54.10000000,55.33000000,53.56000000,54.94000000,105161.44500000
1707523200000,54.94000000,56.35000000,53.91000000,54.84000000,123802.90100000
1707609600000,54.84000000,56.27000000,54.72000000,54.96000000,55646.79300000
1707696000000,54.97000000,56.98000000,53.89000000,56.92000000,62192.10200000
1707782400000,56.93000000,58.32000000,55.89000000,57.03000000,113162.63800000
1707868800000,57.03000000,58.79000000,56.40000000,57.85000000,72623.79600000
1707955200000,57.86000000,58.57000000,57.17000000,58.24000000,88527.42000000
1708041600000,58.26000000,60.00000000,56.69000000,58.75000000,115370.27600000
1708128000000,58.76000000,58.99000000,55.88000000,58.34000000,61257.99700000
1708214400000,58.35000000,60.87000000,57.72000000,60.50000000,78755.25100000
1708300800000,60.49000000,62.65000000,59.78000000,61.59000000,130699.35000000
1708387200000,61.58000000,61.86000000,56.92000000,59.66000000,105274.06400000
1708473600000,59.63000000,60.30000000,55.12000000,57.39000000,81374.60200000
1708560000000,57.40000000,60.73000000,56.35000000,59.33000000,84223.96600000
1708646400000,59.33000000,76.34000000,57.80000000,65.99000000,575183.17300000
1708732800000,66.00000000,73.43000000,64.82000000,67.59000000,420569.86600000
1708819200000,67.58000000,71.76000000,66.41000000,69.35000000,164808.82100000
1708905600000,69.35000000,77.96000000,69.08000000,74.94000000,410326.51200000
1708992000000,74.91000000,84.72000000,74.27000000,83.87000000,441515.52800000
1709078400000,83.86000000,95.48000000,75.76000000,93.64000000,661613.11600000
1709164800000,93.64000000,103.48000000,88.24000000,90.65000000,415377.87100000
1709251200000,90.60000000,95.81000000,90.02000000,95.07000000,198090.70500000
1709337600000,95.04000000,96.73000000,88.85000000,92.29000000,177317.12500000
1709424000000,92.27000000,92.60000000,82.00000000,89.39000000,147620.28300000
1709510400000,89.38000000,95.78000000,86.38000000,89.40000000,218901.15800000
1709596800000,89.40000000,94.82000000,70.01000000,82.20000000,302972.67300000
1709683200000,82.20000000,89.84000000,78.50000000,89.32000000,212530.10500000
1709769600000,89.30000000,90.48000000,85.70000000,89.64000000,130772.06200000
1709856000000,89.64000000,90.77000000,82.53000000,86.16000000,171040.46000000
1709942400000,86.16000000,93.30000000,85.89000000,91.19000000,192419.42600000
1710028800000,91.19000000,92.38000000,85.00000000,87.83000000,168585.79100000
1710115200000,87.86000000,92.77000000,82.00000000,92.69000000,293917.47600000
1710201600000,92.69000000,93.86000000,82.88000000,87.63000000,368791.54600000
1710288000000,87.63000000,96.90000000,86.89000000,91.06000000,368153.14700000
1710374400000,91.05000000,91.14000000,83.12000000,89.14000000,244620.24300000
1710460800000,89.16000000,90.11000000,75.87000000,82.32000000,255442.56500000
1710547200000,82.33000000,83.65000000,74.17000000,76.16000000,169485.43900000
1710633600000,76.15000000,80.63000000,72.55000000,79.42000000,129634.68600000
1710720000000,79.43000000,80.62000000,73.74000000,74.96000000,165983.79700000
1710806400000,74.96000000,75.31000000,65.13000000,66.44000000,309526.00300000
1710892800000,66.44000000,74.94000000,63.51000000,74.23000000,291500.19800000
1710979200000,74.25000000,76.40000000,71.84000000,74.49000000,173351.57300000
1711065600000,74.47000000,75.32000000,67.71000000,70.29000000,203560.32900000
1711152000000,70.29000000,72.03000000,69.60000000,70.56000000,95130.18500000
1711238400000,70.55000000,73.51000000,70.34000000,73.04000000,85189.72800000
1711324800000,73.04000000,77.91000000,71.88000000,77.15000000,150410.34600000
1711411200000,77.15000000,81.00000000,76.92000000,79.16000000,169246.14800000
1711497600000,79.14000000,80.36000000,75.27000000,77.51000000,122844.16600000
1711584000000,77.54000000,79.73000000,76.33000000,79.12000000,80459.97200000
1711670400000,79.08000000,81.60000000,77.56000000,79.80000000,157157.95400000
1711756800000,79.77000000,79.83000000,76.15000000,76.73000000,60629.35900000
1711843200000,76.73000000,79.58000000,76.48000000,79.48000000,59504.37700000
1711929600000,79.45000000,80.59000000,73.60000000,75.63000000,151689.86600000
1712016000000,75.62000000,75.94000000,68.60000000,70.70000000,174034.63200000
1712102400000,70.70000000,72.04000000,68.36000000,69.69000000,91959.35400000
1712188800000,69.65000000,74.18000000,68.01000000,72.28000000,95712.65500000
1712275200000,72.31000000,72.61000000,68.89000000,71.33000000,79628.86700000
1712361600000,71.33000000,73.29000000,70.96000000,72.53000000,35623.67800000
1712448000000,72.53000000,74.20000000,72.35000000,73.32000000,43772.26600000
1712534400000,73.33000000,76.44000000,72.11000000,75.99000000,68029.83700000
1712620800000,75.99000000,76.38000000,72.67000000,73.09000000,96508.31900000
1712707200000,73.04000000,73.42000000,68.00000000,71.29000000,110110.91300000
1712793600000,71.29000000,72.16000000,69.51000000,70.08000000,47830.78900000
1712880000000,70.07000000,72.07000000,54.30000000,59.45000000,186520.48400000
1712966400000,59.46000000,59.52000000,43.09000000,51.13000000,261649.03400000
1713052800000,51.12000000,55.88000000,48.95000000,55.03000000,188492.03300000
1713139200000,55.03000000,56.39000000,50.97000000,52.92000000,157426.23100000
1713225600000,52.94000000,54.25000000,50.64000000,53.73000000,100002.40400000
1713312000000,53.73000000,53.84000000,49.90000000,51.92000000,84624.47500000
1713398400000,51.91000000,54.33000000,50.64000000,53.82000000,37741.15900000
1713484800000,53.82000000,56.01000000,49.62000000,54.89000000,69177.79800000
1713571200000,54.93000000,59.20000000,54.16000000,58.96000000,37913.84700000
1713657600000,58.90000000,60.12000000,57.69000000,58.69000000,26748.75700000
1713744000000,58.71000000,60.74000000,58.46000000,59.70000000,45820.79600000
1713830400000,59.68000000,60.13000000,58.68000000,59.37000000,61234.20200000
1713916800000,59.35000000,60.90000000,56.00000000,56.82000000,70893.53000000
1714003200000,56.84000000,57.46000000,54.46000000,56.12000000,61992.51300000
1714089600000,56.12000000,57.05000000,54.41000000,55.86000000,54507.25500000
1714176000000,55.90000000,57.60000000,53.55000000,57.15000000,70085.84400000
1714262400000,57.16000000,58.29000000,55.47000000,55.73000000,47579.61400000
1714348800000,55.74000000,56.90000000,54.05000000,55.79000000,72924.15100000
1714435200000,55.84000000,56.71000000,50.96000000,53.25000000,90837.25900000
1714521600000,53.22000000,55.80000000,50.79000000,55.72000000,112264.57500000
1714608000000,55.72000000,57.53000000,53.72000000,57.07000000,55732.76000000
1714694400000,57.04000000,60.10000000,56.15000000,59.42000000,63124.56200000
1714780800000,59.42000000,59.75000000,57.66000000,57.78000000,51642.80500000
1714867200000,57.81000000,58.59000000,56.36000000,57.97000000,40675.50600000
1714953600000,57.96000000,60.43000000,56.21000000,56.24000000,63374.81600000
1715040000000,56.27000000,57.78000000,55.47000000,55.89000000,54018.02700000
1715126400000,55.87000000,57.42000000,54.84000000,56.39000000,73247.07900000
1715212800000,56.38000000,59.12000000,55.21000000,58.29000000,72844.13800000
1715299200000,58.28000000,58.55000000,54.19000000,54.29000000,82492.68900000
1715385600000,54.28000000,54.89000000,53.20000000,53.34000000,55411.22900000
1715472000000,53.34000000,56.86000000,53.21000000,54.10000000,49302.87200000
1715558400000,54.12000000,57.96000000,52.61000000,54.60000000,117443.29600000
1715644800000,54.61000000,54.84000000,52.22000000,52.42000000,71279.37900000
1715731200000,52.42000000,56.39000000,52.02000000,56.03000000,69566.95100000
1715817600000,56.02000000,56.61000000,54.14000000,55.28000000,57218.40600000
1715904000000,55.29000000,57.05000000,54.60000000,56.65000000,64165.44900000
1715990400000,56.65000000,57.54000000,55.81000000,56.70000000,35701.17500000
1716076800000,56.67000000,57.28000000,54.39000000,54.94000000,29720.65800000
1716163200000,54.95000000,59.96000000,54.36000000,59.70000000,77165.88500000
1716249600000,59.72000000,63.25000000,58.82000000,61.85000000,121988.94200000
1716336000000,61.80000000,62.46000000,59.60000000,60.70000000,75077.52300000
1716422400000,60.73000000,62.26000000,53.80000000,59.43000000,102127.23400000
1716508800000,59.42000000,61.85000000,57.58000000,60.64000000,68804.83600000
1716595200000,60.61000000,65.94000000,60.45000000,63.70000000,105646.61600000
1716681600000,63.71000000,64.87000000,62.17000000,63.88000000,67382.50500000
1716768000000,63.80000000,64.92000000,62.45000000,62.86000000,60766.33800000
1716854400000,62.83000000,63.70000000,60.82000000,62.44000000,91359.11600000
1716940800000,62.44000000,64.37000000,60.96000000,61.25000000,99771.37400000
1717027200000,61.25000000,61.82000000,58.82000000,59.49000000,62698.62000000
1717113600000,59.52000000,61.30000000,58.21000000,59.19000000,62221.19700000
1717200000000,59.19000000,59.41000000,58.54000000,58.59000000,26480.21600000
1717286400000,58.58000000,59.37000000,57.60000000,57.86000000,46422.21600000
1717372800000,57.86000000,60.05000000,57.21000000,57.89000000,51280.20400000
1717459200000,57.83000000,60.73000000,57.67000000,59.91000000,72758.42400000
1717545600000,59.91000000,61.40000000,59.28000000,61.40000000,59074.28600000
1717632000000,61.38000000,61.46000000,58.75000000,59.68000000,47184.69900000
1717718400000,59.69000000,60.82000000,50.30000000,55.74000000,113124.81400000
1717804800000,55.73000000,56.12000000,52.58000000,53.76000000,63822.87400000
1717891200000,53.74000000,54.74000000,53.00000000,54.39000000,39335.22600000
1717977600000,54.39000000,54.65000000,52.89000000,53.45000000,87242.37700000
1718064000000,53.47000000,53.62000000,50.00000000,52.11000000,125761.33500000
1718150400000,52.13000000,55.21000000,51.17000000,53.94000000,72098.73600000
1718236800000,53.93000000,54.01000000,51.29000000,51.75000000,83317.08800000
1718323200000,51.76000000,52.84000000,49.50000000,51.94000000,64703.86300000
1718409600000,51.93000000,53.98000000,51.89000000,53.67000000,40583.42300000
1718496000000,53.66000000,54.36000000,52.87000000,54.03000000,36183.82100000
1718582400000,54.01000000,54.34000000,49.40000000,50.63000000,89323.30400000
1718668800000,50.64000000,50.81000000,44.82000000,48.00000000,218432.45800000
1718755200000,47.93000000,51.23000000,47.39000000,50.13000000,93788.65700000
1718841600000,50.13000000,50.99000000,48.56000000,48.79000000,54975.56800000
1718928000000,48.79000000,50.06000000,48.15000000,48.87000000,54855.29300000
1719014400000,48.89000000,49.28000000,48.03000000,48.71000000,28938.89900000
1719100800000,48.72000000,49.63000000,47.48000000,47.71000000,25089.50800000
1719187200000,47.72000000,48.68000000,45.17000000,47.96000000,64187.06500000
1719273600000,47.98000000,50.12000000,47.83000000,48.69000000,45008.90800000
1719360000000,48.70000000,49.72000000,47.90000000,49.10000000,40092.07500000
1719446400000,49.05000000,50.69000000,48.60000000,50.24000000,36960.63400000
1719532800000,50.24000000,51.33000000,49.49000000,49.63000000,41066.67800000
1719619200000,49.62000000,50.76000000,47.94000000,48.17000000,22703.35500000
1719705600000,48.18000000,49.96000000,47.80000000,49.76000000,27639.97700000
1719792000000,49.77000000,50.95000000,48.72000000,49.54000000,38342.97200000
1719878400000,49.51000000,50.04000000,48.46000000,49.13000000,47161.39300000
1719964800000,49.16000000,49.47000000,47.10000000,47.64000000,45918.56900000
1720051200000,47.72000000,48.26000000,44.37000000,44.65000000,86536.13400000
1720137600000,44.68000000,47.65000000,40.17000000,46.78000000,147113.06000000
1720224000000,46.76000000,47.85000000,45.60000000,47.33000000,63050.06100000
1720310400000,47.34000000,47.41000000,44.78000000,44.95000000,24801.88200000
1720396800000,44.98000000,48.95000000,43.72000000,47.63000000,81315.38700000
1720483200000,47.61000000,49.00000000,47.02000000,47.70000000,31794.27200000
1720569600000,47.70000000,48.79000000,47.05000000,47.93000000,49734.25600000
1720656000000,47.96000000,49.10000000,46.37000000,46.68000000,52137.91200000
1720742400000,46.67000000,47.94000000,45.73000000,47.93000000,36196.70000000
1720828800000,47.93000000,48.08000000,47.00000000,47.50000000,21462.38700000
1720915200000,47.50000000,50.63000000,47.25000000,50.41000000,34311.76600000
1721001600000,50.47000000,52.18000000,50.12000000,52.04000000,51395.74000000
1721088000000,52.02000000,52.40000000,49.43000000,51.69000000,63804.81300000
1721174400000,51.70000000,52.97000000,50.61000000,50.74000000,39338.58200000
1721260800000,50.74000000,53.10000000,50.42000000,52.44000000,60302.26900000
1721347200000,52.41000000,52.88000000,50.69000000,52.10000000,40594.09400000
1721433600000,52.09000000,52.45000000,50.90000000,51.55000000,38531.93000000
1721520000000,51.56000000,52.70000000,49.78000000,52.39000000,29415.16900000
1721606400000,52.43000000,53.11000000,50.35000000,50.50000000,35536.66500000
1721692800000,50.51000000,51.68000000,49.04000000,49.93000000,48151.38700000
1721779200000,49.99000000,51.03000000,48.26000000,48.80000000,38249.63600000
1721865600000,48.76000000,49.85000000,46.94000000,49.77000000,50120.15900000
1721952000000,49.76000000,52.21000000,49.73000000,51.39000000,42405.09700000
1722038400000,51.37000000,52.84000000,50.98000000,51.61000000,32745.59200000
1722124800000,51.60000000,51.72000000,47.08000000,47.51000000,69832.77700000
1722211200000,47.51000000,51.00000000,46.09000000,49.51000000,159075.91900000
1722297600000,49.49000000,52.84000000,49.49000000,52.75000000,238980.50900000
1722384000000,52.75000000,53.65000000,51.38000000,52.72000000,137938.51200000
1722470400000,52.69000000,54.44000000,50.54000000,53.52000000,195159.00800000
1722556800000,53.53000000,54.32000000,49.34000000,51.40000000,169365.99800000
1722643200000,51.42000000,51.65000000,43.92000000,44.39000000,172237.06000000
1722729600000,44.39000000,46.64000000,40.75000000,40.77000000,190008.22600000
1722816000000,40.77000000,41.23000000,33.84000000,37.84000000,367757.17900000
1722902400000,37.85000000,41.14000000,37.42000000,39.47000000,192371.61900000
1722988800000,39.45000000,40.28000000,36.80000000,37.30000000,122909.01300000
1723075200000,37.34000000,41.52000000,36.80000000,41.23000000,78575.72000000
1723161600000,41.23000000,41.63000000,39.65000000,41.26000000,86228.39500000
1723248000000,41.27000000,41.91000000,40.65000000,41.22000000,37364.92200000
1723334400000,41.23000000,43.55000000,40.63000000,40.97000000,64244.27300000
1723420800000,40.98000000,43.36000000,40.55000000,42.46000000,89146.86300000
1723507200000,42.45000000,44.29000000,41.87000000,44.16000000,81946.59200000
1723593600000,44.17000000,45.40000000,43.42000000,44.83000000,68850.62800000
1723680000000,44.81000000,44.91000000,42.26000000,43.58000000,73192.91600000
1723766400000,43.57000000,43.78000000,41.16000000,42.44000000,96262.50200000
1723852800000,42.39000000,42.99000000,40.87000000,41.99000000,69792.00700000
1723939200000,42.00000000,44.01000000,41.11000000,42.44000000,63738.12300000
1724025600000,42.46000000,43.62000000,41.62000000,43.13000000,55365.91000000
1724112000000,43.12000000,46.43000000,42.61000000,46.10000000,142947.11900000
1724198400000,46.09000000,51.74000000,45.57000000,49.70000000,214956.78800000
1724284800000,49.70000000,51.21000000,49.26000000,51.06000000,135271.30300000
1724371200000,51.04000000,55.28000000,50.14000000,54.31000000,138436.42100000
1724457600000,54.32000000,54.33000000,51.87000000,52.84000000,101169.92100000
1724544000000,52.84000000,53.34000000,51.05000000,51.18000000,85729.18400000
1724630400000,51.18000000,52.20000000,47.91000000,48.06000000,142894.78400000
1724716800000,48.05000000,48.77000000,44.74000000,45.47000000,107358.72900000
1724803200000,45.47000000,46.53000000,44.21000000,45.17000000,99409.94400000
1724889600000,45.16000000,46.75000000,44.07000000,44.86000000,53987.41800000
1724976000000,44.80000000,47.08000000,44.06000000,46.39000000,99939.08500000
1725062400000,46.37000000,46.75000000,44.76000000,45.20000000,52792.46400000
1725148800000,45.22000000,45.54000000,42.06000000,42.63000000,84095.09500000
1725235200000,42.63000000,45.35000000,42.43000000,45.23000000,74739.94100000
1725321600000,45.23000000,45.69000000,42.73000000,42.87000000,76497.03100000
1725408000000,42.89000000,46.31000000,41.11000000,44.55000000,138330.53200000
1725494400000,44.54000000,44.77000000,41.40000000,41.94000000,86306.28200000
1725580800000,41.92000000,42.70000000,39.37000000,41.11000000,111234.53500000
1725667200000,41.11000000,42.05000000,40.65000000,41.25000000,77593.57700000
1725753600000,41.23000000,42.20000000,40.40000000,41.34000000,49728.72800000
1725840000000,41.39000000,43.04000000,40.91000000,42.47000000,101990.88200000
1725926400000,42.47000000,43.61000000,41.65000000,43.11000000,116365.60600000
1726012800000,43.14000000,43.42000000,40.82000000,41.66000000,151071.89900000
1726099200000,41.67000000,44.56000000,41.60000000,44.26000000,108780.19500000
1726185600000,44.26000000,44.95000000,43.26000000,44.81000000,129721.49600000
1726272000000,44.82000000,45.26000000,43.70000000,44.72000000,63816.02800000
1726358400000,44.71000000,44.86000000,42.33000000,42.76000000,71705.15700000
1726444800000,42.76000000,43.78000000,41.94000000,42.61000000,82482.26200000
1726531200000,42.57000000,43.88000000,42.03000000,42.56000000,100122.08300000
1726617600000,42.57000000,43.96000000,41.12000000,43.94000000,64497.56900000
1726704000000,43.94000000,45.22000000,43.91000000,44.14000000,49703.57600000
1726790400000,44.25000000,45.79000000,43.68000000,45.16000000,50571.13400000
1726876800000,45.17000000,46.93000000,44.50000000,46.86000000,39189.04400000
1726963200000,46.86000000,47.18000000,45.33000000,47.17000000,34760.52700000
1727049600000,47.19000000,49.74000000,46.44000000,48.93000000,73876.10000000
1727136000000,48.90000000,52.00000000,48.57000000,49.76000000,70412.89700000
1727222400000,49.78000000,50.46000000,48.62000000,48.91000000,69206.93700000
1727308800000,48.96000000,50.33000000,48.16000000,49.30000000,43487.24400000
1727395200000,49.31000000,50.73000000,48.38000000,49.76000000,53327.78400000
1727481600000,49.80000000,50.85000000,47.66000000,48.31000000,30953.72600000
1727568000000,48.30000000,48.83000000,47.10000000,47.41000000,36371.56200000
1727654400000,47.40000000,48.79000000,45.58000000,46.18000000,56033.94900000
1727740800000,46.16000000,48.15000000,41.47000000,42.65000000,79280.58000000
1727827200000,42.63000000,44.53000000,40.80000000,42.25000000,71693.99300000
1727913600000,42.24000000,42.87000000,40.61000000,42.67000000,57774.95900000
1728000000000,42.69000000,44.70000000,42.16000000,44.34000000,36158.78200000
1728086400000,44.36000000,44.90000000,43.79000000,44.23000000,16147.03600000
1728172800000,44.22000000,44.52000000,43.28000000,44.35000000,27953.31300000
1728259200000,44.38000000,45.32000000,43.98000000,44.14000000,29077.40200000
1728345600000,44.21000000,45.02000000,43.00000000,43.78000000,32608.43400000
1728432000000,43.77000000,44.91000000,42.49000000,42.99000000,35520.33900000
1728518400000,43.12000000,44.20000000,42.13000000,43.48000000,37547.48400000
1728604800000,43.48000000,44.21000000,43.16000000,44.01000000,23221.64100000
1728691200000,44.02000000,45.50000000,43.98000000,44.95000000,25669.75000000
1728777600000,44.97000000,45.07000000,43.25000000,44.36000000,22610.50400000
1728864000000,44.37000000,46.44000000,43.99000000,45.64000000,61236.90000000
1728950400000,45.66000000,46.03000000,43.58000000,45.04000000,39061.43500000
1729036800000,45.07000000,45.36000000,43.86000000,45.16000000,35231.57000000
1729123200000,45.18000000,45.58000000,43.11000000,44.59000000,37750.10800000
1729209600000,44.59000000,46.19000000,44.11000000,45.65000000,55558.36400000
1729296000000,45.71000000,46.68000000,44.70000000,46.01000000,27537.15400000
1729382400000,46.02000000,47.29000000,45.29000000,47.15000000,36501.46900000
1729468800000,47.16000000,47.33000000,44.63000000,45.36000000,40596.77200000
1729555200000,45.36000000,46.33000000,44.24000000,44.84000000,24684.21900000
1729641600000,44.85000000,45.06000000,42.63000000,43.94000000,46018.35000000
1729728000000,43.94000000,44.64000000,43.42000000,44.02000000,23151.80200000
1729814400000,44.02000000,44.31000000,39.50000000,41.12000000,42463.89200000
1729900800000,41.11000000,42.18000000,40.78000000,42.02000000,26720.00300000
1729987200000,42.02000000,43.04000000,41.53000000,42.75000000,45946.71500000
1730073600000,42.76000000,43.99000000,41.60000000,43.83000000,56510.24700000
1730160000000,43.88000000,45.27000000,43.85000000,44.77000000,47616.09400000
1730246400000,44.76000000,45.34000000,43.97000000,44.62000000,33230.74700000
1730332800000,44.64000000,45.27000000,42.42000000,43.02000000,42087.40200000
1730419200000,43.03000000,43.29000000,41.85000000,42.34000000,35418.91900000
1730505600000,42.30000000,42.54000000,41.04000000,41.44000000,21040.00500000
1730592000000,41.48000000,41.55000000,39.31000000,40.70000000,62244.83200000
1730678400000,40.69000000,42.27000000,40.04000000,40.95000000,48432.16600000
1730764800000,40.95000000,41.55000000,38.86000000,41.02000000,119305.71600000
1730851200000,41.04000000,44.75000000,41.04000000,44.48000000,102427.04400000
1730937600000,44.47000000,48.00000000,44.05000000,46.59000000,104013.96000000
1731024000000,46.61000000,47.37000000,45.23000000,46.60000000,59178.41200000
1731110400000,46.57000000,48.19000000,46.03000000,47.75000000,47897.38400000
1731196800000,47.76000000,51.08000000,46.65000000,50.00000000,131044.28300000
1731283200000,49.99000000,54.72000000,49.90000000,53.59000000,144457.10100000
1731369600000,53.64000000,56.03000000,49.12000000,50.67000000,129236.49800000
1731456000000,50.70000000,51.40000000,46.37000000,48.10000000,107419.68800000
1731542400000,48.12000000,49.41000000,45.06000000,45.87000000,69680.03300000
1731628800000,45.84000000,48.50000000,45.44000000,48.44000000,46999.90700000
1731715200000,48.43000000,52.51000000,48.15000000,52.35000000,86568.09500000
1731801600000,52.34000000,56.06000000,50.56000000,51.55000000,119774.84200000
1731888000000,51.56000000,57.24000000,51.36000000,56.29000000,119987.66900000
1731974400000,56.30000000,57.94000000,52.41000000,53.55000000,74540.16700000
1732060800000,53.54000000,55.42000000,51.15000000,52.89000000,66000.00800000
1732147200000,52.91000000,55.91000000,51.75000000,53.86000000,77666.79000000
1732233600000,53.87000000,65.71000000,52.35000000,64.61000000,153793.58900000
1732320000000,64.64000000,68.66000000,58.84000000,63.95000000,316083.41700000
1732406400000,63.95000000,72.85000000,62.24000000,67.12000000,178714.32000000
1732492800000,67.14000000,70.62000000,64.82000000,67.38000000,198876.13000000
1732579200000,67.34000000,70.64000000,61.88000000,66.23000000,137666.09600000
1732665600000,66.25000000,74.01000000,64.95000000,73.59000000,83626.42900000
1732752000000,73.55000000,75.28000000,67.68000000,72.74000000,87970.09400000
1732838400000,72.67000000,72.86000000,70.11000000,70.67000000,59720.92200000
1732924800000,70.67000000,73.71000000,70.10000000,71.90000000,64752.06200000
1733011200000,71.89000000,73.42000000,69.90000000,72.26000000,53747.76000000
1733097600000,72.26000000,84.54000000,72.12000000,83.85000000,265934.93400000
1733184000000,83.85000000,94.28000000,80.09000000,87.34000000,295855.44100000
1733270400000,87.34000000,144.00000000,86.61000000,120.28000000,1123482.43900000
1733356800000,120.20000000,124.93000000,109.52000000,114.15000000,696802.60900000
1733443200000,114.15000000,125.77000000,113.25000000,117.99000000,264779.10100000
1733529600000,117.99000000,121.95000000,115.52000000,119.54000000,169774.56500000
1733616000000,119.53000000,124.27000000,116.32000000,118.62000000,177781.14300000
1733702400000,118.68000000,118.69000000,81.06000000,97.85000000,253538.42800000
1733788800000,97.81000000,103.87000000,87.36000000,95.55000000,222038.54900000
1733875200000,95.58000000,104.91000000,91.78000000,103.43000000,125577.37800000
1733961600000,103.51000000,121.95000000,101.90000000,112.53000000,300102.17600000
1734048000000,112.46000000,114.01000000,107.30000000,110.74000000,101866.70500000
1734134400000,110.77000000,114.44000000,104.23000000,106.40000000,93539.12100000
1734220800000,106.42000000,110.79000000,103.69000000,109.54000000,55691.73800000
1734307200000,109.59000000,110.96000000,103.20000000,105.45000000,85405.31000000
1734393600000,105.49000000,106.17000000,98.35000000,100.33000000,88380.79700000
1734480000000,100.38000000,101.19000000,87.80000000,90.53000000,93652.92300000
1734566400000,90.56000000,91.40000000,77.50000000,80.33000000,138726.75100000
1734652800000,80.49000000,85.32000000,68.19000000,85.14000000,130320.46100000
1734739200000,85.13000000,90.69000000,78.59000000,81.00000000,60188.99900000
1734825600000,81.12000000,82.35000000,76.51000000,79.75000000,69287.88600000
1734912000000,79.71000000,86.16000000,77.24000000,84.98000000,55468.00300000
1734998400000,84.94000000,89.62000000,82.56000000,87.37000000,60201.40400000
1735084800000,87.25000000,88.85000000,84.55000000,86.65000000,32170.91900000
1735171200000,86.66000000,86.78000000,78.28000000,79.38000000,46353.78900000
1735257600000,79.32000000,84.36000000,78.15000000,78.85000000,27549.84500000
1735344000000,78.93000000,82.37000000,76.95000000,81.23000000,18445.13300000
1735430400000,81.30000000,81.52000000,76.27000000,77.40000000,19410.51000000
1735516800000,77.30000000,80.23000000,74.45000000,75.94000000,34049.02700000
1735603200000,75.94000000,77.46000000,72.84000000,73.36000000,25665.31300000
1735689600000,73.30000000,78.40000000,71.58000000,77.96000000,26965.08100000
1735776000000,77.96000000,81.44000000,77.88000000,78.53000000,40467.21200000
1735862400000,78.54000000,87.64000000,77.97000000,85.34000000,78316.59300000
1735948800000,85.29000000,86.36000000,83.33000000,84.79000000,35332.80700000
1736035200000,84.80000000,85.34000000,81.34000000,85.08000000,26889.45600000
1736121600000,85.12000000,87.76000000,83.68000000,85.23000000,42251.24500000
1736208000000,85.20000000,85.20000000,75.27000000,75.39000000,48864.12100000
1736294400000,75.38000000,76.40000000,67.46000000,72.54000000,64235.15400000
1736380800000,72.53000000,74.04000000,69.03000000,71.48000000,44875.20500000
1736467200000,71.55000000,77.83000000,71.22000000,77.08000000,97099.76900000
1736553600000,77.08000000,81.95000000,76.27000000,79.68000000,71711.12100000
1736640000000,79.70000000,80.40000000,77.16000000,77.16000000,32514.86200000
1736726400000,77.16000000,79.44000000,69.19000000,72.93000000,57277.22300000
1736812800000,72.91000000,76.86000000,72.38000000,76.39000000,28178.47000000
1736899200000,76.64000000,84.70000000,75.60000000,83.35000000,69028.84100000
1736985600000,83.32000000,83.98000000,79.87000000,80.28000000,52472.31700000
1737072000000,80.37000000,92.48000000,80.37000000,89.60000000,141547.74100000
1737158400000,89.63000000,90.23000000,81.79000000,84.16000000,60102.28200000
1737244800000,84.05000000,88.01000000,78.00000000,80.13000000,89979.63400000
1737331200000,80.11000000,88.11000000,78.02000000,82.02000000,150601.22700000
1737417600000,82.01000000,83.38000000,77.32000000,80.00000000,68572.48400000
1737504000000,80.00000000,80.58000000,75.75000000,76.17000000,44645.24900000
1737590400000,76.13000000,79.20000000,74.69000000,77.47000000,50869.90900000
1737676800000,77.39000000,79.53000000,74.63000000,76.07000000,125045.95500000
1737763200000,76.04000000,76.26000000,73.08000000,74.87000000,60245.66100000
1737849600000,74.86000000,77.88000000,72.45000000,72.47000000,25296.11700000
1737936000000,72.47000000,72.92000000,65.14000000,70.80000000,73579.41500000
1738022400000,70.66000000,71.69000000,66.36000000,67.49000000,67911.19600000
1738108800000,67.36000000,71.65000000,66.96000000,68.80000000,36503.61300000
1738195200000,68.83000000,72.27000000,68.02000000,70.44000000,49555.08400000
1738281600000,70.46000000,73.20000000,68.95000000,69.78000000,40151.19600000
1738368000000,69.83000000,70.52000000,63.48000000,64.16000000,50030.36400000
1738454400000,64.08000000,65.58000000,52.34000000,55.73000000,101964.10200000
1738540800000,55.76000000,58.69000000,42.00000000,57.37000000,227737.87600000
1738627200000,57.35000000,57.70000000,50.76000000,53.29000000,62425.26500000
1738713600000,53.27000000,53.60000000,49.18000000,49.89000000,101892.93800000
1738800000000,49.91000000,51.78000000,47.79000000,48.55000000,36998.07900000
1738886400000,48.55000000,52.38000000,47.97000000,51.18000000,62139.50600000
1738972800000,51.18000000,51.60000000,49.79000000,50.77000000,31259.36900000
1739059200000,50.77000000,52.70000000,48.59000000,51.12000000,37793.09300000
1739145600000,51.16000000,54.82000000,49.13000000,54.59000000,47932.92900000
1739232000000,54.56000000,60.07000000,54.48000000,56.01000000,91863.73100000
1739318400000,55.97000000,59.79000000,54.31000000,58.26000000,45722.55000000
1739404800000,58.26000000,58.74000000,55.14000000,56.08000000,47337.80400000
1739491200000,56.11000000,61.52000000,55.97000000,58.45000000,39262.85700000
1739577600000,58.45000000,58.53000000,56.35000000,56.48000000,17609.60000000
1739664000000,56.50000000,57.46000000,54.89000000,55.01000000,21702.17400000
1739750400000,54.99000000,57.59000000,53.64000000,55.76000000,34340.44000000
1739836800000,55.77000000,55.96000000,51.60000000,52.98000000,27319.39400000
1739923200000,52.98000000,55.41000000,52.21000000,54.87000000,25619.20900000
1740009600000,54.85000000,56.10000000,53.34000000,55.24000000,27471.18600000
1740096000000,55.25000000,57.85000000,51.73000000,52.90000000,40559.91600000
1740182400000,52.95000000,57.36000000,52.67000000,56.29000000,18405.04900000
1740268800000,56.25000000,56.83000000,54.01000000,55.31000000,39792.47700000
1740355200000,55.35000000,55.45000000,49.06000000,50.51000000,48512.88300000
1740441600000,50.51000000,51.87000000,48.10000000,51.31000000,57979.02600000
1740528000000,51.33000000,52.91000000,48.94000000,50.81000000,49507.72900000
1740614400000,50.87000000,53.16000000,50.26000000,52.09000000,31596.00100000
1740700800000,52.08000000,52.13000000,46.83000000,50.90000000,51412.79300000
1740787200000,50.91000000,51.78000000,49.03000000,50.33000000,20963.22200000
1740873600000,50.30000000,55.35000000,48.66000000,54.24000000,51180.24400000
1740960000000,54.34000000,54.43000000,45.90000000,46.85000000,43994.77700000
1741046400000,46.83000000,49.87000000,42.63000000,49.39000000,99519.67300000
1741132800000,49.40000000,52.02000000,48.94000000,51.55000000,38589.71900000
1741219200000,51.43000000,53.15000000,48.09000000,48.85000000,52224.63800000
1741305600000,48.88000000,52.74000000,46.78000000,50.63000000,50993.91000000
1741392000000,50.65000000,51.83000000,48.29000000,48.70000000,34052.85400000
1741478400000,48.70000000,49.07000000,42.88000000,43.25000000,62903.40900000
1741564800000,43.31000000,46.41000000,41.15000000,41.15000000,63260.78900000
1741651200000,41.23000000,42.37000000,37.64000000,40.51000000,86429.95200000
1741737600000,40.55000000,42.44000000,39.02000000,41.93000000,74052.52900000
1741824000000,41.94000000,42.58000000,38.94000000,40.11000000,52567.04100000
1741910400000,40.13000000,41.80000000,39.94000000,41.56000000,32960.60700000
1741996800000,41.58000000,43.46000000,40.54000000,42.17000000,56171.36300000
1742083200000,42.17000000,42.69000000,40.66000000,41.83000000,42301.41900000
1742169600000,41.78000000,43.92000000,41.78000000,43.29000000,46217.37600000
1742256000000,43.30000000,43.86000000,42.16000000,43.27000000,52665.85800000
1742342400000,43.25000000,44.34000000,42.81000000,44.14000000,50569.93700000
1742428800000,44.14000000,44.31000000,42.13000000,42.94000000,28200.37500000
1742515200000,42.92000000,43.28000000,41.56000000,41.61000000,29847.41000000
1742601600000,41.62000000,43.90000000,41.49000000,43.25000000,27632.60000000
1742688000000,43.24000000,43.79000000,42.25000000,42.69000000,18701.43700000
1742774400000,42.69000000,44.99000000,42.51000000,44.62000000,34756.78400000
1742860800000,44.61000000,45.07000000,43.88000000,44.56000000,25174.13400000
1742947200000,44.57000000,45.78000000,43.64000000,44.43000000,30745.49100000
1743033600000,44.47000000,45.64000000,43.87000000,44.58000000,17341.79000000
1743120000000,44.52000000,44.67000000,39.72000000,41.03000000,45938.67800000
1743206400000,41.02000000,41.35000000,38.41000000,38.72000000,33933.22500000
1743292800000,38.75000000,39.61000000,38.45000000,39.15000000,24503.60400000
1743379200000,39.20000000,40.00000000,37.95000000,39.61000000,43831.79700000
1743465600000,39.57000000,79.99000000,39.26000000,44.20000000,1190796.34400000
1743552000000,44.20000000,49.66000000,42.03000000,44.45000000,448091.10400000
1743638400000,44.45000000,48.16000000,43.87000000,46.68000000,311036.51800000
1743724800000,46.69000000,47.63000000,43.58000000,44.47000000,129840.20600000
1743811200000,44.47000000,46.99000000,43.64000000,44.65000000,99669.21600000
1743897600000,44.64000000,44.64000000,38.95000000,39.63000000,88763.62200000
1743984000000,39.63000000,41.93000000,36.01000000,39.47000000,139352.08900000
1744070400000,39.43000000,40.51000000,36.37000000,36.96000000,68025.99800000
1744156800000,36.96000000,40.85000000,35.48000000,40.09000000,84607.79400000
1744243200000,40.10000000,40.12000000,37.42000000,39.15000000,57903.66300000
1744329600000,39.15000000,41.49000000,39.07000000,40.43000000,60730.00300000
1744416000000,40.41000000,42.37000000,40.08000000,41.97000000,38080.43200000
1744502400000,41.96000000,42.20000000,40.04000000,40.60000000,32709.88800000
1744588800000,40.62000000,42.16000000,40.00000000,40.22000000,40925.93800000
1744675200000,40.26000000,40.98000000,39.52000000,39.73000000,35505.56900000
1744761600000,39.72000000,40.43000000,38.83000000,39.22000000,43360.86700000
1744848000000,39.23000000,39.95000000,38.43000000,39.14000000,34876.51400000
1744934400000,39.17000000,40.27000000,38.83000000,39.46000000,25788.55200000
1745020800000,39.47000000,40.60000000,39.38000000,40.51000000,30417.42100000
1745107200000,40.51000000,40.69000000,39.25000000,40.31000000,25013.94400000
1745193600000,40.29000000,41.65000000,39.71000000,39.84000000,38167.28400000
1745280000000,39.81000000,42.96000000,38.97000000,42.72000000,54142.88500000
1745366400000,42.78000000,43.97000000,42.35000000,43.13000000,52428.19300000
1745452800000,43.10000000,43.99000000,41.32000000,43.81000000,41120.92600000
1745539200000,43.77000000,44.52000000,43.06000000,43.80000000,42890.43100000
1745625600000,43.82000000,45.18000000,43.06000000,44.18000000,39071.84600000
1745712000000,44.23000000,44.79000000,42.16000000,42.57000000,34843.82000000
1745798400000,42.57000000,43.82000000,41.47000000,42.63000000,51158.47700000
1745884800000,42.69000000,43.15000000,40.47000000,40.92000000,39247.34900000
1745971200000,40.90000000,42.05000000,39.62000000,40.58000000,62463.67900000
1746057600000,40.58000000,41.20000000,40.14000000,40.29000000,116225.28400000
1746144000000,40.29000000,41.85000000,39.93000000,41.81000000,68097.21200000
1746230400000,41.79000000,41.80000000,39.40000000,40.01000000,37357.89700000
1746316800000,40.00000000,40.30000000,39.43000000,39.66000000,26209.24800000
1746403200000,39.65000000,40.60000000,38.76000000,39.10000000,93164.79200000
1746489600000,39.10000000,39.17000000,36.93000000,38.43000000,95256.29300000
1746576000000,38.44000000,39.18000000,37.86000000,38.99000000,60191.40500000
1746662400000,39.00000000,44.02000000,39.00000000,43.78000000,72647.37900000
1746748800000,43.79000000,46.25000000,43.37000000,45.38000000,94716.51600000
1746835200000,45.39000000,49.25000000,44.90000000,48.87000000,88532.31400000
1746921600000,48.85000000,49.69000000,46.30000000,47.90000000,64812.56400000
1747008000000,47.93000000,49.87000000,44.64000000,46.99000000,87756.76400000
1747094400000,46.99000000,48.87000000,44.64000000,48.38000000,68637.84000000
1747180800000,48.37000000,49.01000000,45.78000000,46.06000000,94493.07500000
1747267200000,46.05000000,46.55000000,43.42000000,44.37000000,130013.28500000
1747353600000,44.38000000,47.77000000,44.14000000,45.87000000,153302.93200000
1747440000000,45.87000000,46.03000000,42.67000000,42.98000000,118505.23800000
1747526400000,42.99000000,45.93000000,42.50000000,45.23000000,122224.97100000
1747612800000,45.24000000,45.50000000,41.20000000,43.03000000,183926.60900000
1747699200000,43.03000000,44.11000000,41.87000000,42.84000000,166067.30200000
1747785600000,42.85000000,44.78000000,42.29000000,43.98000000,230811.98200000
1747872000000,43.97000000,45.27000000,43.69000000,45.14000000,178641.57300000
1747958400000,45.14000000,46.03000000,41.87000000,42.09000000,282806.66300000
1748044800000,42.10000000,43.20000000,41.92000000,42.07000000,78468.28000000
1748131200000,42.07000000,42.34000000,40.64000000,42.30000000,103374.86600000
1748217600000,42.32000000,43.01000000,41.57000000,42.13000000,63445.41800000
1748304000000,42.14000000,43.33000000,41.32000000,42.43000000,92511.43100000
1748390400000,42.42000000,43.35000000,41.54000000,42.75000000,74394.61000000
1748476800000,42.76000000,43.94000000,42.08000000,43.14000000,133083.35300000
1748563200000,43.13000000,43.76000000,39.74000000,40.03000000,167608.86100000
1748649600000,40.02000000,41.72000000,39.16000000,40.58000000,137325.00200000
1748736000000,40.57000000,41.23000000,39.70000000,40.78000000,62056.89700000
1748822400000,40.76000000,41.46000000,39.65000000,41.38000000,144845.31000000
1748908800000,41.37000000,47.35000000,41.27000000,44.47000000,270789.00700000
1748995200000,44.46000000,51.24000000,43.92000000,44.90000000,672370.29500000
1749081600000,44.90000000,45.02000000,41.81000000,42.21000000,183125.22100000
1749168000000,42.19000000,50.80000000,42.09000000,44.46000000,795312.81500000
1749254400000,44.46000000,46.58000000,43.50000000,45.65000000,230520.78300000
1749340800000,45.65000000,47.89000000,44.23000000,45.84000000,215248.83900000
1749427200000,45.84000000,53.74000000,44.95000000,50.99000000,308455.73000000
1749513600000,51.02000000,62.30000000,49.95000000,60.71000000,997446.97500000
1749600000000,60.70000000,62.75000000,58.47000000,59.78000000,471028.58000000
1749686400000,59.77000000,61.15000000,54.34000000,54.36000000,268140.57400000
1749772800000,54.37000000,57.01000000,50.11000000,56.07000000,377181.27000000
1749859200000,56.07000000,56.42000000,51.39000000,52.47000000,148629.61300000
1749945600000,52.47000000,53.91000000,50.95000000,52.68000000,85021.88500000
1750032000000,52.69000000,57.21000000,51.74000000,54.49000000,164390.62700000
1750118400000,54.49000000,56.09000000,48.33000000,50.17000000,166393.13800000
1750204800000,50.18000000,51.50000000,48.53000000,50.55000000,149621.31900000
1750291200000,50.55000000,52.00000000,49.73000000,51.55000000,106138.40600000
1750377600000,51.54000000,51.99000000,48.46000000,48.71000000,132211.06000000
1750464000000,48.69000000,49.05000000,45.31000000,46.73000000,115823.50400000
1750550400000,46.71000000,47.19000000,43.50000000,45.19000000,155187.49000000
1750636800000,45.19000000,48.81000000,43.76000000,48.19000000,181927.13700000
1750723200000,48.18000000,48.66000000,46.09000000,46.51000000,216561.04800000
1750809600000,46.51000000,47.96000000,45.33000000,45.63000000,158004.95800000
1750896000000,45.63000000,47.03000000,44.86000000,45.44000000,146587.14800000
1750982400000,45.45000000,46.71000000,44.88000000,46.03000000,99690.31400000
1751068800000,46.03000000,46.14000000,45.20000000,45.75000000,85083.67300000
1751155200000,45.74000000,47.18000000,44.97000000,46.49000000,106096.30400000
1751241600000,46.49000000,46.72000000,44.03000000,44.35000000,228384.80200000
1751328000000,44.35000000,44.50000000,41.22000000,41.59000000,210297.41700000
1751414400000,41.58000000,44.50000000,41.19000000,43.76000000,239956.44700000
1751500800000,43.76000000,44.86000000,42.92000000,43.01000000,160162.89500000
1751587200000,43.02000000,43.43000000,40.84000000,41.16000000,141171.04400000
1751673600000,41.15000000,41.64000000,40.46000000,41.11000000,107588.16500000
1751760000000,41.12000000,42.03000000,40.42000000,41.37000000,84303.30000000
1751846400000,41.38000000,41.70000000,40.33000000,40.71000000,95370.33500000
1751932800000,40.70000000,41.47000000,40.10000000,40.99000000,111935.39700000
1752019200000,40.99000000,47.08000000,39.87000000,45.85000000,564836.72700000
1752105600000,45.86000000,49.00000000,44.44000000,48.18000000,318200.99200000
1752192000000,48.18000000,48.94000000,45.99000000,46.71000000,262525.51700000
1752278400000,46.72000000,47.54000000,45.12000000,46.37000000,166556.22700000
1752364800000,46.38000000,47.63000000,46.13000000,46.64000000,134276.15900000
1752451200000,46.65000000,54.02000000,46.36000000,48.78000000,761712.44700000
1752537600000,48.77000000,49.50000000,46.62000000,49.11000000,375490.81800000
1752624000000,49.11000000,51.54000000,48.80000000,50.25000000,274131.51200000
1752710400000,50.26000000,51.06000000,47.89000000,50.11000000,272539.84300000
1752796800000,50.12000000,55.48000000,49.80000000,51.45000000,535799.39200000
1752883200000,51.47000000,52.32000000,49.63000000,51.82000000,210702.33200000
1752969600000,51.83000000,55.37000000,51.34000000,53.73000000,265285.65100000
1753056000000,53.73000000,55.63000000,52.33000000,53.81000000,348009.00600000
1753142400000,53.82000000,54.31000000,50.02000000,52.92000000,178789.50700000
1753228800000,52.94000000,53.86000000,48.32000000,50.18000000,174558.09200000
1753315200000,50.19000000,50.88000000,46.05000000,47.91000000,153513.22400000
1753401600000,47.92000000,48.98000000,46.31000000,48.77000000,129780.64600000
1753488000000,48.76000000,49.93000000,48.32000000,49.25000000,71959.83900000
1753574400000,49.25000000,52.21000000,48.96000000,51.26000000,159576.35800000
1753660800000,51.28000000,52.22000000,48.11000000,48.42000000,184203.42300000
1753747200000,48.45000000,49.78000000,46.67000000,47.67000000,212074.99300000
1753833600000,47.66000000,47.88000000,44.57000000,47.02000000,176429.50100000
1753920000000,47.05000000,48.50000000,44.81000000,45.05000000,147452.85500000
1754006400000,45.05000000,45.20000000,42.92000000,44.03000000,339277.29200000
1754092800000,44.03000000,45.09000000,43.15000000,44.25000000,154946.06300000
1754179200000,44.25000000,45.12000000,43.79000000,44.88000000,83717.05200000
1754265600000,44.88000000,47.34000000,44.81000000,47.17000000,95972.45400000
1754352000000,47.18000000,47.48000000,44.87000000,45.74000000,80186.91600000
1754438400000,45.74000000,46.41000000,44.44000000,46.20000000,56761.34900000
1754524800000,46.21000000,48.50000000,45.71000000,48.42000000,53776.20600000
1754611200000,48.42000000,49.79000000,47.37000000,49.47000000,155402.25400000
1754697600000,49.48000000,57.02000000,49.41000000,55.29000000,359296.02500000
1754784000000,55.29000000,56.29000000,52.60000000,54.21000000,161891.54500000
1754870400000,54.21000000,55.14000000,50.56000000,50.77000000,139510.94300000
1754956800000,50.78000000,53.54000000,50.09000000,53.16000000,120590.18800000
1755043200000,53.14000000,55.18000000,52.00000000,53.88000000,109387.66600000
1755129600000,53.89000000,54.60000000,47.67000000,48.57000000,147964.42800000
1755216000000,48.57000000,49.48000000,46.20000000,47.90000000,75536.02500000
1755302400000,47.89000000,48.52000000,47.03000000,48.43000000,44416.00500000
1755388800000,48.43000000,49.51000000,48.08000000,48.14000000,54320.69700000
1755475200000,48.13000000,48.26000000,45.84000000,46.75000000,80283.99000000
1755561600000,46.76000000,47.45000000,44.55000000,44.68000000,73008.72300000
1755648000000,44.68000000,46.93000000,44.68000000,46.44000000,68611.99900000
1755734400000,46.45000000,46.68000000,44.77000000,44.99000000,51639.56200000
1755820800000,44.99000000,50.01000000,43.55000000,49.45000000,139866.81600000
1755907200000,49.45000000,50.04000000,47.76000000,48.67000000,92209.78700000
1755993600000,48.68000000,49.10000000,46.08000000,46.44000000,94553.14900000
1756080000000,46.43000000,47.20000000,41.86000000,42.89000000,158134.00300000
1756166400000,42.88000000,44.87000000,42.56000000,44.56000000,75948.50700000
1756252800000,44.57000000,45.05000000,43.75000000,43.93000000,69658.50700000
1756339200000,43.92000000,45.10000000,43.56000000,44.68000000,54699.16800000
1756425600000,44.69000000,44.84000000,42.24000000,43.04000000,64657.80600000
1756512000000,43.05000000,43.63000000,42.15000000,43.18000000,30190.12200000
1756598400000,43.18000000,43.62000000,42.44000000,42.46000000,35570.21300000
1756684800000,42.46000000,45.32000000,41.07000000,42.27000000,170522.01700000
1756771200000,42.29000000,43.44000000,41.80000000,43.36000000,59196.93800000
1756857600000,43.36000000,43.83000000,42.68000000,43.26000000,46841.23500000
1756944000000,43.26000000,43.46000000,41.54000000,42.21000000,66561.36500000
1757030400000,42.21000000,44.37000000,42.13000000,43.39000000,67315.07400000
1757116800000,43.39000000,43.67000000,42.13000000,42.31000000,38925.53400000
1757203200000,42.33000000,43.08000000,42.23000000,42.73000000,34511.79700000
1757289600000,42.73000000,44.24000000,42.66000000,43.53000000,121850.50700000
1757376000000,43.53000000,44.80000000,42.91000000,43.37000000,78507.60400000
1757462400000,43.37000000,44.53000000,43.20000000,43.97000000,63855.76400000
1757548800000,43.97000000,45.35000000,43.82000000,45.12000000,83800.20600000
1757635200000,45.14000000,45.99000000,44.09000000,45.81000000,87884.07100000
1757721600000,45.82000000,48.16000000,45.44000000,46.99000000,268089.83700000
1757808000000,46.98000000,47.19000000,44.68000000,44.92000000,68074.54000000
1757894400000,44.91000000,45.84000000,43.16000000,44.24000000,63795.61500000
1757980800000,44.24000000,45.02000000,43.53000000,44.83000000,31301.19400000
1758067200000,44.83000000,46.21000000,43.61000000,45.97000000,54886.46300000
1758153600000,45.97000000,46.59000000,45.45000000,46.01000000,40897.93500000
1758240000000,46.03000000,46.43000000,43.73000000,44.07000000,47071.13300000
1758326400000,44.06000000,45.34000000,43.73000000,44.68000000,27695.58500000
1758412800000,44.68000000,45.15000000,44.07000000,44.34000000,29281.30900000
1758499200000,44.32000000,44.50000000,39.58000000,42.23000000,129968.58700000
1758585600000,42.22000000,42.27000000,40.91000000,41.23000000,72103.32500000
1758672000000,41.24000000,42.47000000,40.65000000,41.57000000,41382.32200000
1758758400000,41.58000000,43.94000000,39.05000000,39.68000000,185279.83500000
1758844800000,39.68000000,41.27000000,39.49000000,41.09000000,56092.41400000
1758931200000,41.08000000,41.28000000,40.60000000,40.93000000,18626.06100000
1759017600000,40.93000000,41.85000000,40.04000000,41.77000000,28826.67800000
1759104000000,41.77000000,42.50000000,41.02000000,41.99000000,32013.37100000
1759190400000,42.01000000,42.16000000,40.45000000,41.59000000,42071.52900000
1759276800000,41.61000000,43.14000000,40.64000000,43.08000000,39087.61800000
1759363200000,43.08000000,45.02000000,42.70000000,43.93000000,79660.45000000
1759449600000,43.93000000,44.57000000,42.89000000,43.86000000,42548.68100000
1759536000000,43.87000000,44.01000000,42.12000000,42.67000000,40142.37200000
1759622400000,42.68000000,44.12000000,42.38000000,42.90000000,41254.73400000
1759708800000,42.90000000,44.31000000,42.58000000,43.92000000,31808.67400000
1759795200000,43.92000000,43.99000000,41.88000000,42.20000000,41389.44500000
1759881600000,42.21000000,43.30000000,41.82000000,42.81000000,34659.77500000
1759968000000,42.81000000,42.91000000,41.06000000,42.05000000,27741.98700000
1760054400000,42.06000000,43.95000000,9.81000000,30.01000000,280775.74600000
1760140800000,30.03000000,33.70000000,29.45000000,32.10000000,218617.14500000
1760227200000,32.11000000,35.83000000,31.25000000,34.71000000,103985.38300000
1760313600000,34.71000000,36.38000000,33.95000000,36.15000000,99013.14300000
1760400000000,36.16000000,37.63000000,32.53000000,36.42000000,148650.55000000
1760486400000,36.42000000,37.36000000,34.47000000,35.20000000,116894.41500000
1760572800000,35.20000000,35.85000000,33.20000000,34.25000000,65819.79100000
1760659200000,34.26000000,39.00000000,31.75000000,33.34000000,193604.60500000
1760745600000,33.34000000,36.23000000,33.19000000,36.15000000,39045.45800000
1760832000000,36.15000000,37.32000000,35.19000000,37.01000000,87876.34900000
1760918400000,37.00000000,38.42000000,36.31000000,37.42000000,70731.06400000
1761004800000,37.42000000,38.35000000,35.87000000,36.46000000,130301.00000000
1761091200000,36.47000000,37.08000000,35.13000000,36.18000000,64222.00700000
1761177600000,36.19000000,37.40000000,35.90000000,37.40000000,63077.15700000
1761264000000,37.39000000,38.85000000,37.15000000,37.96000000,48286.81200000
1761350400000,37.96000000,38.30000000,37.44000000,38.22000000,18914.91700000
1761436800000,38.22000000,39.09000000,37.95000000,38.59000000,29183.31500000
1761523200000,38.63000000,39.12000000,37.06000000,37.26000000,36625.26800000
1761609600000,37.23000000,38.31000000,35.70000000,36.30000000,70067.33200000
1761696000000,36.29000000,37.47000000,35.54000000,36.94000000,38653.07600000
1761782400000,36.96000000,37.58000000,34.14000000,34.98000000,300855.45200000
1761868800000,34.98000000,35.46000000,34.18000000,35.02000000,65952.35600000
1761955200000,35.00000000,36.20000000,34.51000000,35.72000000,48685.60200000
1762041600000,35.72000000,36.20000000,34.71000000,35.78000000,35050.24900000
1762128000000,35.77000000,35.84000000,31.14000000,32.78000000,90823.02400000
1762214400000,32.79000000,33.20000000,29.72000000,31.21000000,102094.21500000
1762300800000,31.21000000,32.35000000,29.66000000,32.25000000,42423.50000000
1762387200000,32.25000000,32.48000000,31.11000000,31.87000000,46770.92400000
1762473600000,31.86000000,35.58000000,31.58000000,34.77000000,93689.97400000
1762560000000,34.79000000,35.20000000,33.14000000,34.46000000,63346.18000000
1762646400000,34.45000000,35.03000000,32.75000000,34.70000000,42736.94600000
1762732800000,34.69000000,36.05000000,33.74000000,35.46000000,54258.00700000
1762819200000,35.46000000,36.04000000,32.76000000,32.88000000,51639.82800000
1762905600000,32.89000000,36.80000000,32.42000000,32.97000000,106500.89200000
1762992000000,32.98000000,34.51000000,32.11000000,33.60000000,83907.52200000
1763078400000,33.61000000,34.06000000,31.64000000,32.43000000,87940.55900000
1763164800000,32.43000000,33.47000000,32.24000000,32.82000000,23086.08500000
1763251200000,32.82000000,33.21000000,31.36000000,31.95000000,32165.53500000
1763337600000,31.94000000,33.49000000,31.12000000,31.67000000,59653.72200000
1763424000000,31.68000000,32.69000000,31.18000000,31.97000000,39198.47000000
1763510400000,31.96000000,32.31000000,30.58000000,31.73000000,43852.42200000
1763596800000,31.72000000,32.38000000,29.65000000,29.79000000,44403.63400000
1763683200000,29.80000000,30.40000000,26.92000000,29.03000000,65345.55700000
1763769600000,29.02000000,29.16000000,28.35000000,28.86000000,24945.37100000
1763856000000,28.86000000,29.31000000,28.56000000,28.66000000,17805.33500000
1763942400000,28.66000000,30.18000000,28.39000000,29.74000000,37478.61000000
1764028800000,29.73000000,30.36000000,29.25000000,30.21000000,33259.59100000
1764115200000,30.19000000,31.54000000,29.24000000,30.40000000,346933.80700000
1764201600000,30.41000000,31.00000000,30.12000000,30.20000000,87860.45100000
1764288000000,30.19000000,36.41000000,29.84000000,33.48000000,418299.93100000
1764374400000,33.45000000,34.63000000,31.32000000,31.85000000,237651.89700000
1764460800000,31.84000000,36.21000000,31.36000000,35.24000000,365431.75100000
1764547200000,35.21000000,37.29000000,32.23000000,34.20000000,697825.94400000
1764633600000,34.19000000,37.18000000,32.46000000,35.80000000,312756.02000000
1764720000000,35.81000000,37.00000000,34.54000000,35.53000000,151240.83700000
1764806400000,35.49000000,35.68000000,33.44000000,34.13000000,112410.27700000
1764892800000,34.11000000,34.81000000,30.96000000,31.39000000,166741.15100000
1764979200000,31.39000000,31.91000000,30.69000000,31.26000000,48772.30400000
1765065600000,31.27000000,31.36000000,30.02000000,30.39000000,50491.49200000
1765152000000,30.39000000,32.33000000,30.31000000,31.30000000,95189.07300000
1765238400000,31.30000000,32.43000000,30.86000000,31.85000000,48358.98800000
1765324800000,31.86000000,32.00000000,30.89000000,31.19000000,39051.07600000
1765411200000,31.20000000,31.22000000,29.89000000,30.17000000,36694.29000000
1765497600000,30.17000000,30.23000000,28.97000000,29.47000000,43163.16500000
1765584000000,29.48000000,34.97000000,28.26000000,30.40000000,768716.32000000
1765670400000,30.41000000,30.77000000,28.30000000,28.57000000,74356.36000000
1765756800000,28.56000000,29.08000000,27.30000000,27.36000000,74961.58000000
1765843200000,27.36000000,27.56000000,26.47000000,27.10000000,98425.13400000
1765929600000,27.10000000,27.75000000,25.74000000,25.91000000,98924.35700000
1766016000000,25.91000000,26.12000000,24.50000000,24.56000000,106032.57000000
1766102400000,24.56000000,25.38000000,24.10000000,25.19000000,80869.73000000
1766188800000,25.18000000,25.18000000,24.21000000,24.53000000,55666.74700000
1766275200000,24.53000000,24.55000000,23.38000000,23.95000000,80021.28800000
1766361600000,23.96000000,24.58000000,23.73000000,24.40000000,69271.32200000
1766448000000,24.40000000,25.31000000,23.98000000,24.92000000,90415.65300000
1766534400000,24.92000000,25.60000000,24.17000000,25.48000000,86700.95100000
1766620800000,25.47000000,26.41000000,25.32000000,25.66000000,60913.15200000
1766707200000,25.65000000,26.60000000,25.52000000,26.23000000,41352.25000000
1766793600000,26.24000000,27.20000000,26.16000000,27.19000000,23421.92700000
1766880000000,27.17000000,27.20000000,25.66000000,25.90000000,32852.25500000
1766966400000,25.90000000,26.30000000,25.54000000,25.60000000,45012.81000000
1767052800000,25.60000000,25.88000000,25.07000000,25.41000000,50238.37700000
1767139200000,25.41000000,26.67000000,24.76000000,24.82000000,68225.75300000
1767225600000,24.83000000,25.46000000,24.45000000,25.39000000,36194.72800000
1767312000000,25.40000000,26.22000000,25.07000000,26.10000000,61415.66400000
1767398400000,26.12000000,26.52000000,25.53000000,26.42000000,28543.95100000
1767484800000,26.43000000,26.78000000,26.13000000,26.68000000,36426.40100000
1767571200000,26.68000000,27.30000000,26.20000000,27.03000000,61369.96800000
1767657600000,27.00000000,27.81000000,26.44000000,27.64000000,93825.87200000
1767744000000,27.64000000,27.79000000,26.51000000,26.85000000,55172.06800000
1767830400000,26.84000000,27.06000000,26.21000000,26.72000000,39569.26300000
1767916800000,26.73000000,27.65000000,26.57000000,26.95000000,39406.47700000
1768003200000,26.95000000,27.94000000,26.33000000,26.39000000,42179.77600000
1768089600000,26.39000000,26.81000000,25.91000000,26.24000000,19451.00400000
1768176000000,26.24000000,26.66000000,25.67000000,26.03000000,35897.93500000
1768262400000,26.05000000,27.27000000,25.95000000,27.02000000,65246.98700000
1768348800000,27.04000000,28.00000000,26.81000000,27.44000000,56333.80300000
1768435200000,27.43000000,27.62000000,26.23000000,26.75000000,65808.87500000
1768521600000,26.75000000,27.17000000,25.93000000,27.09000000,22711.23700000
1768608000000,27.09000000,27.44000000,26.73000000,26.93000000,23535.74300000
1768694400000,26.94000000,27.40000000,25.79000000,25.85000000,35225.02100000
1768780800000,25.85000000,25.85000000,23.57000000,25.64000000,43203.22700000
1768867200000,25.65000000,25.70000000,23.93000000,24.19000000,26393.86500000
1768953600000,24.19000000,25.00000000,23.77000000,24.25000000,21090.98400000
1769040000000,24.28000000,24.69000000,23.73000000,24.28000000,20561.61400000
1769126400000,24.31000000,24.93000000,23.75000000,24.23000000,47373.15100000
1769212800000,24.24000000,24.36000000,23.82000000,23.86000000,17759.09800000
1769299200000,23.85000000,25.10000000,22.96000000,23.59000000,85746.27200000
1769385600000,23.58000000,24.08000000,23.20000000,23.91000000,41407.71500000
1769472000000,23.92000000,24.04000000,23.34000000,23.88000000,27637.40200000
1769558400000,23.89000000,24.28000000,23.55000000,24.08000000,35030.86500000
1769644800000,24.08000000,24.14000000,21.73000000,22.73000000,82325.96800000
1769731200000,22.73000000,22.79000000,21.65000000,22.01000000,55584.02300000
1769817600000,22.02000000,22.09000000,18.00000000,19.78000000,125706.48100000
1769904000000,19.79000000,20.18000000,18.70000000,19.09000000,37161.50100000
1769990400000,19.10000000,20.36000000,18.76000000,19.69000000,77224.18600000
1770076800000,19.70000000,20.63000000,18.93000000,19.86000000,124198.72900000
1770163200000,19.85000000,20.30000000,19.04000000,19.50000000,59819.95600000
1770249600000,19.51000000,19.65000000,16.20000000,16.38000000,116915.34600000
1770336000000,16.39000000,17.90000000,14.69000000,17.63000000,203088.18700000
1770422400000,17.62000000,17.94000000,16.88000000,17.58000000,39891.40600000
1770508800000,17.59000000,17.59000000,16.82000000,16.93000000,25816.84500000
1770595200000,16.94000000,17.22000000,16.28000000,16.90000000,30189.13900000
1770681600000,16.92000000,17.03000000,16.22000000,16.31000000,32874.95900000
1770768000000,16.30000000,16.59000000,15.60000000,15.88000000,49732.10500000
1770854400000,15.90000000,16.28000000,15.19000000,16.27000000,56474.41500000
1770940800000,16.28000000,23.97000000,15.86000000,20.94000000,1122245.09300000
1771027200000,20.93000000,22.81000000,19.66000000,20.43000000,597280.92800000
1771113600000,20.43000000,24.68000000,19.84000000,20.65000000,576044.97200000
1771200000000,20.66000000,20.71000000,19.43000000,19.78000000,77691.99100000
1771286400000,19.78000000,20.03000000,19.07000000,19.08000000,79914.91700000
1771372800000,19.09000000,19.09000000,17.58000000,17.81000000,146603.35300000
1771459200000,17.81000000,18.47000000,17.61000000,18.06000000,82200.64900000
1771545600000,18.06000000,18.43000000,17.77000000,18.25000000,38485.60600000
1771632000000,18.25000000,18.52000000,17.95000000,18.04000000,23971.55800000
1771718400000,18.04000000,18.49000000,17.27000000,17.63000000,57008.46700000
1771804800000,17.62000000,18.11000000,16.93000000,17.24000000,52366.05700000
1771891200000,17.28000000,18.13000000,16.90000000,17.78000000,45593.69000000
1771977600000,17.78000000,19.30000000,17.73000000,18.60000000,58783.17000000
1772064000000,18.59000000,19.06000000,18.21000000,18.81000000,48588.03900000
1772150400000,18.82000000,19.51000000,18.17000000,18.46000000,39026.76800000
1772236800000,18.47000000,18.50000000,17.27000000,18.11000000,25853.80600000
1772323200000,18.11000000,18.71000000,17.21000000,17.62000000,19973.06400000
1772409600000,17.64000000,18.42000000,17.49000000,17.57000000,54213.04000000
1772496000000,17.59000000,17.60000000,17.00000000,17.24000000,22610.35600000
1772582400000,17.26000000,18.50000000,17.23000000,18.11000000,50571.84900000
1772668800000,18.10000000,18.32000000,17.66000000,18.08000000,24191.49600000
1772755200000,18.11000000,18.24000000,17.28000000,17.41000000,17494.12000000
1772841600000,17.42000000,17.65000000,17.06000000,17.22000000,10165.52500000
1772928000000,17.24000000,17.25000000,16.40000000,16.68000000,63950.67300000
1773014400000,16.70000000,16.99000000,16.47000000,16.56000000,42157.06500000
1773100800000,16.57000000,17.02000000,16.55000000,16.65000000,33299.69400000
1773187200000,16.65000000,19.68000000,16.54000000,18.45000000,492578.75600000
1773273600000,18.43000000,18.51000000,17.55000000,17.86000000,98665.05400000
1773360000000,17.87000000,19.43000000,17.81000000,18.52000000,113227.29100000
1773446400000,18.51000000,18.84000000,18.33000000,18.52000000,43393.65500000
1773532800000,18.51000000,19.19000000,18.36000000,19.11000000,26964.18200000
1773619200000,19.10000000,20.00000000,18.80000000,19.53000000,57300.17400000
1773705600000,19.51000000,20.00000000,19.17000000,19.28000000,23315.86700000
1773792000000,19.28000000,19.47000000,18.58000000,18.87000000,27584.53100000
1773878400000,18.89000000,19.25000000,18.23000000,19.23000000,30887.97200000
1773964800000,19.23000000,19.54000000,18.82000000,19.02000000,25398.05300000
1774051200000,19.04000000,19.58000000,18.72000000,18.81000000,22176.19500000
1774137600000,18.82000000,19.05000000,18.26000000,18.40000000,16123.16300000
1774224000000,18.39000000,19.33000000,18.28000000,19.19000000,23440.82300000
1774310400000,19.21000000,19.69000000,18.93000000,19.64000000,18252.03200000
1774396800000,19.62000000,19.82000000,19.48000000,19.59000000,14918.70600000
1774483200000,19.57000000,19.59000000,18.63000000,18.88000000,22725.23800000
1774569600000,18.88000000,18.97000000,18.12000000,18.38000000,21920.21500000
1774656000000,18.37000000,18.88000000,18.18000000,18.31000000,15868.40500000
1774742400000,18.33000000,18.41000000,17.62000000,17.90000000,12917.63400000
1774828800000,17.90000000,18.44000000,17.15000000,17.43000000,20033.31800000
1774915200000,17.44000000,17.90000000,17.26000000,17.63000000,28551.96300000
1775001600000,17.62000000,17.63000000,16.36000000,16.84000000,225302.94000000
1775088000000,16.86000000,17.01000000,16.21000000,16.68000000,34825.12100000
1775174400000,16.68000000,16.99000000,16.49000000,16.98000000,41950.55600000
1775260800000,16.97000000,17.06000000,16.53000000,16.84000000,18958.73000000
1775347200000,16.85000000,16.93000000,16.36000000,16.92000000,22198.31400000
1775433600000,16.93000000,17.08000000,16.63000000,16.73000000,18528.98200000
1775520000000,16.73000000,17.51000000,16.38000000,17.43000000,26682.73400000
1775606400000,17.43000000,19.64000000,17.27000000,18.17000000,238582.39500000
1775692800000,18.16000000,19.45000000,17.76000000,19.33000000,135721.53300000
1775779200000,19.34000000,23.43000000,19.07000000,20.10000000,584378.59500000
1775865600000,20.11000000,21.09000000,19.69000000,20.18000000,195733.91700000
1775952000000,20.17000000,21.55000000,19.45000000,20.47000000,183565.71400000
1776038400000,20.48000000,21.07000000,20.01000000,20.95000000,108088.54400000
1776124800000,20.95000000,22.96000000,20.52000000,21.47000000,132842.88900000
1776211200000,21.48000000,22.84000000,21.28000000,22.74000000,108284.99700000
1776297600000,22.75000000,23.77000000,22.38000000,23.49000000,120813.43900000
1776384000000,23.50000000,26.27000000,23.49000000,26.23000000,199691.46300000
1776470400000,26.23000000,30.25000000,25.18000000,25.50000000,295175.63400000
1776556800000,25.50000000,25.73000000,24.00000000,24.35000000,110613.99000000
1776643200000,24.35000000,25.89000000,24.08000000,25.57000000,136364.93900000
1776729600000,25.56000000,25.80000000,22.24000000,22.47000000,146541.68300000
1776816000000,22.47000000,23.63000000,22.25000000,22.90000000,63237.76800000
1776902400000,22.92000000,23.82000000,22.53000000,23.45000000,50471.07700000
1776988800000,23.46000000,23.72000000,22.50000000,22.70000000,24935.40300000
1777075200000,22.71000000,22.88000000,21.70000000,21.72000000,32145.87700000
1777161600000,21.72000000,23.90000000,21.60000000,22.45000000,138949.14600000
1777248000000,22.44000000,23.47000000,21.63000000,23.30000000,60772.54400000
1777334400000,23.32000000,23.84000000,22.82000000,23.79000000,73608.30500000
1777420800000,23.78000000,23.94000000,23.16000000,23.80000000,64696.75500000
1777507200000,23.79000000,24.44000000,23.40000000,23.59000000,106239.49900000
1777593600000,23.60000000,25.33000000,23.47000000,23.80000000,68306.75600000
1777680000000,23.80000000,23.99000000,22.67000000,23.07000000,29366.24100000
1777766400000,23.08000000,23.27000000,22.60000000,22.62000000,17738.76600000
1777852800000,22.62000000,28.00000000,22.55000000,23.77000000,117326.34900000
1777939200000,23.76000000,24.13000000,23.04000000,23.55000000,39419.76300000
1778025600000,23.55000000,24.34000000,23.31000000,23.50000000,31806.38700000
1778112000000,23.50000000,23.56000000,22.76000000,22.93000000,20933.07200000
1778198400000,22.93000000,23.25000000,21.62000000,23.11000000,229388.87600000
1778284800000,23.12000000,23.74000000,22.55000000,22.95000000,37735.09700000
1778371200000,22.95000000,23.56000000,22.70000000,23.25000000,29087.75000000
1778457600000,23.26000000,24.71000000,22.86000000,23.84000000,69613.75900000
1778544000000,23.83000000,24.96000000,23.37000000,23.63000000,63592.40400000
1778630400000,23.61000000,24.30000000,22.58000000,22.74000000,31709.55600000
1778716800000,22.73000000,23.10000000,22.28000000,22.81000000,22770.74400000
1778803200000,22.80000000,22.97000000,22.05000000,22.09000000,21197.77400000
1778889600000,22.09000000,22.22000000,21.21000000,21.62000000,31504.79000000
1778976000000,21.61000000,21.98000000,20.61000000,21.17000000,26727.82200000
1779062400000,21.17000000,21.66000000,20.87000000,21.64000000,35853.35000000
1779148800000,21.65000000,24.27000000,21.61000000,22.80000000,118927.13000000
1779235200000,22.79000000,23.09000000,22.41000000,22.64000000,38346.48100000
1779321600000,22.64000000,23.25000000,22.52000000,22.71000000,19626.12600000
1779408000000,22.71000000,22.80000000,19.55000000,19.77000000,91806.45300000
1779494400000,19.76000000,20.45000000,19.33000000,20.05000000,100251.84500000
1779580800000,20.06000000,20.44000000,19.71000000,20.15000000,29845.49200000
1779667200000,20.16000000,20.44000000,18.80000000,19.50000000,214177.28800000
1779753600000,19.51000000,19.52000000,18.75000000,19.04000000,105246.56800000
1779840000000,19.04000000,19.34000000,17.85000000,18.07000000,107116.41200000
1779926400000,18.07000000,18.26000000,16.87000000,17.67000000,207382.92900000
1780012800000,17.67000000,17.94000000,17.35000000,17.64000000,33444.48900000
1780099200000,17.62000000,18.70000000,17.60000000,18.28000000,39471.24400000
1780185600000,18.30000000,18.82000000,18.11000000,18.48000000,28482.65000000
1780272000000,18.48000000,18.66000000,17.50000000,18.05000000,61963.94500000
1780358400000,18.05000000,18.13000000,17.11000000,17.40000000,50611.07200000
1780444800000,17.41000000,18.36000000,17.20000000,17.75000000,51487.17700000
1780531200000,17.76000000,18.32000000,16.74000000,16.99000000,96307.16800000
1780617600000,16.99000000,17.09000000,15.53000000,16.03000000,113492.44800000
1780704000000,16.04000000,16.27000000,15.13000000,16.27000000,28385.40300000
1780790400000,16.28000000,16.76000000,15.92000000,16.48000000,30095.01900000
1780876800000,16.48000000,18.91000000,16.25000000,18.19000000,89885.89600000
1780963200000,18.20000000,19.00000000,17.50000000,18.71000000,57146.48700000
1781049600000,18.74000000,19.10000000,17.54000000,17.61000000,88399.26200000
1781136000000,17.60000000,18.29000000,17.51000000,17.89000000,33419.98500000
1781222400000,17.89000000,17.93000000,17.24000000,17.34000000,24465.54300000
1781308800000,17.34000000,17.84000000,17.19000000,17.65000000,18695.91300000
1781395200000,17.66000000,18.00000000,17.23000000,17.94000000,18839.98800000
1781481600000,17.96000000,18.60000000,17.83000000,18.07000000,28859.36300000
1781568000000,18.07000000,18.32000000,17.55000000,17.69000000,30989.80000000
1781654400000,17.70000000,19.00000000,17.35000000,17.64000000,46057.88300000
1781740800000,17.65000000,17.81000000,17.40000000,17.68000000,7105.53900000
