openTime,open,high,low,close,volume
1577836800000,41.17000000,42.71000000,40.92000000,41.84000000,15016.01814000
1577923200000,41.82000000,41.82000000,39.93000000,40.04000000,18821.67698000
1578009600000,40.02000000,43.99000000,39.94000000,43.92000000,37446.33710000
1578096000000,43.92000000,48.00000000,43.05000000,46.19000000,318745.74382000
1578182400000,46.18000000,53.28000000,46.17000000,51.17000000,237688.33038000
1578268800000,51.16000000,57.64000000,50.74000000,56.57000000,218402.53834000
1578355200000,56.56000000,57.60000000,53.40000000,54.62000000,131285.58058000
1578441600000,54.63000000,57.00000000,51.28000000,52.42000000,80441.56897000
1578528000000,52.43000000,53.20000000,49.88000000,50.54000000,58151.44585000
1578614400000,50.52000000,56.89000000,49.75000000,56.88000000,141518.35184000
1578700800000,56.84000000,67.85000000,55.74000000,63.46000000,288575.83841000
1578787200000,63.43000000,68.10000000,62.12000000,66.19000000,221143.40759000
1578873600000,66.22000000,71.20000000,63.67000000,69.43000000,155549.12880000
1578960000000,69.44000000,89.93000000,69.32000000,89.28000000,576172.27797000
1579046400000,89.28000000,150.00000000,88.09000000,133.60000000,942507.16816000
1579132800000,133.79000000,134.75000000,112.58000000,127.45000000,532642.16817000
1579219200000,127.46000000,128.00000000,109.00000000,113.04000000,321461.42979000
1579305600000,113.23000000,116.50000000,95.00000000,101.15000000,472538.86204000
1579392000000,101.15000000,109.26000000,91.84000000,104.92000000,325639.51621000
1579478400000,104.95000000,115.66000000,99.30000000,109.91000000,282175.47118000
1579564800000,109.91000000,114.38000000,104.67000000,110.50000000,200347.18810000
1579651200000,110.48000000,113.00000000,106.69000000,107.80000000,118156.00877000
1579737600000,107.79000000,108.07000000,98.20000000,102.72000000,139568.00361000
1579824000000,102.72000000,104.00000000,93.42000000,100.11000000,168568.21366000
1579910400000,100.22000000,104.00000000,97.35000000,101.31000000,77539.54621000
1579996800000,101.31000000,112.75000000,99.74000000,111.01000000,243277.33812000
1580083200000,111.09000000,119.65000000,111.09000000,112.78000000,266810.90862000
1580169600000,112.73000000,117.80000000,111.05000000,115.91000000,175783.48600000
1580256000000,115.75000000,128.70000000,114.82000000,121.97000000,274384.65047000
1580342400000,121.84000000,125.35000000,117.68000000,121.90000000,196208.67566000
1580428800000,121.88000000,124.50000000,112.84000000,115.85000000,142316.15963000
1580515200000,115.96000000,119.87000000,114.65000000,116.70000000,82998.74592000
1580601600000,116.71000000,117.43000000,112.51000000,114.29000000,81464.22251000
1580688000000,114.28000000,117.34000000,113.70000000,115.34000000,76529.20885000
1580774400000,115.31000000,115.70000000,108.40000000,110.87000000,86540.26073000
1580860800000,110.82000000,124.67000000,109.75000000,122.98000000,169805.66859000
1580947200000,122.86000000,124.60000000,117.61000000,120.32000000,112592.22637000
1581033600000,120.23000000,122.86000000,117.61000000,118.68000000,75647.50564000
1581120000000,118.57000000,131.68000000,113.00000000,126.29000000,220745.16462000
1581206400000,126.26000000,130.53000000,123.25000000,128.51000000,88598.01651000
1581292800000,128.58000000,128.73000000,122.53000000,127.58000000,89108.26190000
1581379200000,127.58000000,134.02000000,123.83000000,129.20000000,99561.39105000
1581465600000,129.25000000,137.00000000,128.30000000,133.53000000,121111.05759000
1581552000000,133.52000000,137.87000000,127.40000000,131.18000000,124426.26497000
1581638400000,131.09000000,134.48000000,128.15000000,133.34000000,60645.63298000
1581724800000,133.36000000,133.36000000,115.79000000,120.73000000,88911.83036000
1581811200000,120.73000000,123.54000000,100.94000000,110.73000000,143417.65517000
1581897600000,110.61000000,116.43000000,102.00000000,114.66000000,149796.32802000
1581984000000,114.63000000,117.47000000,107.01000000,115.56000000,97913.98228000
1582070400000,115.53000000,115.81000000,104.36000000,104.87000000,82092.62178000
1582156800000,104.78000000,107.25000000,98.89000000,104.82000000,99713.88020000
1582243200000,104.76000000,110.17000000,102.89000000,107.39000000,87336.87694000
1582329600000,107.51000000,109.36000000,102.75000000,103.79000000,82172.02606000
1582416000000,103.75000000,109.29000000,103.40000000,108.09000000,60858.17766000
1582502400000,108.05000000,108.93000000,99.55000000,103.41000000,70242.87157000
1582588800000,103.40000000,103.56000000,94.51000000,95.52000000,92335.28307000
1582675200000,95.52000000,96.68000000,79.08000000,84.29000000,157030.83445000
1582761600000,84.33000000,94.20000000,79.73000000,89.88000000,159594.60259000
1582848000000,89.88000000,92.87000000,83.03000000,88.09000000,152053.62302000
1582934400000,88.02000000,90.38000000,85.03000000,85.35000000,62442.92872000
1583020800000,85.24000000,89.98000000,83.02000000,84.59000000,74133.24342000
1583107200000,84.58000000,92.04000000,84.05000000,90.26000000,85511.56065000
1583193600000,90.31000000,90.62000000,87.04000000,88.56000000,54079.45402000
1583280000000,88.57000000,90.05000000,85.36000000,86.88000000,35757.86985000
1583366400000,86.88000000,92.53000000,86.86000000,89.87000000,57209.49604000
1583452800000,89.80000000,94.24000000,89.01000000,93.94000000,60705.25580000
1583539200000,93.93000000,94.25000000,87.39000000,88.12000000,50339.22420000
1583625600000,88.11000000,88.11000000,72.76000000,73.70000000,115784.84570000
1583712000000,73.74000000,75.62000000,67.71000000,73.65000000,159048.24198000
1583798400000,73.61000000,76.40000000,71.40000000,74.60000000,96811.51486000
1583884800000,74.73000000,75.34000000,67.11000000,72.24000000,84538.98845000
1583971200000,72.24000000,72.55000000,40.98000000,44.40000000,257910.65485000
1584057600000,44.38000000,53.00000000,31.33000000,51.16000000,303365.10054000
1584144000000,51.21000000,51.21000000,45.13000000,45.97000000,138714.83937000
1584230400000,45.94000000,50.91000000,45.40000000,47.31000000,92324.25487000
1584316800000,47.23000000,47.69000000,38.49000000,43.12000000,164413.95329000
1584403200000,43.12000000,46.80000000,42.33000000,45.57000000,122766.30757000
1584489600000,45.58000000,63.00000000,45.00000000,62.64000000,373823.33500000
1584576000000,62.50000000,70.09000000,56.61000000,65.47000000,372525.60411000
1584662400000,65.53000000,77.97000000,62.44000000,71.78000000,362997.64844000
1584748800000,71.76000000,75.57000000,67.63000000,71.37000000,298477.33757000
1584835200000,71.37000000,73.56000000,61.64000000,62.44000000,213394.93440000
1584921600000,62.44000000,71.35000000,61.20000000,70.87000000,165283.61723000
1585008000000,70.84000000,71.48000000,67.06000000,69.53000000,126750.56914000
1585094400000,69.51000000,70.42000000,66.23000000,67.72000000,104935.72796000
1585180800000,67.81000000,68.65000000,66.48000000,68.23000000,70904.73463000
1585267200000,68.17000000,73.08000000,66.76000000,67.59000000,142671.23630000
1585353600000,67.59000000,67.59000000,61.93000000,65.21000000,155120.81075000
1585440000000,65.27000000,65.80000000,60.36000000,60.46000000,74588.72405000
1585526400000,60.46000000,67.47000000,60.41000000,65.81000000,92652.39172000
1585612800000,65.81000000,66.40000000,64.05000000,64.97000000,76470.95299000
1585699200000,64.98000000,66.70000000,62.40000000,66.03000000,83277.09030000
1585785600000,66.05000000,71.76000000,65.01000000,67.51000000,111332.83191000
1585872000000,67.50000000,70.29000000,66.21000000,67.40000000,94563.64527000
1585958400000,67.38000000,69.37000000,66.66000000,68.46000000,111380.92828000
1586044800000,68.55000000,68.78000000,65.80000000,66.89000000,62283.81855000
1586131200000,66.88000000,73.35000000,66.82000000,73.19000000,141591.29831000
1586217600000,73.17000000,76.16000000,70.22000000,72.22000000,161074.78882000
1586304000000,72.25000000,76.60000000,71.13000000,75.52000000,136538.15876000
1586390400000,75.52000000,84.42000000,74.03000000,82.83000000,224050.73020000
1586476800000,82.84000000,83.29000000,69.88000000,74.10000000,265980.02240000
1586563200000,74.10000000,78.01000000,73.05000000,74.97000000,196064.74128000
1586649600000,74.98000000,78.33000000,72.91000000,74.10000000,136706.44746000
1586736000000,74.09000000,74.09000000,70.48000000,73.13000000,159135.83509000
1586822400000,73.18000000,74.55000000,71.86000000,72.32000000,84751.44340000
1586908800000,72.32000000,73.71000000,70.08000000,70.70000000,60325.39895000
1586995200000,70.70000000,77.41000000,67.45000000,76.09000000,137246.50524000
1587081600000,76.12000000,78.09000000,74.54000000,76.31000000,84369.64759000
1587168000000,76.29000000,80.50000000,76.13000000,80.16000000,102156.38065000
1587254400000,80.20000000,83.46000000,77.28000000,80.23000000,144719.87604000
1587340800000,80.27000000,82.80000000,72.71000000,74.29000000,174399.25211000
1587427200000,74.29000000,75.93000000,72.92000000,74.48000000,96123.86094000
1587513600000,74.46000000,82.10000000,74.06000000,80.80000000,136483.49151000
1587600000000,80.84000000,84.61000000,78.88000000,81.26000000,147824.21940000
1587686400000,81.26000000,82.93000000,80.48000000,81.37000000,60986.31571000
1587772800000,81.38000000,88.19000000,80.45000000,85.78000000,110382.02633000
1587859200000,85.75000000,87.50000000,81.93000000,84.12000000,123447.45116000
1587945600000,84.15000000,84.60000000,80.03000000,82.75000000,116450.16820000
1588032000000,82.73000000,83.13000000,79.75000000,82.21000000,90956.57783000
1588118400000,82.23000000,86.10000000,82.01000000,85.36000000,158868.61638000
1588204800000,85.38000000,88.77000000,80.24000000,80.74000000,204337.47107000
1588291200000,80.72000000,83.98000000,80.72000000,82.95000000,85529.75686000
1588377600000,82.93000000,83.76000000,81.60000000,83.26000000,57455.69932000
1588464000000,83.29000000,83.88000000,79.80000000,81.07000000,64986.63162000
1588550400000,81.09000000,81.20000000,75.36000000,79.54000000,88955.28744000
1588636800000,79.54000000,81.13000000,77.62000000,79.37000000,47651.49174000
1588723200000,79.45000000,80.98000000,76.65000000,77.11000000,55658.29396000
1588809600000,77.15000000,80.18000000,76.29000000,78.76000000,80057.50512000
1588896000000,78.78000000,83.26000000,77.00000000,81.80000000,104474.49072000
1588982400000,81.79000000,82.50000000,79.03000000,79.59000000,69717.81564000
1589068800000,79.61000000,79.63000000,68.40000000,72.10000000,175512.38769000
1589155200000,72.16000000,73.46000000,66.11000000,69.73000000,129034.47344000
1589241600000,69.74000000,75.03000000,69.34000000,73.31000000,84472.00875000
1589328000000,73.22000000,74.80000000,72.18000000,73.81000000,53489.66559000
1589414400000,73.84000000,75.86000000,73.14000000,74.56000000,53605.54899000
1589500800000,74.54000000,74.96000000,71.83000000,72.44000000,57496.11399000
1589587200000,72.45000000,74.48000000,72.09000000,73.71000000,45053.21481000
1589673600000,73.65000000,77.19000000,73.47000000,75.03000000,75524.74330000
1589760000000,75.02000000,78.36000000,74.84000000,76.20000000,71217.27700000
1589846400000,76.21000000,77.25000000,73.98000000,77.15000000,57472.09282000
1589932800000,77.21000000,78.61000000,74.73000000,78.35000000,82734.15623000
1590019200000,78.33000000,78.62000000,71.00000000,73.09000000,78273.13025000
1590105600000,73.12000000,75.57000000,72.40000000,74.77000000,55764.86652000
1590192000000,74.77000000,75.80000000,73.36000000,73.87000000,48331.10005000
1590278400000,73.85000000,75.46000000,71.58000000,71.67000000,57680.89114000
1590364800000,71.67000000,73.73000000,70.93000000,73.60000000,33454.71688000
1590451200000,73.56000000,73.86000000,71.26000000,72.61000000,44621.44898000
1590537600000,72.61000000,74.68000000,72.32000000,73.60000000,47054.30102000
1590624000000,73.60000000,75.30000000,72.43000000,75.06000000,43733.68097000
1590710400000,75.08000000,75.60000000,73.31000000,74.16000000,47813.93516000
1590796800000,74.17000000,79.68000000,73.52000000,79.01000000,103075.68133000
1590883200000,79.01000000,80.88000000,75.55000000,76.33000000,77435.08359000
1590969600000,76.32000000,80.40000000,75.59000000,80.06000000,92745.69787000
1591056000000,80.08000000,82.28000000,76.01000000,78.26000000,108927.88649000
1591142400000,78.18000000,78.67000000,76.63000000,78.20000000,59641.52931000
1591228800000,78.23000000,79.15000000,76.64000000,78.60000000,58446.26512000
1591315200000,78.52000000,79.82000000,77.72000000,77.81000000,44672.78120000
1591401600000,77.84000000,79.22000000,77.06000000,78.30000000,28314.39715000
1591488000000,78.31000000,78.77000000,75.82000000,77.99000000,31826.94331000
1591574400000,78.00000000,78.35000000,77.00000000,77.77000000,23624.54078000
1591660800000,77.79000000,78.03000000,76.59000000,77.42000000,23087.51963000
1591747200000,77.45000000,78.35000000,77.02000000,78.21000000,30382.50707000
1591833600000,78.23000000,78.71000000,71.76000000,72.24000000,69195.78222000
1591920000000,72.24000000,74.87000000,71.07000000,73.27000000,42187.33381000
1592006400000,73.27000000,74.39000000,72.56000000,74.18000000,22517.90796000
1592092800000,74.19000000,74.36000000,71.94000000,72.56000000,25223.59019000
1592179200000,72.55000000,72.62000000,68.50000000,71.77000000,48047.05676000
1592265600000,71.86000000,73.18000000,71.40000000,72.63000000,35170.23870000
1592352000000,72.66000000,73.51000000,70.83000000,72.42000000,24981.86909000
1592438400000,72.43000000,72.65000000,70.68000000,71.46000000,22382.29368000
1592524800000,71.44000000,71.44000000,69.87000000,70.10000000,23931.35415000
1592611200000,70.08000000,71.20000000,69.18000000,71.01000000,23835.71053000
1592697600000,71.02000000,71.37000000,69.96000000,70.14000000,16877.09746000
1592784000000,70.14000000,72.81000000,70.02000000,72.33000000,27962.04173000
1592870400000,72.32000000,76.42000000,71.52000000,74.01000000,68535.86342000
1592956800000,74.06000000,75.30000000,70.76000000,72.42000000,60080.00637000
1593043200000,72.39000000,72.43000000,70.04000000,71.11000000,26674.84802000
1593129600000,71.08000000,71.57000000,69.71000000,70.68000000,21882.47201000
1593216000000,70.66000000,71.18000000,65.14000000,66.92000000,43141.63680000
1593302400000,66.93000000,68.67000000,66.07000000,67.70000000,25112.63101000
1593388800000,67.71000000,69.30000000,66.76000000,68.93000000,43636.27624000
1593475200000,69.02000000,69.22000000,67.45000000,68.11000000,29539.15052000
1593561600000,68.16000000,69.02000000,67.29000000,68.31000000,34539.68082000
1593648000000,68.32000000,68.85000000,65.40000000,66.62000000,42226.90345000
1593734400000,66.58000000,67.12000000,65.85000000,66.46000000,39256.79118000
1593820800000,66.38000000,68.26000000,66.24000000,67.63000000,32009.08418000
1593907200000,67.62000000,67.76000000,65.66000000,67.24000000,27308.10185000
1593993600000,67.28000000,70.68000000,67.03000000,70.26000000,57122.83903000
1594080000000,70.27000000,70.98000000,69.14000000,69.92000000,40320.35356000
1594166400000,69.92000000,73.28000000,69.45000000,72.70000000,71627.66206000
1594252800000,72.70000000,73.88000000,70.49000000,71.86000000,58625.63943000
1594339200000,71.85000000,71.94000000,70.16000000,71.75000000,41398.10652000
1594425600000,71.82000000,73.00000000,71.32000000,72.68000000,39543.60747000
1594512000000,72.68000000,73.17000000,70.82000000,72.05000000,62953.67605000
1594598400000,72.13000000,75.72000000,70.93000000,71.84000000,84435.76248000
1594684800000,71.83000000,72.61000000,70.02000000,71.82000000,57652.42818000
1594771200000,71.97000000,72.24000000,70.55000000,71.12000000,49624.30220000
1594857600000,71.11000000,71.41000000,68.05000000,69.28000000,49571.98171000
1594944000000,69.30000000,70.10000000,68.73000000,69.58000000,29715.22806000
1595030400000,69.52000000,69.70000000,68.63000000,69.20000000,20300.08423000
1595116800000,69.20000000,70.42000000,68.73000000,70.35000000,24125.73260000
1595203200000,70.35000000,70.42000000,68.61000000,68.86000000,26974.05406000
1595289600000,68.84000000,71.24000000,68.66000000,71.09000000,41908.90375000
1595376000000,71.07000000,73.50000000,71.07000000,73.38000000,60391.39251000
1595462400000,73.42000000,73.99000000,72.49000000,73.35000000,47534.36294000
1595548800000,73.33000000,73.43000000,71.23000000,71.94000000,39291.94215000
1595635200000,71.98000000,74.95000000,71.97000000,74.65000000,51346.66374000
1595721600000,74.66000000,77.45000000,74.18000000,75.30000000,77931.46205000
1595808000000,75.29000000,79.23000000,73.23000000,77.55000000,136938.87528000
1595894400000,77.59000000,80.97000000,75.97000000,79.82000000,107440.29158000
1595980800000,79.85000000,84.58000000,78.90000000,81.38000000,119087.77145000
1596067200000,81.39000000,82.41000000,79.20000000,81.15000000,72279.66330000
1596153600000,81.17000000,83.68000000,79.94000000,82.45000000,72195.53649000
1596240000000,82.40000000,94.14000000,81.80000000,93.13000000,184659.37417000
1596326400000,93.06000000,95.55000000,78.60000000,85.29000000,219477.37973000
1596412800000,85.29000000,89.73000000,83.78000000,87.72000000,134901.02137000
1596499200000,87.72000000,89.19000000,84.88000000,86.88000000,75733.64452000
1596585600000,86.90000000,93.55000000,85.86000000,92.20000000,148393.51049000
1596672000000,92.19000000,104.80000000,90.10000000,100.42000000,279733.19010000
1596758400000,100.41000000,103.92000000,92.66000000,96.53000000,181984.59310000
1596844800000,96.50000000,102.33000000,94.63000000,98.36000000,113719.73439000
1596931200000,98.34000000,98.94000000,94.50000000,97.72000000,83012.89681000
1597017600000,97.67000000,98.43000000,92.36000000,95.54000000,75664.95589000
1597104000000,95.45000000,96.60000000,85.73000000,88.55000000,115332.81881000
1597190400000,88.52000000,92.13000000,84.21000000,91.70000000,109085.01570000
1597276800000,91.71000000,93.18000000,85.72000000,92.77000000,89211.77617000
1597363200000,92.80000000,92.87000000,89.93000000,92.00000000,98465.26070000
1597449600000,91.98000000,95.97000000,91.12000000,93.95000000,121839.35177000
1597536000000,93.96000000,95.34000000,91.48000000,95.06000000,73373.07208000
1597622400000,95.06000000,100.18000000,92.84000000,97.62000000,144314.08124000
1597708800000,97.59000000,98.81000000,91.67000000,92.66000000,86146.55341000
1597795200000,92.71000000,93.81000000,86.81000000,87.72000000,119015.02374000
1597881600000,87.73000000,91.66000000,87.09000000,91.50000000,61696.00831000
1597968000000,91.49000000,95.70000000,85.00000000,86.75000000,137350.91804000
1598054400000,86.77000000,91.01000000,85.14000000,90.82000000,56258.31833000
1598140800000,90.79000000,92.96000000,87.76000000,91.41000000,55970.08678000
1598227200000,91.46000000,93.32000000,89.44000000,91.82000000,46794.77115000
1598313600000,91.75000000,91.86000000,82.53000000,84.50000000,83083.55733000
1598400000000,84.50000000,87.44000000,83.58000000,85.80000000,63162.95716000
1598486400000,85.79000000,86.53000000,81.77000000,83.35000000,70709.86666000
1598572800000,83.41000000,85.92000000,82.40000000,84.99000000,42068.11256000
1598659200000,84.96000000,86.65000000,84.38000000,85.00000000,36464.81833000
1598745600000,84.98000000,88.90000000,84.90000000,88.27000000,80201.38537000
1598832000000,88.30000000,88.95000000,85.71000000,86.10000000,52352.27746000
1598918400000,86.13000000,90.72000000,84.95000000,89.05000000,95480.15433000
1599004800000,89.02000000,89.71000000,79.64000000,83.27000000,93233.75413000
1599091200000,83.24000000,83.60000000,62.00000000,66.60000000,125393.99844000
1599177600000,66.59000000,74.05000000,65.88000000,72.62000000,150110.77457000
1599264000000,72.60000000,74.17000000,64.95000000,68.02000000,114466.49560000
1599350400000,68.03000000,71.71000000,66.08000000,70.12000000,67791.23746000
1599436800000,70.08000000,79.32000000,65.81000000,76.05000000,144971.63098000
1599523200000,76.14000000,77.75000000,70.03000000,74.74000000,133035.05308000
1599609600000,74.73000000,77.85000000,74.11000000,75.50000000,52743.89372000
1599696000000,75.54000000,77.75000000,74.98000000,77.01000000,56048.00561000
1599782400000,76.99000000,77.40000000,74.57000000,77.09000000,49324.09695000
1599868800000,77.05000000,80.08000000,75.53000000,79.34000000,62943.58582000
1599955200000,79.34000000,79.34000000,73.17000000,75.53000000,68354.16198000
1600041600000,75.53000000,76.77000000,73.83000000,75.13000000,51854.10503000
1600128000000,75.10000000,76.12000000,72.74000000,72.95000000,57739.76891000
1600214400000,72.92000000,74.29000000,70.89000000,73.01000000,44873.12296000
1600300800000,73.02000000,74.74000000,71.34000000,73.32000000,50658.82835000
1600387200000,73.33000000,73.74000000,70.34000000,72.24000000,56664.50386000
1600473600000,72.18000000,73.60000000,71.34000000,72.85000000,62510.90975000
1600560000000,72.83000000,72.97000000,69.38000000,70.77000000,63403.26112000
1600646400000,70.75000000,71.67000000,64.67000000,66.81000000,88307.59131000
1600732800000,66.87000000,69.06000000,66.33000000,68.12000000,56642.53963000
1600819200000,68.14000000,68.48000000,64.27000000,64.86000000,43121.59268000
1600905600000,64.90000000,68.57000000,64.33000000,67.79000000,56760.94406000
1600992000000,67.77000000,69.40000000,66.52000000,68.55000000,63061.97891000
1601078400000,68.59000000,69.95000000,68.29000000,69.04000000,70866.27836000
1601164800000,69.00000000,69.98000000,67.13000000,68.78000000,51818.34146000
1601251200000,68.84000000,69.98000000,67.01000000,67.35000000,61803.69181000
1601337600000,67.35000000,68.82000000,66.64000000,68.45000000,56185.46643000
1601424000000,68.49000000,69.18000000,66.65000000,69.17000000,43568.97922000
1601510400000,69.18000000,71.03000000,67.18000000,68.06000000,85616.21147000
1601596800000,67.93000000,68.79000000,63.86000000,65.95000000,71495.95848000
1601683200000,65.93000000,66.60000000,65.46000000,65.60000000,32303.80976000
1601769600000,65.59000000,66.82000000,64.93000000,66.39000000,36006.25321000
1601856000000,66.39000000,67.28000000,65.59000000,67.15000000,37964.63090000
1601942400000,67.17000000,68.35000000,64.61000000,65.28000000,65797.61288000
1602028800000,65.24000000,66.26000000,64.07000000,65.94000000,43924.68321000
1602115200000,65.91000000,67.34000000,64.18000000,66.34000000,62003.42310000
1602201600000,66.38000000,67.84000000,65.79000000,67.27000000,54767.81538000
1602288000000,67.27000000,69.34000000,67.27000000,67.92000000,66528.35830000
1602374400000,67.89000000,72.57000000,67.67000000,71.71000000,92053.86309000
1602460800000,71.70000000,74.51000000,69.97000000,71.66000000,117879.61695000
1602547200000,71.64000000,73.47000000,70.43000000,71.23000000,55479.72254000
1602633600000,71.28000000,72.10000000,68.96000000,70.05000000,59447.33296000
1602720000000,70.04000000,70.46000000,68.07000000,69.27000000,44488.21276000
1602806400000,69.27000000,70.07000000,65.41000000,66.06000000,69086.25891000
1602892800000,66.11000000,67.52000000,65.25000000,67.33000000,41132.36407000
1602979200000,67.31000000,67.34000000,66.51000000,67.29000000,20561.61781000
1603065600000,67.30000000,78.57000000,66.13000000,74.93000000,213179.35771000
1603152000000,74.95000000,77.50000000,70.22000000,70.65000000,198990.03614000
1603238400000,70.65000000,77.14000000,70.38000000,74.73000000,116971.25433000
1603324800000,74.73000000,77.95000000,74.04000000,74.98000000,101514.41465000
1603411200000,74.94000000,75.30000000,70.69000000,72.13000000,99986.52481000
1603497600000,72.16000000,73.93000000,71.39000000,73.31000000,90257.44587000
1603584000000,73.25000000,73.73000000,70.33000000,71.06000000,79876.78455000
1603670400000,71.05000000,72.49000000,68.38000000,69.19000000,91195.42775000
1603756800000,69.18000000,72.19000000,68.99000000,70.75000000,78640.63515000
1603843200000,70.71000000,71.12000000,66.70000000,67.91000000,94951.20751000
1603929600000,67.91000000,68.80000000,65.65000000,67.10000000,65662.37067000
1604016000000,67.08000000,72.63000000,64.01000000,69.69000000,194096.32743000
1604102400000,69.70000000,73.00000000,68.57000000,70.08000000,136272.27806000
1604188800000,70.10000000,70.68000000,68.19000000,68.79000000,75798.69681000
1604275200000,68.79000000,69.60000000,64.71000000,64.95000000,120342.39635000
1604361600000,64.91000000,65.48000000,63.09000000,64.32000000,110101.13633000
1604448000000,64.32000000,65.28000000,62.21000000,64.75000000,97632.54814000
1604534400000,64.70000000,70.27000000,63.56000000,67.78000000,145068.35795000
1604620800000,67.79000000,70.78000000,67.39000000,70.09000000,173271.68309000
1604707200000,70.03000000,72.20000000,64.92000000,66.57000000,172737.26606000
1604793600000,66.55000000,69.28000000,65.64000000,68.06000000,83662.10554000
1604880000000,68.05000000,69.07000000,66.29000000,68.09000000,100836.76846000
1604966400000,68.11000000,69.78000000,67.38000000,68.86000000,95086.52861000
1605052800000,68.84000000,71.60000000,68.68000000,69.31000000,92994.50111000
1605139200000,69.30000000,79.85000000,68.31000000,77.69000000,366353.56972000
1605225600000,77.70000000,79.40000000,75.66000000,77.74000000,116957.99186000
1605312000000,77.77000000,79.90000000,74.41000000,77.29000000,131760.44644000
1605398400000,77.32000000,77.69000000,73.51000000,74.98000000,131946.35171000
1605484800000,75.02000000,82.70000000,74.47000000,80.66000000,153555.21736000
1605571200000,80.65000000,83.92000000,80.08000000,83.21000000,130935.68606000
1605657600000,83.22000000,83.80000000,76.83000000,80.05000000,139284.11397000
1605744000000,80.06000000,84.85000000,77.76000000,82.21000000,132138.66925000
1605830400000,82.24000000,84.88000000,82.04000000,83.36000000,107251.80646000
1605916800000,83.31000000,94.65000000,82.86000000,94.57000000,267277.64828000
1606003200000,94.51000000,95.45000000,85.52000000,90.45000000,275616.21332000
1606089600000,90.49000000,95.51000000,89.32000000,94.24000000,225691.05838000
1606176000000,94.27000000,123.06000000,92.13000000,114.50000000,683633.09539000
1606262400000,114.45000000,116.15000000,97.96000000,102.06000000,387462.45355000
1606348800000,102.02000000,104.17000000,83.33000000,91.83000000,426643.49588000
1606435200000,91.79000000,98.00000000,86.81000000,92.32000000,211481.22952000
1606521600000,92.25000000,113.74000000,90.96000000,109.07000000,385819.18284000
1606608000000,108.92000000,114.52000000,104.10000000,108.15000000,354665.01410000
1606694400000,108.13000000,118.44000000,106.58000000,112.83000000,349570.55529000
1606780800000,112.83000000,116.00000000,97.00000000,103.91000000,327861.21345000
1606867200000,103.88000000,107.98000000,100.51000000,105.23000000,218429.70100000
1606953600000,105.21000000,108.39000000,103.60000000,107.54000000,112182.70218000
1607040000000,107.50000000,111.07000000,97.20000000,98.86000000,123974.68291000
1607126400000,98.84000000,103.65000000,96.58000000,102.99000000,91170.71242000
1607212800000,102.97000000,104.64000000,99.17000000,102.09000000,80287.08440000
1607299200000,102.02000000,104.44000000,100.30000000,101.53000000,79537.60729000
1607385600000,101.52000000,101.74000000,93.20000000,95.01000000,90673.34999000
1607472000000,95.03000000,96.09000000,88.50000000,95.62000000,108752.79224000
1607558400000,95.57000000,96.00000000,90.72000000,92.86000000,53630.21982000
1607644800000,92.99000000,95.17000000,87.80000000,93.25000000,136474.68890000
1607731200000,93.18000000,97.34000000,92.88000000,94.74000000,92254.53543000
1607817600000,94.69000000,99.36000000,93.64000000,97.61000000,74418.65429000
1607904000000,97.61000000,97.70000000,94.21000000,96.69000000,73015.99054000
1607990400000,96.71000000,97.56000000,94.04000000,96.96000000,54839.65058000
1608076800000,96.96000000,105.49000000,94.50000000,105.39000000,139261.16521000
1608163200000,105.34000000,115.89000000,101.09000000,108.22000000,250222.57358000
1608249600000,108.25000000,114.09000000,103.90000000,108.05000000,199030.83278000
1608336000000,108.07000000,112.45000000,105.51000000,108.27000000,107856.32489000
1608422400000,108.27000000,114.40000000,104.28000000,109.56000000,165526.30142000
1608508800000,109.50000000,119.53000000,101.35000000,103.90000000,231652.66367000
1608595200000,103.90000000,106.50000000,96.00000000,105.76000000,181724.07237000
1608681600000,105.72000000,106.30000000,86.99000000,91.40000000,147463.04826000
1608768000000,91.44000000,99.61000000,87.59000000,98.54000000,103526.96571000
1608854400000,98.60000000,105.20000000,95.81000000,103.12000000,154640.06263000
1608940800000,103.07000000,112.71000000,102.03000000,107.99000000,198907.56298000
1609027200000,108.03000000,113.26000000,101.00000000,107.48000000,247963.75989000
1609113600000,107.37000000,111.00000000,104.24000000,107.11000000,237228.86887000
1609200000000,107.13000000,108.81000000,99.08000000,103.93000000,199864.39635000
1609286400000,103.94000000,105.65000000,98.87000000,101.89000000,132451.98504000
1609372800000,101.81000000,102.37000000,96.73000000,99.45000000,94891.00625000
1609459200000,99.48000000,102.83000000,85.90000000,87.97000000,354824.35988000
1609545600000,87.97000000,94.00000000,84.63000000,87.02000000,334096.22397000
1609632000000,86.98000000,92.11000000,85.19000000,89.65000000,225874.80820000
1609718400000,89.68000000,96.89000000,85.11000000,89.01000000,259987.88897000
1609804800000,88.97000000,90.20000000,85.60000000,89.11000000,150375.66563000
1609891200000,89.18000000,94.95000000,87.93000000,94.22000000,254301.58553000
1609977600000,94.30000000,108.37000000,92.17000000,98.96000000,385590.06063000
1610064000000,98.88000000,100.88000000,92.00000000,96.20000000,235786.66695000
1610150400000,96.20000000,111.19000000,94.13000000,109.94000000,263992.12984000
1610236800000,110.00000000,158.50000000,109.90000000,146.54000000,1374934.10120000
1610323200000,146.50000000,148.52000000,106.02000000,125.01000000,1159963.06592000
1610409600000,125.19000000,135.81000000,116.22000000,128.53000000,513919.37335000
1610496000000,128.46000000,137.60000000,120.02000000,133.10000000,359632.76828000
1610582400000,133.13000000,138.00000000,129.10000000,132.99000000,259568.13891000
1610668800000,133.00000000,136.63000000,116.40000000,124.30000000,243942.43173000
1610755200000,124.38000000,132.34000000,121.35000000,124.85000000,197587.25613000
1610841600000,124.80000000,126.99000000,120.09000000,124.26000000,145919.12231000
1610928000000,124.33000000,132.50000000,121.00000000,129.30000000,184899.95993000
1611014400000,129.34000000,134.45000000,123.00000000,124.46000000,233952.73508000
1611100800000,124.51000000,127.10000000,111.55000000,121.13000000,435595.51247000
1611187200000,121.21000000,121.99000000,99.53000000,99.77000000,490243.83482000
1611273600000,99.70000000,108.29000000,93.85000000,104.72000000,495027.58963000
1611360000000,104.72000000,109.92000000,102.09000000,105.29000000,197211.64112000
1611446400000,105.27000000,110.90000000,103.56000000,106.16000000,174099.56671000
1611532800000,106.23000000,113.22000000,104.76000000,105.00000000,200978.17500000
1611619200000,104.84000000,106.34000000,100.23000000,104.97000000,129344.10154000
1611705600000,104.88000000,104.96000000,94.30000000,96.45000000,146328.49438000
1611792000000,96.49000000,105.53000000,94.81000000,102.68000000,169884.10592000
1611878400000,102.71000000,110.22000000,101.06000000,104.56000000,272655.57010000
1611964800000,104.60000000,106.22000000,100.51000000,105.17000000,126741.59770000
1612051200000,105.19000000,106.25000000,100.05000000,102.42000000,131926.49052000
1612137600000,102.39000000,105.74000000,100.20000000,103.54000000,167191.02543000
1612224000000,103.52000000,110.95000000,103.10000000,109.85000000,206063.14571000
1612310400000,109.86000000,118.66000000,109.86000000,116.84000000,285854.36656000
1612396800000,116.86000000,118.52000000,110.00000000,111.00000000,204054.47463000
1612483200000,110.98000000,122.50000000,110.38000000,120.42000000,272673.13955000
1612569600000,120.40000000,123.00000000,115.01000000,118.94000000,243141.74448000
1612656000000,118.97000000,122.00000000,112.29000000,118.31000000,213673.40005000
1612742400000,118.32000000,126.54000000,114.78000000,126.16000000,226166.19795000
1612828800000,126.25000000,138.10000000,124.11000000,137.36000000,303721.31475000
1612915200000,137.40000000,149.00000000,125.00000000,139.75000000,431306.34975000
1613001600000,139.70000000,167.50000000,138.19000000,164.60000000,529001.09986000
1613088000000,164.91000000,173.42000000,155.24000000,169.76000000,317122.93801000
1613174400000,169.82000000,298.00000000,169.74000000,267.61000000,1528535.92984000
1613260800000,267.74000000,278.95000000,222.25000000,230.69000000,549673.22547000
1613347200000,230.40000000,290.00000000,195.00000000,259.69000000,1021117.66384000
1613433600000,259.80000000,272.78000000,242.78000000,249.46000000,439133.16626000
1613520000000,249.41000000,270.95000000,234.26000000,265.96000000,371685.81453000
1613606400000,265.99000000,306.12000000,257.05000000,281.15000000,589697.91273000
1613692800000,281.16000000,336.65000000,269.61000000,323.84000000,719761.41020000
1613779200000,323.79000000,332.71000000,280.00000000,297.28000000,421948.27107000
1613865600000,297.55000000,317.54000000,289.55000000,301.52000000,268039.66845000
1613952000000,301.57000000,303.20000000,226.20000000,271.70000000,492173.82981000
1614038400000,271.74000000,273.11000000,200.00000000,230.91000000,572502.34696000
1614124800000,231.19000000,263.00000000,218.00000000,237.40000000,393461.57820000
1614211200000,237.03000000,248.79000000,216.00000000,218.50000000,252003.58046000
1614297600000,218.11000000,223.92000000,201.15000000,206.70000000,231381.98349000
1614384000000,206.57000000,224.27000000,205.21000000,210.69000000,195763.12727000
1614470400000,210.44000000,211.94000000,181.28000000,196.77000000,207923.01210000
1614556800000,196.82000000,224.94000000,195.85000000,224.94000000,218515.06239000
1614643200000,224.77000000,230.30000000,209.31000000,216.04000000,201183.40119000
1614729600000,215.87000000,235.80000000,213.82000000,222.59000000,178477.30036000
1614816000000,222.74000000,230.00000000,206.10000000,211.18000000,169287.28870000
1614902400000,211.18000000,211.75000000,196.10000000,205.70000000,145137.69888000
1614988800000,205.80000000,210.74000000,200.41000000,208.61000000,75771.37399000
1615075200000,208.79000000,215.04000000,206.33000000,214.79000000,92915.69908000
1615161600000,214.80000000,219.11000000,206.49000000,218.23000000,109229.35324000
1615248000000,218.26000000,245.81000000,214.71000000,244.20000000,235143.63519000
1615334400000,244.09000000,250.00000000,225.69000000,234.41000000,221375.31372000
1615420800000,234.56000000,244.17000000,225.26000000,235.39000000,170559.21969000
1615507200000,235.40000000,239.56000000,214.97000000,224.69000000,163689.52612000
1615593600000,224.64000000,245.17000000,217.07000000,243.04000000,165964.52106000
1615680000000,243.16000000,250.20000000,230.92000000,231.17000000,168708.90051000
1615766400000,230.90000000,240.45000000,218.00000000,221.42000000,135483.90647000
1615852800000,221.27000000,224.96000000,210.58000000,223.59000000,107782.28711000
1615939200000,223.70000000,231.20000000,216.52000000,229.47000000,116650.41508000
1616025600000,229.47000000,237.70000000,221.94000000,225.83000000,136183.50299000
1616112000000,225.79000000,231.29000000,219.40000000,225.72000000,77738.42023000
1616198400000,225.52000000,236.66000000,224.21000000,227.11000000,104966.61491000
1616284800000,227.30000000,230.60000000,219.30000000,221.01000000,87570.52743000
1616371200000,220.88000000,222.83000000,204.00000000,206.60000000,119655.55741000
1616457600000,206.50000000,212.91000000,202.80000000,206.62000000,107103.69884000
1616544000000,206.71000000,214.40000000,187.12000000,190.75000000,117199.85737000
1616630400000,190.75000000,195.91000000,181.98000000,189.10000000,128879.63638000
1616716800000,188.94000000,203.83000000,188.24000000,203.51000000,87428.58345000
1616803200000,203.51000000,206.25000000,192.69000000,201.64000000,107486.00816000
1616889600000,201.58000000,207.89000000,195.87000000,207.72000000,96358.43084000
1616976000000,207.75000000,217.83000000,203.72000000,214.98000000,161645.07633000
1617062400000,214.95000000,219.98000000,210.14000000,216.30000000,137330.34949000
1617148800000,216.24000000,225.83000000,204.34000000,222.44000000,155928.53042000
1617235200000,222.27000000,237.13000000,220.34000000,233.44000000,219315.68822000
1617321600000,233.53000000,250.42000000,229.05000000,243.59000000,217516.17103000
1617408000000,243.40000000,249.85000000,221.64000000,222.84000000,179014.16271000
1617494400000,222.80000000,276.50000000,220.92000000,270.78000000,423737.90972000
1617580800000,270.79000000,278.72000000,253.19000000,273.66000000,278859.29348000
1617667200000,273.63000000,284.60000000,256.25000000,275.99000000,269125.20207000
1617753600000,276.09000000,293.68000000,244.40000000,253.45000000,384651.21391000
1617840000000,253.36000000,269.83000000,250.62000000,267.79000000,154259.74168000
1617926400000,267.98000000,274.11000000,261.06000000,265.10000000,125399.28422000
1618012800000,264.95000000,286.56000000,263.22000000,283.32000000,187862.41267000
1618099200000,283.31000000,294.85000000,278.50000000,286.79000000,182635.80778000
1618185600000,286.62000000,298.37000000,272.04000000,280.48000000,171130.74899000
1618272000000,280.31000000,300.97000000,276.86000000,294.31000000,211445.36708000
1618358400000,294.29000000,318.58000000,285.00000000,305.36000000,352466.64305000
1618444800000,305.23000000,330.00000000,297.85000000,326.80000000,217602.23410000
1618531200000,326.78000000,394.97000000,318.48000000,378.47000000,569434.07819000
1618617600000,378.31000000,411.60000000,352.00000000,356.64000000,386770.41474000
1618704000000,356.57000000,360.77000000,255.00000000,317.23000000,563736.07724000
1618790400000,317.22000000,326.70000000,277.83000000,294.09000000,325823.79034000
1618876800000,294.03000000,329.99000000,276.09000000,317.15000000,366215.96953000
1618963200000,317.30000000,328.48000000,293.00000000,294.62000000,256430.38292000
1619049600000,294.81000000,314.00000000,272.62000000,275.97000000,273983.81043000
1619136000000,275.77000000,282.30000000,232.00000000,262.52000000,388726.91482000
1619222400000,262.54000000,263.13000000,238.59000000,246.17000000,164115.40185000
1619308800000,246.05000000,269.39000000,233.58000000,247.06000000,205389.21052000
1619395200000,246.94000000,280.99000000,243.96000000,278.62000000,193254.19302000
1619481600000,278.57000000,293.11000000,274.40000000,292.80000000,178348.92280000
1619568000000,292.82000000,298.88000000,275.48000000,288.78000000,179199.85782000
1619654400000,288.74000000,289.98000000,273.69000000,286.63000000,143023.73586000
1619740800000,286.54000000,330.48000000,282.25000000,319.62000000,242711.74644000
1619827200000,319.70000000,328.78000000,307.56000000,321.98000000,143178.51406000
1619913600000,321.95000000,324.23000000,302.68000000,315.17000000,118386.13577000
1620000000000,315.23000000,350.00000000,314.52000000,342.75000000,259673.26926000
1620086400000,342.76000000,384.00000000,315.61000000,360.62000000,565658.49458000
1620172800000,360.85000000,420.00000000,357.92000000,396.74000000,548046.67742000
1620259200000,396.43000000,454.00000000,371.80000000,443.11000000,576297.62209000
1620345600000,442.87000000,478.00000000,391.00000000,404.11000000,505079.99877000
1620432000000,404.48000000,428.28000000,392.66000000,408.83000000,242237.36565000
1620518400000,409.26000000,410.09000000,372.00000000,406.96000000,254577.57373000
1620604800000,407.08000000,433.33000000,354.78000000,371.63000000,317816.20830000
1620691200000,371.39000000,434.43000000,360.49000000,426.74000000,299251.91158000
1620777600000,426.74000000,439.17000000,351.00000000,359.00000000,398862.92793000
1620864000000,358.56000000,384.50000000,336.92000000,357.29000000,352494.61062000
1620950400000,357.50000000,386.01000000,354.41000000,371.01000000,153905.32784000
1621036800000,371.01000000,374.78000000,333.69000000,336.28000000,199185.18445000
1621123200000,336.15000000,367.23000000,311.67000000,331.60000000,217015.60658000
1621209600000,331.44000000,331.85000000,281.35000000,294.45000000,370066.67888000
1621296000000,294.72000000,318.31000000,290.22000000,304.52000000,216644.02788000
1621382400000,304.64000000,310.40000000,140.73000000,189.04000000,744158.20324000
1621468800000,189.73000000,238.13000000,165.63000000,226.94000000,471119.01152000
1621555200000,226.97000000,235.57000000,165.19000000,188.34000000,384233.69396000
1621641600000,188.31000000,194.28000000,169.37000000,178.31000000,296652.85765000
1621728000000,178.14000000,184.02000000,122.51000000,149.93000000,517506.94062000
1621814400000,150.01000000,201.48000000,146.30000000,201.48000000,373905.92432000
1621900800000,201.48000000,216.06000000,176.14000000,195.00000000,381481.93012000
1621987200000,195.17000000,221.51000000,191.39000000,214.10000000,292941.41175000
1622073600000,214.09000000,215.18000000,191.47000000,205.10000000,211320.49341000
1622160000000,205.13000000,206.45000000,170.75000000,183.22000000,331623.12096000
1622246400000,183.25000000,210.34000000,170.63000000,176.53000000,381318.37904000
1622332800000,176.93000000,190.66000000,165.42000000,181.80000000,210084.63012000
1622419200000,181.88000000,198.62000000,172.92000000,197.42000000,186504.39322000
1622505600000,197.60000000,201.65000000,184.41000000,191.50000000,158953.71350000
1622592000000,191.49000000,209.42000000,186.83000000,202.42000000,189730.10124000
1622678400000,202.39000000,218.95000000,198.36000000,210.25000000,186665.09481000
1622764800000,210.33000000,210.33000000,180.38000000,191.25000000,196528.06678000
1622851200000,191.25000000,198.49000000,179.12000000,185.23000000,140283.97567000
1622937600000,185.17000000,193.19000000,182.02000000,185.45000000,109538.64745000
1623024000000,185.44000000,193.45000000,169.82000000,172.58000000,130603.83399000
1623110400000,172.55000000,174.97000000,152.77000000,166.22000000,194234.72999000
1623196800000,166.17000000,177.74000000,158.05000000,176.76000000,175698.25332000
1623283200000,176.84000000,179.77000000,164.56000000,170.04000000,125009.55389000
1623369600000,170.21000000,174.00000000,163.32000000,165.71000000,115459.42495000
1623456000000,165.69000000,165.77000000,154.28000000,163.50000000,112966.47461000
1623542400000,163.60000000,172.89000000,157.09000000,172.55000000,112692.45739000
1623628800000,172.53000000,178.00000000,167.61000000,177.91000000,124747.64164000
1623715200000,177.92000000,179.00000000,169.61000000,171.94000000,97218.48363000
1623801600000,171.93000000,174.82000000,163.29000000,164.50000000,117473.98476000
1623888000000,164.50000000,173.93000000,160.48000000,163.93000000,112292.24552000
1623974400000,164.04000000,164.95000000,150.75000000,155.32000000,101371.47400000
1624060800000,155.36000000,160.83000000,150.94000000,150.94000000,90592.34162000
1624147200000,150.94000000,155.51000000,141.40000000,153.28000000,122839.70904000
1624233600000,153.34000000,154.14000000,122.78000000,123.09000000,237050.63994000
1624320000000,123.06000000,131.42000000,101.70000000,119.37000000,370156.09445000
1624406400000,119.52000000,131.58000000,113.96000000,127.43000000,178224.82228000
1624492800000,127.42000000,134.69000000,120.38000000,131.43000000,138407.38931000
1624579200000,131.46000000,134.61000000,119.04000000,119.77000000,199032.48581000
1624665600000,119.83000000,126.35000000,115.19000000,124.32000000,175541.87771000
1624752000000,124.37000000,127.76000000,118.26000000,127.22000000,144112.75131000
1624838400000,127.22000000,134.17000000,124.69000000,132.23000000,129781.67728000
1624924800000,132.25000000,148.18000000,130.47000000,140.85000000,169862.10546000
1625011200000,140.73000000,146.64000000,134.22000000,145.62000000,159439.57006000
1625097600000,145.67000000,145.67000000,133.07000000,138.16000000,109112.96432000
1625184000000,138.14000000,140.57000000,129.55000000,135.35000000,83307.98601000
1625270400000,135.35000000,140.22000000,132.27000000,138.81000000,64702.94846000
1625356800000,138.77000000,143.45000000,133.72000000,140.22000000,74782.55312000
1625443200000,140.24000000,140.24000000,129.19000000,132.52000000,95566.28771000
1625529600000,132.57000000,138.66000000,131.83000000,134.94000000,91668.79865000
1625616000000,134.90000000,139.29000000,133.51000000,135.15000000,83907.63769000
1625702400000,135.10000000,135.11000000,123.48000000,126.48000000,101184.64615000
1625788800000,126.51000000,130.39000000,121.06000000,128.41000000,79930.86561000
1625875200000,128.42000000,131.12000000,125.17000000,128.42000000,79490.05999000
1625961600000,128.46000000,130.91000000,125.21000000,128.44000000,70646.47101000
1626048000000,128.45000000,135.09000000,125.05000000,126.62000000,127413.59711000
1626134400000,126.62000000,127.81000000,121.77000000,123.93000000,76014.11774000
1626220800000,123.94000000,124.83000000,115.46000000,123.25000000,93598.06718000
1626307200000,123.19000000,125.08000000,116.38000000,122.87000000,91016.39947000
1626393600000,122.90000000,124.23000000,114.39000000,114.77000000,101437.50375000
1626480000000,114.76000000,118.96000000,113.32000000,116.08000000,75066.86410000
1626566400000,116.09000000,122.00000000,114.79000000,115.78000000,70758.56981000
1626652800000,115.75000000,188.00000000,109.52000000,137.98000000,1060666.99169000
1626739200000,138.04000000,147.46000000,115.15000000,125.26000000,832482.21052000
1626825600000,125.22000000,151.60000000,124.18000000,139.02000000,476958.67148000
1626912000000,139.04000000,146.59000000,135.24000000,142.20000000,250180.96569000
1626998400000,142.25000000,145.74000000,135.37000000,142.76000000,157199.32691000
1627084800000,142.79000000,149.00000000,138.07000000,140.89000000,192698.21199000
1627171200000,140.87000000,142.99000000,136.55000000,139.60000000,123894.32943000
1627257600000,139.62000000,157.00000000,138.78000000,142.17000000,259813.22833000
1627344000000,142.11000000,147.68000000,137.40000000,146.04000000,145906.11031000
1627430400000,146.02000000,156.77000000,142.85000000,152.63000000,204053.96718000
1627516800000,152.63000000,165.00000000,147.86000000,164.24000000,158518.09308000
1627603200000,164.29000000,167.33000000,153.50000000,165.36000000,152491.28267000
1627689600000,165.47000000,168.16000000,159.62000000,163.77000000,82044.44651000
1627776000000,163.72000000,173.95000000,157.74000000,160.19000000,117267.80122000
1627862400000,160.16000000,164.36000000,156.04000000,161.75000000,87619.05408000
1627948800000,161.66000000,163.97000000,153.28000000,156.41000000,83938.48217000
1628035200000,156.46000000,164.50000000,151.08000000,161.58000000,107508.83578000
1628121600000,161.59000000,165.22000000,154.88000000,164.41000000,113527.61187000
1628208000000,164.43000000,168.28000000,160.11000000,167.19000000,104216.57695000
1628294400000,167.28000000,173.54000000,164.06000000,170.34000000,182662.51421000
1628380800000,170.34000000,172.35000000,159.45000000,161.62000000,118453.46103000
1628467200000,161.65000000,181.18000000,156.70000000,179.06000000,181924.74985000
1628553600000,179.08000000,180.18000000,169.17000000,175.82000000,130499.26123000
1628640000000,175.80000000,188.00000000,175.63000000,181.49000000,145460.50002000
1628726400000,181.35000000,190.62000000,170.30000000,180.20000000,142525.83774000
1628812800000,180.22000000,204.74000000,177.76000000,204.60000000,136171.16821000
1628899200000,204.67000000,205.00000000,190.39000000,199.02000000,163089.42286000
1628985600000,199.01000000,217.45000000,191.07000000,215.87000000,150911.23374000
1629072000000,215.78000000,216.78000000,198.95000000,200.98000000,142422.80328000
1629158400000,201.24000000,211.59000000,185.73000000,194.76000000,218049.64872000
1629244800000,194.81000000,213.77000000,186.00000000,209.79000000,215812.85590000
1629331200000,209.83000000,221.22000000,199.00000000,220.09000000,178478.35557000
1629417600000,220.17000000,235.69000000,218.31000000,232.73000000,184318.98459000
1629504000000,232.69000000,248.88000000,226.75000000,237.27000000,205263.37012000
1629590400000,237.30000000,257.00000000,230.00000000,255.26000000,190276.54182000
1629676800000,255.27000000,284.98000000,254.62000000,270.58000000,337422.94948000
1629763200000,270.43000000,274.02000000,243.45000000,248.16000000,167702.35378000
1629849600000,248.26000000,264.68000000,239.27000000,264.46000000,140378.65866000
1629936000000,264.44000000,265.00000000,230.30000000,232.10000000,145323.26559000
1630022400000,232.10000000,243.80000000,222.20000000,242.30000000,168992.68161000
1630108800000,242.30000000,243.10000000,234.40000000,236.40000000,76326.60300000
1630195200000,236.60000000,247.20000000,224.40000000,225.30000000,129194.95200000
1630281600000,225.20000000,232.30000000,214.90000000,216.60000000,134065.42047000
1630368000000,216.50000000,229.00000000,212.60000000,223.70000000,99317.61868000
1630454400000,223.60000000,240.50000000,216.10000000,238.90000000,124660.38400000
1630540800000,239.00000000,246.10000000,235.10000000,239.00000000,107430.87500000
1630627200000,239.10000000,251.40000000,233.00000000,247.50000000,115032.63300000
1630713600000,247.60000000,256.50000000,245.00000000,251.80000000,100638.13327000
1630800000000,251.80000000,268.90000000,248.20000000,264.40000000,130996.71982000
1630886400000,264.40000000,265.50000000,249.40000000,255.70000000,125391.44200000
1630972800000,255.70000000,256.50000000,185.00000000,207.30000000,345910.99702000
1631059200000,207.40000000,211.90000000,184.37000000,201.70000000,237059.19349000
1631145600000,201.90000000,208.00000000,194.60000000,202.50000000,165899.67300000
1631232000000,202.50000000,214.90000000,187.10000000,192.90000000,190445.65200000
1631318400000,193.00000000,203.90000000,191.60000000,194.10000000,107005.65000000
1631404800000,194.10000000,206.40000000,189.10000000,203.50000000,98020.59100000
1631491200000,203.60000000,215.00000000,186.50000000,196.60000000,179592.68700000
1631577600000,196.60000000,206.00000000,194.70000000,205.70000000,91314.53300000
1631664000000,205.70000000,209.80000000,202.40000000,209.00000000,86184.38000000
1631750400000,209.10000000,219.70000000,202.50000000,208.30000000,154659.05600000
1631836800000,208.30000000,209.40000000,194.90000000,199.30000000,85120.97900000
1631923200000,199.30000000,205.60000000,195.30000000,199.40000000,69942.16300000
1632009600000,199.40000000,201.20000000,190.30000000,192.90000000,70902.20000000
1632096000000,193.00000000,193.40000000,167.80000000,170.10000000,200021.30698000
1632182400000,170.10000000,177.00000000,154.90000000,157.40000000,182848.47699000
1632268800000,157.30000000,176.20000000,154.10000000,175.50000000,98879.48800000
1632355200000,175.50000000,185.10000000,171.60000000,184.70000000,158759.49000000
1632441600000,184.60000000,185.30000000,156.30000000,165.50000000,218293.76100000
1632528000000,165.50000000,171.90000000,159.10000000,164.40000000,118601.29200000
1632614400000,164.40000000,165.20000000,150.60000000,162.00000000,135192.13353000
1632700800000,162.00000000,167.40000000,153.50000000,153.70000000,114075.62000000
1632787200000,153.70000000,158.60000000,146.30000000,147.30000000,132424.67796000
1632873600000,147.20000000,160.80000000,146.50000000,152.60000000,124930.57800000
1632960000000,152.60000000,170.00000000,151.80000000,166.00000000,111862.02200000
1633046400000,166.20000000,177.00000000,163.30000000,176.80000000,145656.17900000
1633132800000,176.70000000,182.90000000,171.70000000,177.80000000,96890.71600000
1633219200000,177.60000000,182.20000000,173.60000000,178.20000000,119075.07000000
1633305600000,178.30000000,180.30000000,167.90000000,174.20000000,122603.89700000
1633392000000,174.30000000,184.90000000,171.70000000,182.50000000,112515.45000000
1633478400000,182.60000000,190.70000000,170.60000000,185.10000000,198804.05400000
1633564800000,185.20000000,198.30000000,179.90000000,189.20000000,201750.50400000
1633651200000,189.20000000,198.80000000,186.20000000,189.50000000,119565.71700000
1633737600000,189.60000000,194.60000000,186.50000000,193.70000000,89195.13200000
1633824000000,193.70000000,195.70000000,181.40000000,182.30000000,83080.99800000
1633910400000,182.10000000,191.10000000,178.20000000,183.00000000,98373.54900000
1633996800000,182.90000000,182.90000000,170.30000000,180.70000000,128864.97600000
1634083200000,180.80000000,183.80000000,173.00000000,183.30000000,144862.42800000
1634169600000,183.40000000,189.70000000,182.30000000,186.70000000,89177.59800000
1634256000000,186.80000000,194.90000000,181.70000000,194.00000000,126992.67100000
1634342400000,194.10000000,198.40000000,189.40000000,190.40000000,103527.25500000
1634428800000,190.40000000,192.80000000,178.70000000,186.10000000,80517.83900000
1634515200000,186.10000000,190.60000000,180.40000000,186.80000000,91057.04600000
1634601600000,186.70000000,195.10000000,186.10000000,194.10000000,111610.47500000
1634688000000,194.00000000,205.90000000,189.40000000,201.70000000,134674.85100000
1634774400000,201.60000000,208.20000000,192.80000000,196.70000000,156104.60300000
1634860800000,196.60000000,203.30000000,192.40000000,195.30000000,98324.09100000
1634947200000,195.30000000,198.80000000,191.40000000,197.70000000,69900.69400000
1635033600000,197.80000000,214.10000000,196.90000000,202.70000000,284207.31500000
1635120000000,202.60000000,209.70000000,201.30000000,208.50000000,114373.67700000
1635206400000,208.60000000,208.70000000,195.00000000,198.50000000,100522.66200000
1635292800000,198.60000000,202.00000000,170.10000000,175.40000000,216841.23800000
1635379200000,175.40000000,186.50000000,173.00000000,183.50000000,140119.36600000
1635465600000,183.60000000,189.20000000,181.70000000,187.70000000,97228.52700000
1635552000000,187.70000000,189.40000000,176.80000000,183.70000000,115328.35600000
1635638400000,183.70000000,199.60000000,183.40000000,192.70000000,178819.99100000
1635724800000,192.70000000,194.70000000,183.50000000,189.10000000,102977.47000000
1635811200000,189.10000000,202.80000000,187.50000000,200.10000000,119924.50800000
1635897600000,200.10000000,205.50000000,193.00000000,201.90000000,164545.99100000
1635984000000,201.90000000,204.50000000,193.70000000,198.70000000,113462.57200000
1636070400000,198.70000000,199.80000000,191.50000000,194.40000000,71073.90600000
1636156800000,194.30000000,197.90000000,185.20000000,191.10000000,80479.30000000
1636243200000,191.10000000,193.90000000,189.60000000,193.90000000,48314.02700000
1636329600000,193.80000000,213.20000000,193.30000000,211.90000000,194631.47400000
1636416000000,212.00000000,239.00000000,210.90000000,234.50000000,462387.14400000
1636502400000,234.50000000,247.80000000,208.00000000,217.00000000,354254.85700000
1636588800000,217.10000000,235.00000000,213.00000000,231.70000000,211886.90700000
1636675200000,231.70000000,236.20000000,212.20000000,221.30000000,169481.66100000
1636761600000,221.40000000,232.60000000,217.20000000,228.90000000,143445.26700000
1636848000000,228.90000000,232.00000000,220.00000000,229.00000000,91549.21400000
1636934400000,229.10000000,240.30000000,223.60000000,224.50000000,148586.25000000
1637020800000,224.40000000,224.50000000,188.60000000,198.50000000,271549.42700000
1637107200000,198.40000000,200.70000000,184.60000000,189.30000000,225305.92900000
1637193600000,189.40000000,191.00000000,169.70000000,175.70000000,236570.87900000
1637280000000,175.60000000,189.40000000,173.90000000,189.30000000,149341.50600000
1637366400000,189.30000000,198.10000000,186.00000000,193.70000000,145122.25200000
1637452800000,193.70000000,208.70000000,187.20000000,207.20000000,168082.07000000
1637539200000,207.30000000,209.00000000,188.50000000,198.00000000,246454.71000000
1637625600000,197.80000000,200.90000000,184.60000000,187.50000000,166510.12400000
1637712000000,187.50000000,205.00000000,184.30000000,204.20000000,354140.41500000
1637798400000,204.20000000,215.60000000,202.20000000,214.70000000,196362.60200000
1637884800000,214.80000000,215.50000000,178.40000000,183.60000000,225797.10600000
1637971200000,183.60000000,189.90000000,180.60000000,182.40000000,114192.13000000
1638057600000,182.40000000,183.10000000,164.00000000,178.60000000,211058.36400000
1638144000000,178.60000000,184.40000000,175.60000000,181.90000000,133714.16300000
1638230400000,181.90000000,186.30000000,174.40000000,180.00000000,156221.82100000
1638316800000,180.00000000,185.50000000,176.60000000,178.20000000,107979.42000000
1638403200000,178.20000000,178.30000000,172.30000000,176.00000000,85313.07700000
1638489600000,176.00000000,180.30000000,159.30000000,167.20000000,120298.78900000
1638576000000,167.10000000,167.70000000,110.20000000,142.60000000,404803.47577000
1638662400000,142.50000000,145.00000000,126.30000000,134.50000000,172310.00400000
1638748800000,134.50000000,140.00000000,122.00000000,137.40000000,200981.73600000
1638835200000,137.40000000,144.70000000,135.60000000,138.20000000,153328.70100000
1638921600000,138.10000000,148.80000000,135.00000000,147.60000000,184237.93300000
1639008000000,147.60000000,151.50000000,135.60000000,136.00000000,183261.61700000
1639094400000,136.10000000,141.60000000,131.30000000,133.00000000,113031.12900000
1639180800000,133.10000000,141.80000000,130.50000000,140.60000000,91463.83100000
1639267200000,140.60000000,140.90000000,133.90000000,138.20000000,63092.61700000
1639353600000,138.20000000,139.90000000,123.70000000,126.40000000,108871.65300000
1639440000000,126.30000000,134.30000000,124.60000000,131.60000000,125769.87700000
1639526400000,131.60000000,136.80000000,124.20000000,134.20000000,136467.91200000
1639612800000,134.20000000,136.00000000,129.80000000,130.30000000,84272.74300000
1639699200000,130.40000000,132.40000000,124.00000000,128.30000000,88089.57000000
1639785600000,128.40000000,132.40000000,126.30000000,129.60000000,59682.27900000
1639872000000,129.60000000,133.20000000,128.60000000,129.10000000,62858.60300000
1639958400000,129.00000000,130.10000000,122.50000000,127.20000000,103363.20300000
1640044800000,127.30000000,134.90000000,125.50000000,133.70000000,93739.59200000
1640131200000,133.70000000,142.90000000,131.20000000,135.10000000,117638.75000000
1640217600000,135.20000000,147.40000000,131.60000000,146.70000000,164425.91300000
1640304000000,146.70000000,157.80000000,144.80000000,149.40000000,252898.39800000
1640390400000,149.50000000,153.70000000,148.10000000,150.00000000,98831.28300000
1640476800000,150.00000000,151.10000000,145.00000000,149.10000000,74104.22400000
1640563200000,149.20000000,155.80000000,149.00000000,150.90000000,83240.03900000
1640649600000,150.90000000,151.10000000,134.60000000,134.80000000,169037.83300000
1640736000000,134.70000000,136.90000000,131.20000000,133.30000000,107339.48900000
1640822400000,133.30000000,135.80000000,129.40000000,133.10000000,101804.91600000
1640908800000,133.00000000,142.50000000,131.00000000,133.60000000,153278.07900000
1640995200000,133.70000000,139.40000000,133.60000000,138.10000000,61606.14600000
1641081600000,138.20000000,143.20000000,136.30000000,142.00000000,67394.14900000
1641168000000,142.00000000,142.90000000,136.20000000,139.10000000,84818.52800000
1641254400000,139.20000000,139.90000000,133.40000000,134.70000000,99843.80900000
1641340800000,134.70000000,137.00000000,117.00000000,122.60000000,160968.36200000
1641427200000,122.60000000,125.40000000,117.80000000,124.30000000,120702.40500000
1641513600000,124.30000000,135.00000000,115.40000000,134.50000000,361751.13500000
1641600000000,134.60000000,147.00000000,131.60000000,141.90000000,416745.31100000
1641686400000,141.90000000,157.80000000,140.50000000,153.10000000,279639.47100000
1641772800000,153.10000000,155.00000000,139.90000000,148.00000000,272950.83400000
1641859200000,147.90000000,156.20000000,141.00000000,141.70000000,158099.72000000
1641945600000,141.70000000,144.70000000,138.40000000,143.60000000,150986.49300000
1642032000000,143.60000000,144.80000000,137.20000000,141.40000000,131625.92000000
1642118400000,141.40000000,146.90000000,138.90000000,141.10000000,133836.46000000
1642204800000,141.10000000,142.50000000,138.60000000,141.50000000,59338.06400000
1642291200000,141.50000000,142.80000000,135.90000000,137.40000000,83609.51500000
1642377600000,137.40000000,138.30000000,132.70000000,135.80000000,99168.02900000
1642464000000,135.70000000,137.00000000,127.30000000,130.60000000,97442.57400000
1642550400000,130.50000000,132.10000000,126.10000000,126.70000000,111798.12400000
1642636800000,126.70000000,133.70000000,120.60000000,121.20000000,91246.43400000
1642723200000,121.10000000,122.30000000,102.50000000,105.70000000,214341.86341000
1642809600000,105.70000000,107.70000000,85.20000000,97.00000000,365756.03682000
1642896000000,97.00000000,100.90000000,93.00000000,99.60000000,173761.37000000
1642982400000,99.40000000,100.30000000,80.50000000,90.50000000,547786.86616000
1643068800000,90.50000000,92.50000000,87.90000000,89.40000000,146828.69800000
1643155200000,89.50000000,99.20000000,88.40000000,93.00000000,187678.00600000
1643241600000,93.00000000,94.20000000,87.20000000,91.70000000,140423.27900000
1643328000000,91.60000000,96.10000000,89.70000000,95.50000000,127422.85000000
1643414400000,95.40000000,97.90000000,93.30000000,96.50000000,103707.13100000
1643500800000,96.50000000,98.20000000,92.00000000,92.80000000,104928.76500000
1643587200000,92.70000000,95.00000000,88.20000000,94.10000000,122287.81600000
1643673600000,94.20000000,97.50000000,93.80000000,97.30000000,77923.47500000
1643760000000,97.20000000,99.50000000,92.00000000,92.90000000,90535.01800000
1643846400000,92.80000000,95.30000000,90.20000000,95.00000000,80355.88300000
1643932800000,95.10000000,103.20000000,94.30000000,102.90000000,116284.94300000
1644019200000,103.00000000,106.60000000,100.90000000,103.60000000,139028.52800000
1644105600000,103.50000000,109.00000000,102.40000000,108.60000000,97296.35100000
1644192000000,108.70000000,117.10000000,105.90000000,115.80000000,128663.99100000
1644278400000,115.80000000,119.50000000,109.40000000,112.80000000,147541.45500000
1644364800000,112.80000000,118.30000000,110.20000000,115.00000000,98487.70200000
1644451200000,115.00000000,117.50000000,109.70000000,111.60000000,122410.09700000
1644537600000,111.70000000,114.60000000,102.70000000,104.10000000,117781.24700000
1644624000000,104.10000000,106.70000000,100.00000000,104.10000000,95407.75800000
1644710400000,104.00000000,106.30000000,100.70000000,102.00000000,80731.71900000
1644796800000,102.00000000,104.80000000,98.60000000,103.80000000,75486.09500000
1644883200000,103.80000000,109.90000000,103.60000000,109.30000000,75059.92100000
1644969600000,109.30000000,116.20000000,106.10000000,115.40000000,124826.00200000
1645056000000,115.40000000,118.80000000,103.20000000,104.70000000,219187.05900000
1645142400000,104.70000000,110.60000000,103.50000000,105.30000000,138132.68900000
1645228800000,105.30000000,106.70000000,99.80000000,102.40000000,98616.19000000
1645315200000,102.50000000,102.60000000,95.00000000,98.10000000,110825.48700000
1645401600000,98.10000000,101.50000000,86.30000000,86.90000000,282580.40200000
1645488000000,87.00000000,94.00000000,84.30000000,93.60000000,134606.69600000
1645574400000,93.70000000,96.30000000,88.10000000,88.20000000,112163.01600000
1645660800000,88.20000000,91.10000000,77.00000000,87.80000000,274353.68917000
1645747200000,87.80000000,94.10000000,86.10000000,92.70000000,121218.90600000
1645833600000,92.70000000,96.20000000,91.60000000,93.70000000,81362.42700000
1645920000000,93.70000000,95.50000000,86.20000000,88.20000000,130049.20700000
1646006400000,88.20000000,100.60000000,86.60000000,100.50000000,124842.80400000
1646092800000,100.40000000,103.00000000,96.50000000,100.10000000,153427.24100000
1646179200000,100.00000000,103.70000000,96.70000000,100.80000000,134688.08300000
1646265600000,100.90000000,102.90000000,94.80000000,96.80000000,131814.91400000
1646352000000,96.70000000,97.10000000,87.80000000,89.50000000,122490.16000000
1646438400000,89.50000000,90.40000000,86.70000000,89.60000000,63796.97600000
1646524800000,89.60000000,90.70000000,84.90000000,85.60000000,79330.56900000
1646611200000,85.70000000,90.60000000,83.50000000,85.90000000,141534.61200000
1646697600000,85.80000000,97.50000000,85.40000000,96.40000000,193594.35400000
1646784000000,96.40000000,101.90000000,95.50000000,99.80000000,225448.92600000
1646870400000,99.70000000,105.50000000,92.90000000,104.60000000,367042.79100000
1646956800000,104.60000000,104.70000000,94.80000000,95.10000000,233785.12600000
1647043200000,95.00000000,101.20000000,94.90000000,99.10000000,125587.32000000
1647129600000,99.00000000,103.00000000,92.00000000,93.70000000,142420.51000000
1647216000000,93.70000000,98.90000000,92.20000000,98.10000000,133662.00700000
1647302400000,98.20000000,98.50000000,92.90000000,95.20000000,120462.18500000
1647388800000,95.20000000,99.90000000,94.40000000,98.40000000,147466.64000000
1647475200000,98.30000000,100.60000000,96.10000000,96.40000000,115882.21800000
1647561600000,96.40000000,99.60000000,93.10000000,98.80000000,149350.02600000
1647648000000,98.70000000,104.70000000,98.70000000,103.00000000,142572.57200000
1647734400000,103.00000000,118.20000000,101.20000000,115.70000000,544298.35200000
1647820800000,115.60000000,124.10000000,112.30000000,123.70000000,494726.53000000
1647907200000,123.70000000,133.00000000,121.40000000,130.70000000,356659.89100000
1647993600000,130.80000000,138.80000000,126.40000000,129.70000000,372734.73500000
1648080000000,129.70000000,134.00000000,123.20000000,130.00000000,278096.72800000
1648166400000,130.00000000,132.50000000,121.80000000,126.20000000,234578.86000000
1648252800000,126.10000000,131.90000000,125.30000000,128.20000000,172951.18300000
1648339200000,128.10000000,133.30000000,124.80000000,133.00000000,133877.85500000
1648425600000,132.90000000,138.20000000,126.00000000,127.60000000,266643.42100000
1648512000000,127.60000000,135.90000000,127.10000000,130.30000000,191768.62700000
1648598400000,130.30000000,137.00000000,126.20000000,133.00000000,180025.15600000
1648684800000,133.10000000,137.20000000,125.30000000,127.20000000,219978.47900000
1648771200000,127.10000000,130.70000000,121.10000000,128.00000000,167338.09000000
1648857600000,128.00000000,131.50000000,126.40000000,127.40000000,147111.79200000
1648944000000,127.40000000,135.00000000,124.50000000,132.60000000,150972.49200000
1649030400000,132.70000000,134.50000000,125.60000000,133.20000000,197705.50300000
1649116800000,133.20000000,136.50000000,126.40000000,126.90000000,176455.70800000
1649203200000,126.90000000,127.10000000,113.20000000,113.60000000,241243.97000000
1649289600000,113.60000000,117.80000000,111.00000000,116.90000000,113942.45600000
1649376000000,116.80000000,118.10000000,108.50000000,110.90000000,145358.23600000
1649462400000,110.80000000,118.00000000,110.50000000,114.70000000,137353.21200000
1649548800000,114.80000000,115.70000000,110.30000000,111.10000000,86660.68900000
1649635200000,111.10000000,112.30000000,98.70000000,100.80000000,173784.18400000
1649721600000,100.70000000,105.40000000,99.50000000,102.40000000,95890.01500000
1649808000000,102.40000000,107.20000000,101.10000000,105.20000000,120138.89500000
1649894400000,105.20000000,115.30000000,101.50000000,106.20000000,117289.01300000
1649980800000,106.20000000,111.30000000,105.80000000,109.30000000,133915.75100000
1650067200000,109.20000000,110.40000000,106.60000000,108.30000000,54508.18000000
1650153600000,108.30000000,109.80000000,104.10000000,104.40000000,65999.71000000
1650240000000,104.30000000,108.90000000,100.80000000,108.70000000,123325.01200000
1650326400000,108.80000000,110.70000000,106.00000000,109.60000000,98620.14800000
1650412800000,109.60000000,109.70000000,105.20000000,107.00000000,91714.06700000
1650499200000,107.00000000,109.90000000,99.80000000,102.10000000,120171.95300000
1650585600000,102.10000000,106.00000000,101.30000000,103.70000000,92894.83300000
1650672000000,103.70000000,104.50000000,101.10000000,101.90000000,49857.67700000
1650758400000,101.80000000,102.50000000,98.80000000,99.90000000,54113.84100000
1650844800000,100.00000000,100.10000000,93.20000000,99.40000000,115236.19700000
1650931200000,99.40000000,101.30000000,91.50000000,93.10000000,100477.02300000
1651017600000,93.10000000,96.30000000,92.30000000,95.50000000,58861.79800000
1651104000000,95.50000000,99.90000000,94.70000000,96.50000000,104609.06800000
1651190400000,96.40000000,100.00000000,90.50000000,92.00000000,102657.00600000
1651276800000,92.10000000,94.50000000,80.60000000,84.70000000,114285.72700000
1651363200000,84.70000000,90.60000000,83.80000000,90.00000000,97377.89100000
1651449600000,90.00000000,91.00000000,86.40000000,89.30000000,74717.90900000
1651536000000,89.20000000,90.80000000,86.40000000,88.20000000,55599.05400000
1651622400000,88.20000000,96.00000000,87.80000000,95.80000000,77059.63500000
1651708800000,95.90000000,97.60000000,85.20000000,87.40000000,136668.74700000
1651795200000,87.50000000,88.50000000,84.40000000,87.70000000,100431.11000000
1651881600000,87.80000000,87.90000000,81.50000000,83.50000000,64157.60500000
1651968000000,83.60000000,85.40000000,79.90000000,83.00000000,117976.93400000
1652054400000,83.00000000,85.70000000,69.00000000,69.90000000,285202.52123000
1652140800000,69.80000000,79.10000000,68.20000000,73.30000000,288885.40500000
1652227200000,73.40000000,74.60000000,53.50000000,58.30000000,418928.43979000
1652313600000,58.20000000,61.70000000,45.00000000,53.80000000,516985.78234000
1652400000000,53.90000000,62.70000000,52.70000000,58.10000000,240085.58900000
1652486400000,58.00000000,61.50000000,55.10000000,60.90000000,146376.28700000
1652572800000,61.00000000,63.10000000,58.40000000,63.10000000,182884.85700000
1652659200000,63.00000000,63.20000000,55.30000000,57.90000000,191685.26300000
1652745600000,58.00000000,61.20000000,56.50000000,60.20000000,125031.57000000
1652832000000,60.20000000,61.70000000,55.30000000,55.70000000,135983.47200000
1652918400000,55.80000000,59.40000000,53.40000000,58.90000000,138689.55200000
1653004800000,58.90000000,60.40000000,55.80000000,57.40000000,150400.51900000
1653091200000,57.30000000,58.30000000,55.80000000,57.10000000,98287.85200000
1653177600000,57.10000000,62.00000000,56.50000000,61.60000000,100955.95700000
1653264000000,61.50000000,64.80000000,58.90000000,59.80000000,159507.72200000
1653350400000,59.90000000,62.60000000,58.10000000,62.40000000,116409.60700000
1653436800000,62.30000000,64.20000000,60.80000000,62.30000000,159829.89800000
1653523200000,62.30000000,63.50000000,55.80000000,58.20000000,168399.61400000
1653609600000,58.20000000,58.90000000,54.10000000,54.80000000,138894.55000000
1653696000000,54.80000000,57.00000000,54.20000000,56.50000000,86910.33100000
1653782400000,56.50000000,57.90000000,55.20000000,57.80000000,63034.07100000
1653868800000,57.90000000,63.50000000,57.40000000,63.30000000,124856.42800000
1653955200000,63.20000000,65.40000000,60.30000000,64.60000000,136840.32700000
1654041600000,64.70000000,68.00000000,58.60000000,59.10000000,173278.72700000
1654128000000,59.10000000,60.30000000,58.00000000,59.90000000,81985.16600000
1654214400000,59.90000000,60.00000000,56.30000000,58.20000000,89186.37800000
1654300800000,58.20000000,59.30000000,57.20000000,58.60000000,39861.02800000
1654387200000,58.70000000,59.30000000,57.70000000,58.60000000,27243.27300000
1654473600000,58.60000000,62.00000000,58.40000000,60.10000000,69371.65200000
1654560000000,60.10000000,60.80000000,56.00000000,58.30000000,93474.65100000
1654646400000,58.40000000,59.40000000,57.30000000,58.10000000,58519.25800000
1654732800000,58.10000000,58.60000000,57.10000000,57.70000000,42513.39000000
1654819200000,57.80000000,58.00000000,52.90000000,53.90000000,97170.19900000
1654905600000,54.00000000,54.60000000,48.40000000,49.00000000,93917.64400000
1654992000000,49.00000000,49.80000000,45.50000000,46.20000000,115892.31200000
1655078400000,46.10000000,46.50000000,39.40000000,42.60000000,279069.70858000
1655164800000,42.60000000,44.70000000,39.00000000,43.40000000,211188.08000000
1655251200000,43.40000000,46.00000000,38.60000000,45.90000000,236010.12500000
1655337600000,45.90000000,46.50000000,41.10000000,41.90000000,116286.72400000
1655424000000,41.90000000,44.40000000,41.40000000,43.60000000,71334.60300000
1655510400000,43.70000000,44.30000000,38.60000000,41.60000000,119215.49300000
1655596800000,41.60000000,45.30000000,39.90000000,44.30000000,94742.06500000
1655683200000,44.40000000,46.30000000,43.00000000,45.40000000,95327.92200000
1655769600000,45.40000000,48.60000000,44.60000000,47.10000000,89028.31500000
1655856000000,47.10000000,47.30000000,44.40000000,45.10000000,71685.85800000
1655942400000,45.20000000,48.90000000,45.10000000,48.60000000,73346.07100000
1656028800000,48.70000000,52.70000000,48.50000000,51.80000000,88889.06500000
1656115200000,51.70000000,52.80000000,49.60000000,52.30000000,53448.67400000
1656201600000,52.30000000,53.40000000,49.20000000,49.30000000,51893.53500000
1656288000000,49.30000000,51.70000000,48.50000000,49.10000000,64193.35100000
1656374400000,49.10000000,49.90000000,45.80000000,46.40000000,63602.51000000
1656460800000,46.30000000,47.20000000,43.90000000,44.50000000,100533.21900000
1656547200000,44.60000000,44.90000000,40.20000000,42.30000000,110672.74800000
1656633600000,42.30000000,43.50000000,40.70000000,41.80000000,110744.88100000
1656720000000,41.80000000,43.40000000,40.70000000,42.80000000,51240.06600000
1656806400000,42.90000000,43.50000000,41.40000000,42.70000000,43277.50500000
1656892800000,42.70000000,44.70000000,41.50000000,44.30000000,67488.47900000
1656979200000,44.40000000,44.90000000,41.80000000,43.10000000,73009.82100000
1657065600000,43.10000000,44.80000000,42.40000000,44.30000000,53194.02100000
1657152000000,44.20000000,46.40000000,43.60000000,46.00000000,62809.38200000
1657238400000,46.10000000,47.40000000,44.90000000,45.80000000,66104.47400000
1657324800000,45.80000000,48.20000000,45.80000000,47.90000000,43745.82800000
1657411200000,47.80000000,47.90000000,44.60000000,45.20000000,43593.77200000
1657497600000,45.10000000,45.20000000,41.30000000,41.60000000,76539.87100000
1657584000000,41.50000000,42.30000000,39.70000000,39.80000000,97137.93100000
1657670400000,39.90000000,42.60000000,39.30000000,42.40000000,95201.31600000
1657756800000,42.50000000,44.00000000,40.60000000,43.70000000,71039.70000000
1657843200000,43.70000000,44.80000000,43.00000000,43.30000000,71567.03100000
1657929600000,43.30000000,45.10000000,42.10000000,44.90000000,66314.68800000
1658016000000,44.90000000,47.10000000,44.10000000,46.00000000,100424.50100000
1658102400000,46.00000000,50.00000000,45.90000000,48.90000000,140525.70200000
1658188800000,48.80000000,50.90000000,47.30000000,50.10000000,128804.85100000
1658275200000,50.10000000,50.90000000,46.70000000,47.10000000,100525.80400000
1658361600000,47.20000000,48.50000000,45.40000000,48.20000000,83990.49200000
1658448000000,48.20000000,51.00000000,47.60000000,48.30000000,100154.28900000
1658534400000,48.30000000,50.30000000,46.60000000,47.70000000,72987.91000000
1658620800000,47.60000000,50.10000000,47.60000000,48.90000000,59313.82800000
1658707200000,48.90000000,49.40000000,44.90000000,44.90000000,71728.43100000
1658793600000,44.90000000,45.10000000,42.40000000,44.10000000,70339.56300000
1658880000000,44.00000000,48.20000000,42.90000000,48.10000000,113170.56100000
1658966400000,48.10000000,53.80000000,47.60000000,52.40000000,149986.44100000
1659052800000,52.50000000,54.70000000,49.90000000,50.60000000,118650.61700000
1659139200000,50.70000000,53.50000000,50.10000000,50.70000000,90904.95300000
1659225600000,50.80000000,53.90000000,50.30000000,51.10000000,93499.60900000
1659312000000,51.10000000,52.50000000,48.50000000,49.60000000,100351.26200000
1659398400000,49.60000000,50.30000000,47.00000000,48.50000000,109209.83400000
1659484800000,48.50000000,50.50000000,47.00000000,48.80000000,58280.17500000
1659571200000,48.70000000,50.50000000,48.40000000,49.30000000,63788.05800000
1659657600000,49.30000000,52.40000000,49.30000000,52.30000000,79039.87000000
1659744000000,52.30000000,53.50000000,51.70000000,52.50000000,54555.04300000
1659830400000,52.50000000,54.70000000,51.70000000,53.30000000,66158.68500000
1659916800000,53.30000000,56.30000000,53.20000000,56.20000000,93473.17300000
1660003200000,56.20000000,58.60000000,52.20000000,52.90000000,146725.65500000
1660089600000,52.90000000,55.20000000,50.90000000,54.50000000,128180.81200000
1660176000000,54.60000000,57.20000000,54.50000000,55.60000000,83470.38400000
1660262400000,55.60000000,56.50000000,54.00000000,56.10000000,61241.07200000
1660348800000,56.20000000,57.70000000,55.50000000,57.00000000,66745.28400000
1660435200000,57.00000000,58.10000000,54.40000000,55.00000000,60850.79200000
1660521600000,55.00000000,56.90000000,52.20000000,53.20000000,74631.80000000
1660608000000,53.20000000,53.80000000,51.90000000,52.40000000,66623.50700000
1660694400000,52.50000000,55.50000000,51.70000000,53.10000000,95035.44800000
1660780800000,53.10000000,54.30000000,49.50000000,50.40000000,82511.49100000
1660867200000,50.40000000,50.60000000,44.20000000,44.80000000,141407.50400000
1660953600000,44.80000000,46.30000000,44.30000000,45.70000000,53515.97100000
1661040000000,45.70000000,47.60000000,45.40000000,46.70000000,49745.28800000
1661126400000,46.70000000,47.30000000,44.20000000,47.30000000,65037.18000000
1661212800000,47.20000000,49.50000000,45.60000000,48.50000000,73439.71400000
1661299200000,48.60000000,50.70000000,47.20000000,49.20000000,64651.42900000
1661385600000,49.10000000,50.20000000,48.60000000,49.10000000,47053.87300000
1661472000000,49.10000000,49.20000000,43.70000000,44.30000000,120504.37300000
1661558400000,44.30000000,45.30000000,43.70000000,45.00000000,55701.85100000
1661644800000,45.10000000,46.00000000,44.00000000,44.10000000,40425.45900000
1661731200000,44.20000000,47.70000000,43.60000000,47.50000000,59775.52200000
1661817600000,47.50000000,48.30000000,45.10000000,45.60000000,79990.96300000
1661904000000,45.70000000,46.40000000,44.10000000,44.50000000,65226.11200000
1661990400000,44.50000000,44.90000000,43.10000000,44.80000000,51495.87900000
1662076800000,44.80000000,46.40000000,44.20000000,45.70000000,50357.13800000
1662163200000,45.70000000,47.00000000,45.10000000,46.70000000,39983.09700000
1662249600000,46.80000000,47.70000000,46.00000000,47.60000000,30072.35200000
1662336000000,47.60000000,48.60000000,46.30000000,47.60000000,45456.24000000
1662422400000,47.70000000,48.90000000,42.60000000,42.70000000,86738.36400000
1662508800000,42.70000000,45.70000000,42.20000000,44.90000000,66029.61900000
1662595200000,45.00000000,46.60000000,44.20000000,46.30000000,54749.48100000
1662681600000,46.30000000,49.59000000,46.30000000,49.03000000,104590.20800000
1662768000000,49.05000000,50.18000000,48.45000000,48.73000000,131746.44100000
1662854400000,48.77000000,49.07000000,47.10000000,48.30000000,144842.67000000
1662940800000,48.30000000,49.93000000,46.86000000,47.09000000,260036.34000000
1663027200000,47.09000000,48.19000000,43.25000000,43.83000000,259195.83200000
1663113600000,43.83000000,45.80000000,43.57000000,45.55000000,173604.27200000
1663200000000,45.55000000,45.69000000,43.22000000,43.88000000,206933.89100000
1663286400000,43.89000000,44.47000000,42.69000000,43.78000000,73726.00000000
1663372800000,43.80000000,44.76000000,43.77000000,44.54000000,57982.73600000
1663459200000,44.53000000,44.63000000,39.87000000,40.31000000,132484.53400000
1663545600000,40.33000000,41.02000000,39.01000000,40.76000000,147187.16100000
1663632000000,40.74000000,41.57000000,40.00000000,40.61000000,99302.65700000
1663718400000,40.63000000,42.80000000,39.17000000,39.65000000,167639.23800000
1663804800000,39.64000000,42.31000000,39.50000000,41.91000000,117001.27200000
1663891200000,41.91000000,42.92000000,40.53000000,42.15000000,138908.39200000
1663977600000,42.18000000,42.79000000,41.38000000,41.61000000,73241.71700000
1664064000000,41.60000000,42.39000000,40.62000000,41.15000000,64791.26400000
1664150400000,41.15000000,41.84000000,40.21000000,41.70000000,110198.58300000
1664236800000,41.69000000,43.69000000,41.01000000,41.55000000,96508.09400000
1664323200000,41.55000000,41.87000000,39.88000000,41.26000000,94687.95800000
1664409600000,41.27000000,42.39000000,40.71000000,42.28000000,80933.27100000
1664496000000,42.28000000,42.89000000,41.55000000,41.95000000,74960.26600000
1664582400000,41.93000000,42.49000000,41.61000000,41.73000000,39878.28800000
1664668800000,41.74000000,41.96000000,39.56000000,39.85000000,63222.38300000
1664755200000,39.86000000,41.38000000,39.30000000,41.25000000,70615.89200000
1664841600000,41.25000000,42.78000000,41.10000000,42.31000000,56484.64000000
1664928000000,42.33000000,43.07000000,41.28000000,42.15000000,143058.03700000
1665014400000,42.16000000,42.82000000,41.94000000,42.06000000,72267.03600000
1665100800000,42.05000000,42.45000000,41.32000000,42.28000000,46745.38200000
1665187200000,42.31000000,42.93000000,41.90000000,42.40000000,37361.07400000
1665273600000,42.40000000,43.18000000,42.19000000,42.95000000,29717.03400000
1665360000000,42.95000000,43.51000000,41.81000000,41.88000000,50854.25900000
1665446400000,41.87000000,41.87000000,40.56000000,41.27000000,58377.58700000
1665532800000,41.27000000,42.50000000,41.20000000,41.74000000,42621.68200000
1665619200000,41.73000000,41.73000000,38.00000000,40.38000000,103008.17800000
1665705600000,40.36000000,41.70000000,39.60000000,40.22000000,48959.54700000
1665792000000,40.21000000,41.14000000,39.97000000,40.52000000,33339.29900000
1665878400000,40.52000000,42.19000000,40.35000000,41.79000000,35179.30400000
1665964800000,41.75000000,41.89000000,40.95000000,41.54000000,27259.04400000
1666051200000,41.55000000,41.80000000,40.12000000,40.72000000,42831.56500000
1666137600000,40.73000000,40.92000000,39.22000000,39.70000000,42251.51800000
1666224000000,39.65000000,40.68000000,39.16000000,39.70000000,31114.33200000
1666310400000,39.70000000,40.94000000,38.51000000,40.62000000,41857.54300000
1666396800000,40.67000000,41.19000000,40.09000000,40.86000000,22554.12300000
1666483200000,40.87000000,41.95000000,39.93000000,41.71000000,37062.52100000
1666569600000,41.71000000,41.93000000,39.75000000,40.11000000,60489.39900000
1666656000000,40.15000000,42.05000000,39.65000000,41.35000000,68820.88200000
1666742400000,41.36000000,42.86000000,41.08000000,42.00000000,61835.51300000
1666828800000,41.97000000,43.52000000,41.18000000,41.30000000,84444.70700000
1666915200000,41.29000000,42.63000000,41.00000000,42.46000000,53919.27700000
1667001600000,42.45000000,44.02000000,42.41000000,42.94000000,79175.48900000
1667088000000,42.91000000,43.65000000,41.39000000,41.94000000,66578.23000000
1667174400000,41.93000000,42.73000000,41.27000000,41.86000000,59404.94800000
1667260800000,41.85000000,42.39000000,41.09000000,41.09000000,46879.75900000
1667347200000,41.10000000,42.00000000,39.90000000,40.84000000,120357.67700000
1667433600000,40.84000000,42.73000000,40.73000000,41.82000000,83872.36800000
1667520000000,41.82000000,45.25000000,41.65000000,44.57000000,114897.28700000
1667606400000,44.56000000,46.11000000,44.53000000,45.49000000,108084.05400000
1667692800000,45.49000000,46.05000000,43.34000000,43.70000000,88876.50300000
1667779200000,43.67000000,47.47000000,43.37000000,45.74000000,223462.67900000
1667865600000,45.75000000,47.19000000,34.26000000,38.41000000,307364.12900000
1667952000000,38.33000000,38.54000000,30.60000000,32.16000000,238524.35900000
1668038400000,32.11000000,37.25000000,31.59000000,36.90000000,182547.20600000
1668124800000,36.82000000,37.70000000,34.38000000,35.85000000,122518.35800000
1668211200000,35.81000000,35.85000000,33.30000000,33.80000000,82254.40900000
1668297600000,33.80000000,34.74000000,32.76000000,33.40000000,88992.64300000
1668384000000,33.40000000,34.64000000,31.51000000,34.48000000,118874.82600000
1668470400000,34.45000000,35.20000000,33.77000000,34.31000000,76577.80200000
1668556800000,34.30000000,34.56000000,32.84000000,33.82000000,51268.93400000
1668643200000,33.83000000,34.07000000,33.02000000,33.79000000,45339.35200000
1668729600000,33.80000000,34.73000000,33.41000000,34.49000000,66036.22300000
1668816000000,34.49000000,35.93000000,33.94000000,35.60000000,93852.71200000
1668902400000,35.59000000,36.16000000,34.43000000,34.57000000,81969.09600000
1668988800000,34.57000000,35.07000000,33.60000000,34.47000000,77379.37100000
1669075200000,34.49000000,37.37000000,34.22000000,37.32000000,146323.65200000
1669161600000,37.34000000,44.18000000,36.83000000,43.14000000,443489.79600000
1669248000000,43.13000000,43.43000000,41.40000000,42.03000000,194987.53900000
1669334400000,42.02000000,42.47000000,40.21000000,40.50000000,101876.86500000
1669420800000,40.51000000,42.27000000,40.35000000,41.09000000,109772.80400000
1669507200000,41.10000000,42.18000000,40.42000000,40.60000000,74140.76400000
1669593600000,40.62000000,40.92000000,38.75000000,39.96000000,109331.40900000
1669680000000,39.97000000,43.51000000,39.53000000,43.14000000,192049.39300000
1669766400000,43.13000000,44.99000000,41.85000000,43.22000000,154565.03400000
1669852800000,43.22000000,46.44000000,42.64000000,45.50000000,202854.82800000
1669939200000,45.49000000,46.30000000,44.21000000,45.77000000,106567.02600000
1670025600000,45.76000000,46.58000000,44.61000000,45.03000000,103350.64000000
1670112000000,45.03000000,45.60000000,44.11000000,44.73000000,67605.72900000
1670198400000,44.71000000,48.11000000,44.60000000,46.99000000,186713.76400000
1670284800000,46.99000000,48.01000000,45.45000000,46.23000000,122944.95400000
1670371200000,46.23000000,47.69000000,43.63000000,44.05000000,197472.82500000
1670457600000,44.02000000,45.34000000,43.34000000,45.16000000,127118.28200000
1670544000000,45.16000000,47.46000000,44.60000000,46.65000000,191018.93500000
1670630400000,46.65000000,48.06000000,46.18000000,46.57000000,132121.14300000
1670716800000,46.57000000,47.72000000,46.41000000,46.64000000,78718.74300000
1670803200000,46.64000000,50.00000000,44.46000000,48.90000000,220176.79900000
1670889600000,48.92000000,50.46000000,46.96000000,48.32000000,168082.95900000
1670976000000,48.32000000,49.99000000,48.02000000,48.68000000,105989.98100000
1671062400000,48.68000000,49.02000000,46.30000000,46.59000000,93285.33900000
1671148800000,46.61000000,47.18000000,42.14000000,43.44000000,128698.38500000
1671235200000,43.42000000,43.83000000,41.30000000,43.18000000,120553.94600000
1671321600000,43.16000000,43.41000000,42.01000000,42.42000000,60763.97700000
1671408000000,42.42000000,43.63000000,40.31000000,41.22000000,71093.54600000
1671494400000,41.18000000,43.15000000,40.94000000,42.15000000,90801.32000000
1671580800000,42.15000000,43.25000000,41.31000000,42.63000000,86133.01100000
1671667200000,42.62000000,43.38000000,41.40000000,42.77000000,96512.05700000
1671753600000,42.79000000,43.50000000,42.56000000,43.30000000,54959.15200000
1671840000000,43.31000000,44.32000000,43.03000000,43.77000000,71139.04700000
1671926400000,43.76000000,44.67000000,43.60000000,44.48000000,134610.42700000
1672012800000,44.50000000,45.76000000,44.20000000,44.97000000,99653.48200000
1672099200000,44.99000000,45.53000000,43.28000000,44.15000000,86578.37400000
1672185600000,44.14000000,44.21000000,42.36000000,42.97000000,112717.60600000
1672272000000,42.96000000,43.63000000,41.83000000,42.56000000,70178.22000000
1672358400000,42.53000000,42.74000000,41.24000000,41.99000000,83295.71700000
1672444800000,41.99000000,43.29000000,41.66000000,42.01000000,69890.94100000
1672531200000,42.05000000,42.45000000,41.11000000,42.21000000,58827.15600000
1672617600000,42.22000000,44.06000000,41.48000000,43.56000000,117917.43900000
1672704000000,43.57000000,43.93000000,42.24000000,42.86000000,98037.66300000
1672790400000,42.84000000,46.40000000,42.67000000,45.79000000,123599.55200000
1672876800000,45.77000000,46.20000000,44.55000000,44.90000000,87559.36800000
1672963200000,44.91000000,46.09000000,43.87000000,45.84000000,98964.04900000
1673049600000,45.83000000,46.98000000,45.83000000,46.34000000,68821.39700000
1673136000000,46.35000000,48.11000000,45.70000000,47.81000000,102692.79400000
1673222400000,47.81000000,50.78000000,47.71000000,48.80000000,159953.99900000
1673308800000,48.79000000,49.69000000,47.61000000,48.39000000,68824.31600000
1673395200000,48.39000000,49.22000000,46.60000000,49.03000000,117725.87500000
1673481600000,49.05000000,49.95000000,47.08000000,49.33000000,171077.50900000
1673568000000,49.33000000,52.56000000,48.57000000,51.38000000,156040.38300000
1673654400000,51.38000000,54.25000000,49.80000000,51.51000000,169267.00200000
1673740800000,51.52000000,52.46000000,49.75000000,51.70000000,112526.26800000
1673827200000,51.70000000,52.90000000,47.81000000,49.30000000,152051.10900000
1673913600000,49.30000000,51.00000000,48.31000000,49.28000000,110497.23700000
1674000000000,49.30000000,50.10000000,45.86000000,46.82000000,140879.64200000
1674086400000,46.80000000,49.15000000,46.64000000,49.03000000,74152.94500000
1674172800000,49.01000000,52.00000000,48.80000000,51.82000000,91974.93600000
1674259200000,51.79000000,54.00000000,49.98000000,52.40000000,139122.34600000
1674345600000,52.42000000,53.42000000,50.37000000,51.39000000,86933.55400000
1674432000000,51.40000000,53.98000000,51.35000000,51.97000000,110233.87700000
1674518400000,51.96000000,52.91000000,48.05000000,49.00000000,101156.97300000
1674604800000,48.99000000,51.94000000,48.19000000,50.46000000,84104.17900000
1674691200000,50.50000000,51.18000000,49.26000000,50.82000000,79245.50400000
1674777600000,50.79000000,52.16000000,49.56000000,51.73000000,109009.76100000
1674864000000,51.75000000,52.18000000,50.00000000,50.69000000,56657.41000000
1674950400000,50.63000000,58.30000000,50.46000000,56.67000000,418734.61200000
1675036800000,56.68000000,60.80000000,55.43000000,59.22000000,326858.45900000
1675123200000,59.21000000,62.55000000,58.68000000,60.23000000,245256.78700000
1675209600000,60.23000000,63.82000000,58.25000000,62.92000000,186420.35200000
1675296000000,62.92000000,63.99000000,60.34000000,61.57000000,114016.44900000
1675382400000,61.60000000,64.75000000,60.90000000,62.79000000,144706.29900000
1675468800000,62.84000000,63.32000000,61.00000000,61.48000000,65373.75000000
1675555200000,61.54000000,61.62000000,58.20000000,59.52000000,118157.60200000
1675641600000,59.55000000,64.24000000,59.00000000,61.87000000,173247.97900000
1675728000000,61.92000000,66.41000000,61.70000000,65.73000000,175461.80400000
1675814400000,65.76000000,66.66000000,62.36000000,64.00000000,112414.64300000
1675900800000,64.00000000,64.59000000,55.26000000,57.30000000,219136.99000000
1675987200000,57.32000000,58.72000000,56.70000000,57.80000000,138718.70700000
1676073600000,57.75000000,62.74000000,57.67000000,61.97000000,155563.72300000
1676160000000,61.95000000,63.36000000,60.62000000,62.72000000,117163.22700000
1676246400000,62.69000000,64.47000000,60.36000000,63.14000000,258949.53000000
1676332800000,63.15000000,69.41000000,62.00000000,68.05000000,272184.37200000
1676419200000,68.04000000,74.13000000,67.65000000,73.30000000,215793.20900000
1676505600000,73.30000000,77.90000000,71.68000000,73.70000000,220672.76500000
1676592000000,73.73000000,75.09000000,70.19000000,73.19000000,179869.11900000
1676678400000,73.18000000,75.56000000,71.70000000,71.99000000,114458.79800000
1676764800000,72.01000000,73.47000000,70.01000000,70.54000000,139939.27100000
1676851200000,70.52000000,74.30000000,70.17000000,72.35000000,170534.77100000
1676937600000,72.34000000,73.00000000,68.60000000,70.77000000,123152.32700000
1677024000000,70.79000000,74.09000000,68.22000000,73.44000000,147178.75900000
1677110400000,73.44000000,74.01000000,70.26000000,70.96000000,97156.53100000
1677196800000,71.00000000,71.38000000,67.18000000,70.07000000,120192.44500000
1677283200000,70.04000000,70.59000000,66.86000000,69.43000000,81393.32600000
1677369600000,69.43000000,74.73000000,69.04000000,74.07000000,122804.60100000
1677456000000,74.07000000,75.00000000,72.05000000,74.33000000,138510.36700000
1677542400000,74.29000000,74.69000000,71.05000000,71.59000000,93761.99200000
1677628800000,71.72000000,74.17000000,71.10000000,74.13000000,92151.20800000
1677715200000,74.10000000,74.38000000,70.70000000,72.50000000,82245.74600000
1677801600000,72.47000000,72.47000000,66.05000000,69.37000000,169912.48800000
1677888000000,69.36000000,69.92000000,65.39000000,67.38000000,90824.83700000
1677974400000,67.36000000,68.83000000,64.51000000,65.32000000,109222.12800000
1678060800000,65.32000000,65.90000000,61.20000000,62.48000000,207592.31100000
1678147200000,62.45000000,63.48000000,60.20000000,62.06000000,129064.33200000
1678233600000,62.06000000,62.58000000,57.32000000,58.16000000,138789.62300000
1678320000000,58.16000000,60.39000000,53.10000000,54.70000000,172562.20100000
1678406400000,54.70000000,54.86000000,46.79000000,49.93000000,351936.58100000
1678492800000,49.96000000,51.53000000,43.53000000,46.74000000,335445.71900000
1678579200000,46.66000000,53.75000000,45.48000000,53.23000000,222767.34200000
1678665600000,53.22000000,57.47000000,51.14000000,56.36000000,294748.87600000
1678752000000,56.43000000,60.54000000,54.16000000,58.33000000,196544.48600000
1678838400000,58.28000000,59.51000000,50.54000000,52.00000000,208297.83000000
1678924800000,52.02000000,53.63000000,51.25000000,52.94000000,121616.48700000
1679011200000,52.90000000,58.50000000,52.20000000,58.22000000,146106.35200000
1679097600000,58.21000000,60.24000000,55.02000000,55.79000000,148047.27500000
1679184000000,55.76000000,58.58000000,55.06000000,57.57000000,92305.22900000
1679270400000,57.61000000,59.04000000,55.20000000,55.57000000,187210.92800000
1679356800000,55.54000000,58.90000000,53.84000000,58.44000000,134651.09000000
1679443200000,58.50000000,59.34000000,53.56000000,58.90000000,169289.99300000
1679529600000,58.91000000,64.27000000,55.50000000,63.52000000,372559.56800000
1679616000000,63.50000000,64.72000000,59.60000000,61.66000000,177278.38200000
1679702400000,61.58000000,62.45000000,57.30000000,58.17000000,137471.02600000
1679788800000,58.13000000,60.37000000,57.35000000,59.13000000,100727.14000000
1679875200000,59.09000000,59.28000000,54.20000000,56.08000000,122752.14100000
1679961600000,56.06000000,56.79000000,54.66000000,56.48000000,74953.88600000
1680048000000,56.50000000,58.99000000,56.39000000,58.05000000,82997.29000000
1680134400000,58.05000000,59.13000000,55.16000000,56.52000000,96395.82800000
1680220800000,56.52000000,58.66000000,55.33000000,58.54000000,78290.79700000
1680307200000,58.54000000,60.20000000,58.02000000,58.63000000,72521.46100000
1680393600000,58.63000000,59.41000000,55.97000000,57.07000000,105136.44300000
1680480000000,57.12000000,58.96000000,55.21000000,57.87000000,90730.43000000
1680566400000,57.85000000,58.22000000,56.60000000,57.60000000,73203.40200000
1680652800000,57.59000000,59.10000000,56.49000000,57.80000000,93360.52300000
1680739200000,57.81000000,57.84000000,55.90000000,56.56000000,52520.59000000
1680825600000,56.61000000,56.74000000,55.37000000,56.03000000,42624.89200000
1680912000000,56.02000000,56.47000000,55.22000000,55.63000000,40529.59600000
1680998400000,55.63000000,56.15000000,54.39000000,55.73000000,55402.65500000
1681084800000,55.72000000,57.91000000,55.03000000,57.69000000,69341.74900000
1681171200000,57.69000000,58.38000000,56.78000000,56.95000000,97885.93100000
1681257600000,56.95000000,57.12000000,54.50000000,55.85000000,86498.52300000
1681344000000,55.89000000,57.83000000,55.35000000,57.29000000,64385.14700000
1681430400000,57.27000000,60.15000000,56.69000000,60.00000000,122282.80800000
1681516800000,59.98000000,60.65000000,58.76000000,59.66000000,111763.24900000
1681603200000,59.65000000,61.99000000,58.15000000,60.94000000,142418.55000000
1681689600000,60.94000000,61.08000000,57.53000000,58.48000000,114667.54100000
1681776000000,58.51000000,60.32000000,57.60000000,59.66000000,104840.81200000
1681862400000,59.66000000,59.68000000,51.54000000,52.99000000,174931.77500000
1681948800000,52.98000000,53.56000000,50.38000000,51.68000000,118962.60800000
1682035200000,51.63000000,52.30000000,48.09000000,48.83000000,93000.91700000
1682121600000,48.86000000,50.41000000,48.55000000,50.24000000,57773.93300000
1682208000000,50.23000000,51.10000000,48.54000000,50.16000000,70090.46900000
1682294400000,50.18000000,51.11000000,48.72000000,50.11000000,63809.97500000
1682380800000,50.12000000,51.73000000,49.11000000,51.66000000,80769.40100000
1682467200000,51.64000000,53.51000000,47.00000000,49.76000000,129100.00000000
1682553600000,49.77000000,51.41000000,49.14000000,50.67000000,81984.34300000
1682640000000,50.66000000,50.72000000,49.35000000,50.01000000,46099.69700000
1682726400000,50.03000000,51.49000000,49.78000000,51.07000000,44611.62100000
1682812800000,51.08000000,51.13000000,49.28000000,49.59000000,48169.31900000
1682899200000,49.58000000,49.96000000,47.75000000,48.31000000,60482.85100000
1682985600000,48.31000000,48.88000000,47.51000000,48.54000000,35686.05900000
1683072000000,48.60000000,49.54000000,47.00000000,49.25000000,54985.62300000
1683158400000,49.25000000,49.39000000,48.29000000,48.71000000,32378.98500000
1683244800000,48.70000000,49.42000000,47.74000000,48.71000000,56484.10000000
1683331200000,48.70000000,48.99000000,45.05000000,45.43000000,88748.62500000
1683417600000,45.43000000,46.25000000,45.30000000,45.47000000,40330.40800000
1683504000000,45.46000000,45.87000000,40.51000000,41.73000000,137827.62800000
1683590400000,41.73000000,42.17000000,40.07000000,42.03000000,96656.98300000
1683676800000,42.03000000,43.95000000,40.50000000,43.04000000,89246.45400000
1683763200000,43.03000000,43.07000000,39.35000000,40.87000000,91854.15200000
1683849600000,40.86000000,40.95000000,38.70000000,40.89000000,80507.04100000
1683936000000,40.88000000,41.25000000,39.96000000,40.65000000,60220.37000000
1684022400000,40.64000000,41.89000000,40.14000000,41.24000000,53666.37300000
1684108800000,41.26000000,42.82000000,40.29000000,42.00000000,65574.69200000
1684195200000,41.99000000,43.57000000,41.44000000,43.22000000,65865.03200000
1684281600000,43.25000000,45.59000000,42.96000000,44.30000000,168474.49700000
1684368000000,44.35000000,44.57000000,42.03000000,43.20000000,61399.14200000
1684454400000,43.20000000,44.95000000,43.14000000,44.51000000,56292.48300000
1684540800000,44.52000000,44.52000000,43.70000000,44.32000000,45344.51200000
1684627200000,44.31000000,44.38000000,42.98000000,43.90000000,55299.27800000
1684713600000,43.87000000,44.26000000,43.00000000,43.43000000,36433.53800000
1684800000000,43.44000000,44.60000000,43.09000000,43.39000000,55330.62000000
1684886400000,43.44000000,43.44000000,40.30000000,41.05000000,89492.76100000
1684972800000,41.07000000,41.61000000,39.55000000,40.91000000,64393.96300000
1685059200000,40.92000000,42.29000000,40.75000000,41.90000000,39700.26900000
1685145600000,41.91000000,42.50000000,41.40000000,42.21000000,28528.00600000
1685232000000,42.21000000,44.42000000,42.08000000,43.84000000,47190.61600000
1685318400000,43.84000000,44.10000000,42.87000000,43.31000000,41563.87900000
1685404800000,43.31000000,44.11000000,42.89000000,43.85000000,41105.07800000
1685491200000,43.84000000,44.30000000,41.48000000,41.82000000,69461.45700000
1685577600000,41.83000000,42.36000000,40.83000000,41.88000000,73252.47800000
1685664000000,41.85000000,42.90000000,41.35000000,42.68000000,49646.81800000
1685750400000,42.69000000,43.39000000,42.14000000,42.59000000,40949.71400000
1685836800000,42.58000000,43.51000000,42.24000000,42.57000000,37792.88300000
1685923200000,42.57000000,42.75000000,37.75000000,39.07000000,111066.58400000
1686009600000,39.05000000,40.26000000,37.79000000,40.10000000,73173.16000000
1686096000000,40.10000000,40.10000000,38.01000000,38.47000000,53111.22000000
1686182400000,38.46000000,39.27000000,37.50000000,38.78000000,45250.58600000
1686268800000,38.79000000,39.26000000,38.07000000,38.40000000,35648.67000000
1686355200000,38.42000000,38.54000000,25.05000000,29.76000000,389016.73900000
1686441600000,29.77000000,30.05000000,28.50000000,29.13000000,110702.57600000
1686528000000,29.09000000,29.48000000,28.01000000,29.11000000,87932.80200000
1686614400000,29.11000000,29.79000000,28.58000000,29.69000000,90461.50900000
1686700800000,29.68000000,30.45000000,28.11000000,29.05000000,105026.76400000
1686787200000,29.05000000,29.98000000,28.81000000,29.68000000,59163.92200000
1686873600000,29.69000000,31.12000000,29.43000000,30.61000000,68478.97800000
1686960000000,30.62000000,31.50000000,30.45000000,31.12000000,42187.81200000
1687046400000,31.13000000,31.24000000,29.96000000,30.21000000,40848.68200000
1687132800000,30.22000000,31.14000000,29.92000000,30.84000000,37967.81000000
1687219200000,30.85000000,33.00000000,30.74000000,32.78000000,130305.57100000
1687305600000,32.80000000,34.33000000,32.59000000,33.43000000,148566.66500000
1687392000000,33.45000000,34.60000000,32.21000000,32.88000000,103033.72200000
1687478400000,32.90000000,35.71000000,32.78000000,34.70000000,142710.78900000
1687564800000,34.69000000,35.80000000,33.93000000,35.09000000,102369.51700000
1687651200000,35.12000000,36.94000000,34.87000000,35.42000000,94515.73500000
1687737600000,35.38000000,37.07000000,33.98000000,36.06000000,152364.64000000
1687824000000,36.06000000,37.25000000,35.22000000,36.04000000,115402.90900000
1687910400000,36.08000000,36.08000000,32.70000000,33.77000000,66664.40800000
1687996800000,33.77000000,34.67000000,33.61000000,34.21000000,42729.76700000
1688083200000,34.22000000,39.00000000,33.88000000,37.78000000,289370.60000000
1688169600000,37.79000000,39.44000000,37.45000000,38.12000000,162124.28100000
1688256000000,38.11000000,38.40000000,36.67000000,38.24000000,93667.18800000
1688342400000,38.30000000,38.47000000,37.23000000,37.61000000,90967.62500000
1688428800000,37.60000000,38.22000000,35.89000000,36.17000000,98623.04400000
1688515200000,36.17000000,36.65000000,34.45000000,35.07000000,88325.26700000
1688601600000,35.07000000,36.09000000,33.44000000,33.48000000,81519.71900000
1688688000000,33.44000000,34.13000000,33.12000000,33.99000000,39956.30500000
1688774400000,33.97000000,34.20000000,32.94000000,33.68000000,45867.03700000
1688860800000,33.67000000,33.87000000,33.24000000,33.40000000,27668.44300000
1688947200000,33.40000000,34.21000000,32.50000000,33.56000000,57972.08800000
1689033600000,33.59000000,33.82000000,33.03000000,33.53000000,36156.20400000
1689120000000,33.53000000,34.05000000,33.02000000,33.43000000,44042.16500000
1689206400000,33.44000000,36.20000000,32.90000000,36.01000000,121149.90100000
1689292800000,36.01000000,36.53000000,33.11000000,34.27000000,112603.60200000
1689379200000,34.24000000,34.80000000,33.66000000,34.00000000,44969.39600000
1689465600000,34.01000000,34.14000000,32.50000000,32.72000000,63350.13600000
1689552000000,32.72000000,33.51000000,32.20000000,32.99000000,78170.53600000
1689638400000,33.00000000,33.69000000,31.35000000,32.06000000,93279.89900000
1689724800000,32.06000000,32.78000000,31.91000000,32.08000000,91916.03200000
1689811200000,32.08000000,33.16000000,31.94000000,32.65000000,96219.59500000
1689897600000,32.63000000,33.17000000,32.33000000,33.17000000,54396.38600000
1689984000000,33.18000000,33.67000000,32.30000000,32.60000000,51549.57800000
1690070400000,32.60000000,34.12000000,32.41000000,33.62000000,79989.45400000
1690156800000,33.62000000,33.85000000,31.35000000,32.05000000,76776.15100000
1690243200000,32.02000000,32.09000000,31.12000000,31.41000000,50346.21400000
1690329600000,31.43000000,31.97000000,30.74000000,31.65000000,55309.48900000
1690416000000,31.64000000,31.99000000,31.32000000,31.87000000,41536.79100000
1690502400000,31.87000000,32.61000000,31.61000000,32.19000000,45102.80700000
1690588800000,32.20000000,32.62000000,32.13000000,32.54000000,29685.35000000
1690675200000,32.56000000,32.78000000,31.15000000,32.16000000,51217.52500000
1690761600000,32.17000000,32.37000000,31.25000000,31.64000000,41513.35400000
1690848000000,31.64000000,31.83000000,30.22000000,31.77000000,64578.17400000
1690934400000,31.81000000,32.35000000,31.46000000,31.97000000,66623.28700000
1691020800000,31.97000000,32.19000000,31.22000000,31.32000000,42909.38600000
1691107200000,31.31000000,31.47000000,30.52000000,30.81000000,35398.86200000
1691193600000,30.82000000,31.03000000,30.38000000,30.88000000,31515.03700000
1691280000000,30.89000000,32.92000000,30.77000000,32.49000000,79205.48500000
1691366400000,32.50000000,33.55000000,31.82000000,32.50000000,126483.17000000
1691452800000,32.48000000,33.32000000,32.22000000,32.90000000,63505.46800000
1691539200000,32.91000000,33.34000000,32.63000000,32.87000000,46918.95000000
1691625600000,32.87000000,33.00000000,32.25000000,32.35000000,30987.38000000
1691712000000,32.36000000,32.89000000,32.16000000,32.51000000,28299.70300000
1691798400000,32.52000000,32.58000000,32.07000000,32.26000000,19921.78000000
1691884800000,32.26000000,32.42000000,31.77000000,32.01000000,26856.24600000
1691971200000,32.00000000,32.36000000,31.80000000,31.92000000,42280.01100000
1692057600000,31.92000000,31.93000000,28.84000000,29.85000000,95999.85500000
1692144000000,29.85000000,29.92000000,27.41000000,28.41000000,96809.10100000
1692230400000,28.41000000,28.75000000,22.60000000,25.74000000,135805.08221000
1692316800000,25.73000000,26.73000000,25.66000000,26.45000000,80004.11500000
1692403200000,26.45000000,26.80000000,26.26000000,26.79000000,38258.35700000
1692489600000,26.74000000,27.24000000,26.63000000,26.99000000,33386.31300000
1692576000000,26.97000000,27.06000000,25.83000000,26.39000000,34048.93700000
1692662400000,26.39000000,26.85000000,25.62000000,26.33000000,41563.11400000
1692748800000,26.34000000,26.90000000,25.76000000,26.51000000,52250.05900000
1692835200000,26.51000000,26.59000000,24.84000000,25.18000000,119573.13300000
1692921600000,25.19000000,25.62000000,24.33000000,25.57000000,80242.34000000
1693008000000,25.58000000,25.74000000,25.19000000,25.32000000,31850.83700000
1693094400000,25.31000000,25.98000000,25.16000000,25.86000000,33635.08100000
1693180800000,25.86000000,26.43000000,25.34000000,26.10000000,45671.53600000
1693267200000,26.10000000,27.44000000,25.46000000,27.12000000,72648.91100000
1693353600000,27.13000000,27.18000000,26.58000000,26.96000000,60007.60600000
1693440000000,26.95000000,27.19000000,25.53000000,26.04000000,52636.64800000
1693526400000,26.03000000,26.21000000,25.06000000,25.25000000,45252.91300000
1693612800000,25.27000000,25.46000000,24.99000000,25.34000000,39321.31900000
1693699200000,25.31000000,25.80000000,25.30000000,25.62000000,34320.67700000
1693785600000,25.60000000,25.99000000,25.22000000,25.61000000,34363.66000000
1693872000000,25.62000000,25.95000000,25.26000000,25.76000000,26140.39100000
1693958400000,25.76000000,25.89000000,25.05000000,25.64000000,35968.93000000
1694044800000,25.63000000,26.26000000,25.56000000,26.08000000,41255.40000000
1694131200000,26.10000000,26.50000000,25.70000000,26.22000000,52054.88200000
1694217600000,26.21000000,26.61000000,26.10000000,26.56000000,28335.95900000
1694304000000,26.57000000,26.58000000,25.15000000,25.61000000,48286.11800000
1694390400000,25.60000000,25.70000000,24.23000000,24.73000000,72018.15300000
1694476800000,24.74000000,25.94000000,24.66000000,25.18000000,62859.26100000
1694563200000,25.17000000,25.90000000,25.01000000,25.53000000,44839.30400000
1694649600000,25.55000000,25.93000000,25.31000000,25.61000000,44433.37000000
1694736000000,25.62000000,26.78000000,25.45000000,26.50000000,39135.53800000
1694822400000,26.52000000,27.23000000,26.46000000,26.79000000,43459.12500000
1694908800000,26.79000000,26.79000000,25.55000000,25.82000000,39791.35400000
1694995200000,25.83000000,26.79000000,25.50000000,25.96000000,48287.01600000
1695081600000,25.94000000,26.54000000,25.74000000,26.34000000,36801.31300000
1695168000000,26.37000000,26.57000000,26.04000000,26.54000000,37241.16200000
1695254400000,26.54000000,26.79000000,25.86000000,26.19000000,39503.44500000
1695340800000,26.22000000,26.85000000,25.98000000,26.72000000,50698.94300000
1695427200000,26.71000000,26.96000000,26.52000000,26.78000000,33450.97600000
1695513600000,26.77000000,26.88000000,26.26000000,26.37000000,34320.06700000
1695600000000,26.34000000,27.09000000,26.05000000,26.98000000,35367.23400000
1695686400000,26.97000000,27.37000000,26.25000000,26.55000000,42339.20100000
1695772800000,26.54000000,27.21000000,26.17000000,26.38000000,43624.92900000
1695859200000,26.39000000,27.20000000,26.27000000,26.95000000,37618.36600000
1695945600000,26.95000000,27.74000000,26.82000000,27.35000000,79433.30000000
1696032000000,27.35000000,28.25000000,27.15000000,27.75000000,42128.37300000
1696118400000,27.75000000,28.69000000,27.40000000,28.18000000,77741.18900000
1696204800000,28.22000000,28.60000000,26.70000000,27.35000000,60372.73300000
1696291200000,27.37000000,27.95000000,26.91000000,27.07000000,43070.37700000
1696377600000,27.07000000,27.21000000,26.14000000,27.02000000,41411.10700000
1696464000000,27.02000000,27.57000000,26.70000000,26.90000000,41027.05200000
1696550400000,26.91000000,27.19000000,26.73000000,26.90000000,26875.52600000
1696636800000,26.91000000,27.30000000,26.68000000,26.82000000,28327.51300000
1696723200000,26.79000000,26.95000000,26.40000000,26.56000000,37937.51600000
1696809600000,26.56000000,26.70000000,25.12000000,25.94000000,57789.61000000
1696896000000,25.96000000,26.28000000,25.40000000,25.64000000,30479.91000000
1696982400000,25.63000000,25.81000000,25.09000000,25.53000000,33715.29800000
1697068800000,25.53000000,25.53000000,24.79000000,25.05000000,36889.45500000
1697155200000,25.05000000,25.77000000,24.90000000,25.37000000,30983.09600000
1697241600000,25.37000000,25.74000000,25.34000000,25.48000000,20431.14100000
1697328000000,25.46000000,25.84000000,25.34000000,25.63000000,22794.37500000
1697414400000,25.61000000,26.81000000,25.59000000,25.77000000,62372.79600000
1697500800000,25.77000000,25.86000000,24.65000000,25.01000000,60940.20900000
1697587200000,24.98000000,26.51000000,24.62000000,24.77000000,53088.62000000
1697673600000,24.77000000,25.05000000,24.40000000,24.88000000,30100.33200000
1697760000000,24.89000000,25.94000000,24.83000000,25.26000000,54808.26400000
1697846400000,25.27000000,26.50000000,25.25000000,26.07000000,44786.12500000
1697932800000,26.11000000,26.43000000,25.62000000,26.27000000,49271.18100000
1698019200000,26.29000000,27.99000000,26.07000000,27.61000000,80388.06000000
1698105600000,27.69000000,28.80000000,27.08000000,28.04000000,137544.26400000
1698192000000,28.06000000,28.37000000,27.23000000,27.69000000,61619.62600000
1698278400000,27.70000000,28.84000000,27.01000000,27.98000000,86190.96200000
1698364800000,27.96000000,28.04000000,27.02000000,27.64000000,49439.72100000
1698451200000,27.64000000,28.57000000,27.58000000,28.43000000,47533.60700000
1698537600000,28.42000000,28.86000000,28.08000000,28.64000000,48760.92500000
1698624000000,28.65000000,29.50000000,28.21000000,29.48000000,80865.87100000
1698710400000,29.47000000,30.94000000,28.26000000,29.34000000,137043.90300000
1698796800000,29.32000000,30.20000000,28.31000000,29.92000000,94996.98400000
1698883200000,29.92000000,30.30000000,28.02000000,28.62000000,114079.18700000
1698969600000,28.61000000,29.10000000,27.67000000,28.94000000,51240.83300000
1699056000000,28.96000000,30.04000000,28.74000000,29.83000000,74598.03600000
1699142400000,29.84000000,31.36000000,29.68000000,30.41000000,122695.52600000
1699228800000,30.43000000,31.33000000,29.90000000,31.09000000,83759.37800000
1699315200000,31.09000000,31.88000000,30.03000000,30.84000000,96544.55600000
1699401600000,30.84000000,31.68000000,30.59000000,31.35000000,69660.96400000
1699488000000,31.36000000,32.71000000,27.45000000,30.48000000,235528.17100000
1699574400000,30.48000000,32.28000000,30.00000000,32.11000000,132775.77000000
1699660800000,32.11000000,33.30000000,31.06000000,33.10000000,108718.80500000
1699747200000,33.12000000,33.96000000,31.70000000,33.61000000,124267.39600000
1699833600000,33.61000000,34.30000000,31.35000000,32.00000000,142358.04200000
1699920000000,32.04000000,32.52000000,30.00000000,30.90000000,115752.01400000
1700006400000,30.89000000,32.36000000,30.87000000,32.26000000,92085.24700000
1700092800000,32.26000000,32.71000000,30.00000000,30.58000000,126024.98100000
1700179200000,30.59000000,31.32000000,29.50000000,30.75000000,74074.16800000
1700265600000,30.73000000,30.74000000,29.00000000,29.89000000,69426.65400000
1700352000000,29.87000000,30.65000000,29.20000000,30.56000000,53130.93700000
1700438400000,30.57000000,31.25000000,30.18000000,30.69000000,69031.74800000
1700524800000,30.71000000,31.22000000,27.65000000,28.02000000,114529.95400000
1700611200000,28.00000000,29.52000000,27.91000000,29.16000000,129255.36900000
1700697600000,29.17000000,29.81000000,28.93000000,29.60000000,67584.14400000
1700784000000,29.60000000,30.54000000,29.53000000,30.11000000,66713.58300000
1700870400000,30.11000000,31.28000000,29.99000000,31.15000000,59501.08300000
1700956800000,31.16000000,31.23000000,29.80000000,30.76000000,64946.01800000
1701043200000,30.76000000,30.98000000,29.04000000,29.78000000,77343.92500000
1701129600000,29.80000000,30.53000000,29.11000000,30.00000000,56045.77800000
1701216000000,30.02000000,30.44000000,29.47000000,29.99000000,87262.84900000
1701302400000,29.98000000,30.28000000,29.76000000,30.19000000,48943.19600000
1701388800000,30.18000000,30.70000000,30.03000000,30.65000000,67616.79200000
1701475200000,30.66000000,31.99000000,30.61000000,31.90000000,75947.33500000
1701561600000,31.90000000,31.99000000,31.02000000,31.59000000,77866.60600000
1701648000000,31.59000000,32.82000000,30.62000000,32.41000000,137803.83000000
1701734400000,32.42000000,32.75000000,31.46000000,32.56000000,82306.32300000
1701820800000,32.58000000,32.95000000,31.36000000,31.97000000,107379.74000000
1701907200000,31.99000000,33.47000000,31.77000000,33.21000000,102269.07000000
1701993600000,33.21000000,35.72000000,32.95000000,34.70000000,150952.10200000
1702080000000,34.69000000,35.76000000,34.21000000,34.99000000,129522.89500000
1702166400000,34.99000000,36.40000000,34.30000000,34.91000000,112390.79500000
1702252800000,34.90000000,35.03000000,30.90000000,32.35000000,154123.42400000
1702339200000,32.33000000,33.46000000,32.13000000,32.92000000,91042.72200000
1702425600000,32.92000000,33.74000000,31.69000000,33.27000000,100815.28500000
1702512000000,33.29000000,34.70000000,32.27000000,33.99000000,95720.12400000
1702598400000,34.03000000,34.06000000,31.83000000,31.95000000,75826.14500000
1702684800000,31.96000000,33.07000000,31.62000000,32.83000000,51670.46900000
1702771200000,32.84000000,32.93000000,31.73000000,31.86000000,67167.48400000
1702857600000,31.84000000,32.14000000,29.67000000,31.50000000,121300.47300000
1702944000000,31.51000000,32.11000000,30.20000000,30.50000000,112107.03900000
1703030400000,30.49000000,31.81000000,30.29000000,31.19000000,131487.21600000
1703116800000,31.20000000,32.39000000,30.86000000,32.18000000,95689.97200000
1703203200000,32.18000000,33.17000000,31.89000000,33.10000000,104323.32100000
1703289600000,33.11000000,33.50000000,32.02000000,33.42000000,92215.66400000
1703376000000,33.41000000,35.45000000,32.62000000,34.44000000,200294.37600000
1703462400000,34.45000000,35.55000000,34.06000000,35.31000000,126801.42700000
1703548800000,35.32000000,37.05000000,33.80000000,36.17000000,200283.23200000
1703635200000,36.18000000,38.78000000,34.45000000,38.48000000,199564.55400000
1703721600000,38.46000000,38.90000000,36.29000000,36.87000000,163741.57000000
1703808000000,36.87000000,37.20000000,32.04000000,32.97000000,409044.03500000
1703894400000,32.97000000,33.52000000,32.52000000,32.87000000,129523.49900000
1703980800000,32.87000000,33.13000000,30.70000000,31.71000000,170459.88800000
1704067200000,31.72000000,33.71000000,31.01000000,33.30000000,186871.40500000
1704153600000,33.29000000,33.92000000,32.22000000,32.80000000,126020.55000000
1704240000000,32.80000000,33.49000000,25.54000000,28.95000000,250667.15500000
1704326400000,28.98000000,30.60000000,28.37000000,30.00000000,139279.02200000
1704412800000,30.05000000,30.30000000,28.12000000,29.53000000,153239.70800000
1704499200000,29.53000000,29.55000000,27.61000000,28.74000000,76677.07400000
1704585600000,28.74000000,29.32000000,26.73000000,27.15000000,92359.47500000
1704672000000,27.13000000,28.50000000,25.23000000,28.46000000,164672.18200000
1704758400000,28.46000000,28.56000000,26.32000000,27.37000000,111291.29100000
1704844800000,27.37000000,30.01000000,26.75000000,29.42000000,160616.76100000
1704931200000,29.47000000,30.79000000,29.15000000,30.05000000,167126.99600000
1705017600000,30.05000000,31.17000000,27.93000000,28.97000000,148438.05300000
1705104000000,28.97000000,30.13000000,28.05000000,29.52000000,72330.30600000
1705190400000,29.50000000,30.13000000,28.17000000,28.24000000,90751.83100000
1705276800000,28.25000000,30.44000000,28.20000000,29.26000000,114338.07200000
1705363200000,29.21000000,29.79000000,28.86000000,29.45000000,57088.28100000
1705449600000,29.44000000,29.63000000,28.64000000,28.86000000,63815.65400000
1705536000000,28.88000000,29.17000000,27.31000000,27.89000000,83885.22100000
1705622400000,27.90000000,28.03000000,25.73000000,27.58000000,137618.36100000
1705708800000,27.59000000,28.95000000,27.31000000,28.75000000,82023.82600000
1705795200000,28.74000000,29.82000000,28.47000000,28.54000000,67443.48200000
1705881600000,28.54000000,28.82000000,26.90000000,27.64000000,104874.68400000
1705968000000,27.65000000,28.07000000,25.76000000,26.94000000,82008.94900000
1706054400000,26.94000000,27.68000000,26.51000000,27.11000000,51288.77400000
1706140800000,27.12000000,27.18000000,26.37000000,26.98000000,62014.33600000
1706227200000,26.97000000,28.15000000,26.84000000,27.71000000,64329.08800000
1706313600000,27.74000000,28.10000000,27.50000000,28.09000000,44154.82500000
1706400000000,28.09000000,28.60000000,27.35000000,27.59000000,48485.63200000
1706486400000,27.59000000,28.19000000,27.14000000,28.09000000,51887.08000000
1706572800000,28.11000000,28.71000000,27.38000000,27.51000000,60709.25000000
1706659200000,27.52000000,27.74000000,26.30000000,26.63000000,70871.71100000
1706745600000,26.64000000,27.38000000,26.17000000,27.28000000,62362.11000000
1706832000000,27.24000000,27.64000000,26.95000000,27.64000000,37023.66100000
1706918400000,27.64000000,27.95000000,27.29000000,27.73000000,45017.02200000
1707004800000,27.70000000,27.74000000,26.68000000,26.78000000,45559.60900000
1707091200000,26.77000000,27.53000000,26.51000000,27.26000000,47941.23300000
1707177600000,27.25000000,27.98000000,26.27000000,26.31000000,85911.65400000
1707264000000,26.32000000,27.05000000,25.98000000,26.94000000,100582.97700000
1707350400000,26.96000000,27.10000000,26.44000000,26.90000000,72517.07700000
1707436800000,26.90000000,27.74000000,26.85000000,27.48000000,84068.00000000
1707523200000,27.48000000,27.73000000,26.92000000,27.50000000,58330.63200000
1707609600000,27.51000000,28.38000000,27.28000000,27.52000000,78483.43300000
1707696000000,27.52000000,28.40000000,27.01000000,28.23000000,76212.87500000
1707782400000,28.24000000,28.46000000,27.30000000,27.85000000,88750.48900000
1707868800000,27.86000000,28.49000000,27.46000000,28.08000000,94660.09800000
1707955200000,28.11000000,29.16000000,27.99000000,29.05000000,106802.81500000
1708041600000,29.03000000,29.44000000,28.10000000,29.01000000,96266.32400000
1708128000000,29.03000000,30.29000000,28.33000000,30.27000000,131322.32000000
1708214400000,30.25000000,30.63000000,29.50000000,29.73000000,97613.94600000
1708300800000,29.74000000,30.37000000,29.50000000,30.11000000,93108.33800000
1708387200000,30.09000000,31.00000000,28.64000000,29.85000000,151901.10900000
1708473600000,29.84000000,30.10000000,28.21000000,29.41000000,82529.60000000
1708560000000,29.41000000,30.99000000,28.82000000,29.66000000,119063.04600000
1708646400000,29.65000000,29.83000000,28.74000000,29.48000000,73457.04400000
1708732800000,29.49000000,30.95000000,29.00000000,30.48000000,136768.73100000
1708819200000,30.48000000,31.00000000,29.74000000,30.97000000,108322.65300000
1708905600000,30.96000000,31.92000000,29.94000000,31.76000000,137495.02300000
1708992000000,31.77000000,32.50000000,31.39000000,32.07000000,169758.17800000
1709078400000,32.05000000,33.54000000,28.54000000,31.20000000,287604.37000000
1709164800000,31.19000000,33.83000000,30.89000000,31.99000000,263021.08400000
1709251200000,32.00000000,34.24000000,32.00000000,33.96000000,185588.00200000
1709337600000,33.96000000,41.00000000,33.82000000,39.83000000,450310.34900000
1709424000000,39.83000000,40.15000000,34.55000000,38.06000000,323330.19100000
1709510400000,38.03000000,40.18000000,36.86000000,39.22000000,294476.40500000
1709596800000,39.24000000,41.25000000,31.22000000,35.45000000,482403.76900000
1709683200000,35.43000000,38.99000000,34.72000000,38.70000000,253648.76200000
1709769600000,38.69000000,39.94000000,38.00000000,39.19000000,189009.36600000
1709856000000,39.18000000,40.92000000,37.31000000,40.52000000,228807.40600000
1709942400000,40.49000000,41.10000000,39.66000000,40.36000000,153745.97700000
1710028800000,40.39000000,41.46000000,39.10000000,40.32000000,233656.37700000
1710115200000,40.32000000,44.19000000,37.81000000,43.08000000,370074.84400000
1710201600000,43.09000000,43.97000000,39.70000000,42.55000000,236870.85600000
1710288000000,42.55000000,44.12000000,41.89000000,42.92000000,188285.95900000
1710374400000,42.91000000,42.92000000,38.60000000,40.60000000,203399.60600000
1710460800000,40.61000000,41.32000000,35.63000000,38.89000000,288017.26900000
1710547200000,38.92000000,39.46000000,35.33000000,36.10000000,162309.31300000
1710633600000,36.10000000,37.72000000,34.13000000,37.14000000,156236.44600000
1710720000000,37.14000000,37.47000000,34.55000000,35.46000000,113246.23700000
1710806400000,35.46000000,35.80000000,31.58000000,32.73000000,234041.65300000
1710892800000,32.70000000,36.24000000,31.58000000,35.77000000,162540.86500000
1710979200000,35.77000000,36.35000000,34.78000000,35.73000000,103321.61100000
1711065600000,35.72000000,36.76000000,34.00000000,35.10000000,131272.27700000
1711152000000,35.11000000,36.38000000,34.55000000,35.71000000,85333.51300000
1711238400000,35.68000000,37.41000000,35.43000000,37.01000000,88813.72500000
1711324800000,37.01000000,38.37000000,36.55000000,38.02000000,125987.85100000
1711411200000,38.01000000,39.54000000,37.50000000,38.78000000,173549.59900000
1711497600000,38.78000000,39.21000000,36.00000000,37.90000000,147800.38600000
1711584000000,37.90000000,39.07000000,37.34000000,38.31000000,106045.10000000
1711670400000,38.31000000,40.57000000,37.83000000,39.83000000,200318.44900000
1711756800000,39.83000000,40.50000000,38.44000000,38.78000000,105484.37700000
1711843200000,38.76000000,40.36000000,38.63000000,40.04000000,91930.07800000
1711929600000,40.03000000,40.52000000,36.74000000,37.77000000,152229.51600000
1712016000000,37.77000000,37.80000000,34.45000000,35.99000000,166698.54200000
1712102400000,36.02000000,37.00000000,34.84000000,35.59000000,112827.98900000
1712188800000,35.61000000,37.75000000,35.11000000,37.00000000,158150.87600000
1712275200000,37.00000000,37.30000000,35.21000000,35.89000000,82734.31100000
1712361600000,35.89000000,37.50000000,35.74000000,37.11000000,63679.85000000
1712448000000,37.12000000,37.98000000,36.83000000,37.47000000,70809.37100000
1712534400000,37.47000000,40.00000000,37.00000000,39.16000000,112564.33700000
1712620800000,39.17000000,39.46000000,36.87000000,37.06000000,119084.36700000
1712707200000,37.04000000,37.24000000,35.16000000,36.97000000,94304.11400000
1712793600000,36.99000000,37.50000000,36.26000000,36.85000000,71110.03700000
1712880000000,36.85000000,38.51000000,29.22000000,31.80000000,318423.39100000
1712966400000,31.79000000,32.37000000,25.05000000,28.21000000,404840.53400000
1713052800000,28.25000000,30.41000000,27.17000000,30.13000000,277399.14100000
1713139200000,30.10000000,31.47000000,27.16000000,28.43000000,182749.15500000
1713225600000,28.44000000,28.85000000,26.75000000,28.22000000,114937.89800000
1713312000000,28.22000000,28.43000000,26.58000000,27.61000000,118519.32100000
1713398400000,27.60000000,29.29000000,27.02000000,29.02000000,100718.54500000
1713484800000,29.03000000,30.40000000,26.96000000,29.57000000,111066.18600000
1713571200000,29.52000000,31.55000000,29.27000000,31.49000000,71262.02000000
1713657600000,31.49000000,31.67000000,30.07000000,30.69000000,78340.99200000
1713744000000,30.67000000,32.08000000,30.59000000,31.69000000,97560.11800000
1713830400000,31.69000000,32.10000000,31.02000000,31.27000000,92123.74000000
1713916800000,31.27000000,32.27000000,29.62000000,30.06000000,119363.27900000
1714003200000,30.05000000,31.02000000,29.45000000,30.53000000,76601.48600000
1714089600000,30.53000000,30.76000000,29.57000000,30.25000000,55836.58600000
1714176000000,30.27000000,30.46000000,28.84000000,29.61000000,86906.58200000
1714262400000,29.61000000,30.24000000,29.21000000,29.37000000,65646.49100000
1714348800000,29.39000000,29.65000000,28.31000000,29.44000000,91134.00000000
1714435200000,29.45000000,29.73000000,27.00000000,28.08000000,104563.63200000
1714521600000,28.06000000,28.70000000,26.44000000,28.62000000,109124.89000000
1714608000000,28.59000000,29.47000000,27.85000000,29.13000000,71853.76900000
1714694400000,29.13000000,30.19000000,28.78000000,29.75000000,68520.46400000
1714780800000,29.76000000,29.92000000,29.19000000,29.20000000,55316.10800000
1714867200000,29.20000000,29.58000000,28.63000000,29.23000000,77069.20200000
1714953600000,29.23000000,30.03000000,28.75000000,29.07000000,94292.26900000
1715040000000,29.07000000,29.39000000,28.48000000,28.59000000,67751.36000000
1715126400000,28.58000000,29.78000000,28.22000000,29.43000000,82962.80900000
1715212800000,29.42000000,30.21000000,28.76000000,29.99000000,58010.42700000
1715299200000,29.99000000,30.34000000,28.77000000,29.19000000,68634.51100000
1715385600000,29.17000000,29.40000000,28.55000000,28.58000000,39867.26000000
1715472000000,28.58000000,28.70000000,27.63000000,27.83000000,41860.41600000
1715558400000,27.82000000,28.52000000,27.00000000,28.14000000,64434.19400000
1715644800000,28.14000000,28.28000000,27.30000000,27.41000000,57949.89300000
1715731200000,27.41000000,29.16000000,27.31000000,29.03000000,55867.11900000
1715817600000,29.03000000,29.83000000,28.60000000,29.45000000,87223.96300000
1715904000000,29.45000000,30.02000000,29.12000000,29.87000000,61191.17500000
1715990400000,29.85000000,30.03000000,29.28000000,29.78000000,48616.98900000
1716076800000,29.77000000,29.89000000,28.82000000,28.82000000,40699.91700000
1716163200000,28.83000000,31.23000000,28.50000000,31.07000000,87509.93600000
1716249600000,31.07000000,31.38000000,30.60000000,31.11000000,63670.08500000
1716336000000,31.13000000,31.21000000,30.33000000,30.74000000,64199.91000000
1716422400000,30.74000000,31.06000000,29.00000000,30.43000000,72417.90800000
1716508800000,30.39000000,32.60000000,28.97000000,30.58000000,259463.72000000
1716595200000,30.58000000,30.95000000,30.12000000,30.57000000,39733.99800000
1716681600000,30.57000000,30.62000000,29.64000000,29.81000000,44400.50100000
1716768000000,29.80000000,31.01000000,29.76000000,30.78000000,56638.64800000
1716854400000,30.80000000,30.85000000,29.87000000,30.07000000,68586.08800000
1716940800000,30.08000000,30.46000000,29.75000000,29.86000000,53921.59300000
1717027200000,29.86000000,30.33000000,29.13000000,29.95000000,60606.17600000
1717113600000,29.95000000,30.40000000,29.67000000,30.21000000,47981.54300000
1717200000000,30.22000000,30.39000000,29.90000000,30.01000000,34576.55600000
1717286400000,30.00000000,30.17000000,29.33000000,29.34000000,56191.33500000
1717372800000,29.34000000,29.97000000,29.17000000,29.56000000,81598.96400000
1717459200000,29.56000000,30.11000000,29.22000000,29.97000000,82843.60100000
1717545600000,29.97000000,30.57000000,29.90000000,30.31000000,83514.38900000
1717632000000,30.33000000,30.48000000,29.69000000,30.18000000,48084.12700000
1717718400000,30.16000000,30.45000000,26.00000000,27.97000000,114537.29400000
1717804800000,27.93000000,28.17000000,26.34000000,26.47000000,100762.96200000
1717891200000,26.47000000,26.88000000,25.80000000,26.87000000,79129.69200000
1717977600000,26.85000000,26.95000000,25.89000000,26.22000000,78198.73400000
1718064000000,26.22000000,26.39000000,24.68000000,25.56000000,90173.47000000
1718150400000,25.56000000,26.96000000,24.97000000,26.56000000,94831.25700000
1718236800000,26.59000000,26.67000000,25.81000000,25.95000000,54851.60100000
1718323200000,25.96000000,26.65000000,25.00000000,25.96000000,70295.65200000
1718409600000,25.97000000,26.17000000,25.71000000,26.04000000,42943.78700000
1718496000000,26.05000000,26.46000000,25.48000000,25.81000000,52700.42700000
1718582400000,25.82000000,25.94000000,24.13000000,24.95000000,75140.19400000
1718668800000,24.94000000,24.99000000,21.67000000,23.11000000,172483.18500000
1718755200000,23.10000000,23.80000000,22.81000000,23.71000000,66964.89400000
1718841600000,23.70000000,24.37000000,23.28000000,23.57000000,108759.39900000
1718928000000,23.57000000,24.19000000,22.40000000,23.73000000,107956.29100000
1719014400000,23.74000000,24.35000000,23.54000000,24.11000000,48597.20900000
1719100800000,24.11000000,24.50000000,23.37000000,23.49000000,37686.51200000
1719187200000,23.51000000,23.67000000,22.01000000,23.16000000,148035.44800000
1719273600000,23.17000000,24.40000000,23.01000000,24.27000000,84339.53000000
1719360000000,24.27000000,24.37000000,23.43000000,23.88000000,57803.39000000
1719446400000,23.88000000,24.75000000,23.69000000,24.74000000,47465.22800000
1719532800000,24.73000000,25.14000000,24.48000000,24.69000000,43812.18300000
1719619200000,24.69000000,25.17000000,24.30000000,24.35000000,29950.25600000
1719705600000,24.37000000,24.91000000,23.59000000,24.87000000,50736.24600000
1719792000000,24.86000000,25.04000000,23.94000000,24.03000000,44882.84500000
1719878400000,24.03000000,24.75000000,23.85000000,24.70000000,68778.69300000
1719964800000,24.69000000,25.10000000,23.37000000,24.57000000,160388.62400000
1720051200000,24.58000000,24.63000000,21.70000000,21.95000000,143758.02000000
1720137600000,21.95000000,23.18000000,19.36000000,22.87000000,181812.62200000
1720224000000,22.87000000,23.73000000,22.44000000,23.38000000,44818.17800000
1720310400000,23.37000000,23.92000000,21.85000000,21.91000000,61380.02100000
1720396800000,21.91000000,24.71000000,20.90000000,22.98000000,107639.65900000
1720483200000,22.97000000,24.50000000,22.80000000,24.09000000,82792.60100000
1720569600000,24.09000000,24.18000000,23.21000000,23.88000000,73781.04300000
1720656000000,23.87000000,24.52000000,23.55000000,23.88000000,100471.46800000
1720742400000,23.89000000,24.54000000,23.57000000,24.51000000,61289.29300000
1720828800000,24.52000000,26.23000000,24.42000000,26.07000000,123254.41800000
1720915200000,26.07000000,30.00000000,25.53000000,27.05000000,142714.57200000
1721001600000,27.03000000,28.04000000,26.60000000,27.38000000,122261.37400000
1721088000000,27.36000000,28.10000000,25.94000000,28.00000000,167190.18800000
1721174400000,27.99000000,28.61000000,27.35000000,27.46000000,94313.64600000
1721260800000,27.50000000,28.20000000,26.67000000,27.36000000,69604.94800000
1721347200000,27.36000000,28.00000000,26.25000000,27.49000000,82091.19900000
1721433600000,27.49000000,28.38000000,27.30000000,28.01000000,63723.16200000
1721520000000,28.01000000,28.90000000,27.33000000,28.35000000,118547.87800000
1721606400000,28.36000000,28.63000000,26.59000000,26.78000000,80436.57100000
1721692800000,26.79000000,27.33000000,26.28000000,26.54000000,61886.76000000
1721779200000,26.49000000,27.44000000,26.38000000,26.79000000,58729.27900000
1721865600000,26.80000000,26.80000000,24.75000000,25.71000000,88301.14800000
1721952000000,25.72000000,27.17000000,25.71000000,26.92000000,43114.70500000
1722038400000,26.92000000,27.25000000,26.45000000,26.90000000,37014.03100000
1722124800000,26.92000000,27.10000000,26.42000000,26.68000000,50779.72800000
1722211200000,26.72000000,27.81000000,26.68000000,26.75000000,70551.90200000
1722297600000,26.76000000,27.15000000,26.11000000,26.25000000,50010.35300000
1722384000000,26.24000000,27.35000000,26.08000000,26.66000000,54664.93500000
1722470400000,26.68000000,27.17000000,24.02000000,25.71000000,92495.63200000
1722556800000,25.71000000,25.97000000,24.16000000,24.37000000,50249.60200000
1722643200000,24.40000000,25.04000000,22.77000000,23.34000000,92894.68200000
1722729600000,23.37000000,23.62000000,21.43000000,22.26000000,67303.91900000
1722816000000,22.26000000,22.99000000,19.00000000,22.07000000,208600.34600000
1722902400000,22.08000000,22.95000000,21.91000000,22.45000000,65041.36000000
1722988800000,22.45000000,23.25000000,21.79000000,22.17000000,62834.59100000
1723075200000,22.15000000,24.04000000,21.83000000,23.78000000,76496.94300000
1723161600000,23.77000000,24.54000000,23.58000000,24.44000000,90022.47700000
1723248000000,24.43000000,24.62000000,24.03000000,24.50000000,60446.36000000
1723334400000,24.50000000,25.09000000,23.95000000,24.34000000,80569.72300000
1723420800000,24.33000000,25.64000000,23.63000000,25.45000000,90805.15000000
1723507200000,25.44000000,25.96000000,25.10000000,25.42000000,66047.85800000
1723593600000,25.43000000,25.88000000,25.08000000,25.71000000,46413.69800000
1723680000000,25.68000000,25.79000000,24.64000000,25.14000000,66062.40100000
1723766400000,25.13000000,26.04000000,24.75000000,25.27000000,57511.65600000
1723852800000,25.28000000,26.48000000,24.96000000,26.13000000,48658.89600000
1723939200000,26.18000000,26.52000000,25.75000000,25.87000000,46327.24600000
1724025600000,25.89000000,26.05000000,25.27000000,26.05000000,52879.40400000
1724112000000,26.05000000,26.32000000,25.02000000,25.24000000,55773.05200000
1724198400000,25.24000000,26.04000000,24.79000000,25.88000000,48507.14200000
1724284800000,25.88000000,26.64000000,25.60000000,26.19000000,43325.88100000
1724371200000,26.20000000,27.16000000,25.71000000,27.03000000,56524.30800000
1724457600000,27.02000000,27.39000000,26.54000000,26.90000000,55149.98300000
1724544000000,26.90000000,27.11000000,25.96000000,26.34000000,48858.62400000
1724630400000,26.34000000,26.46000000,24.73000000,24.82000000,63040.05500000
1724716800000,24.83000000,24.96000000,23.31000000,23.95000000,66421.46500000
1724803200000,23.94000000,24.39000000,23.06000000,23.67000000,53539.53600000
1724889600000,23.72000000,24.17000000,23.05000000,23.32000000,35727.61700000
1724976000000,23.35000000,23.89000000,22.91000000,23.83000000,53697.78100000
1725062400000,23.82000000,23.98000000,23.14000000,23.45000000,30394.22500000
1725148800000,23.49000000,23.49000000,22.58000000,22.72000000,36464.18900000
1725235200000,22.72000000,23.94000000,22.60000000,23.89000000,56503.23700000
1725321600000,23.90000000,25.25000000,23.81000000,24.17000000,99172.32000000
1725408000000,24.19000000,24.96000000,23.24000000,24.04000000,125278.47100000
1725494400000,24.05000000,24.20000000,23.23000000,24.02000000,55560.61300000
1725580800000,24.01000000,24.19000000,22.58000000,23.20000000,59440.59800000
1725667200000,23.18000000,23.79000000,22.90000000,23.63000000,37273.84300000
1725753600000,23.59000000,24.36000000,23.43000000,23.91000000,52960.43400000
1725840000000,23.96000000,25.19000000,23.73000000,24.26000000,67231.03500000
1725926400000,24.29000000,24.29000000,23.82000000,24.01000000,42075.86900000
1726012800000,24.00000000,24.10000000,23.30000000,23.88000000,43786.53400000
1726099200000,23.88000000,24.34000000,23.83000000,24.02000000,31586.82000000
1726185600000,24.03000000,24.50000000,23.66000000,24.39000000,39061.05000000
1726272000000,24.38000000,24.55000000,24.08000000,24.51000000,39658.72300000
1726358400000,24.50000000,24.73000000,23.41000000,23.57000000,37039.82000000
1726444800000,23.57000000,23.64000000,23.04000000,23.40000000,66994.75700000
1726531200000,23.40000000,24.23000000,23.15000000,23.97000000,37245.23000000
1726617600000,23.97000000,24.72000000,23.26000000,24.72000000,46230.58900000
1726704000000,24.72000000,25.50000000,24.72000000,25.07000000,58551.80900000
1726790400000,25.06000000,25.45000000,24.57000000,25.16000000,53852.36500000
1726876800000,25.17000000,25.57000000,24.90000000,25.47000000,35191.53400000
1726963200000,25.46000000,25.51000000,24.38000000,24.92000000,38347.59800000
1727049600000,24.93000000,25.42000000,24.64000000,25.11000000,49781.99900000
1727136000000,25.10000000,25.97000000,24.90000000,25.83000000,55603.01100000
1727222400000,25.84000000,26.18000000,25.44000000,25.55000000,41398.68200000
1727308800000,25.55000000,26.22000000,25.28000000,26.00000000,57741.38400000
1727395200000,25.99000000,26.45000000,25.77000000,26.00000000,80410.32700000
1727481600000,26.00000000,26.78000000,25.27000000,25.71000000,124179.14600000
1727568000000,25.73000000,25.81000000,25.17000000,25.54000000,48255.99900000
1727654400000,25.55000000,25.64000000,24.19000000,24.43000000,57816.46600000
1727740800000,24.40000000,24.90000000,22.18000000,22.57000000,276886.49600000
1727827200000,22.57000000,23.57000000,22.44000000,22.89000000,90211.49300000
1727913600000,22.89000000,23.34000000,22.15000000,23.07000000,63978.95500000
1728000000000,23.05000000,23.72000000,22.91000000,23.65000000,55731.31500000
1728086400000,23.65000000,24.08000000,23.50000000,23.85000000,36781.35100000
1728172800000,23.82000000,24.43000000,23.72000000,24.25000000,41067.63800000
1728259200000,24.26000000,24.54000000,23.63000000,23.70000000,50709.75400000
1728345600000,23.68000000,24.06000000,23.06000000,23.20000000,58722.89300000
1728432000000,23.19000000,23.39000000,22.57000000,22.70000000,44291.42900000
1728518400000,22.71000000,23.00000000,22.35000000,22.99000000,57303.08800000
1728604800000,22.99000000,23.90000000,22.95000000,23.62000000,75691.03800000
1728691200000,23.62000000,24.17000000,23.57000000,24.01000000,36588.83500000
1728777600000,24.01000000,24.27000000,23.29000000,23.75000000,52914.26500000
1728864000000,23.77000000,24.50000000,23.41000000,24.45000000,64064.83200000
1728950400000,24.46000000,24.62000000,23.56000000,24.19000000,67799.28600000
1729036800000,24.19000000,24.39000000,23.90000000,24.04000000,46576.07800000
1729123200000,24.05000000,24.22000000,23.42000000,23.71000000,44495.35400000
1729209600000,23.71000000,24.23000000,23.50000000,23.72000000,70111.75400000
1729296000000,23.72000000,24.20000000,23.69000000,24.19000000,45267.28600000
1729382400000,24.20000000,24.73000000,23.81000000,24.70000000,54553.43900000
1729468800000,24.70000000,24.74000000,23.70000000,23.92000000,48923.78400000
1729555200000,23.89000000,23.94000000,23.17000000,23.46000000,50506.10800000
1729641600000,23.45000000,23.48000000,22.53000000,23.26000000,57502.72300000
1729728000000,23.28000000,23.56000000,22.95000000,23.45000000,42980.80000000
1729814400000,23.46000000,23.54000000,21.00000000,21.90000000,76353.16900000
1729900800000,21.90000000,22.38000000,21.65000000,22.15000000,61053.41200000
1729987200000,22.14000000,22.46000000,21.98000000,22.29000000,28280.53500000
1730073600000,22.32000000,22.78000000,22.03000000,22.65000000,53681.06100000
1730160000000,22.64000000,23.40000000,22.59000000,23.35000000,73798.70100000
1730246400000,23.36000000,23.47000000,22.91000000,23.11000000,37447.13400000
1730332800000,23.12000000,23.20000000,22.12000000,22.19000000,66369.55000000
1730419200000,22.19000000,22.76000000,21.83000000,22.37000000,54001.55800000
1730505600000,22.38000000,22.75000000,22.08000000,22.31000000,48339.41000000
1730592000000,22.32000000,22.34000000,21.08000000,21.81000000,57549.90600000
1730678400000,21.82000000,22.17000000,21.17000000,21.47000000,52234.84000000
1730764800000,21.48000000,22.14000000,21.43000000,22.00000000,49327.50800000
1730851200000,21.99000000,23.39000000,21.97000000,23.35000000,107331.18400000
1730937600000,23.35000000,23.93000000,23.14000000,23.47000000,67841.19800000
1731024000000,23.53000000,23.80000000,23.22000000,23.80000000,49937.97700000
1731110400000,23.80000000,24.97000000,23.72000000,24.93000000,99123.94300000
1731196800000,24.96000000,26.92000000,24.57000000,25.90000000,175184.74500000
1731283200000,25.93000000,26.84000000,25.01000000,26.77000000,179673.01000000
1731369600000,26.77000000,27.21000000,24.67000000,26.26000000,221687.56600000
1731456000000,26.25000000,26.64000000,24.44000000,25.54000000,233030.67400000
1731542400000,25.54000000,26.42000000,24.57000000,25.08000000,139304.55700000
1731628800000,25.07000000,28.05000000,24.73000000,27.84000000,176379.06400000
1731715200000,27.85000000,30.28000000,27.58000000,30.05000000,258598.60300000
1731801600000,30.06000000,30.31000000,26.98000000,27.38000000,155624.25400000
1731888000000,27.39000000,29.83000000,27.39000000,29.61000000,184899.27000000
1731974400000,29.62000000,30.05000000,28.04000000,28.52000000,134728.31400000
1732060800000,28.51000000,28.52000000,26.75000000,27.27000000,116273.37200000
1732147200000,27.29000000,29.58000000,26.96000000,28.73000000,169953.26200000
1732233600000,28.73000000,29.89000000,28.19000000,29.86000000,165095.23900000
1732320000000,29.86000000,35.45000000,29.37000000,33.76000000,456055.15300000
1732406400000,33.78000000,36.55000000,31.81000000,34.20000000,336937.55300000
1732492800000,34.22000000,35.14000000,32.30000000,33.25000000,257189.94300000
1732579200000,33.24000000,35.48000000,30.90000000,33.27000000,228422.32000000
1732665600000,33.26000000,38.88000000,32.89000000,38.13000000,436326.99300000
1732752000000,38.12000000,38.12000000,35.31000000,36.82000000,159414.67600000
1732838400000,36.86000000,37.57000000,35.16000000,37.44000000,123064.65600000
1732924800000,37.43000000,40.39000000,36.72000000,39.49000000,220623.61800000
1733011200000,39.48000000,46.87000000,37.97000000,46.03000000,348817.96000000
1733097600000,46.02000000,58.80000000,46.02000000,52.24000000,1972742.23700000
1733184000000,52.21000000,62.29000000,52.21000000,57.36000000,856032.73100000
1733270400000,57.33000000,62.98000000,55.13000000,58.44000000,546510.95200000
1733356800000,58.45000000,71.64000000,54.98000000,64.81000000,775618.83100000
1733443200000,64.83000000,65.69000000,59.09000000,61.72000000,468228.43700000
1733529600000,61.73000000,62.87000000,58.35000000,59.94000000,224649.31200000
1733616000000,59.95000000,60.30000000,57.67000000,58.21000000,140681.25600000
1733702400000,58.25000000,58.26000000,41.45000000,47.18000000,499000.46300000
1733788800000,47.17000000,47.89000000,40.09000000,45.57000000,531144.15800000
1733875200000,45.56000000,50.00000000,43.40000000,49.14000000,277285.01500000
1733961600000,49.13000000,51.41000000,47.55000000,48.68000000,213002.88200000
1734048000000,48.70000000,49.75000000,47.62000000,48.86000000,146899.99200000
1734134400000,48.87000000,49.05000000,45.07000000,46.12000000,112244.82300000
1734220800000,46.13000000,49.10000000,44.51000000,47.31000000,163538.98900000
1734307200000,47.31000000,48.25000000,43.11000000,44.80000000,178117.19600000
1734393600000,44.82000000,47.05000000,43.65000000,44.38000000,186510.44200000
1734480000000,44.41000000,44.80000000,38.24000000,38.75000000,232152.94700000
1734566400000,38.72000000,40.30000000,34.67000000,36.26000000,277575.28800000
1734652800000,36.27000000,38.50000000,31.45000000,38.14000000,335406.99100000
1734739200000,38.11000000,40.61000000,35.05000000,35.58000000,164701.78500000
1734825600000,35.64000000,37.22000000,34.39000000,35.29000000,158337.96900000
1734912000000,35.29000000,39.80000000,34.50000000,39.13000000,202866.65500000
1734998400000,39.11000000,46.00000000,38.31000000,43.60000000,473134.66800000
1735084800000,43.58000000,49.39000000,43.46000000,45.75000000,518058.90500000
1735171200000,45.77000000,46.44000000,40.57000000,40.65000000,294364.65100000
1735257600000,40.65000000,42.36000000,38.93000000,39.33000000,186947.27000000
1735344000000,39.34000000,43.93000000,38.81000000,43.43000000,138154.22200000
1735430400000,43.44000000,43.88000000,39.35000000,39.78000000,157906.92000000
1735516800000,39.78000000,41.67000000,37.46000000,38.54000000,181867.49400000
1735603200000,38.51000000,39.55000000,37.51000000,37.91000000,97954.26600000
1735689600000,37.93000000,40.65000000,37.20000000,39.40000000,129388.36100000
1735776000000,39.39000000,41.30000000,38.84000000,40.29000000,141880.05200000
1735862400000,40.30000000,43.89000000,39.27000000,43.16000000,156673.89700000
1735948800000,43.16000000,43.70000000,42.07000000,42.69000000,102690.52800000
1736035200000,42.70000000,44.54000000,42.01000000,43.70000000,145033.44200000
1736121600000,43.72000000,44.70000000,42.50000000,43.81000000,116501.16000000
1736208000000,43.81000000,43.81000000,38.50000000,38.66000000,140387.32700000
1736294400000,38.66000000,39.25000000,35.41000000,37.61000000,176107.12800000
1736380800000,37.61000000,38.17000000,35.61000000,36.85000000,108574.73100000
1736467200000,36.85000000,37.77000000,36.08000000,37.56000000,122777.75200000
1736553600000,37.54000000,37.88000000,36.71000000,37.29000000,57635.53100000
1736640000000,37.30000000,37.56000000,36.36000000,36.84000000,56278.18400000
1736726400000,36.87000000,37.75000000,33.00000000,35.41000000,179927.04300000
1736812800000,35.41000000,37.99000000,35.13000000,37.75000000,74345.61900000
1736899200000,37.74000000,40.34000000,36.80000000,40.10000000,161763.56700000
1736985600000,40.12000000,40.77000000,38.56000000,39.49000000,180445.62800000
1737072000000,39.53000000,44.53000000,39.49000000,43.56000000,273990.40800000
1737158400000,43.59000000,44.31000000,39.04000000,40.00000000,183137.49000000
1737244800000,40.00000000,40.63000000,35.01000000,35.72000000,245700.31900000
1737331200000,35.72000000,39.22000000,34.64000000,36.30000000,245091.77700000
1737417600000,36.30000000,38.15000000,34.38000000,36.86000000,145538.22700000
1737504000000,36.85000000,37.55000000,35.62000000,35.83000000,87426.04100000
1737590400000,35.83000000,36.41000000,34.49000000,35.50000000,132745.25800000
1737676800000,35.51000000,36.13000000,34.28000000,34.99000000,82648.55500000
1737763200000,34.97000000,35.67000000,34.54000000,35.22000000,73014.31300000
1737849600000,35.23000000,35.67000000,33.78000000,33.81000000,67812.36400000
1737936000000,33.81000000,33.94000000,30.59000000,33.20000000,173325.25500000
1738022400000,33.23000000,33.60000000,30.81000000,31.02000000,84284.13400000
1738108800000,31.00000000,33.15000000,30.76000000,32.09000000,92384.76900000
1738195200000,32.11000000,34.92000000,31.81000000,34.10000000,105840.06200000
1738281600000,34.11000000,35.09000000,33.10000000,33.91000000,97809.22700000
1738368000000,33.88000000,34.80000000,30.40000000,30.43000000,146396.51700000
1738454400000,30.44000000,31.30000000,25.26000000,26.89000000,291580.32100000
1738540800000,26.83000000,27.16000000,20.10000000,26.88000000,549112.52100000
1738627200000,26.88000000,27.24000000,24.18000000,25.68000000,229431.18200000
1738713600000,25.65000000,26.36000000,25.00000000,25.32000000,119360.26600000
1738800000000,25.35000000,25.80000000,23.94000000,24.56000000,107408.83800000
1738886400000,24.56000000,26.25000000,24.15000000,25.04000000,216271.85300000
1738972800000,25.03000000,25.81000000,24.43000000,25.77000000,77570.16400000
1739059200000,25.77000000,26.67000000,24.77000000,25.80000000,100620.04800000
1739145600000,25.79000000,27.08000000,25.02000000,27.08000000,89262.97700000
1739232000000,27.07000000,28.40000000,26.36000000,27.01000000,122051.42800000
1739318400000,27.00000000,28.00000000,25.67000000,27.92000000,110261.33600000
1739404800000,27.92000000,28.62000000,26.96000000,27.74000000,86080.37500000
1739491200000,27.72000000,29.06000000,27.17000000,27.95000000,173390.89500000
1739577600000,27.97000000,28.28000000,26.88000000,27.07000000,67706.58500000
1739664000000,27.07000000,27.40000000,26.57000000,26.77000000,61336.96500000
1739750400000,26.77000000,27.43000000,25.93000000,26.48000000,83351.82700000
1739836800000,26.49000000,26.58000000,24.95000000,25.78000000,80946.33300000
1739923200000,25.78000000,26.59000000,25.43000000,26.54000000,137758.95400000
1740009600000,26.49000000,27.92000000,26.31000000,27.66000000,54355.77100000
1740096000000,27.65000000,28.55000000,26.28000000,26.62000000,101735.14000000
1740182400000,26.61000000,27.63000000,26.50000000,27.36000000,55499.59000000
1740268800000,27.36000000,27.78000000,26.76000000,27.10000000,60547.72500000
1740355200000,27.10000000,27.18000000,23.83000000,24.13000000,175809.10700000
1740441600000,24.14000000,25.35000000,22.76000000,25.34000000,205901.28000000
1740528000000,25.33000000,26.66000000,24.82000000,26.39000000,184929.46400000
1740614400000,26.40000000,27.16000000,25.24000000,26.19000000,86075.80300000
1740700800000,26.16000000,26.29000000,23.97000000,25.92000000,133153.13200000
1740787200000,25.92000000,26.47000000,24.75000000,25.46000000,93811.04900000
1740873600000,25.44000000,28.00000000,25.10000000,27.34000000,162204.16900000
1740960000000,27.34000000,27.53000000,23.77000000,24.06000000,141219.31800000
1741046400000,24.06000000,24.54000000,22.00000000,24.18000000,136160.15600000
1741132800000,24.16000000,25.01000000,23.83000000,24.96000000,70225.62800000
1741219200000,24.94000000,25.40000000,24.22000000,24.41000000,84320.54000000
1741305600000,24.41000000,25.01000000,23.26000000,24.23000000,97273.03400000
1741392000000,24.17000000,24.51000000,23.77000000,24.08000000,73093.77300000
1741478400000,24.07000000,24.27000000,21.66000000,21.99000000,100489.36500000
1741564800000,22.01000000,23.20000000,20.58000000,20.99000000,124098.08000000
1741651200000,20.98000000,22.35000000,19.82000000,21.73000000,130981.57500000
1741737600000,21.76000000,22.39000000,21.11000000,22.17000000,105988.40400000
1741824000000,22.16000000,22.50000000,21.54000000,22.14000000,59356.01700000
1741910400000,22.16000000,23.09000000,22.12000000,22.62000000,71366.21900000
1741996800000,22.59000000,23.28000000,22.52000000,23.14000000,63435.22900000
1742083200000,23.14000000,23.32000000,22.32000000,22.67000000,50537.76900000
1742169600000,22.67000000,23.55000000,22.60000000,23.31000000,59469.62100000
1742256000000,23.31000000,24.19000000,22.58000000,24.12000000,88165.36100000
1742342400000,24.14000000,24.66000000,23.74000000,24.30000000,93662.53600000
1742428800000,24.32000000,24.45000000,23.61000000,23.67000000,42159.05200000
1742515200000,23.67000000,23.89000000,22.84000000,22.96000000,37526.95400000
1742601600000,22.97000000,23.60000000,22.92000000,23.34000000,38093.37500000
1742688000000,23.34000000,25.70000000,22.56000000,23.37000000,116940.30800000
1742774400000,23.35000000,24.16000000,23.16000000,23.95000000,57856.51000000
1742860800000,23.96000000,24.24000000,23.53000000,24.08000000,54036.92100000
1742947200000,24.10000000,24.60000000,23.77000000,24.02000000,55748.73400000
1743033600000,24.01000000,24.41000000,23.59000000,23.91000000,57261.30700000
1743120000000,23.91000000,24.10000000,22.55000000,22.88000000,97390.52500000
1743206400000,22.89000000,22.98000000,21.07000000,21.41000000,77879.01000000
1743292800000,21.40000000,22.10000000,21.31000000,22.03000000,44759.44800000
1743379200000,22.03000000,22.56000000,21.55000000,22.35000000,64789.79600000
1743465600000,22.33000000,23.10000000,22.29000000,22.60000000,58675.87900000
1743552000000,22.61000000,22.82000000,21.17000000,21.47000000,95693.76100000
1743638400000,21.47000000,22.03000000,20.60000000,21.63000000,67432.87300000
1743724800000,21.64000000,21.90000000,21.07000000,21.68000000,73433.55500000
1743811200000,21.69000000,21.90000000,21.21000000,21.45000000,38072.27000000
1743897600000,21.47000000,21.47000000,19.50000000,19.96000000,73348.96000000
1743984000000,19.95000000,20.32000000,17.81000000,19.69000000,195896.12600000
1744070400000,19.67000000,20.23000000,18.94000000,18.98000000,54544.14000000
1744156800000,18.96000000,21.00000000,18.60000000,20.77000000,92810.40200000
1744243200000,20.77000000,20.88000000,19.55000000,19.93000000,76567.64800000
1744329600000,19.93000000,20.96000000,19.87000000,20.52000000,49076.56400000
1744416000000,20.52000000,21.42000000,20.33000000,21.32000000,54215.02400000
1744502400000,21.34000000,21.40000000,20.47000000,20.61000000,51969.56900000
1744588800000,20.59000000,21.12000000,20.54000000,20.55000000,51754.94800000
1744675200000,20.57000000,20.85000000,20.23000000,20.25000000,43995.24800000
1744761600000,20.26000000,20.56000000,19.94000000,20.16000000,79611.12800000
1744848000000,20.17000000,20.59000000,20.07000000,20.40000000,33486.47400000
1744934400000,20.41000000,21.21000000,20.23000000,20.88000000,46189.11800000
1745020800000,20.88000000,21.33000000,20.82000000,21.07000000,39280.92200000
1745107200000,21.07000000,21.45000000,20.95000000,21.26000000,48893.34300000
1745193600000,21.25000000,21.61000000,20.82000000,20.97000000,59808.34200000
1745280000000,20.95000000,22.19000000,20.54000000,22.13000000,75057.78700000
1745366400000,22.17000000,22.80000000,22.04000000,22.41000000,72925.39900000
1745452800000,22.41000000,22.43000000,21.56000000,22.20000000,48220.18500000
1745539200000,22.21000000,22.71000000,21.98000000,22.37000000,67654.69300000
1745625600000,22.40000000,22.83000000,22.18000000,22.58000000,50363.38500000
1745712000000,22.57000000,22.65000000,21.30000000,21.35000000,68830.87800000
1745798400000,21.34000000,25.00000000,20.91000000,23.57000000,442394.72400000
1745884800000,23.57000000,24.15000000,22.85000000,23.12000000,112611.14500000
1745971200000,23.13000000,24.62000000,22.81000000,23.51000000,136129.03800000
1746057600000,23.50000000,23.69000000,23.00000000,23.15000000,70903.79500000
1746144000000,23.15000000,24.06000000,23.01000000,23.66000000,94205.86400000
1746230400000,23.67000000,23.76000000,22.06000000,22.50000000,70923.87400000
1746316800000,22.50000000,22.59000000,21.66000000,21.91000000,70904.88700000
1746403200000,21.92000000,22.18000000,21.56000000,21.78000000,65641.89000000
1746489600000,21.78000000,22.03000000,20.50000000,21.16000000,92543.58700000
1746576000000,21.17000000,21.70000000,20.65000000,21.42000000,96214.15900000
1746662400000,21.42000000,23.30000000,21.39000000,23.20000000,102466.25100000
1746748800000,23.19000000,24.35000000,22.99000000,23.95000000,132201.94100000
1746835200000,23.96000000,25.28000000,23.77000000,25.20000000,136908.87300000
1746921600000,25.20000000,25.36000000,24.08000000,24.58000000,91620.38300000
1747008000000,24.59000000,25.70000000,23.77000000,24.81000000,151760.80000000
1747094400000,24.82000000,25.84000000,23.49000000,25.70000000,104250.59400000
1747180800000,25.70000000,26.06000000,24.67000000,24.78000000,86909.80700000
1747267200000,24.78000000,25.34000000,22.71000000,23.70000000,142036.56100000
1747353600000,23.70000000,24.15000000,23.25000000,23.40000000,45668.66200000
1747440000000,23.41000000,23.53000000,22.63000000,22.88000000,59933.04700000
1747526400000,22.89000000,24.04000000,22.65000000,23.90000000,53126.64400000
1747612800000,23.90000000,23.93000000,22.55000000,23.42000000,53914.97500000
1747699200000,23.43000000,23.87000000,22.95000000,23.57000000,55299.57800000
1747785600000,23.57000000,24.30000000,23.08000000,24.00000000,74278.42100000
1747872000000,23.98000000,25.62000000,23.90000000,25.02000000,102199.13400000
1747958400000,25.04000000,25.68000000,23.30000000,23.36000000,115812.75300000
1748044800000,23.37000000,23.75000000,23.09000000,23.23000000,49612.20800000
1748131200000,23.22000000,23.69000000,22.56000000,23.68000000,81251.28800000
1748217600000,23.67000000,24.08000000,23.40000000,23.54000000,49781.84600000
1748304000000,23.54000000,24.24000000,23.08000000,23.98000000,45034.66100000
1748390400000,23.97000000,24.29000000,23.34000000,23.82000000,48378.98400000
1748476800000,23.82000000,24.26000000,23.10000000,23.20000000,41475.70600000
1748563200000,23.21000000,23.34000000,21.72000000,21.80000000,114469.54600000
1748649600000,21.80000000,22.12000000,21.31000000,21.89000000,52742.86300000
1748736000000,21.89000000,22.20000000,21.49000000,22.14000000,72902.99500000
1748822400000,22.15000000,22.36000000,21.59000000,22.33000000,78121.21700000
1748908800000,22.33000000,22.65000000,22.12000000,22.36000000,67140.27900000
1748995200000,22.36000000,22.59000000,21.51000000,21.52000000,51838.31600000
1749081600000,21.53000000,21.74000000,20.28000000,20.55000000,106672.90400000
1749168000000,20.55000000,21.53000000,20.28000000,21.27000000,51528.17100000
1749254400000,21.27000000,21.76000000,21.22000000,21.66000000,32614.03800000
1749340800000,21.64000000,21.81000000,21.22000000,21.50000000,32895.15400000
1749427200000,21.49000000,22.32000000,21.19000000,22.32000000,49916.47500000
1749513600000,22.32000000,22.95000000,21.90000000,22.69000000,82101.69500000
1749600000000,22.71000000,22.73000000,21.69000000,21.89000000,98459.00800000
1749686400000,21.89000000,21.89000000,20.61000000,20.71000000,52173.53300000
1749772800000,20.71000000,20.71000000,19.38000000,20.46000000,87779.13800000
1749859200000,20.48000000,20.60000000,20.02000000,20.20000000,33141.31900000
1749945600000,20.19000000,20.45000000,19.91000000,20.13000000,28762.31800000
1750032000000,20.14000000,20.93000000,19.94000000,20.17000000,49386.09700000
1750118400000,20.16000000,20.43000000,19.41000000,19.63000000,48291.46300000
1750204800000,19.61000000,20.08000000,19.16000000,19.85000000,46564.93200000
1750291200000,19.85000000,20.02000000,19.58000000,19.90000000,28301.30100000
1750377600000,19.91000000,20.33000000,19.03000000,19.52000000,48299.38900000
1750464000000,19.50000000,19.72000000,18.38000000,18.83000000,54743.30900000
1750550400000,18.84000000,19.04000000,17.40000000,18.30000000,98015.56100000
1750636800000,18.30000000,19.81000000,18.07000000,19.74000000,90003.27000000
1750723200000,19.74000000,20.23000000,19.69000000,20.12000000,45236.38400000
1750809600000,20.12000000,20.32000000,19.62000000,19.73000000,56566.44500000
1750896000000,19.72000000,20.17000000,19.15000000,19.25000000,31552.22600000
1750982400000,19.26000000,19.61000000,19.12000000,19.48000000,30826.52600000
1751068800000,19.48000000,19.93000000,19.36000000,19.88000000,30996.85900000
1751155200000,19.86000000,20.47000000,19.75000000,20.36000000,42683.85700000
1751241600000,20.35000000,20.52000000,19.72000000,20.03000000,87282.66400000
1751328000000,20.03000000,20.08000000,19.04000000,19.27000000,41154.43400000
1751414400000,19.27000000,20.60000000,19.11000000,20.50000000,51070.29400000
1751500800000,20.50000000,20.97000000,20.25000000,20.42000000,51995.54300000
1751587200000,20.45000000,20.53000000,19.66000000,19.71000000,44554.20800000
1751673600000,19.71000000,19.97000000,19.59000000,19.81000000,27509.95300000
1751760000000,19.80000000,20.30000000,19.66000000,20.05000000,37766.22600000
1751846400000,20.05000000,20.28000000,19.66000000,19.85000000,35984.32800000
1751932800000,19.86000000,20.21000000,19.63000000,19.99000000,40531.10100000
1752019200000,20.02000000,20.89000000,19.82000000,20.72000000,66339.06000000
1752105600000,20.73000000,21.69000000,20.62000000,21.52000000,88773.60700000
1752192000000,21.53000000,22.56000000,21.28000000,21.78000000,133905.56600000
1752278400000,21.79000000,22.12000000,21.14000000,21.85000000,83130.05500000
1752364800000,21.85000000,23.08000000,21.67000000,22.28000000,93435.26300000
1752451200000,22.28000000,23.21000000,21.88000000,22.14000000,90283.15600000
1752537600000,22.14000000,22.38000000,21.14000000,22.31000000,85864.25300000
1752624000000,22.30000000,23.08000000,21.71000000,22.69000000,90530.29400000
1752710400000,22.68000000,22.99000000,22.17000000,22.63000000,82134.05900000
1752796800000,22.64000000,24.93000000,22.58000000,23.65000000,182717.00500000
1752883200000,23.66000000,24.83000000,23.04000000,24.33000000,83535.92200000
1752969600000,24.35000000,25.96000000,24.10000000,25.20000000,145232.96700000
1753056000000,25.20000000,25.84000000,24.67000000,25.01000000,96978.43800000
1753142400000,25.01000000,25.84000000,24.01000000,25.42000000,98309.13500000
1753228800000,25.41000000,25.74000000,22.89000000,23.27000000,81939.71100000
1753315200000,23.28000000,23.60000000,21.94000000,22.78000000,84910.74600000
1753401600000,22.79000000,23.06000000,22.07000000,22.75000000,67245.58800000
1753488000000,22.75000000,22.98000000,22.26000000,22.48000000,78691.88300000
1753574400000,22.50000000,23.28000000,22.32000000,23.17000000,69131.56100000
1753660800000,23.18000000,23.74000000,21.62000000,21.72000000,93025.70300000
1753747200000,21.73000000,22.08000000,20.89000000,21.21000000,90625.16000000
1753833600000,21.21000000,21.43000000,20.29000000,21.34000000,87909.19600000
1753920000000,21.36000000,22.00000000,20.45000000,20.54000000,71816.27300000
1754006400000,20.55000000,20.92000000,20.00000000,20.39000000,107050.63100000
1754092800000,20.39000000,20.61000000,19.76000000,20.06000000,68279.62800000
1754179200000,20.06000000,20.75000000,19.87000000,20.64000000,44478.58400000
1754265600000,20.64000000,21.91000000,20.54000000,21.78000000,67893.39900000
1754352000000,21.78000000,21.78000000,20.73000000,21.11000000,89087.18900000
1754438400000,21.11000000,21.50000000,20.61000000,21.11000000,55893.61300000
1754524800000,21.11000000,21.98000000,20.92000000,21.96000000,51174.22600000
1754611200000,21.97000000,22.94000000,21.78000000,22.59000000,87490.46200000
1754697600000,22.59000000,23.29000000,22.53000000,23.19000000,77842.54400000
1754784000000,23.20000000,23.52000000,22.50000000,23.07000000,85690.10400000
1754870400000,23.08000000,23.76000000,22.35000000,22.59000000,107269.64800000
1754956800000,22.56000000,23.73000000,22.09000000,23.42000000,81733.10100000
1755043200000,23.43000000,24.05000000,23.09000000,23.89000000,77223.69800000
1755129600000,23.89000000,24.25000000,21.92000000,22.21000000,105039.11300000
1755216000000,22.22000000,22.74000000,21.54000000,22.26000000,52169.77000000
1755302400000,22.28000000,23.50000000,22.27000000,23.24000000,57965.57300000
1755388800000,23.24000000,23.57000000,22.84000000,22.86000000,50122.43400000
1755475200000,22.86000000,22.94000000,21.96000000,22.19000000,53838.23800000
1755561600000,22.19000000,22.45000000,21.27000000,21.31000000,76180.13200000
1755648000000,21.31000000,22.36000000,21.12000000,22.22000000,61742.13000000
1755734400000,22.25000000,22.44000000,21.75000000,22.01000000,49573.14800000
1755820800000,22.02000000,23.30000000,21.11000000,23.21000000,107113.97400000
1755907200000,23.22000000,23.77000000,22.76000000,23.27000000,89986.61900000
1755993600000,23.28000000,23.68000000,22.50000000,22.93000000,63368.18100000
1756080000000,22.94000000,23.27000000,21.42000000,21.71000000,89598.33400000
1756166400000,21.72000000,23.63000000,21.58000000,23.21000000,131230.54700000
1756252800000,23.24000000,23.73000000,22.80000000,23.55000000,87804.09700000
1756339200000,23.55000000,23.92000000,22.92000000,23.47000000,62594.83000000
1756425600000,23.46000000,23.62000000,22.30000000,22.69000000,63506.66400000
1756512000000,22.70000000,24.47000000,22.34000000,24.24000000,80662.14300000
1756598400000,24.25000000,24.87000000,23.58000000,23.60000000,169642.54900000
1756684800000,23.60000000,23.62000000,22.25000000,22.75000000,77310.25200000
1756771200000,22.78000000,23.36000000,22.44000000,23.30000000,52636.04000000
1756857600000,23.30000000,24.17000000,23.14000000,23.98000000,73284.51300000
1756944000000,23.97000000,24.10000000,23.05000000,23.25000000,76412.78500000
1757030400000,23.25000000,24.45000000,23.22000000,23.93000000,65818.30800000
1757116800000,23.95000000,24.10000000,23.41000000,23.63000000,30273.59400000
1757203200000,23.64000000,25.44000000,23.62000000,24.62000000,124530.16100000
1757289600000,24.64000000,25.60000000,24.47000000,25.10000000,115677.39200000
1757376000000,25.11000000,25.65000000,24.50000000,24.90000000,86416.63800000
1757462400000,24.90000000,25.33000000,24.27000000,24.64000000,50666.78800000
1757548800000,24.65000000,24.98000000,23.70000000,24.59000000,53271.28300000
1757635200000,24.60000000,25.01000000,24.16000000,24.99000000,47673.65300000
1757721600000,24.96000000,25.60000000,24.73000000,25.37000000,58188.65900000
1757808000000,25.34000000,25.34000000,23.97000000,24.24000000,49701.98100000
1757894400000,24.23000000,24.53000000,22.74000000,23.24000000,88357.21000000
1757980800000,23.23000000,23.93000000,22.96000000,23.70000000,51355.23700000
1758067200000,23.70000000,24.25000000,23.17000000,24.01000000,61589.13600000
1758153600000,24.04000000,25.00000000,23.88000000,24.40000000,76436.36400000
1758240000000,24.40000000,24.68000000,23.05000000,23.18000000,65941.04100000
1758326400000,23.18000000,23.61000000,23.02000000,23.27000000,30095.60800000
1758412800000,23.27000000,23.35000000,22.84000000,22.94000000,33416.17400000
1758499200000,22.93000000,23.01000000,20.10000000,21.07000000,124678.78800000
1758585600000,21.08000000,21.33000000,20.62000000,21.03000000,45905.20700000
1758672000000,21.05000000,21.60000000,20.67000000,21.17000000,43902.59100000
1758758400000,21.16000000,21.18000000,19.92000000,20.10000000,74375.69700000
1758844800000,20.11000000,20.71000000,19.90000000,20.68000000,41705.11700000
1758931200000,20.67000000,21.22000000,20.53000000,20.92000000,38598.21700000
1759017600000,20.92000000,21.33000000,20.63000000,21.30000000,30085.61400000
1759104000000,21.30000000,23.07000000,21.25000000,22.68000000,148683.09000000
1759190400000,22.69000000,23.06000000,21.92000000,22.40000000,65861.04800000
1759276800000,22.41000000,34.34000000,22.18000000,31.23000000,1185082.19400000
1759363200000,31.25000000,39.00000000,29.63000000,32.64000000,1481865.68600000
1759449600000,32.64000000,35.99000000,31.00000000,31.58000000,599129.62900000
1759536000000,31.58000000,36.78000000,29.58000000,34.24000000,610834.44800000
1759622400000,34.24000000,37.04000000,33.52000000,35.39000000,507472.87900000
1759708800000,35.40000000,35.99000000,34.20000000,34.49000000,237788.79100000
1759795200000,34.49000000,34.62000000,29.71000000,29.93000000,249042.93000000
1759881600000,29.96000000,34.99000000,28.46000000,33.13000000,533488.66400000
1759968000000,33.14000000,36.20000000,30.01000000,35.10000000,677102.97900000
1760054400000,35.11000000,49.17000000,30.15000000,37.71000000,2497632.34700000
1760140800000,37.72000000,43.68000000,33.44000000,39.57000000,1014389.26800000
1760227200000,39.58000000,59.60000000,37.15000000,53.22000000,1755233.50900000
1760313600000,53.21000000,61.48000000,49.44000000,50.76000000,927221.68300000
1760400000000,50.76000000,51.28000000,43.45000000,45.23000000,636890.91200000
1760486400000,45.23000000,53.00000000,44.33000000,45.62000000,660111.73100000
1760572800000,45.63000000,49.96000000,41.82000000,42.20000000,491029.02000000
1760659200000,42.21000000,48.32000000,38.72000000,43.23000000,637601.99800000
1760745600000,43.23000000,47.78000000,42.09000000,42.60000000,385837.45300000
1760832000000,42.59000000,45.82000000,41.76000000,43.61000000,300247.32100000
1760918400000,43.60000000,51.90000000,41.50000000,48.92000000,605202.66100000
1761004800000,48.89000000,51.02000000,44.26000000,45.22000000,603014.39900000
1761091200000,45.20000000,47.59000000,40.66000000,41.60000000,377660.04900000
1761177600000,41.59000000,43.60000000,40.88000000,41.80000000,199036.13000000
1761264000000,41.81000000,43.50000000,39.29000000,41.87000000,325506.58700000
1761350400000,41.89000000,42.40000000,40.51000000,42.04000000,170877.29100000
1761436800000,42.04000000,52.00000000,41.23000000,49.87000000,722570.48200000
1761523200000,49.86000000,54.26000000,48.00000000,48.66000000,576719.68300000
1761609600000,48.68000000,49.73000000,45.10000000,45.76000000,339505.83100000
1761696000000,45.76000000,49.51000000,42.80000000,46.38000000,351686.70900000
1761782400000,46.36000000,47.62000000,41.13000000,44.01000000,316822.82700000
1761868800000,43.99000000,53.26000000,43.66000000,52.90000000,500859.58000000
1761955200000,52.86000000,76.76000000,52.20000000,73.71000000,2254027.65900000
1762041600000,73.73000000,96.92000000,70.26000000,89.66000000,2110200.59000000
1762128000000,89.70000000,119.96000000,79.56000000,119.07000000,2302724.28000000
1762214400000,119.06000000,150.00000000,109.93000000,121.12000000,3396826.70400000
1762300800000,121.23000000,123.90000000,100.00000000,104.23000000,1963305.06500000
1762387200000,104.23000000,135.00000000,97.00000000,112.95000000,2163292.53400000
1762473600000,112.88000000,124.87000000,100.20000000,101.28000000,1609068.94600000
1762560000000,101.27000000,103.15000000,75.10000000,81.54000000,1699531.46500000
1762646400000,81.54000000,96.59000000,72.86000000,81.55000000,1455785.30600000
1762732800000,81.55000000,85.68000000,70.92000000,72.70000000,930878.70000000
1762819200000,72.70000000,77.50000000,65.58000000,67.10000000,725715.50500000
1762905600000,67.11000000,72.48000000,63.52000000,67.12000000,685018.29200000
1762992000000,67.16000000,71.67000000,61.60000000,63.65000000,547848.68000000
1763078400000,63.66000000,78.17000000,61.48000000,74.41000000,992564.30100000
1763164800000,74.38000000,99.13000000,70.13000000,97.86000000,1926309.50300000
1763251200000,97.80000000,104.25000000,82.56000000,85.53000000,1801070.06600000
1763337600000,85.51000000,91.41000000,78.43000000,82.33000000,1027438.93100000
1763424000000,82.35000000,82.35000000,73.18000000,77.77000000,713925.48800000
1763510400000,77.75000000,82.91000000,72.62000000,79.88000000,612455.38600000
1763596800000,79.85000000,86.00000000,72.68000000,72.86000000,678990.97200000
1763683200000,72.89000000,74.45000000,58.52000000,60.54000000,866596.21700000
1763769600000,60.52000000,61.59000000,52.61000000,57.02000000,609641.03400000
1763856000000,57.04000000,62.64000000,56.37000000,56.46000000,508036.20600000
1763942400000,56.48000000,60.92000000,54.91000000,56.65000000,411723.74000000
1764028800000,56.64000000,57.70000000,54.28000000,57.31000000,239202.49600000
1764115200000,57.28000000,70.10000000,57.24000000,70.06000000,846708.47200000
1764201600000,70.09000000,71.57000000,61.43000000,61.80000000,454433.97300000
1764288000000,61.80000000,61.89000000,57.16000000,58.37000000,380550.62800000
1764374400000,58.32000000,58.82000000,55.80000000,56.57000000,175335.93200000
1764460800000,56.57000000,57.46000000,53.18000000,53.40000000,158342.32600000
1764547200000,53.40000000,53.47000000,46.62000000,48.38000000,555655.91500000
1764633600000,48.35000000,51.09000000,46.11000000,47.46000000,428440.60500000
1764720000000,47.47000000,52.78000000,46.28000000,48.71000000,458360.57900000
1764806400000,48.74000000,51.18000000,47.01000000,49.46000000,276801.85000000
1764892800000,49.45000000,52.49000000,46.49000000,47.03000000,430946.74500000
1764979200000,47.00000000,49.03000000,46.21000000,47.40000000,191996.24300000
1765065600000,47.39000000,47.59000000,43.37000000,44.56000000,344232.97000000
1765152000000,44.55000000,52.61000000,44.35000000,49.69000000,581479.85200000
1765238400000,49.68000000,51.43000000,47.20000000,50.42000000,552904.20900000
1765324800000,50.40000000,53.42000000,46.48000000,46.85000000,451801.48700000
1765411200000,46.82000000,49.62000000,45.51000000,48.08000000,353463.45700000
1765497600000,48.07000000,48.70000000,45.53000000,46.51000000,216727.61300000
1765584000000,46.51000000,47.20000000,44.26000000,44.96000000,183037.80300000
1765670400000,44.97000000,45.49000000,40.68000000,41.00000000,207170.28900000
1765756800000,41.00000000,43.72000000,39.14000000,40.93000000,313313.43700000
1765843200000,40.91000000,42.69000000,39.23000000,41.15000000,260281.71300000
1765929600000,41.15000000,41.48000000,38.00000000,38.10000000,167267.75200000
1766016000000,38.11000000,39.22000000,35.13000000,35.72000000,198797.36400000
1766102400000,35.74000000,39.77000000,35.04000000,38.65000000,282461.51500000
1766188800000,38.64000000,41.27000000,38.41000000,40.08000000,196460.04100000
1766275200000,40.05000000,40.08000000,37.57000000,38.34000000,131452.03200000
1766361600000,38.34000000,39.38000000,37.31000000,38.38000000,139566.39100000
1766448000000,38.38000000,39.01000000,36.68000000,37.78000000,101161.21600000
1766534400000,37.79000000,38.55000000,36.23000000,38.34000000,124330.79600000
1766620800000,38.35000000,40.44000000,37.85000000,37.99000000,191308.28600000
1766707200000,37.99000000,39.84000000,37.79000000,39.26000000,114008.31100000
1766793600000,39.27000000,47.23000000,39.06000000,44.59000000,579011.19600000
1766880000000,44.61000000,45.87000000,43.44000000,44.03000000,251586.59500000
1766966400000,44.02000000,45.24000000,41.96000000,42.39000000,320141.40400000
1767052800000,42.40000000,43.72000000,42.15000000,42.65000000,120898.67400000
1767139200000,42.64000000,43.43000000,40.68000000,41.66000000,128683.78000000
1767225600000,41.66000000,44.48000000,40.99000000,43.35000000,251232.74300000
1767312000000,43.35000000,43.54000000,41.11000000,42.78000000,181984.09500000
1767398400000,42.78000000,45.15000000,42.24000000,43.24000000,167170.48800000
1767484800000,43.22000000,44.14000000,42.33000000,43.43000000,174169.91300000
1767571200000,43.45000000,44.59000000,42.36000000,44.10000000,203647.34600000
1767657600000,44.09000000,46.73000000,42.89000000,44.65000000,289837.61200000
1767744000000,44.66000000,44.70000000,40.44000000,40.90000000,199961.46600000
1767830400000,40.88000000,41.44000000,37.59000000,38.72000000,206161.76800000
1767916800000,38.77000000,39.63000000,37.35000000,37.80000000,152191.49100000
1768003200000,37.82000000,37.99000000,36.68000000,37.29000000,123705.81400000
1768089600000,37.27000000,38.20000000,36.62000000,37.31000000,90725.03200000
1768176000000,37.29000000,39.54000000,36.80000000,39.46000000,266501.53700000
1768262400000,39.44000000,68.20000000,39.22000000,59.03000000,3214820.12800000
1768348800000,59.04000000,88.55000000,56.03000000,80.04000000,3457745.62700000
1768435200000,80.06000000,87.50000000,75.38000000,80.82000000,1784704.09800000
1768521600000,80.81000000,96.85000000,79.62000000,85.69000000,1714444.09200000
1768608000000,85.68000000,85.87000000,73.00000000,74.54000000,1304532.12600000
1768694400000,74.53000000,92.29000000,71.42000000,78.96000000,1687676.16900000
1768780800000,78.94000000,88.82000000,72.83000000,75.45000000,1163384.92600000
1768867200000,75.44000000,76.00000000,64.18000000,69.88000000,976633.34000000
1768953600000,69.89000000,72.42000000,66.31000000,67.30000000,560695.39900000
1769040000000,67.27000000,68.40000000,62.31000000,62.77000000,455815.82200000
1769126400000,62.77000000,72.98000000,62.60000000,67.59000000,807468.73400000
1769212800000,67.58000000,67.62000000,62.72000000,63.29000000,379102.93000000
1769299200000,63.31000000,66.00000000,57.50000000,58.77000000,445771.95300000
1769385600000,58.78000000,61.70000000,57.78000000,59.93000000,373999.65900000
1769472000000,59.93000000,65.73000000,59.65000000,62.42000000,674982.21700000
1769558400000,62.41000000,63.70000000,57.61000000,58.37000000,316611.57100000
1769644800000,58.34000000,59.11000000,53.50000000,54.62000000,412682.19300000
1769731200000,54.63000000,55.40000000,49.51000000,51.35000000,449540.48700000
1769817600000,51.39000000,51.47000000,41.22000000,44.33000000,646929.74100000
1769904000000,44.32000000,46.83000000,42.09000000,43.91000000,389964.84800000
1769990400000,43.91000000,45.67000000,42.14000000,44.09000000,250150.52400000
1770076800000,44.08000000,44.88000000,40.25000000,41.44000000,384305.69500000
1770163200000,41.44000000,42.65000000,39.40000000,39.56000000,277908.75400000
1770249600000,39.57000000,40.81000000,33.61000000,34.11000000,487148.26500000
1770336000000,34.08000000,39.77000000,30.83000000,37.78000000,571284.08300000
1770422400000,37.79000000,38.07000000,35.01000000,36.85000000,261333.94000000
1770508800000,36.85000000,38.51000000,35.50000000,37.17000000,282998.26000000
1770595200000,37.15000000,37.51000000,34.63000000,36.53000000,221578.11800000
1770681600000,36.53000000,37.22000000,34.28000000,35.23000000,173335.16300000
1770768000000,35.22000000,35.93000000,32.24000000,33.91000000,273906.70900000
1770854400000,33.91000000,35.19000000,33.10000000,34.37000000,192628.03300000
1770940800000,34.36000000,39.17000000,33.84000000,37.04000000,397337.56100000
1771027200000,37.04000000,41.55000000,36.96000000,40.15000000,499567.74500000
1771113600000,40.15000000,41.42000000,36.70000000,37.58000000,292542.57500000
1771200000000,37.59000000,39.26000000,36.68000000,38.13000000,231391.18100000
1771286400000,38.13000000,38.76000000,36.58000000,37.34000000,132506.61400000
1771372800000,37.34000000,38.29000000,35.25000000,35.54000000,138716.29400000
1771459200000,35.55000000,36.40000000,34.08000000,34.57000000,170007.06800000
1771545600000,34.58000000,35.43000000,32.78000000,35.20000000,344796.84300000
1771632000000,35.20000000,36.04000000,33.82000000,33.98000000,200968.20400000
1771718400000,33.99000000,34.56000000,32.72000000,33.15000000,147746.98300000
1771804800000,33.13000000,33.90000000,31.09000000,31.95000000,279552.71000000
1771891200000,31.96000000,33.41000000,31.26000000,32.35000000,206762.37300000
1771977600000,32.37000000,36.16000000,32.14000000,34.81000000,310104.55400000
1772064000000,34.80000000,36.25000000,33.68000000,34.17000000,192031.35800000
1772150400000,34.17000000,35.74000000,32.48000000,33.28000000,187313.72300000
1772236800000,33.28000000,33.49000000,30.57000000,32.84000000,348453.02100000
1772323200000,32.86000000,34.54000000,31.04000000,31.86000000,279761.36200000
1772409600000,31.87000000,35.24000000,31.40000000,34.80000000,327091.02100000
1772496000000,34.80000000,34.94000000,32.38000000,34.20000000,168820.68400000
1772582400000,34.21000000,36.31000000,33.59000000,35.07000000,310292.14700000
1772668800000,35.07000000,35.48000000,33.68000000,34.30000000,124952.20500000
1772755200000,34.34000000,34.80000000,32.13000000,32.48000000,111443.41400000
1772841600000,32.50000000,32.89000000,31.58000000,31.81000000,84897.17900000
1772928000000,31.82000000,31.86000000,30.08000000,30.42000000,162065.94900000
1773014400000,30.42000000,32.94000000,30.18000000,32.15000000,175715.60000000
1773100800000,32.10000000,33.53000000,32.04000000,32.34000000,158648.09600000
1773187200000,32.35000000,32.80000000,31.66000000,32.45000000,103116.40300000
1773273600000,32.45000000,33.00000000,31.90000000,32.88000000,102440.72000000
1773360000000,32.89000000,34.20000000,32.09000000,32.35000000,231130.12800000
1773446400000,32.34000000,33.31000000,32.21000000,32.68000000,80306.33400000
1773532800000,32.67000000,34.16000000,32.36000000,33.82000000,165856.37700000
1773619200000,33.83000000,37.05000000,33.65000000,35.93000000,397766.15100000
1773705600000,35.93000000,36.37000000,34.35000000,35.25000000,265475.81600000
1773792000000,35.25000000,35.85000000,32.00000000,32.61000000,233464.28700000
1773878400000,32.61000000,32.88000000,31.13000000,31.37000000,149078.27200000
1773964800000,31.38000000,32.27000000,31.33000000,32.04000000,175770.37200000
1774051200000,32.05000000,33.39000000,31.11000000,31.40000000,136973.13900000
1774137600000,31.41000000,32.67000000,30.81000000,32.19000000,172956.00400000
1774224000000,32.17000000,34.90000000,32.12000000,34.51000000,300480.86300000
1774310400000,34.52000000,35.10000000,33.46000000,34.36000000,173866.01600000
1774396800000,34.34000000,35.00000000,33.64000000,34.13000000,101722.53800000
1774483200000,34.13000000,34.41000000,32.00000000,32.31000000,87144.78100000
1774569600000,32.31000000,32.88000000,31.40000000,31.65000000,87221.53900000
1774656000000,31.65000000,32.69000000,31.14000000,31.71000000,68429.63600000
1774742400000,31.70000000,32.37000000,30.82000000,31.81000000,66361.21700000
1774828800000,31.85000000,33.03000000,31.65000000,32.06000000,121065.82100000
1774915200000,32.07000000,33.33000000,31.73000000,32.71000000,236887.82300000
1775001600000,32.69000000,33.15000000,31.55000000,31.65000000,143623.11200000
1775088000000,31.68000000,31.99000000,29.31000000,30.16000000,267086.40200000
1775174400000,30.16000000,30.60000000,29.74000000,29.87000000,82018.64000000
1775260800000,29.86000000,30.85000000,29.56000000,30.85000000,131227.66000000
1775347200000,30.84000000,31.02000000,29.75000000,30.43000000,104492.02200000
1775433600000,30.43000000,31.26000000,29.90000000,30.06000000,141278.68100000
1775520000000,30.05000000,34.20000000,29.92000000,33.60000000,231997.22200000
1775606400000,33.60000000,33.95000000,31.88000000,32.15000000,421444.87900000
1775692800000,32.15000000,37.76000000,31.56000000,35.98000000,399608.60400000
1775779200000,35.97000000,46.29000000,35.59000000,45.75000000,1352255.40600000
1775865600000,45.75000000,47.93000000,43.07000000,46.24000000,769357.44200000
1775952000000,46.24000000,47.85000000,40.70000000,40.90000000,810992.23600000
1776038400000,40.90000000,43.61000000,39.59000000,41.38000000,507896.85500000
1776124800000,41.38000000,41.71000000,37.67000000,38.23000000,356926.76300000
1776211200000,38.23000000,39.09000000,37.75000000,38.01000000,210863.70200000
1776297600000,38.02000000,38.58000000,36.35000000,36.95000000,320850.00100000
1776384000000,36.94000000,38.19000000,36.25000000,36.85000000,282104.86300000
1776470400000,36.85000000,37.40000000,34.16000000,34.53000000,202589.09600000
1776556800000,34.53000000,35.91000000,33.33000000,33.52000000,280377.18000000
1776643200000,33.54000000,34.78000000,33.26000000,34.23000000,181836.40200000
1776729600000,34.24000000,37.19000000,34.11000000,36.64000000,430657.39900000
1776816000000,36.66000000,37.61000000,35.34000000,35.36000000,287738.38500000
1776902400000,35.40000000,36.73000000,34.52000000,36.50000000,262473.31900000
1776988800000,36.50000000,37.39000000,35.39000000,36.62000000,255941.06500000
1777075200000,36.61000000,36.69000000,35.74000000,36.15000000,87184.50800000
1777161600000,36.13000000,37.10000000,35.86000000,36.27000000,126039.48500000
1777248000000,36.27000000,37.19000000,34.46000000,35.53000000,178326.49600000
1777334400000,35.52000000,35.84000000,34.63000000,34.84000000,67449.33400000
1777420800000,34.84000000,35.80000000,33.64000000,34.53000000,128566.45000000
1777507200000,34.53000000,35.59000000,34.05000000,35.38000000,96364.13500000
1777593600000,35.39000000,38.86000000,34.96000000,37.64000000,354554.31400000
1777680000000,37.63000000,38.66000000,36.68000000,37.11000000,185024.60600000
1777766400000,37.14000000,39.64000000,36.81000000,39.24000000,330451.47600000
1777852800000,39.25000000,51.04000000,39.00000000,47.49000000,1612268.21400000
1777939200000,47.48000000,50.19000000,44.40000000,49.10000000,816755.10900000
1778025600000,49.10000000,58.09000000,47.61000000,51.38000000,1364694.25600000
1778112000000,51.39000000,54.28000000,49.48000000,52.13000000,598627.12700000
1778198400000,52.13000000,52.60000000,47.20000000,50.26000000,458713.28700000
1778284800000,50.25000000,52.83000000,48.74000000,49.03000000,382778.47300000
1778371200000,49.02000000,49.95000000,45.84000000,47.61000000,303630.98500000
1778457600000,47.62000000,47.83000000,46.07000000,46.80000000,186122.07100000
1778544000000,46.79000000,47.18000000,44.68000000,46.40000000,271223.79800000
1778630400000,46.38000000,47.58000000,43.36000000,43.81000000,231372.46900000
1778716800000,43.81000000,47.03000000,43.11000000,46.34000000,261899.58800000
1778803200000,46.35000000,46.44000000,42.82000000,43.38000000,192703.90800000
1778889600000,43.37000000,43.58000000,40.50000000,41.26000000,153413.04600000
1778976000000,41.25000000,42.74000000,39.84000000,40.76000000,208641.24400000
1779062400000,40.77000000,43.66000000,40.15000000,42.82000000,305330.12900000
1779148800000,42.83000000,43.42000000,41.73000000,42.19000000,230492.55500000
1779235200000,42.17000000,50.80000000,41.56000000,50.75000000,795105.56800000
1779321600000,50.74000000,54.42000000,46.96000000,48.97000000,596735.68500000
1779408000000,48.96000000,49.62000000,42.32000000,42.76000000,408943.85800000
1779494400000,42.76000000,46.75000000,41.67000000,46.00000000,458055.02900000
1779580800000,46.01000000,47.30000000,44.55000000,45.89000000,305986.39100000
1779667200000,45.90000000,47.45000000,44.35000000,44.80000000,299297.64800000
1779753600000,44.81000000,45.66000000,42.92000000,43.55000000,204531.78500000
1779840000000,43.56000000,44.39000000,42.17000000,42.54000000,158888.62900000
1779926400000,42.53000000,42.71000000,38.42000000,40.09000000,312984.29300000
1780012800000,40.10000000,40.93000000,38.97000000,39.39000000,174255.62100000
1780099200000,39.40000000,40.30000000,38.52000000,39.41000000,136925.47900000
1780185600000,39.43000000,40.61000000,38.80000000,40.20000000,190568.06900000
1780272000000,40.21000000,41.53000000,38.10000000,39.58000000,285069.20600000
1780358400000,39.59000000,40.60000000,36.92000000,37.82000000,395905.31400000
1780444800000,37.83000000,40.40000000,37.80000000,39.18000000,323180.66000000
1780531200000,39.17000000,39.77000000,33.19000000,34.25000000,463812.98300000
1780617600000,34.24000000,34.26000000,29.45000000,31.51000000,600377.68300000
1780704000000,31.51000000,32.86000000,29.58000000,32.66000000,211036.50100000
1780790400000,32.68000000,38.32000000,32.37000000,36.96000000,606959.66500000
1780876800000,36.95000000,37.73000000,36.29000000,36.91000000,250412.81100000
1780963200000,36.91000000,38.48000000,35.09000000,35.14000000,304864.99300000
1781049600000,35.16000000,35.67000000,33.30000000,33.68000000,173717.82900000
1781136000000,33.68000000,36.30000000,33.68000000,35.66000000,181099.17700000
1781222400000,35.68000000,36.00000000,34.24000000,34.38000000,111976.62600000
1781308800000,34.38000000,35.80000000,34.28000000,35.51000000,84091.46700000
1781395200000,35.50000000,38.38000000,34.60000000,38.32000000,169635.50800000
1781481600000,38.31000000,40.22000000,37.44000000,38.28000000,307872.86900000
1781568000000,38.29000000,38.87000000,36.85000000,37.47000000,151118.66800000
1781654400000,37.49000000,38.16000000,35.75000000,36.27000000,124967.56200000
1781740800000,36.28000000,36.65000000,34.91000000,35.76000000,42467.90000000
