openTime,open,high,low,close,volume
1599091200000,19.71000000,35.00000000,16.70800000,17.75200000,1122432.92300000
1599177600000,17.75500000,20.50000000,16.71000000,17.58300000,584233.85100000
1599264000000,17.58700000,17.70300000,10.20000000,12.32100000,695421.07500000
1599350400000,12.32400000,16.00000000,11.27700000,13.36800000,523442.99500000
1599436800000,13.37000000,13.65300000,11.50800000,13.21900000,563541.47400000
1599523200000,13.22100000,15.49500000,13.20600000,14.02700000,877143.66700000
1599609600000,14.04300000,15.35700000,13.68700000,15.08400000,518817.84100000
1599696000000,15.10100000,15.67000000,13.80000000,13.93900000,341379.56900000
1599782400000,13.93900000,15.29400000,13.48300000,14.30800000,174345.17700000
1599868800000,14.29700000,14.41000000,13.13100000,13.91700000,132860.39400000
1599955200000,13.91400000,14.30000000,12.80100000,13.30600000,138944.53400000
1600041600000,13.30600000,14.40000000,12.42100000,13.97100000,397255.36600000
1600128000000,13.97100000,14.93900000,12.85200000,13.04500000,459694.61400000
1600214400000,13.04500000,13.04700000,11.81800000,12.58400000,230372.60500000
1600300800000,12.60500000,12.86900000,11.75100000,12.05800000,163528.78600000
1600387200000,12.03600000,12.30400000,10.80000000,11.22000000,203521.00200000
1600473600000,11.22000000,12.23100000,11.18400000,11.95000000,194755.02900000
1600560000000,11.94300000,12.19600000,9.77200000,10.71700000,251154.30000000
1600646400000,10.69300000,11.00000000,8.42100000,8.80800000,554514.39200000
1600732800000,8.82200000,9.10200000,8.15400000,8.70900000,333320.96700000
1600819200000,8.69600000,9.50000000,8.30000000,8.81200000,570671.09400000
1600905600000,8.81300000,9.24900000,8.70700000,9.22500000,346683.88900000
1600992000000,9.22800000,10.49200000,9.13900000,9.99700000,338990.44800000
1601078400000,9.99700000,10.80000000,9.95400000,10.39600000,226023.60700000
1601164800000,10.39800000,10.49400000,9.59500000,10.02800000,223667.48100000
1601251200000,10.02800000,10.50000000,9.85000000,10.00500000,207119.04200000
1601337600000,9.98600000,10.33300000,9.92900000,10.25600000,191159.37900000
1601424000000,10.25900000,10.62100000,10.07000000,10.36000000,249872.64200000
1601510400000,10.36400000,10.97100000,10.00000000,10.27700000,367176.32100000
1601596800000,10.27600000,10.30000000,8.90000000,9.41200000,311290.22100000
1601683200000,9.41200000,9.55900000,9.01200000,9.08000000,107649.59200000
1601769600000,9.06000000,9.28900000,8.87000000,9.03600000,130155.65400000
1601856000000,9.02600000,9.11900000,7.98000000,8.46100000,383505.57200000
1601942400000,8.46500000,8.48200000,6.83500000,6.93100000,463618.77800000
1602028800000,6.93600000,7.80000000,6.46500000,7.80000000,408268.30900000
1602115200000,7.80000000,7.80000000,6.98500000,7.48000000,421929.20000000
1602201600000,7.48300000,8.13300000,7.30700000,7.90700000,342420.46600000
1602288000000,7.90900000,8.09900000,7.70700000,7.77200000,201326.95300000
1602374400000,7.77300000,8.20000000,7.56000000,8.17100000,208123.84300000
1602460800000,8.17100000,8.20400000,7.80500000,8.01300000,205471.10300000
1602547200000,8.01100000,8.17400000,7.85400000,7.94400000,158387.86600000
1602633600000,7.94700000,8.35000000,7.73000000,7.98800000,218088.55200000
1602720000000,7.98800000,7.99500000,7.70100000,7.89700000,160408.30900000
1602806400000,7.89900000,7.89900000,7.00000000,7.39200000,232527.78000000
1602892800000,7.39200000,7.71300000,7.35900000,7.64100000,110989.47900000
1602979200000,7.64500000,7.73000000,7.49600000,7.61200000,89012.12900000
1603065600000,7.61500000,7.61500000,6.00000000,7.30600000,171855.86800000
1603152000000,7.31300000,7.49900000,6.48700000,7.06900000,382020.40700000
1603238400000,7.06800000,7.49900000,7.06100000,7.45900000,241257.05100000
1603324800000,7.45800000,7.86200000,7.34800000,7.71800000,185600.58400000
1603411200000,7.71700000,8.93600000,7.68800000,8.86400000,557933.28300000
1603497600000,8.86400000,10.28000000,8.57100000,8.80600000,1006304.72100000
1603584000000,8.80600000,9.73600000,8.25000000,9.25700000,709236.38500000
1603670400000,9.25000000,9.54000000,8.42000000,8.62300000,554572.20500000
1603756800000,8.63700000,8.77000000,8.30000000,8.57200000,408778.39000000
1603843200000,8.57400000,8.67500000,7.72300000,7.84900000,442648.21500000
1603929600000,7.85900000,8.02700000,7.10000000,7.38700000,370952.50500000
1604016000000,7.36800000,7.84000000,7.19900000,7.61700000,373320.40900000
1604102400000,7.62700000,7.65700000,7.18100000,7.33800000,213292.95100000
1604188800000,7.32700000,7.99100000,7.26200000,7.67400000,205400.93600000
1604275200000,7.68500000,7.76200000,7.24900000,7.30900000,238747.92000000
1604361600000,7.31200000,7.43300000,7.15100000,7.25200000,189969.02800000
1604448000000,7.25300000,7.29800000,6.99300000,7.16800000,174557.41600000
1604534400000,7.16700000,7.53300000,6.98800000,7.38700000,284702.77600000
1604620800000,7.38600000,8.44400000,7.37000000,8.38500000,342342.25600000
1604707200000,8.37400000,8.58700000,7.56000000,7.85800000,693946.65500000
1604793600000,7.84800000,8.41600000,7.70000000,8.33900000,327105.85000000
1604880000000,8.33800000,8.41600000,7.93100000,8.12900000,257523.82300000
1604966400000,8.12900000,8.67800000,8.07300000,8.59600000,292723.13700000
1605052800000,8.59600000,8.83500000,7.78400000,7.78400000,422157.91400000
1605139200000,7.79000000,7.89600000,7.36700000,7.49200000,236517.60600000
1605225600000,7.49300000,7.85200000,7.45500000,7.77600000,213046.65900000
1605312000000,7.77600000,7.78000000,7.28700000,7.47900000,192193.71600000
1605398400000,7.48100000,7.73000000,7.40100000,7.57600000,220114.53600000
1605484800000,7.57000000,7.95000000,7.50400000,7.71000000,225612.01300000
1605571200000,7.69300000,7.98900000,7.60100000,7.86200000,288680.57000000
1605657600000,7.86300000,7.93200000,7.09900000,7.48700000,458079.33600000
1605744000000,7.49600000,7.70000000,7.23800000,7.59400000,261747.62000000
1605830400000,7.59600000,8.00500000,7.50000000,7.62100000,277784.75700000
1605916800000,7.62100000,8.50000000,7.50000000,8.23600000,569825.24500000
1606003200000,8.22900000,8.36700000,7.60100000,8.02800000,525249.09500000
1606089600000,8.03600000,9.34000000,7.93500000,9.07100000,742130.05000000
1606176000000,9.07100000,9.35000000,8.45700000,9.04800000,773364.94300000
1606262400000,9.04500000,10.37100000,8.71800000,9.67700000,1234746.06200000
1606348800000,9.69100000,10.09000000,8.25000000,9.13100000,1510703.18100000
1606435200000,9.13700000,9.19900000,8.60000000,8.84600000,419100.75700000
1606521600000,8.84600000,9.02700000,8.54200000,8.80800000,361699.78100000
1606608000000,8.78700000,9.17500000,8.66200000,8.92300000,269740.15000000
1606694400000,8.93300000,9.34000000,8.73000000,9.18300000,458106.37100000
1606780800000,9.18300000,9.60700000,8.75000000,9.30100000,685247.90400000
1606867200000,9.30000000,12.00000000,9.17800000,11.61500000,1072591.34600000
1606953600000,11.63700000,13.49000000,11.59500000,13.05600000,1093513.24200000
1607040000000,13.04900000,14.08200000,11.20000000,12.10100000,1228332.34800000
1607126400000,12.08300000,14.68000000,11.83300000,13.90000000,1207569.07600000
1607212800000,13.93000000,13.96200000,12.88300000,13.70700000,710610.47100000
1607299200000,13.71800000,13.89500000,12.74300000,13.13300000,481840.72600000
1607385600000,13.13300000,13.16200000,12.22900000,12.52000000,390498.72300000
1607472000000,12.52000000,14.59500000,12.38800000,13.97300000,787330.28800000
1607558400000,13.95600000,14.54800000,13.52400000,13.74500000,466486.63400000
1607644800000,13.75200000,15.31700000,13.10900000,14.76600000,825705.43500000
1607731200000,14.74800000,17.10000000,14.73900000,16.73200000,933661.61300000
1607817600000,16.70100000,17.27500000,15.86500000,16.92300000,711047.51400000
1607904000000,16.89500000,20.12000000,16.50000000,19.21900000,1552108.25900000
1607990400000,19.21900000,24.50000000,18.69100000,24.25700000,2241693.53400000
1608076800000,24.25500000,25.44000000,20.60000000,21.68100000,3054843.02100000
1608163200000,21.65000000,23.78300000,20.20000000,23.33700000,1835978.55600000
1608249600000,23.32700000,27.81200000,22.75900000,25.33000000,1963879.18100000
1608336000000,25.33000000,27.43800000,25.09900000,26.61500000,892250.48500000
1608422400000,26.62300000,26.63500000,24.31800000,25.63800000,637289.51700000
1608508800000,25.63500000,29.16600000,25.48300000,28.04900000,1165534.87200000
1608595200000,28.05600000,29.80000000,26.73900000,28.02400000,1327525.36900000
1608681600000,28.02300000,28.53200000,20.53400000,21.73200000,1828676.34200000
1608768000000,21.70200000,26.14200000,20.91000000,24.95400000,1223844.35000000
1608854400000,24.98800000,25.10000000,22.15100000,22.90300000,608399.64700000
1608940800000,22.90400000,24.00000000,20.66000000,23.14700000,1014151.20500000
1609027200000,23.14700000,24.41600000,20.65000000,21.84900000,1004131.46700000
1609113600000,21.87500000,26.69600000,21.51500000,25.42100000,1354293.19000000
1609200000000,25.46200000,25.91600000,23.57400000,23.80200000,685783.93200000
1609286400000,23.77900000,25.30000000,23.50000000,24.12100000,412385.12900000
1609372800000,24.09100000,24.67700000,23.53400000,24.67300000,241114.02600000
1609459200000,24.67300000,27.28700000,24.45200000,26.00700000,719677.81000000
1609545600000,26.00700000,26.95700000,24.61800000,25.87500000,692264.14800000
1609632000000,25.87200000,28.07000000,25.30000000,27.32100000,709438.52000000
1609718400000,27.32300000,31.20000000,26.00000000,30.65800000,1324243.48900000
1609804800000,30.65800000,35.00000000,29.29600000,33.96900000,1278351.93900000
1609891200000,33.96900000,39.75800000,33.50000000,38.50000000,1086326.73700000
1609977600000,38.50000000,42.00000000,31.37700000,36.98500000,1234777.82800000
1610064000000,37.03100000,40.89200000,33.50000000,37.36000000,959134.92200000
1610150400000,37.41900000,38.75900000,35.64300000,36.87000000,613587.16800000
1610236800000,36.87000000,39.30000000,33.57700000,36.22900000,932651.10200000
1610323200000,36.23000000,36.34800000,27.00000000,32.68000000,1421186.60900000
1610409600000,32.68000000,34.95800000,30.49600000,31.59100000,765150.88100000
1610496000000,31.60100000,35.03900000,30.50000000,35.03900000,654678.98500000
1610582400000,35.02100000,38.88000000,34.17600000,37.97600000,656686.57100000
1610668800000,37.90300000,39.20000000,35.00000000,37.15000000,693621.96900000
1610755200000,37.14600000,38.76300000,36.34900000,36.78100000,429332.50700000
1610841600000,36.73000000,38.60000000,35.63700000,37.48400000,442925.31400000
1610928000000,37.50600000,40.90000000,37.17100000,39.52900000,524570.47300000
1611014400000,39.52900000,40.00000000,37.22800000,37.58100000,480162.74800000
1611100800000,37.61100000,39.99500000,36.00100000,38.66000000,823915.52500000
1611187200000,38.70100000,39.67000000,36.25600000,37.31400000,612910.94500000
1611273600000,37.27100000,38.30000000,35.02000000,37.14400000,492861.79300000
1611360000000,37.17100000,38.24600000,36.00000000,37.02000000,275710.80200000
1611446400000,37.02000000,41.90800000,36.76400000,41.23200000,386546.15600000
1611532800000,41.27700000,53.99900000,41.16000000,50.06000000,2037160.18300000
1611619200000,50.08400000,50.80000000,46.41400000,48.28500000,606735.09500000
1611705600000,48.32900000,54.63100000,45.62100000,53.18100000,1041063.59300000
1611792000000,53.33300000,61.68200000,52.96500000,59.08100000,959923.84700000
1611878400000,59.10000000,63.00000000,55.73400000,61.76200000,865182.37400000
1611964800000,61.80400000,74.37300000,59.00100000,64.87000000,1386161.23100000
1612051200000,64.83300000,69.63900000,61.85300000,63.39900000,659261.06700000
1612137600000,63.38700000,69.90000000,58.02000000,65.95900000,830900.82200000
1612224000000,66.01200000,67.64000000,62.74700000,64.11300000,446728.04500000
1612310400000,64.10700000,69.00000000,63.50100000,67.94500000,422063.52900000
1612396800000,67.94500000,78.81900000,64.50000000,73.98500000,789372.02500000
1612483200000,74.00000000,89.79800000,73.84100000,87.94800000,676942.65600000
1612569600000,87.96100000,99.30000000,83.61000000,95.84800000,829666.66600000
1612656000000,95.86500000,142.97000000,92.00000000,139.74400000,2234216.54100000
1612742400000,139.74600000,199.43000000,128.90000000,163.29800000,2797689.28200000
1612828800000,163.16400000,216.99800000,159.00000000,195.33400000,1426701.07300000
1612915200000,195.32600000,215.00000000,162.50000000,176.21800000,1218873.54200000
1613001600000,176.34400000,188.00000000,147.00000000,157.53600000,962984.14300000
1613088000000,157.75600000,179.00000000,152.31800000,169.64200000,805097.96800000
1613174400000,169.72000000,175.45700000,158.00000000,159.14700000,405108.45000000
1613260800000,159.40900000,167.89000000,150.00000000,154.14000000,484480.60100000
1613347200000,154.26400000,169.00000000,65.60000000,139.63200000,2241084.52300000
1613433600000,139.63200000,153.00000000,131.00000000,137.02900000,702886.45100000
1613520000000,137.00100000,157.90000000,123.50000000,145.34500000,1127387.59100000
1613606400000,145.42000000,166.77600000,143.30800000,151.74800000,825757.93100000
1613692800000,151.76900000,154.99900000,135.50600000,139.53200000,578125.19400000
1613779200000,139.63600000,155.30000000,132.99100000,139.52000000,607884.41400000
1613865600000,139.27900000,144.63300000,135.95900000,140.70700000,293963.03100000
1613952000000,140.70700000,154.00000000,103.45300000,126.84700000,962213.58000000
1614038400000,126.84700000,135.00000000,90.00000000,110.00000000,1143359.29600000
1614124800000,109.86300000,130.00000000,104.38200000,116.89800000,605035.27000000
1614211200000,116.89500000,129.00000000,112.01000000,113.32800000,474677.56600000
1614297600000,113.33700000,128.10900000,103.68700000,124.19900000,799135.67000000
1614384000000,124.39300000,151.95000000,122.38800000,135.43700000,1036811.96300000
1614470400000,135.35100000,137.00000000,120.32200000,130.58600000,543344.73600000
1614556800000,130.55300000,144.00000000,129.13900000,138.22100000,432172.57300000
1614643200000,138.22700000,145.00000000,127.27800000,133.98000000,440079.46200000
1614729600000,133.89900000,143.91700000,131.87600000,141.42800000,363078.66300000
1614816000000,141.34000000,160.00000000,138.00000000,150.89700000,952202.01000000
1614902400000,150.90000000,152.00000000,138.00000000,141.16700000,458881.00000000
1614988800000,141.18700000,147.00000000,132.66400000,137.19600000,271701.82800000
1615075200000,137.11300000,152.00000000,137.11200000,145.78600000,302026.30600000
1615161600000,145.78500000,149.99900000,140.95000000,147.25200000,253989.79900000
1615248000000,147.20300000,164.20000000,144.68700000,157.97300000,407941.99700000
1615334400000,157.96800000,165.00000000,148.00000000,150.93100000,395164.13800000
1615420800000,150.89800000,156.29900000,145.76000000,151.43800000,251994.81500000
1615507200000,151.44500000,152.63600000,137.23600000,140.37900000,242429.35700000
1615593600000,140.44400000,146.95800000,134.10000000,140.40000000,210672.26200000
1615680000000,140.40000000,142.25000000,125.00000000,131.73500000,282491.13400000
1615766400000,131.83200000,138.65100000,124.48000000,130.38900000,336744.47400000
1615852800000,130.58700000,133.74500000,126.36000000,130.39000000,194074.43900000
1615939200000,130.39000000,137.37900000,127.31300000,135.72000000,166085.43300000
1616025600000,135.78200000,138.00000000,130.50000000,133.06800000,155277.68400000
1616112000000,133.10500000,135.30600000,129.67500000,133.48300000,131547.49200000
1616198400000,133.48500000,148.76500000,133.05000000,136.92000000,254536.79600000
1616284800000,136.92000000,139.88600000,132.12100000,138.47300000,146055.91200000
1616371200000,138.27600000,146.00000000,133.00000000,134.72800000,268514.62500000
1616457600000,134.72900000,136.82300000,128.74100000,130.69700000,190388.84600000
1616544000000,130.69700000,135.61900000,118.83400000,120.39800000,203931.26100000
1616630400000,120.39600000,125.20200000,115.77500000,121.81200000,245566.37500000
1616716800000,121.72200000,144.67500000,121.48100000,141.04800000,434168.08400000
1616803200000,141.05300000,153.31100000,139.01000000,146.29000000,343376.28200000
1616889600000,146.32500000,148.77600000,138.10000000,141.58800000,190988.31800000
1616976000000,141.58800000,149.00000000,138.20000000,143.54900000,189326.48400000
1617062400000,143.54900000,146.30700000,141.70000000,142.65800000,156348.14800000
1617148800000,142.66600000,144.60000000,131.75500000,139.71600000,178883.39700000
1617235200000,139.55700000,150.34000000,137.80000000,150.33900000,265773.40700000
1617321600000,150.33900000,173.08600000,150.32400000,167.73200000,589139.73000000
1617408000000,167.91900000,186.62900000,155.00000000,159.84700000,645053.59200000
1617494400000,159.51600000,171.07700000,156.04600000,168.20000000,299492.86900000
1617580800000,168.10600000,170.46900000,159.17500000,166.81100000,279463.98100000
1617667200000,166.91700000,194.65600000,162.50400000,193.00000000,749646.39000000
1617753600000,193.00000000,195.39000000,166.85500000,173.29700000,478606.03000000
1617840000000,173.34700000,184.28800000,172.43400000,180.33400000,230447.04600000
1617926400000,180.24300000,197.29900000,179.79900000,194.07600000,356102.53200000
1618012800000,193.93300000,214.42100000,188.40000000,208.43600000,526890.37500000
1618099200000,208.49900000,243.27300000,205.00000000,237.01400000,770532.52200000
1618185600000,237.01400000,245.80000000,216.52700000,224.91800000,511445.80800000
1618272000000,224.95800000,226.37200000,209.02600000,212.47700000,341113.32600000
1618358400000,212.43700000,238.35700000,210.00000000,225.78700000,463197.88300000
1618444800000,225.78700000,233.43100000,217.80800000,225.93000000,293427.17500000
1618531200000,226.06400000,227.59800000,203.71100000,210.49000000,290518.53900000
1618617600000,210.49000000,219.64100000,208.60100000,213.22800000,204536.67100000
1618704000000,213.16800000,214.12400000,125.00000000,189.99100000,817535.66200000
1618790400000,189.97500000,194.01800000,167.36500000,168.39700000,364984.73000000
1618876800000,168.28900000,181.12000000,153.60200000,174.70600000,453561.59600000
1618963200000,174.77600000,196.00000000,169.01300000,181.44400000,440229.24300000
1619049600000,181.42400000,187.30000000,155.50000000,164.22600000,410510.40700000
1619136000000,164.33300000,174.00000000,140.01000000,161.23000000,513375.44900000
1619222400000,161.19000000,161.68200000,144.37500000,148.65000000,276997.97800000
1619308800000,148.67100000,157.20000000,138.00000000,149.50000000,151270.63410000
1619395200000,149.40000000,172.00300000,148.13000000,166.41000000,220746.76530000
1619481600000,166.40000000,185.11000000,163.31000000,181.10000000,234115.95580000
1619568000000,181.06000000,187.81000000,171.79000000,180.11000000,207135.99370000
1619654400000,179.92000000,182.77000000,169.26000000,174.35000000,176436.74090000
1619740800000,174.22000000,185.90000000,172.29000000,183.77000000,156683.51340000
1619827200000,183.77000000,185.38000000,177.40000000,181.60000000,106351.37950000
1619913600000,181.62000000,182.41000000,173.37000000,180.55000000,113154.24550000
1620000000000,180.57000000,196.50000000,180.18000000,193.44000000,202313.00000000
1620086400000,193.22000000,194.00000000,175.01000000,175.34000000,256368.04720000
1620172800000,175.16000000,199.90000000,174.46000000,192.84000000,234668.23370000
1620259200000,192.84000000,205.00000000,188.77000000,194.16000000,252883.82420000
1620345600000,194.21000000,198.20000000,186.90000000,190.29000000,148795.11210000
1620432000000,190.12000000,194.00000000,184.59000000,185.77000000,101889.92610000
1620518400000,185.82000000,189.80000000,179.77000000,187.84000000,121417.33400000
1620604800000,187.90000000,191.82000000,160.00000000,173.10000000,199962.86640000
1620691200000,172.95000000,181.81000000,169.35000000,181.55000000,179869.71150000
1620777600000,181.65000000,186.12000000,166.94000000,170.10000000,251359.30260000
1620864000000,170.10000000,175.98000000,154.22000000,161.31000000,398408.08040000
1620950400000,161.42000000,172.65000000,160.40000000,164.15000000,225035.93160000
1621036800000,164.01000000,167.74000000,155.00000000,156.79000000,261665.28150000
1621123200000,156.85000000,169.67000000,143.03000000,154.63000000,311816.09890000
1621209600000,154.60000000,154.77000000,134.00000000,140.35000000,383629.12790000
1621296000000,140.68000000,152.87000000,138.87000000,144.94000000,269399.01520000
1621382400000,144.82000000,148.32000000,75.00000000,96.48000000,1097410.40870000
1621468800000,96.39000000,123.57000000,90.20000000,112.54000000,643812.53980000
1621555200000,112.55000000,116.54000000,85.25000000,97.88000000,617022.38310000
1621641600000,97.79000000,99.23000000,85.68000000,90.41000000,338234.09720000
1621728000000,90.37000000,94.42000000,65.95000000,85.33000000,628525.55940000
1621814400000,85.43000000,109.21000000,82.56000000,104.26000000,429638.98580000
1621900800000,104.22000000,109.40000000,95.88000000,102.38000000,362549.41860000
1621987200000,102.25000000,121.79000000,99.73000000,118.73000000,365061.81050000
1622073600000,118.76000000,119.20000000,106.70000000,114.83000000,242927.81430000
1622160000000,114.84000000,115.37000000,95.21000000,99.53000000,335047.13330000
1622246400000,99.47000000,105.32000000,86.11000000,90.60000000,267092.85150000
1622332800000,90.68000000,99.45000000,87.40000000,92.91000000,165361.36010000
1622419200000,92.87000000,104.50000000,90.01000000,103.75000000,199026.97250000
1622505600000,103.62000000,105.38000000,98.50000000,101.49000000,183916.02050000
1622592000000,101.37000000,108.96000000,98.95000000,103.40000000,159431.79740000
1622678400000,103.52000000,111.23000000,101.80000000,107.24000000,152360.96540000
1622764800000,107.26000000,107.60000000,92.56000000,96.55000000,239129.35940000
1622851200000,96.51000000,103.83000000,92.11000000,96.86000000,161983.28770000
1622937600000,96.75000000,99.50000000,95.03000000,97.38000000,72046.89490000
1623024000000,97.25000000,106.37000000,90.10000000,90.96000000,243703.45230000
1623110400000,90.86000000,92.77000000,78.69000000,89.55000000,284609.44070000
1623196800000,89.56000000,95.00000000,84.72000000,92.85000000,167803.84320000
1623283200000,92.80000000,93.87000000,86.40000000,87.08000000,147016.88150000
1623369600000,87.21000000,90.05000000,80.60000000,81.08000000,144691.15170000
1623456000000,81.08000000,81.71000000,77.34000000,78.86000000,155663.22370000
1623542400000,78.83000000,89.85000000,76.00000000,87.22000000,177320.00790000
1623628800000,87.28000000,94.30000000,84.90000000,89.99000000,192006.15240000
1623715200000,89.97000000,94.00000000,87.75000000,90.97000000,144334.00700000
1623801600000,90.83000000,91.96000000,85.20000000,86.49000000,131857.23810000
1623888000000,86.54000000,89.40000000,82.80000000,86.13000000,109767.02800000
1623974400000,86.12000000,86.47000000,77.79000000,79.83000000,135362.25850000
1624060800000,79.84000000,82.10000000,78.10000000,79.35000000,91804.29280000
1624147200000,79.37000000,82.55000000,76.44000000,80.27000000,115099.21270000
1624233600000,80.17000000,80.99000000,67.39000000,68.26000000,256169.35600000
1624320000000,68.16000000,72.57000000,53.41000000,59.64000000,605512.56140000
1624406400000,59.64000000,69.37000000,57.01000000,65.30000000,282024.75630000
1624492800000,65.27000000,70.00000000,61.22000000,67.43000000,161363.99660000
1624579200000,67.46000000,69.12000000,61.09000000,61.57000000,171117.88710000
1624665600000,61.48000000,64.60000000,59.14000000,63.66000000,130630.44970000
1624752000000,63.64000000,66.36000000,61.90000000,65.80000000,180765.67230000
1624838400000,65.75000000,74.63000000,64.51000000,73.79000000,211424.80140000
1624924800000,73.82000000,89.21000000,73.32000000,85.02000000,346905.34680000
1625011200000,85.02000000,88.54000000,78.11000000,85.14000000,319346.43370000
1625097600000,85.16000000,85.25000000,78.30000000,80.26000000,161255.90830000
1625184000000,80.21000000,82.28000000,77.33000000,81.20000000,114263.05250000
1625270400000,81.12000000,94.43000000,80.00000000,92.50000000,248633.64840000
1625356800000,92.40000000,96.58000000,89.82000000,93.53000000,167289.04480000
1625443200000,93.45000000,107.81000000,88.65000000,97.71000000,579229.91570000
1625529600000,97.72000000,105.28000000,93.00000000,95.77000000,287956.89990000
1625616000000,95.73000000,99.69000000,93.83000000,95.78000000,179574.28040000
1625702400000,95.76000000,96.06000000,85.70000000,88.58000000,200658.31560000
1625788800000,88.59000000,93.88000000,84.81000000,89.89000000,133661.15790000
1625875200000,89.84000000,92.42000000,87.20000000,88.28000000,85077.52460000
1625961600000,88.25000000,91.93000000,86.79000000,89.17000000,77406.70500000
1626048000000,89.19000000,91.00000000,85.89000000,88.17000000,93265.36960000
1626134400000,88.08000000,88.88000000,83.35000000,85.69000000,115953.31410000
1626220800000,85.60000000,85.90000000,80.20000000,84.17000000,118712.77550000
1626307200000,84.17000000,85.58000000,77.44000000,79.24000000,169440.63820000
1626393600000,79.27000000,80.29000000,74.21000000,74.52000000,126452.07290000
1626480000000,74.49000000,76.57000000,72.11000000,74.33000000,103480.05230000
1626566400000,74.37000000,80.00000000,74.27000000,74.49000000,243557.06540000
1626652800000,74.44000000,75.53000000,69.65000000,70.21000000,148414.90920000
1626739200000,70.21000000,71.31000000,65.00000000,67.75000000,172573.38090000
1626825600000,67.71000000,78.27000000,65.54000000,76.42000000,190579.82220000
1626912000000,76.38000000,82.62000000,75.14000000,78.75000000,160476.81960000
1626998400000,78.72000000,82.00000000,75.19000000,80.28000000,124803.74060000
1627084800000,80.29000000,88.36000000,78.99000000,82.63000000,251028.04800000
1627171200000,82.56000000,86.91000000,81.10000000,84.99000000,122326.71820000
1627257600000,84.91000000,93.10000000,84.50000000,86.03000000,437567.34660000
1627344000000,86.05000000,95.00000000,80.80000000,86.52000000,194007.91220000
1627430400000,86.42000000,87.69000000,82.01000000,85.27000000,186660.05700000
1627516800000,85.16000000,87.00000000,83.20000000,85.02000000,122733.66400000
1627603200000,84.98000000,87.65000000,81.50000000,86.71000000,168438.56970000
1627689600000,86.79000000,89.96000000,84.52000000,86.78000000,207159.55160000
1627776000000,86.69000000,91.80000000,85.57000000,87.13000000,303452.34180000
1627862400000,87.11000000,104.92000000,85.67000000,104.27000000,553381.84070000
1627948800000,104.27000000,104.62000000,95.76000000,97.84000000,332785.19690000
1628035200000,97.86000000,103.64000000,97.31000000,102.60000000,144741.68060000
1628121600000,102.63000000,110.73000000,100.00000000,108.96000000,401259.64270000
1628208000000,109.00000000,120.89000000,107.02000000,115.64000000,473500.24910000
1628294400000,115.65000000,120.68000000,114.00000000,117.89000000,142639.94490000
1628380800000,117.90000000,129.00000000,114.77000000,125.46000000,298485.88270000
1628467200000,125.42000000,135.01000000,118.44000000,134.31000000,285328.93830000
1628553600000,134.23000000,142.80000000,132.46000000,139.50000000,207375.13660000
1628640000000,139.49000000,143.50000000,133.43000000,135.17000000,148586.18360000
1628726400000,135.16000000,142.77000000,123.65000000,134.22000000,439009.85110000
1628812800000,134.17000000,139.30000000,131.47000000,138.17000000,200100.53930000
1628899200000,138.17000000,141.40000000,134.58000000,137.23000000,144906.20910000
1628985600000,137.13000000,140.00000000,131.13000000,136.66000000,156355.32980000
1629072000000,136.62000000,142.36000000,132.10000000,136.14000000,231822.18750000
1629158400000,136.11000000,159.54000000,132.16000000,140.08000000,646369.65080000
1629244800000,140.05000000,152.75000000,128.36000000,146.43000000,436126.99080000
1629331200000,146.55000000,153.21000000,137.35000000,146.04000000,304819.26260000
1629417600000,146.15000000,159.90000000,143.02000000,155.86000000,356094.78470000
1629504000000,155.90000000,155.94000000,147.80000000,148.94000000,161132.97760000
1629590400000,148.93000000,152.50000000,140.99000000,148.65000000,212228.58080000
1629676800000,148.61000000,154.89000000,145.53000000,149.03000000,161194.44280000
1629763200000,149.00000000,151.86000000,133.02000000,137.41000000,207235.66660000
1629849600000,137.21000000,140.77000000,131.51000000,138.97000000,155473.54210000
1629936000000,138.96000000,145.94000000,132.80000000,134.63000000,229395.05450000
1630022400000,134.60000000,141.10000000,128.36000000,140.99000000,197890.85470000
1630108800000,140.91000000,144.00000000,137.90000000,140.71000000,122765.04000000
1630195200000,140.77000000,143.74000000,135.25000000,140.99000000,102080.91000000
1630281600000,141.05000000,169.70000000,139.24000000,157.79000000,649299.21830000
1630368000000,157.99000000,171.03000000,153.42000000,169.03000000,375579.38760000
1630454400000,169.11000000,185.79000000,167.75000000,176.19000000,421128.53050000
1630540800000,176.20000000,180.98000000,171.18000000,171.97000000,189941.60000000
1630627200000,172.08000000,179.11000000,167.19000000,174.68000000,143792.43000000
1630713600000,174.68000000,179.56000000,170.82000000,171.58000000,118306.53000000
1630800000000,171.66000000,178.10000000,167.79000000,176.18000000,114677.01000000
1630886400000,176.26000000,186.89000000,173.23000000,179.90000000,240688.67600000
1630972800000,180.05000000,182.00000000,133.00000000,158.55000000,465533.82000000
1631059200000,158.70000000,175.87000000,137.56000000,172.40000000,443871.02000000
1631145600000,172.39000000,218.00000000,168.86000000,200.45000000,824601.42250000
1631232000000,200.74000000,240.00000000,194.79000000,235.82000000,837761.38680000
1631318400000,235.95000000,249.00000000,220.84000000,230.00000000,684305.45740000
1631404800000,229.75000000,295.80000000,224.63000000,266.44000000,1072269.04210000
1631491200000,266.34000000,289.39000000,250.25000000,260.89000000,973230.93000000
1631577600000,260.69000000,303.03000000,257.64000000,280.33000000,673336.85560000
1631664000000,280.34000000,285.21000000,255.20000000,258.79000000,396252.24000000
1631750400000,258.69000000,271.90000000,245.00000000,265.89000000,457274.24000000
1631836800000,265.71000000,277.88000000,237.23000000,242.04000000,338743.08000000
1631923200000,242.26000000,253.74000000,235.90000000,247.86000000,229601.55000000
1632009600000,247.86000000,249.63000000,222.61000000,224.81000000,216849.16000000
1632096000000,224.89000000,225.94000000,181.02000000,185.54000000,791496.13000000
1632182400000,185.59000000,228.01000000,171.59000000,199.78000000,1003209.76000000
1632268800000,199.77000000,234.79000000,192.71000000,230.06000000,679085.33000000
1632355200000,230.06000000,258.85000000,221.89000000,245.58000000,537927.28000000
1632441600000,245.33000000,250.00000000,213.20000000,237.94000000,624105.83000000
1632528000000,237.92000000,238.46000000,215.54000000,218.26000000,291057.26000000
1632614400000,218.16000000,234.20000000,200.30000000,223.50000000,367267.19000000
1632700800000,223.27000000,232.47000000,210.27000000,212.35000000,237241.95000000
1632787200000,212.30000000,221.16000000,199.00000000,200.15000000,307366.08000000
1632873600000,199.86000000,214.95000000,196.07000000,203.15000000,309945.31000000
1632960000000,203.14000000,212.90000000,200.56000000,209.95000000,235723.97000000
1633046400000,210.02000000,248.00000000,205.45000000,241.73000000,435999.09000000
1633132800000,241.74000000,259.00000000,232.50000000,245.09000000,351683.92000000
1633219200000,245.07000000,255.00000000,238.60000000,254.33000000,240999.57000000
1633305600000,254.28000000,254.99000000,235.00000000,239.94000000,290409.53000000
1633392000000,239.97000000,253.48000000,236.74000000,244.50000000,246986.14000000
1633478400000,244.71000000,246.85000000,221.50000000,230.47000000,267917.86000000
1633564800000,230.52000000,244.50000000,224.80000000,242.99000000,215240.36000000
1633651200000,243.02000000,277.85000000,242.30000000,257.60000000,510104.65000000
1633737600000,257.90000000,268.89000000,254.02000000,258.79000000,124681.26000000
1633824000000,259.03000000,259.28000000,237.50000000,240.03000000,157596.78000000
1633910400000,239.80000000,267.00000000,235.18000000,248.45000000,206999.97000000
1633996800000,248.06000000,248.27000000,220.07000000,236.16000000,231554.55000000
1634083200000,236.15000000,251.00000000,232.52000000,241.96000000,177802.61000000
1634169600000,241.96000000,250.42000000,239.10000000,242.19000000,100381.78000000
1634256000000,242.19000000,244.14000000,234.00000000,237.25000000,124838.88000000
1634342400000,237.22000000,250.04000000,236.51000000,241.34000000,112862.09000000
1634428800000,241.15000000,243.00000000,225.60000000,236.15000000,95576.87000000
1634515200000,236.17000000,238.92000000,227.51000000,230.22000000,97492.32000000
1634601600000,230.30000000,232.90000000,224.60000000,229.79000000,113832.16000000
1634688000000,229.61000000,245.00000000,227.56000000,240.15000000,130867.04000000
1634774400000,240.05000000,260.92000000,238.29000000,249.26000000,252548.07000000
1634860800000,249.31000000,278.50000000,248.63000000,274.62000000,366334.01000000
1634947200000,274.62000000,280.00000000,266.23000000,271.16000000,121426.17000000
1635033600000,271.18000000,295.00000000,269.76000000,283.54000000,244686.26000000
1635120000000,283.49000000,298.50000000,282.38000000,294.99000000,145047.45000000
1635206400000,295.01000000,295.86000000,268.84000000,272.85000000,189779.17000000
1635292800000,272.97000000,277.40000000,224.58000000,245.76000000,330632.29000000
1635379200000,245.90000000,280.00000000,243.72000000,256.78000000,175860.01000000
1635465600000,256.94000000,274.47000000,254.63000000,269.56000000,128503.23000000
1635552000000,269.57000000,270.17000000,256.20000000,260.00000000,89404.64000000
1635638400000,259.87000000,274.92000000,251.23000000,271.04000000,127362.42000000
1635724800000,271.12000000,278.00000000,259.05000000,269.15000000,148959.21000000
1635811200000,269.11000000,277.00000000,267.28000000,272.20000000,108746.35000000
1635897600000,272.25000000,309.00000000,269.30000000,307.36000000,311916.34640000
1635984000000,307.63000000,324.35000000,297.40000000,318.45000000,397942.88030000
1636070400000,318.17000000,329.00000000,304.01000000,315.60000000,219066.92500000
1636156800000,315.61000000,319.60000000,303.18000000,315.96000000,121444.95000000
1636243200000,316.24000000,328.70000000,313.36000000,315.86000000,127488.69000000
1636329600000,315.89000000,317.00000000,307.31000000,309.15000000,117792.73000000
1636416000000,309.11000000,322.50000000,308.42000000,316.83000000,124539.43000000
1636502400000,316.91000000,338.70000000,287.84000000,313.00000000,337425.86730000
1636588800000,312.87000000,334.47000000,299.90000000,317.36000000,181146.42000000
1636675200000,317.36000000,326.06000000,304.19000000,325.64000000,142583.10000000
1636761600000,325.73000000,330.76000000,319.09000000,322.03000000,104781.21000000
1636848000000,321.91000000,325.44000000,312.00000000,319.89000000,81479.38000000
1636934400000,319.81000000,326.00000000,311.25000000,314.80000000,111680.56000000
1637020800000,314.86000000,315.77000000,284.40000000,303.15000000,256618.34000000
1637107200000,303.15000000,310.88000000,287.00000000,309.67000000,160828.83000000
1637193600000,309.86000000,325.99000000,292.77000000,308.40000000,287806.72000000
1637280000000,308.40000000,370.00000000,302.00000000,347.42000000,486345.59890000
1637366400000,347.29000000,393.00000000,332.82000000,392.35000000,558255.40900000
1637452800000,392.27000000,444.77000000,380.30000000,426.14000000,782320.60110000
1637539200000,426.47000000,494.50000000,410.04000000,490.99000000,1048184.54530000
1637625600000,490.82000000,544.25000000,467.91000000,469.27000000,1090957.26420000
1637712000000,469.37000000,496.07000000,440.60000000,456.53000000,732820.61000000
1637798400000,456.43000000,466.94000000,424.00000000,439.54000000,417419.85000000
1637884800000,439.54000000,442.76000000,388.56000000,398.54000000,396704.74000000
1637971200000,398.11000000,443.73000000,395.30000000,430.73000000,272492.50000000
1638057600000,430.30000000,448.71000000,388.02000000,412.99000000,306274.01000000
1638144000000,413.26000000,416.66000000,394.00000000,396.33000000,224691.98000000
1638230400000,396.33000000,403.02000000,376.09000000,376.95000000,250264.90000000
1638316800000,376.95000000,428.17000000,370.05000000,408.90000000,430277.54000000
1638403200000,408.57000000,420.49000000,352.00000000,357.27000000,674331.94000000
1638489600000,357.21000000,357.78000000,320.87000000,345.61000000,371035.99000000
1638576000000,345.32000000,348.68000000,224.62000000,309.61000000,789637.18000000
1638662400000,309.30000000,330.00000000,277.53000000,288.08000000,319446.50000000
1638748800000,288.21000000,294.00000000,261.19000000,288.06000000,376747.35000000
1638835200000,288.05000000,315.00000000,281.95000000,286.15000000,250746.76000000
1638921600000,286.04000000,305.00000000,270.90000000,298.00000000,200217.75000000
1639008000000,298.06000000,314.00000000,265.71000000,266.22000000,340309.24000000
1639094400000,266.18000000,281.36000000,255.73000000,256.81000000,256579.34000000
1639180800000,256.81000000,263.04000000,247.83000000,256.04000000,191476.09000000
1639267200000,256.22000000,269.00000000,249.02000000,262.58000000,157543.04000000
1639353600000,262.77000000,264.18000000,225.87000000,234.65000000,282720.92000000
1639440000000,234.64000000,260.39000000,229.15000000,254.02000000,215341.79000000
1639526400000,254.00000000,299.00000000,253.41000000,295.97000000,499938.01000000
1639612800000,295.80000000,345.71000000,265.24000000,268.18000000,933888.55000000
1639699200000,268.13000000,279.36000000,251.36000000,254.90000000,492881.72000000
1639785600000,254.79000000,266.81000000,245.01000000,254.20000000,239093.55000000
1639872000000,254.13000000,259.40000000,241.19000000,246.62000000,214657.79000000
1639958400000,246.62000000,247.84000000,225.01000000,236.77000000,317348.61000000
1640044800000,236.75000000,248.50000000,231.78000000,240.02000000,207532.25000000
1640131200000,240.08000000,254.09000000,237.11000000,246.84000000,211949.57000000
1640217600000,246.97000000,269.00000000,240.42000000,261.15000000,291491.88000000
1640304000000,261.23000000,271.01000000,247.00000000,250.55000000,215323.26000000
1640390400000,250.66000000,260.87000000,248.65000000,255.60000000,91557.49000000
1640476800000,255.57000000,262.39000000,242.84000000,258.60000000,143048.61000000
1640563200000,258.66000000,284.00000000,258.26000000,266.39000000,273990.11000000
1640649600000,266.32000000,269.85000000,236.58000000,240.27000000,269869.83000000
1640736000000,240.26000000,246.00000000,231.80000000,238.30000000,188939.39000000
1640822400000,238.31000000,251.43000000,233.00000000,239.32000000,173791.71000000
1640908800000,239.32000000,248.73000000,233.00000000,238.61000000,111589.62000000
1640995200000,238.58000000,245.50000000,235.49000000,245.24000000,90839.03000000
1641081600000,245.31000000,245.40000000,236.60000000,239.75000000,107235.04000000
1641168000000,239.65000000,244.84000000,233.50000000,236.83000000,117482.05000000
1641254400000,236.83000000,243.01000000,230.26000000,235.89000000,162650.96000000
1641340800000,235.86000000,254.44000000,198.90000000,213.31000000,447105.42000000
1641427200000,213.62000000,215.72000000,200.69000000,212.45000000,275935.38000000
1641513600000,212.27000000,213.48000000,191.76000000,195.87000000,294115.07000000
1641600000000,195.87000000,201.00000000,181.00000000,190.33000000,168696.79000000
1641686400000,190.30000000,202.94000000,188.16000000,197.98000000,137877.47000000
1641772800000,198.07000000,200.45000000,180.14000000,191.20000000,190584.68000000
1641859200000,191.15000000,208.20000000,188.60000000,205.02000000,268073.59000000
1641945600000,205.07000000,219.98000000,204.56000000,214.27000000,175375.99000000
1642032000000,214.13000000,215.27000000,194.25000000,195.46000000,181947.90000000
1642118400000,195.43000000,201.74000000,190.60000000,199.46000000,148635.12000000
1642204800000,199.48000000,207.36000000,197.33000000,200.30000000,91797.71000000
1642291200000,200.24000000,201.07000000,193.07000000,195.38000000,121015.47000000
1642377600000,195.42000000,196.12000000,182.70000000,186.86000000,152520.26000000
1642464000000,186.95000000,191.11000000,171.37000000,179.00000000,238865.51000000
1642550400000,179.00000000,180.42000000,168.79000000,173.36000000,140098.32000000
1642636800000,173.42000000,185.55000000,165.48000000,166.71000000,195818.03000000
1642723200000,166.81000000,169.04000000,135.20000000,138.27000000,445010.14000000
1642809600000,138.24000000,142.55000000,111.57000000,125.20000000,623030.50430000
1642896000000,125.36000000,142.22000000,124.25000000,134.20000000,356085.83000000
1642982400000,134.13000000,135.60000000,115.63000000,131.16000000,472108.13000000
1643068800000,131.19000000,143.71000000,128.28000000,140.71000000,311795.24000000
1643155200000,140.81000000,159.46000000,136.47000000,140.18000000,429726.90000000
1643241600000,140.12000000,147.00000000,132.85000000,141.94000000,248449.02000000
1643328000000,141.81000000,146.69000000,136.03000000,143.81000000,169305.79000000
1643414400000,143.84000000,151.00000000,142.97000000,149.43000000,150429.92000000
1643500800000,149.48000000,151.72000000,139.70000000,141.31000000,155789.76000000
1643587200000,141.11000000,146.99000000,134.07000000,145.52000000,150311.13000000
1643673600000,145.50000000,156.33000000,144.89000000,150.93000000,200415.89000000
1643760000000,150.92000000,155.70000000,140.00000000,141.65000000,214517.70000000
1643846400000,141.57000000,143.30000000,135.00000000,140.13000000,173093.82000000
1643932800000,140.06000000,153.99000000,138.41000000,153.85000000,198997.94000000
1644019200000,153.92000000,166.15000000,152.02000000,160.47000000,209534.90000000
1644105600000,160.40000000,166.46000000,157.22000000,166.13000000,156175.30000000
1644192000000,166.15000000,183.53000000,160.64000000,176.23000000,303731.20000000
1644278400000,176.33000000,183.36000000,166.04000000,172.53000000,271373.16000000
1644364800000,172.65000000,181.07000000,170.00000000,177.93000000,133758.22000000
1644451200000,177.95000000,200.00000000,173.27000000,176.36000000,383117.21000000
1644537600000,176.33000000,270.00000000,173.34000000,195.00000000,708859.44000000
1644624000000,194.63000000,204.63000000,182.24000000,200.26000000,461378.54000000
1644710400000,200.26000000,206.44000000,189.45000000,189.78000000,253536.00000000
1644796800000,189.79000000,195.39000000,182.41000000,187.22000000,239533.66000000
1644883200000,187.26000000,199.71000000,186.41000000,194.45000000,219473.84000000
1644969600000,194.34000000,196.62000000,183.10000000,190.80000000,186683.04000000
1645056000000,190.79000000,195.00000000,168.50000000,170.52000000,253580.98000000
1645142400000,170.46000000,181.35000000,163.19000000,163.86000000,222664.23000000
1645228800000,163.92000000,167.68000000,157.56000000,162.34000000,134298.05000000
1645315200000,162.38000000,162.51000000,152.58000000,155.55000000,139273.18000000
1645401600000,155.51000000,169.45000000,145.33000000,146.15000000,360358.86000000
1645488000000,146.11000000,154.28000000,145.52000000,151.76000000,231401.80000000
1645574400000,151.74000000,160.81000000,146.10000000,146.46000000,214229.46000000
1645660800000,146.46000000,148.12000000,121.00000000,134.57000000,705049.40000000
1645747200000,134.56000000,150.31000000,132.63000000,148.78000000,282381.25000000
1645833600000,148.80000000,152.58000000,140.58000000,142.68000000,234337.84000000
1645920000000,142.62000000,145.00000000,135.00000000,135.98000000,253964.26000000
1646006400000,135.94000000,152.74000000,133.03000000,150.35000000,319633.42000000
1646092800000,150.37000000,159.66000000,148.37000000,152.16000000,365089.91000000
1646179200000,152.18000000,160.00000000,148.50000000,152.70000000,232173.58000000
1646265600000,152.67000000,154.57000000,143.94000000,146.63000000,172213.87000000
1646352000000,146.55000000,146.93000000,130.37000000,132.99000000,288754.29000000
1646438400000,133.03000000,139.44000000,128.78000000,137.79000000,158151.73000000
1646524800000,137.79000000,138.79000000,132.00000000,132.71000000,127564.54000000
1646611200000,132.73000000,138.03000000,125.83000000,130.97000000,203123.00000000
1646697600000,130.73000000,135.66000000,126.00000000,132.23000000,171978.09000000
1646784000000,132.22000000,146.50000000,132.13000000,141.60000000,300836.98000000
1646870400000,141.68000000,146.25000000,131.81000000,144.51000000,419147.00000000
1646956800000,144.48000000,153.00000000,138.47000000,138.61000000,419156.06000000
1647043200000,138.70000000,144.00000000,138.42000000,139.48000000,145024.01000000
1647129600000,139.45000000,142.74000000,134.30000000,134.80000000,142287.13000000
1647216000000,134.74000000,144.21000000,132.63000000,142.97000000,201567.63000000
1647302400000,142.99000000,159.36000000,141.51000000,156.68000000,542883.50000000
1647388800000,156.68000000,168.50000000,154.00000000,163.76000000,447643.36000000
1647475200000,163.81000000,165.50000000,156.20000000,157.10000000,187530.11000000
1647561600000,157.14000000,164.80000000,152.29000000,158.75000000,242485.33000000
1647648000000,158.75000000,164.88000000,157.62000000,160.13000000,177505.25000000
1647734400000,160.07000000,169.77000000,157.85000000,160.70000000,296496.74000000
1647820800000,160.70000000,176.15000000,159.80000000,172.99000000,338480.63000000
1647907200000,172.99000000,187.48000000,172.08000000,185.62000000,300732.47000000
1647993600000,185.66000000,193.51000000,180.79000000,185.79000000,266719.65000000
1648080000000,185.79000000,193.45000000,182.88000000,192.09000000,264179.34000000
1648166400000,192.06000000,194.99000000,178.43000000,181.59000000,205889.29000000
1648252800000,181.51000000,190.68000000,177.38000000,188.91000000,167255.48000000
1648339200000,188.92000000,199.50000000,185.31000000,198.82000000,131898.83000000
1648425600000,198.83000000,214.80000000,190.35000000,192.90000000,352496.95000000
1648512000000,192.85000000,205.00000000,192.24000000,196.83000000,190883.38000000
1648598400000,196.89000000,202.60000000,190.93000000,198.02000000,184162.53000000
1648684800000,198.11000000,204.96000000,184.25000000,187.08000000,240033.54000000
1648771200000,187.00000000,198.63000000,178.76000000,197.84000000,225399.36000000
1648857600000,197.88000000,202.00000000,190.67000000,191.66000000,161316.88000000
1648944000000,191.76000000,198.60000000,188.33000000,195.33000000,117674.12000000
1649030400000,195.32000000,197.86000000,183.33000000,191.16000000,157337.74000000
1649116800000,191.13000000,193.46000000,184.00000000,184.51000000,109744.08000000
1649203200000,184.53000000,184.56000000,162.00000000,164.48000000,293008.02000000
1649289600000,164.45000000,173.90000000,161.21000000,168.98000000,159213.84000000
1649376000000,168.93000000,172.85000000,159.49000000,160.65000000,142057.07000000
1649462400000,160.63000000,167.85000000,160.47000000,167.08000000,70602.13000000
1649548800000,167.12000000,171.45000000,160.75000000,161.12000000,93086.48000000
1649635200000,161.10000000,164.14000000,148.54000000,150.70000000,191681.76000000
1649721600000,150.81000000,159.95000000,149.87000000,156.28000000,138312.90000000
1649808000000,156.28000000,160.48000000,153.69000000,159.26000000,96919.65000000
1649894400000,159.29000000,163.58000000,152.06000000,155.18000000,142423.37000000
1649980800000,155.20000000,157.83000000,152.52000000,155.44000000,71611.89000000
1650067200000,155.42000000,156.29000000,152.03000000,155.15000000,56649.16000000
1650153600000,155.23000000,158.46000000,151.71000000,152.45000000,71789.51000000
1650240000000,152.42000000,155.51000000,145.40000000,154.85000000,145985.70000000
1650326400000,154.83000000,165.60000000,153.63000000,165.07000000,187304.71000000
1650412800000,165.08000000,169.50000000,159.87000000,163.17000000,233253.18000000
1650499200000,163.24000000,167.69000000,154.54000000,157.87000000,144616.96000000
1650585600000,157.88000000,163.79000000,152.88000000,154.65000000,107573.18000000
1650672000000,154.66000000,157.06000000,151.42000000,153.78000000,58940.94000000
1650758400000,153.81000000,156.42000000,150.85000000,151.29000000,75793.62000000
1650844800000,151.32000000,157.00000000,142.98000000,156.57000000,173371.93000000
1650931200000,156.65000000,159.30000000,143.69000000,145.01000000,155088.18000000
1651017600000,145.02000000,152.32000000,144.31000000,149.69000000,104085.67000000
1651104000000,149.70000000,152.32000000,145.16000000,147.11000000,94948.45000000
1651190400000,147.13000000,147.69000000,131.00000000,134.57000000,174474.96000000
1651276800000,134.60000000,135.71000000,121.37000000,127.54000000,159868.75000000
1651363200000,127.51000000,131.99000000,122.34000000,127.24000000,182195.32000000
1651449600000,127.28000000,130.22000000,122.38000000,125.46000000,137560.28000000
1651536000000,125.48000000,128.99000000,121.81000000,123.70000000,112209.90000000
1651622400000,123.71000000,138.31000000,123.37000000,137.35000000,198803.06000000
1651708800000,137.37000000,140.76000000,122.10000000,125.17000000,219601.40000000
1651795200000,125.06000000,126.39000000,118.00000000,121.80000000,190918.11000000
1651881600000,121.80000000,122.67000000,112.15000000,116.08000000,164881.76000000
1651968000000,116.08000000,118.00000000,112.00000000,113.27000000,174894.62000000
1652054400000,113.28000000,115.20000000,104.00000000,105.93000000,387820.03920000
1652140800000,105.96000000,119.70000000,105.06000000,108.28000000,438542.61000000
1652227200000,108.28000000,110.18000000,80.00000000,85.14000000,852859.70920000
1652313600000,85.10000000,93.88000000,72.02000000,77.95000000,802302.79300000
1652400000000,77.95000000,93.04000000,77.10000000,87.66000000,571241.22000000
1652486400000,87.66000000,89.00000000,84.16000000,88.38000000,227875.94000000
1652572800000,88.39000000,96.19000000,85.56000000,95.73000000,182559.63000000
1652659200000,95.72000000,95.75000000,88.04000000,94.29000000,218494.28000000
1652745600000,94.28000000,103.50000000,93.69000000,100.27000000,223080.32000000
1652832000000,100.21000000,101.27000000,90.72000000,91.68000000,201334.51000000
1652918400000,91.68000000,94.92000000,87.38000000,91.94000000,195982.17000000
1653004800000,91.95000000,93.73000000,86.30000000,88.86000000,225126.19000000
1653091200000,88.86000000,92.72000000,87.73000000,91.76000000,105075.86000000
1653177600000,91.76000000,93.44000000,90.44000000,92.11000000,110582.35000000
1653264000000,92.07000000,94.65000000,90.09000000,91.04000000,198320.86000000
1653350400000,91.01000000,91.98000000,88.90000000,90.81000000,193855.72000000
1653436800000,90.78000000,91.03000000,86.28000000,87.49000000,167292.62000000
1653523200000,87.44000000,88.00000000,72.60000000,72.79000000,475468.90000000
1653609600000,72.76000000,73.76000000,65.68000000,67.42000000,757689.13460000
1653696000000,67.42000000,71.20000000,67.00000000,70.16000000,270059.42000000
1653782400000,70.17000000,83.21000000,68.93000000,82.86000000,340210.66000000
1653868800000,82.89000000,88.03000000,80.82000000,86.85000000,397027.31000000
1653955200000,86.83000000,87.00000000,80.16000000,81.46000000,286724.25000000
1654041600000,81.45000000,86.80000000,75.09000000,75.58000000,398038.00000000
1654128000000,75.58000000,82.50000000,74.35000000,77.99000000,293711.09000000
1654214400000,77.97000000,79.15000000,75.33000000,77.34000000,146596.63000000
1654300800000,77.31000000,78.00000000,75.48000000,76.91000000,79944.97000000
1654387200000,76.89000000,77.65000000,72.69000000,73.27000000,166203.99000000
1654473600000,73.23000000,74.52000000,64.17000000,69.40000000,1190423.83000000
1654560000000,69.39000000,69.73000000,65.04000000,66.62000000,382353.93000000
1654646400000,66.60000000,68.43000000,65.10000000,65.13000000,266470.37000000
1654732800000,65.15000000,65.22000000,60.96000000,61.71000000,308873.14000000
1654819200000,61.75000000,62.77000000,55.61000000,56.62000000,435735.34700000
1654905600000,56.64000000,57.45000000,49.14000000,50.66000000,559538.19400000
1654992000000,50.67000000,53.05000000,42.54000000,45.02000000,1009756.97830000
1655078400000,45.02000000,45.65000000,38.00000000,41.71000000,1304594.78000000
1655164800000,41.71000000,47.74000000,39.07000000,45.88000000,603572.14000000
1655251200000,45.91000000,59.00000000,41.35000000,56.04000000,722381.49000000
1655337600000,56.04000000,57.85000000,49.10000000,50.51000000,700650.88000000
1655424000000,50.54000000,55.72000000,50.28000000,52.57000000,374143.14000000
1655510400000,52.56000000,53.58000000,43.02000000,45.73000000,536358.66000000
1655596800000,45.71000000,54.37000000,43.28000000,52.97000000,505719.13000000
1655683200000,52.98000000,59.00000000,51.01000000,56.87000000,572559.87000000
1655769600000,56.84000000,63.96000000,56.13000000,58.56000000,535122.32000000
1655856000000,58.53000000,62.30000000,56.75000000,58.23000000,389482.54000000
1655942400000,58.30000000,61.53000000,57.21000000,60.63000000,290480.68000000
1656028800000,60.63000000,64.70000000,60.62000000,63.02000000,330422.01000000
1656115200000,63.03000000,64.80000000,60.09000000,61.71000000,201902.32000000
1656201600000,61.71000000,62.95000000,54.80000000,55.13000000,313879.93000000
1656288000000,55.12000000,58.87000000,54.85000000,56.29000000,293407.19000000
1656374400000,56.29000000,57.32000000,51.57000000,51.98000000,296446.68000000
1656460800000,51.98000000,52.99000000,49.40000000,50.23000000,272131.35000000
1656547200000,50.27000000,51.27000000,46.21000000,50.99000000,313631.12000000
1656633600000,51.00000000,52.52000000,48.85000000,51.05000000,276291.59000000
1656720000000,51.05000000,51.68000000,48.86000000,50.52000000,126629.36000000
1656806400000,50.55000000,52.23000000,49.15000000,51.08000000,141372.85000000
1656892800000,51.07000000,54.65000000,50.17000000,54.38000000,218465.63000000
1656979200000,54.38000000,56.08000000,52.09000000,54.12000000,261478.59000000
1657065600000,54.08000000,55.44000000,53.27000000,54.70000000,154445.75000000
1657152000000,54.70000000,57.32000000,53.65000000,56.17000000,210294.97000000
1657238400000,56.16000000,57.30000000,53.10000000,54.35000000,197579.17000000
1657324800000,54.36000000,57.10000000,54.36000000,56.36000000,149444.30000000
1657411200000,56.39000000,56.42000000,51.86000000,52.49000000,131676.50000000
1657497600000,52.51000000,52.60000000,49.84000000,50.33000000,248276.11000000
1657584000000,50.35000000,50.89000000,49.07000000,49.27000000,218987.94000000
1657670400000,49.24000000,53.00000000,47.48000000,52.52000000,318577.71000000
1657756800000,52.50000000,59.80000000,51.97000000,58.10000000,477161.25000000
1657843200000,58.10000000,60.95000000,57.32000000,59.61000000,307359.08000000
1657929600000,59.61000000,60.54000000,56.79000000,59.90000000,214409.53000000
1658016000000,59.90000000,62.73000000,57.54000000,57.68000000,175408.90000000
1658102400000,57.68000000,63.48000000,57.25000000,60.13000000,310288.00000000
1658188800000,60.10000000,62.92000000,57.51000000,60.87000000,376961.79000000
1658275200000,60.89000000,62.27000000,54.32000000,55.21000000,377458.74000000
1658361600000,55.18000000,56.80000000,52.99000000,56.21000000,237649.51000000
1658448000000,56.24000000,59.23000000,53.96000000,55.26000000,194055.11000000
1658534400000,55.31000000,56.90000000,53.08000000,54.58000000,140079.36000000
1658620800000,54.58000000,56.22000000,54.19000000,54.54000000,115947.17000000
1658707200000,54.51000000,54.71000000,50.10000000,50.20000000,181403.80000000
1658793600000,50.21000000,51.00000000,48.95000000,50.97000000,159578.31000000
1658880000000,50.94000000,55.00000000,50.09000000,54.99000000,211890.04000000
1658966400000,54.98000000,57.64000000,53.16000000,56.71000000,265103.95000000
1659052800000,56.71000000,58.46000000,54.51000000,55.61000000,276201.52000000
1659139200000,55.64000000,59.62000000,55.46000000,56.96000000,242908.74000000
1659225600000,56.99000000,60.12000000,56.06000000,57.12000000,247800.92000000
1659312000000,57.03000000,59.95000000,56.42000000,58.84000000,257878.33000000
1659398400000,58.84000000,59.58000000,54.19000000,55.79000000,303346.74000000
1659484800000,55.80000000,58.88000000,54.66000000,57.44000000,194108.95000000
1659571200000,57.44000000,59.27000000,56.92000000,58.53000000,192961.34000000
1659657600000,58.53000000,64.24000000,58.47000000,62.56000000,268643.17000000
1659744000000,62.54000000,66.50000000,61.55000000,64.65000000,338328.31000000
1659830400000,64.66000000,68.33000000,63.84000000,67.19000000,263407.00000000
1659916800000,67.20000000,68.76000000,64.69000000,66.26000000,277348.20000000
1660003200000,66.21000000,67.36000000,61.01000000,61.96000000,214039.05000000
1660089600000,61.95000000,69.60000000,60.21000000,67.19000000,373425.24000000
1660176000000,67.21000000,69.33000000,63.91000000,64.72000000,245548.94000000
1660262400000,64.71000000,66.49000000,63.26000000,66.33000000,156525.56000000
1660348800000,66.37000000,68.51000000,64.50000000,64.91000000,161347.00000000
1660435200000,64.91000000,66.92000000,62.08000000,62.85000000,164017.31000000
1660521600000,62.86000000,64.49000000,59.46000000,60.68000000,187989.01000000
1660608000000,60.65000000,61.96000000,59.56000000,60.41000000,149289.02000000
1660694400000,60.41000000,62.35000000,56.90000000,57.52000000,199299.27000000
1660780800000,57.53000000,58.90000000,54.00000000,54.81000000,149701.59000000
1660867200000,54.81000000,54.96000000,51.11000000,52.39000000,275401.52000000
1660953600000,52.39000000,54.28000000,51.27000000,52.62000000,175265.83000000
1661040000000,52.62000000,55.17000000,52.21000000,54.71000000,112981.99000000
1661126400000,54.71000000,55.68000000,52.20000000,53.95000000,143589.45000000
1661212800000,53.93000000,54.60000000,52.30000000,54.02000000,107630.39000000
1661299200000,54.03000000,56.47000000,52.77000000,55.13000000,128888.92000000
1661385600000,55.13000000,58.08000000,55.12000000,57.31000000,143614.99000000
1661472000000,57.31000000,59.34000000,51.27000000,51.78000000,325047.89000000
1661558400000,51.78000000,53.14000000,50.76000000,51.90000000,139820.50000000
1661644800000,51.89000000,52.80000000,49.20000000,49.66000000,131276.41000000
1661731200000,49.68000000,53.13000000,49.37000000,52.99000000,130419.75000000
1661817600000,52.98000000,55.34000000,52.17000000,54.17000000,184529.99000000
1661904000000,54.22000000,55.90000000,52.43000000,52.53000000,141281.27000000
1661990400000,52.51000000,53.01000000,51.10000000,52.80000000,109428.39000000
1662076800000,52.80000000,53.56000000,51.44000000,52.21000000,98646.44000000
1662163200000,52.21000000,52.60000000,50.86000000,50.96000000,56496.72000000
1662249600000,50.96000000,51.79000000,50.43000000,51.55000000,69576.09000000
1662336000000,51.54000000,52.05000000,50.63000000,51.21000000,74630.80000000
1662422400000,51.22000000,52.80000000,48.36000000,48.63000000,233691.43000000
1662508800000,48.63000000,51.54000000,48.10000000,51.04000000,135017.91000000
1662595200000,51.07000000,53.31000000,50.22000000,52.96000000,142759.87000000
1662681600000,52.99000000,54.66000000,52.86000000,53.72000000,189584.20000000
1662768000000,53.74000000,54.64000000,53.20000000,53.73000000,128548.58000000
1662854400000,53.74000000,54.50000000,52.01000000,52.84000000,112721.74000000
1662940800000,52.83000000,53.92000000,51.38000000,51.69000000,180762.58000000
1663027200000,51.69000000,52.60000000,48.76000000,49.02000000,275749.83000000
1663113600000,49.00000000,50.09000000,48.42000000,49.81000000,147378.44000000
1663200000000,49.78000000,50.07000000,48.03000000,48.65000000,171840.89000000
1663286400000,48.65000000,49.24000000,48.19000000,49.07000000,107798.85000000
1663372800000,49.07000000,51.29000000,49.02000000,51.17000000,93479.99000000
1663459200000,51.17000000,51.59000000,46.83000000,47.35000000,159555.41000000
1663545600000,47.36000000,48.98000000,46.47000000,47.84000000,200668.78000000
1663632000000,47.84000000,48.77000000,47.32000000,47.75000000,129347.41000000
1663718400000,47.77000000,48.90000000,45.20000000,45.95000000,243633.44000000
1663804800000,45.94000000,48.10000000,45.68000000,47.71000000,158020.10000000
1663891200000,47.71000000,48.57000000,46.51000000,47.82000000,139230.72000000
1663977600000,47.84000000,49.09000000,47.64000000,47.98000000,116051.38000000
1664064000000,47.95000000,48.67000000,45.97000000,46.25000000,125886.56000000
1664150400000,46.26000000,47.01000000,45.56000000,46.78000000,123032.88000000
1664236800000,46.79000000,48.20000000,46.00000000,46.51000000,148221.60000000
1664323200000,46.51000000,47.92000000,45.00000000,47.33000000,168665.53000000
1664409600000,47.35000000,48.00000000,46.65000000,47.77000000,138690.78000000
1664496000000,47.79000000,50.01000000,47.17000000,47.52000000,275236.65000000
1664582400000,47.53000000,48.36000000,46.88000000,47.81000000,104564.47000000
1664668800000,47.81000000,48.90000000,47.06000000,48.10000000,126735.24000000
1664755200000,48.12000000,53.53000000,47.71000000,52.04000000,373186.22000000
1664841600000,52.04000000,56.87000000,52.03000000,55.25000000,499741.88000000
1664928000000,55.24000000,56.35000000,53.80000000,54.40000000,309803.51000000
1665014400000,54.40000000,56.02000000,53.80000000,55.31000000,203654.29000000
1665100800000,55.30000000,56.37000000,53.98000000,55.47000000,240830.50000000
1665187200000,55.48000000,55.96000000,53.50000000,53.84000000,115048.56000000
1665273600000,53.85000000,57.25000000,53.76000000,56.77000000,187931.34000000
1665360000000,56.77000000,57.75000000,54.81000000,56.60000000,296472.89000000
1665446400000,56.58000000,56.61000000,54.01000000,54.79000000,204119.17000000
1665532800000,54.79000000,56.46000000,54.46000000,55.49000000,131591.68000000
1665619200000,55.46000000,56.23000000,50.10000000,53.19000000,373130.65000000
1665705600000,53.19000000,54.65000000,52.58000000,53.30000000,159473.92000000
1665792000000,53.29000000,56.71000000,53.25000000,56.28000000,213508.86000000
1665878400000,56.29000000,57.66000000,55.57000000,55.81000000,148300.06000000
1665964800000,55.77000000,57.46000000,54.89000000,57.37000000,122610.63000000
1666051200000,57.35000000,58.00000000,56.13000000,56.27000000,210539.62000000
1666137600000,56.27000000,57.54000000,55.68000000,56.49000000,148415.97000000
1666224000000,56.49000000,59.18000000,55.94000000,57.96000000,228545.10000000
1666310400000,57.98000000,58.38000000,55.00000000,55.72000000,170798.98000000
1666396800000,55.73000000,55.80000000,53.84000000,54.94000000,126215.55000000
1666483200000,54.94000000,56.74000000,54.57000000,56.66000000,83327.20000000
1666569600000,56.70000000,59.00000000,56.32000000,57.86000000,164926.05000000
1666656000000,57.89000000,58.88000000,56.52000000,56.67000000,229816.63000000
1666742400000,56.66000000,58.32000000,55.90000000,57.13000000,172361.14000000
1666828800000,57.11000000,58.50000000,54.85000000,55.25000000,150475.17000000
1666915200000,55.21000000,57.36000000,54.75000000,56.96000000,91579.99000000
1667001600000,56.97000000,58.00000000,56.11000000,56.61000000,119519.33000000
1667088000000,56.60000000,58.90000000,55.96000000,58.37000000,166809.59000000
1667174400000,58.38000000,60.40000000,57.43000000,58.24000000,205814.85000000
1667260800000,58.24000000,60.27000000,58.20000000,59.71000000,170998.85000000
1667347200000,59.71000000,61.10000000,57.58000000,59.59000000,278982.69000000
1667433600000,59.57000000,63.99000000,58.81000000,59.49000000,396982.96000000
1667520000000,59.48000000,61.86000000,58.44000000,60.46000000,280805.72000000
1667606400000,60.47000000,61.49000000,57.10000000,58.14000000,225096.44000000
1667692800000,58.13000000,58.78000000,54.55000000,54.76000000,193678.19000000
1667779200000,54.78000000,55.50000000,52.75000000,53.77000000,197193.70000000
1667865600000,53.73000000,54.31000000,42.90000000,49.28000000,400626.41000000
1667952000000,49.29000000,49.44000000,40.53000000,42.17000000,418873.90000000
1668038400000,42.12000000,48.32000000,41.48000000,47.67000000,316019.94000000
1668124800000,47.71000000,48.32000000,44.17000000,45.77000000,146130.50000000
1668211200000,45.82000000,45.92000000,43.25000000,44.28000000,92044.20000000
1668297600000,44.29000000,45.09000000,42.74000000,43.18000000,102411.12000000
1668384000000,43.17000000,46.17000000,41.17000000,44.28000000,211934.29000000
1668470400000,44.27000000,44.73000000,43.15000000,43.37000000,148798.65000000
1668556800000,43.39000000,44.21000000,41.53000000,42.36000000,172452.25000000
1668643200000,42.37000000,43.88000000,41.35000000,43.22000000,195778.64000000
1668729600000,43.22000000,44.14000000,42.33000000,42.93000000,94009.97000000
1668816000000,42.92000000,43.23000000,42.05000000,43.06000000,49421.28000000
1668902400000,43.05000000,43.96000000,41.00000000,41.20000000,123832.35000000
1668988800000,41.18000000,42.01000000,40.20000000,40.59000000,182462.47000000
1669075200000,40.59000000,41.35000000,39.43000000,41.33000000,146044.98000000
1669161600000,41.34000000,42.48000000,41.17000000,42.41000000,148232.44000000
1669248000000,42.42000000,43.30000000,41.65000000,42.75000000,99552.02000000
1669334400000,42.73000000,42.82000000,41.36000000,42.24000000,81100.04000000
1669420800000,42.25000000,44.49000000,42.17000000,43.65000000,119295.12000000
1669507200000,43.64000000,44.36000000,42.63000000,42.75000000,71865.03000000
1669593600000,42.75000000,43.13000000,41.38000000,42.38000000,95816.37000000
1669680000000,42.36000000,43.05000000,41.91000000,42.35000000,71937.78000000
1669766400000,42.35000000,43.86000000,42.20000000,43.82000000,102547.22000000
1669852800000,43.83000000,44.00000000,43.12000000,43.46000000,80991.48000000
1669939200000,43.44000000,43.94000000,43.00000000,43.90000000,71239.62000000
1670025600000,43.88000000,44.21000000,43.08000000,43.47000000,80675.18000000
1670112000000,43.46000000,43.76000000,42.68000000,43.19000000,65776.52000000
1670198400000,43.23000000,43.97000000,42.92000000,43.25000000,118703.64000000
1670284800000,43.24000000,46.50000000,43.06000000,45.41000000,233438.90000000
1670371200000,45.41000000,45.86000000,43.25000000,44.24000000,232322.54000000
1670457600000,44.25000000,45.50000000,43.68000000,45.41000000,105734.71000000
1670544000000,45.43000000,46.61000000,44.13000000,45.31000000,170685.98000000
1670630400000,45.30000000,46.19000000,44.98000000,45.57000000,60476.24000000
1670716800000,45.57000000,46.13000000,44.70000000,44.84000000,73900.45000000
1670803200000,44.83000000,45.42000000,43.88000000,44.82000000,85558.82000000
1670889600000,44.82000000,45.45000000,43.65000000,43.93000000,141866.60000000
1670976000000,43.91000000,44.16000000,41.80000000,42.88000000,136243.78000000
1671062400000,42.87000000,42.97000000,41.31000000,42.01000000,101072.65000000
1671148800000,42.01000000,42.38000000,37.15000000,39.21000000,169243.52000000
1671235200000,39.20000000,39.44000000,37.11000000,39.21000000,121019.14000000
1671321600000,39.22000000,39.62000000,38.52000000,38.91000000,64303.26000000
1671408000000,38.92000000,39.27000000,34.11000000,35.36000000,252580.77850000
1671494400000,35.36000000,36.20000000,35.14000000,35.83000000,214533.24000000
1671580800000,35.82000000,35.92000000,34.01000000,34.50000000,128298.28000000
1671667200000,34.49000000,35.23000000,34.09000000,35.09000000,102402.35000000
1671753600000,35.08000000,35.36000000,34.60000000,34.87000000,63853.25000000
1671840000000,34.85000000,35.22000000,34.68000000,34.69000000,41543.95000000
1671926400000,34.69000000,34.84000000,32.85000000,33.60000000,109089.76000000
1672012800000,33.59000000,33.89000000,33.16000000,33.76000000,68487.03000000
1672099200000,33.78000000,34.25000000,33.45000000,33.96000000,85535.37000000
1672185600000,33.97000000,34.54000000,32.81000000,33.18000000,115735.67000000
1672272000000,33.19000000,33.56000000,32.87000000,33.18000000,79565.02000000
1672358400000,33.18000000,33.25000000,32.37000000,33.02000000,68598.63000000
1672444800000,33.01000000,33.32000000,32.65000000,32.80000000,48414.47000000
1672531200000,32.80000000,33.06000000,32.57000000,32.95000000,36548.97000000
1672617600000,32.94000000,33.86000000,32.31000000,33.41000000,96986.14000000
1672704000000,33.39000000,33.68000000,32.64000000,33.10000000,100744.96000000
1672790400000,33.10000000,34.56000000,32.79000000,34.46000000,140777.52000000
1672876800000,34.44000000,34.90000000,34.03000000,34.43000000,107092.81000000
1672963200000,34.42000000,34.96000000,33.67000000,34.36000000,147320.37000000
1673049600000,34.37000000,34.57000000,33.89000000,34.11000000,48506.00000000
1673136000000,34.11000000,35.13000000,33.73000000,34.99000000,103833.30000000
1673222400000,34.99000000,37.21000000,34.60000000,34.85000000,391406.72000000
1673308800000,34.86000000,35.71000000,34.21000000,35.44000000,183853.59000000
1673395200000,35.44000000,36.53000000,34.55000000,36.37000000,146118.36000000
1673481600000,36.38000000,38.00000000,35.24000000,37.59000000,266789.78000000
1673568000000,37.57000000,39.31000000,37.15000000,39.21000000,183296.94000000
1673654400000,39.22000000,42.75000000,38.75000000,40.53000000,326753.03000000
1673740800000,40.52000000,41.25000000,38.72000000,40.88000000,163958.29000000
1673827200000,40.88000000,42.15000000,39.00000000,40.16000000,171588.00000000
1673913600000,40.12000000,41.80000000,39.59000000,40.85000000,137816.73000000
1674000000000,40.86000000,43.33000000,37.61000000,39.22000000,368765.85000000
1674086400000,39.21000000,40.84000000,38.98000000,40.68000000,121434.31000000
1674172800000,40.69000000,42.89000000,40.19000000,42.66000000,187107.17000000
1674259200000,42.66000000,43.82000000,41.59000000,42.41000000,216780.05000000
1674345600000,42.39000000,44.51000000,42.13000000,43.61000000,193979.96000000
1674432000000,43.59000000,44.77000000,43.26000000,43.95000000,196314.79000000
1674518400000,43.93000000,44.80000000,41.25000000,41.72000000,168604.61000000
1674604800000,41.73000000,43.84000000,40.52000000,43.27000000,167266.01000000
1674691200000,43.28000000,44.54000000,42.79000000,43.61000000,165518.03000000
1674777600000,43.61000000,45.23000000,42.49000000,44.71000000,165129.40000000
1674864000000,44.71000000,45.90000000,44.05000000,44.57000000,118004.14000000
1674950400000,44.57000000,45.45000000,44.11000000,45.20000000,98310.84000000
1675036800000,45.19000000,45.46000000,41.37000000,42.13000000,167979.73000000
1675123200000,42.12000000,43.44000000,41.86000000,42.85000000,100387.19000000
1675209600000,42.85000000,44.43000000,41.09000000,44.10000000,187632.61000000
1675296000000,44.11000000,47.46000000,43.82000000,44.99000000,291058.98000000
1675382400000,45.04000000,46.25000000,44.12000000,45.86000000,201356.74000000
1675468800000,45.86000000,47.29000000,45.32000000,46.52000000,193561.56000000
1675555200000,46.52000000,47.12000000,44.45000000,45.26000000,148617.57000000
1675641600000,45.26000000,45.71000000,43.37000000,43.67000000,132308.24000000
1675728000000,43.68000000,47.20000000,43.52000000,46.88000000,204801.11000000
1675814400000,46.89000000,48.24000000,45.19000000,46.29000000,234088.73000000
1675900800000,46.30000000,46.47000000,41.00000000,42.35000000,201907.88000000
1675987200000,42.35000000,43.61000000,41.86000000,42.61000000,148208.57000000
1676073600000,42.60000000,44.56000000,42.34000000,44.35000000,93863.89000000
1676160000000,44.35000000,44.93000000,43.07000000,43.96000000,91629.27000000
1676246400000,43.95000000,44.18000000,40.52000000,41.67000000,285334.53000000
1676332800000,41.67000000,44.50000000,40.80000000,44.37000000,250625.26000000
1676419200000,44.37000000,46.56000000,43.76000000,46.47000000,247189.01000000
1676505600000,46.48000000,54.42000000,45.73000000,47.33000000,829610.35000000
1676592000000,47.31000000,49.92000000,46.82000000,49.43000000,331451.92000000
1676678400000,49.44000000,53.55000000,49.43000000,52.28000000,304057.05000000
1676764800000,52.29000000,53.38000000,50.00000000,51.09000000,213393.86000000
1676851200000,51.08000000,53.94000000,50.18000000,52.90000000,274029.25000000
1676937600000,52.90000000,54.22000000,50.55000000,51.67000000,288010.96000000
1677024000000,51.66000000,51.90000000,48.09000000,49.60000000,195676.56000000
1677110400000,49.59000000,50.86000000,49.00000000,50.14000000,155543.23000000
1677196800000,50.15000000,51.43000000,47.61000000,48.86000000,242070.85000000
1677283200000,48.88000000,49.05000000,46.42000000,48.19000000,169312.74000000
1677369600000,48.20000000,50.07000000,47.78000000,49.90000000,163014.81000000
1677456000000,49.89000000,50.00000000,47.71000000,48.71000000,221271.71000000
1677542400000,48.74000000,51.02000000,47.62000000,48.07000000,349060.95000000
1677628800000,48.08000000,49.71000000,47.88000000,48.50000000,285651.36000000
1677715200000,48.50000000,48.65000000,45.52000000,46.20000000,158770.19000000
1677801600000,46.17000000,46.18000000,41.18000000,43.25000000,322001.82000000
1677888000000,43.24000000,43.65000000,41.66000000,42.78000000,103288.72000000
1677974400000,42.79000000,43.90000000,42.42000000,43.04000000,109689.28000000
1678060800000,43.04000000,44.10000000,42.46000000,43.92000000,136927.70000000
1678147200000,43.93000000,44.27000000,41.33000000,42.07000000,196803.18000000
1678233600000,42.08000000,42.19000000,39.30000000,39.99000000,188003.34000000
1678320000000,39.96000000,40.36000000,36.97000000,37.87000000,253568.21000000
1678406400000,37.87000000,38.88000000,36.00000000,38.40000000,241778.48000000
1678492800000,38.40000000,39.11000000,36.32000000,38.37000000,261607.27000000
1678579200000,38.38000000,40.94000000,37.94000000,40.75000000,178040.91000000
1678665600000,40.77000000,43.46000000,40.29000000,42.73000000,273763.41000000
1678752000000,42.78000000,45.07000000,41.60000000,43.64000000,239890.71000000
1678838400000,43.63000000,44.31000000,39.72000000,40.55000000,197705.27000000
1678924800000,40.53000000,41.60000000,39.85000000,40.72000000,124666.36000000
1679011200000,40.72000000,44.02000000,40.15000000,43.93000000,160686.31000000
1679097600000,43.95000000,46.09000000,42.96000000,43.16000000,187632.54000000
1679184000000,43.14000000,44.76000000,42.50000000,43.71000000,113042.50000000
1679270400000,43.76000000,49.35000000,42.31000000,49.00000000,428414.34000000
1679356800000,49.00000000,49.93000000,40.50000000,44.15000000,663519.76000000
1679443200000,44.16000000,44.84000000,40.46000000,41.92000000,301801.30000000
1679529600000,41.90000000,44.14000000,41.60000000,43.57000000,165908.91000000
1679616000000,43.55000000,44.40000000,41.74000000,42.41000000,180721.22000000
1679702400000,42.43000000,42.78000000,41.48000000,42.13000000,69003.18000000
1679788800000,42.11000000,42.99000000,41.97000000,42.77000000,69934.08000000
1679875200000,42.77000000,42.88000000,40.43000000,41.16000000,135160.00000000
1679961600000,41.16000000,42.35000000,40.64000000,42.08000000,109390.20000000
1680048000000,42.10000000,44.55000000,42.04000000,44.06000000,172034.57000000
1680134400000,44.05000000,44.20000000,41.65000000,42.17000000,256939.79000000
1680220800000,42.18000000,42.92000000,41.52000000,42.44000000,112815.66000000
1680307200000,42.44000000,43.16000000,42.04000000,42.68000000,91005.96000000
1680393600000,42.69000000,42.86000000,40.25000000,40.90000000,196309.62000000
1680480000000,40.90000000,41.29000000,39.49000000,40.52000000,221304.67000000
1680566400000,40.53000000,41.60000000,40.19000000,41.41000000,136285.45000000
1680652800000,41.43000000,42.80000000,41.22000000,42.42000000,160549.31000000
1680739200000,42.40000000,42.47000000,41.00000000,41.31000000,175731.73000000
1680825600000,41.29000000,41.69000000,40.52000000,40.74000000,96413.17000000
1680912000000,40.75000000,41.19000000,40.28000000,40.32000000,75838.37000000
1680998400000,40.32000000,40.82000000,39.79000000,39.92000000,115613.09000000
1681084800000,39.92000000,41.77000000,39.55000000,40.80000000,196942.48000000
1681171200000,40.80000000,41.62000000,40.67000000,40.84000000,146068.53000000
1681257600000,40.83000000,41.01000000,39.60000000,40.62000000,136597.63000000
1681344000000,40.64000000,41.83000000,40.30000000,41.38000000,128915.91000000
1681430400000,41.38000000,44.20000000,41.32000000,43.00000000,221970.83000000
1681516800000,43.03000000,44.00000000,42.21000000,43.50000000,159829.81000000
1681603200000,43.50000000,43.74000000,42.75000000,43.21000000,106459.14000000
1681689600000,43.21000000,44.12000000,41.95000000,43.59000000,197615.85000000
1681776000000,43.59000000,44.62000000,42.01000000,43.56000000,317499.70000000
1681862400000,43.56000000,43.97000000,39.00000000,39.94000000,258829.71000000
1681948800000,39.93000000,40.30000000,38.80000000,39.41000000,148301.62000000
1682035200000,39.39000000,40.09000000,37.56000000,38.33000000,132470.06000000
1682121600000,38.32000000,39.08000000,38.12000000,39.01000000,52905.64000000
1682208000000,39.01000000,39.42000000,38.13000000,38.85000000,65069.42000000
1682294400000,38.83000000,39.85000000,38.31000000,38.64000000,91463.11000000
1682380800000,38.64000000,38.74000000,37.20000000,38.67000000,128569.34000000
1682467200000,38.68000000,42.98000000,38.37000000,41.55000000,396403.45000000
1682553600000,41.56000000,49.80000000,41.47000000,44.01000000,2066231.11000000
1682640000000,44.01000000,46.17000000,43.07000000,43.26000000,414164.71000000
1682726400000,43.26000000,43.32000000,41.58000000,41.85000000,185341.71000000
1682812800000,41.84000000,42.78000000,40.90000000,41.52000000,147898.91000000
1682899200000,41.52000000,43.90000000,41.08000000,41.72000000,463620.68000000
1682985600000,41.72000000,41.72000000,39.85000000,40.64000000,217350.60000000
1683072000000,40.64000000,41.20000000,39.03000000,40.05000000,246057.73000000
1683158400000,40.04000000,40.09000000,39.09000000,39.23000000,150144.02000000
1683244800000,39.24000000,40.19000000,38.79000000,39.85000000,155062.72000000
1683331200000,39.85000000,40.25000000,38.37000000,39.41000000,145982.45000000
1683417600000,39.41000000,39.70000000,39.12000000,39.31000000,84947.43000000
1683504000000,39.33000000,39.55000000,36.10000000,37.46000000,240933.58000000
1683590400000,37.46000000,38.05000000,37.14000000,37.99000000,105247.53000000
1683676800000,37.99000000,38.67000000,36.70000000,38.01000000,171153.84000000
1683763200000,38.01000000,38.22000000,36.66000000,37.24000000,113924.39000000
1683849600000,37.26000000,37.57000000,36.02000000,37.53000000,127143.77000000
1683936000000,37.52000000,39.11000000,37.27000000,38.38000000,158752.24000000
1684022400000,38.40000000,38.65000000,37.69000000,38.39000000,93224.50000000
1684108800000,38.38000000,39.32000000,37.91000000,38.36000000,98828.01000000
1684195200000,38.34000000,38.49000000,37.14000000,37.48000000,97454.79000000
1684281600000,37.49000000,37.98000000,36.72000000,37.83000000,100071.74000000
1684368000000,37.83000000,37.89000000,36.56000000,36.91000000,92252.13000000
1684454400000,36.91000000,37.14000000,36.64000000,36.91000000,84755.08000000
1684540800000,36.90000000,37.65000000,36.65000000,37.20000000,102243.44000000
1684627200000,37.21000000,37.32000000,36.23000000,36.49000000,80632.59000000
1684713600000,36.49000000,36.83000000,35.72000000,36.68000000,98288.97000000
1684800000000,36.68000000,37.28000000,36.31000000,36.58000000,121045.96000000
1684886400000,36.58000000,36.67000000,35.35000000,35.93000000,128926.98000000
1684972800000,35.93000000,36.13000000,35.12000000,35.69000000,119314.80000000
1685059200000,35.68000000,36.14000000,35.23000000,36.02000000,98230.13000000
1685145600000,36.01000000,36.23000000,35.75000000,36.19000000,64513.12000000
1685232000000,36.17000000,37.39000000,36.00000000,36.79000000,97784.31000000
1685318400000,36.80000000,37.20000000,36.34000000,36.81000000,83247.08000000
1685404800000,36.82000000,37.33000000,36.60000000,36.97000000,96906.37000000
1685491200000,36.93000000,37.26000000,36.22000000,36.89000000,110157.41000000
1685577600000,36.90000000,37.25000000,36.59000000,37.01000000,78448.04000000
1685664000000,37.01000000,37.79000000,36.58000000,37.65000000,100004.65000000
1685750400000,37.64000000,38.34000000,37.30000000,38.25000000,67626.60000000
1685836800000,38.26000000,39.00000000,37.65000000,37.73000000,89773.34000000
1685923200000,37.71000000,38.38000000,34.08000000,36.25000000,244043.96000000
1686009600000,36.24000000,37.20000000,35.74000000,36.77000000,109950.86000000
1686096000000,36.78000000,36.93000000,34.84000000,35.29000000,118364.08000000
1686182400000,35.29000000,35.30000000,34.43000000,35.08000000,88923.01000000
1686268800000,35.09000000,35.25000000,34.44000000,34.79000000,64550.84000000
1686355200000,34.79000000,34.79000000,28.20000000,29.96000000,497276.02990000
1686441600000,29.96000000,30.51000000,29.53000000,30.05000000,79281.59000000
1686528000000,30.05000000,30.28000000,29.32000000,30.13000000,97290.63000000
1686614400000,30.14000000,31.46000000,30.00000000,30.66000000,122609.36000000
1686700800000,30.67000000,31.07000000,28.92000000,29.58000000,112771.09000000
1686787200000,29.59000000,29.91000000,28.43000000,29.42000000,119528.30000000
1686873600000,29.41000000,31.63000000,29.25000000,30.32000000,198902.29000000
1686960000000,30.33000000,31.17000000,30.03000000,30.94000000,74517.14000000
1687046400000,30.94000000,30.96000000,29.98000000,30.09000000,74112.28000000
1687132800000,30.10000000,30.90000000,29.85000000,30.41000000,103171.23000000
1687219200000,30.41000000,30.86000000,29.38000000,30.82000000,114739.90000000
1687305600000,30.83000000,32.86000000,30.71000000,32.55000000,169010.80000000
1687392000000,32.55000000,33.70000000,32.10000000,32.29000000,132881.38000000
1687478400000,32.30000000,33.70000000,32.15000000,33.43000000,114458.91000000
1687564800000,33.43000000,33.92000000,32.63000000,33.26000000,103088.59000000
1687651200000,33.26000000,36.80000000,33.15000000,34.94000000,340107.63000000
1687737600000,34.94000000,35.03000000,33.20000000,33.77000000,155382.98000000
1687824000000,33.76000000,34.40000000,33.41000000,34.09000000,78845.28000000
1687910400000,34.10000000,34.10000000,32.00000000,32.55000000,88047.84000000
1687996800000,32.56000000,34.16000000,32.26000000,34.04000000,83411.41000000
1688083200000,34.05000000,35.34000000,32.35000000,34.91000000,156722.30000000
1688169600000,34.92000000,35.44000000,34.30000000,35.43000000,85695.44000000
1688256000000,35.44000000,35.46000000,34.36000000,35.20000000,68311.89000000
1688342400000,35.21000000,36.25000000,34.98000000,36.11000000,96564.14000000
1688428800000,36.13000000,36.23000000,35.40000000,35.82000000,76981.61000000
1688515200000,35.83000000,36.33000000,34.14000000,34.84000000,99857.48000000
1688601600000,34.87000000,35.49000000,33.38000000,33.48000000,81976.27000000
1688688000000,33.44000000,34.35000000,33.16000000,34.27000000,58075.93000000
1688774400000,34.27000000,34.41000000,33.48000000,34.24000000,40570.42000000
1688860800000,34.24000000,34.72000000,34.15000000,34.59000000,43238.16000000
1688947200000,34.60000000,35.67000000,33.70000000,35.16000000,113636.75000000
1689033600000,35.16000000,35.78000000,35.04000000,35.49000000,64692.45000000
1689120000000,35.49000000,35.90000000,34.79000000,35.25000000,71458.42000000
1689206400000,35.26000000,37.09000000,34.81000000,37.06000000,138355.08000000
1689292800000,37.00000000,38.08000000,35.13000000,36.42000000,144374.05000000
1689379200000,36.41000000,37.35000000,36.15000000,36.72000000,58564.58000000
1689465600000,36.72000000,37.73000000,36.02000000,36.95000000,118782.35000000
1689552000000,36.96000000,38.09000000,36.24000000,37.10000000,181316.55000000
1689638400000,37.11000000,37.26000000,35.61000000,36.09000000,81862.07000000
1689724800000,36.10000000,36.67000000,35.79000000,35.83000000,65555.35000000
1689811200000,35.84000000,36.14000000,33.60000000,34.10000000,214190.82000000
1689897600000,34.10000000,34.10000000,33.21000000,33.36000000,152139.07000000
1689984000000,33.41000000,33.93000000,32.79000000,33.14000000,70952.36000000
1690070400000,33.14000000,34.34000000,33.00000000,33.76000000,74782.54000000
1690156800000,33.75000000,33.88000000,31.53000000,32.38000000,103153.14000000
1690243200000,32.38000000,32.64000000,32.05000000,32.38000000,80435.64000000
1690329600000,32.37000000,32.97000000,31.87000000,32.49000000,74779.99000000
1690416000000,32.50000000,33.19000000,32.18000000,32.50000000,69902.20000000
1690502400000,32.49000000,32.86000000,32.29000000,32.82000000,55225.16000000
1690588800000,32.84000000,32.99000000,32.55000000,32.69000000,45595.10000000
1690675200000,32.70000000,32.77000000,31.42000000,32.22000000,69050.07000000
1690761600000,32.19000000,32.54000000,31.62000000,32.03000000,68417.64000000
1690848000000,32.03000000,32.25000000,31.05000000,32.22000000,79698.00000000
1690934400000,32.23000000,32.46000000,31.19000000,31.35000000,66846.99000000
1691020800000,31.34000000,31.59000000,30.96000000,31.13000000,57054.06000000
1691107200000,31.15000000,31.50000000,30.60000000,31.13000000,48826.50000000
1691193600000,31.13000000,31.31000000,30.91000000,31.12000000,49887.63000000
1691280000000,31.13000000,31.63000000,30.91000000,30.98000000,55226.99000000
1691366400000,30.99000000,31.35000000,30.30000000,30.89000000,71850.31000000
1691452800000,30.91000000,33.46000000,30.72000000,31.60000000,329353.32000000
1691539200000,31.60000000,31.87000000,30.85000000,31.05000000,107757.28000000
1691625600000,31.05000000,31.16000000,30.45000000,30.58000000,78261.92000000
1691712000000,30.59000000,30.83000000,30.24000000,30.48000000,82838.97000000
1691798400000,30.48000000,30.60000000,30.03000000,30.55000000,66813.58000000
1691884800000,30.56000000,31.25000000,30.35000000,31.06000000,105368.17000000
1691971200000,31.06000000,31.17000000,30.65000000,30.86000000,64335.69000000
1692057600000,30.87000000,30.99000000,28.00000000,29.47000000,142566.36000000
1692144000000,29.45000000,29.52000000,27.77000000,28.61000000,150745.52000000
1692230400000,28.61000000,29.14000000,24.00000000,26.76000000,237242.98800000
1692316800000,26.76000000,27.72000000,26.67000000,27.33000000,145670.03000000
1692403200000,27.33000000,28.02000000,27.23000000,27.84000000,87077.67000000
1692489600000,27.85000000,27.90000000,27.36000000,27.59000000,41862.02000000
1692576000000,27.59000000,27.61000000,26.24000000,26.75000000,69716.70000000
1692662400000,26.74000000,26.94000000,25.13000000,26.21000000,140343.71000000
1692748800000,26.22000000,27.16000000,25.72000000,26.45000000,169185.00000000
1692835200000,26.45000000,26.55000000,25.23000000,25.61000000,97538.39000000
1692921600000,25.62000000,25.63000000,24.80000000,25.37000000,125088.81000000
1693008000000,25.37000000,26.00000000,24.98000000,25.13000000,77369.00000000
1693094400000,25.14000000,25.45000000,25.05000000,25.17000000,62075.18000000
1693180800000,25.18000000,25.61000000,24.53000000,25.55000000,111883.16000000
1693267200000,25.56000000,26.44000000,24.83000000,26.27000000,194248.71000000
1693353600000,26.27000000,26.58000000,25.85000000,26.40000000,124075.48000000
1693440000000,26.41000000,26.85000000,25.36000000,26.15000000,144602.31000000
1693526400000,26.15000000,26.33000000,24.74000000,24.87000000,112059.64000000
1693612800000,24.88000000,24.98000000,24.25000000,24.82000000,70853.23000000
1693699200000,24.81000000,24.96000000,24.43000000,24.87000000,45296.57000000
1693785600000,24.88000000,25.00000000,24.55000000,24.93000000,95758.30000000
1693872000000,24.93000000,25.41000000,24.66000000,25.01000000,93952.52000000
1693958400000,25.01000000,25.08000000,24.03000000,24.60000000,96259.94000000
1694044800000,24.61000000,24.99000000,24.43000000,24.79000000,78354.25000000
1694131200000,24.80000000,24.98000000,24.31000000,24.54000000,67674.11000000
1694217600000,24.54000000,24.75000000,24.43000000,24.46000000,44702.03000000
1694304000000,24.46000000,24.46000000,23.24000000,23.57000000,111195.64380000
1694390400000,23.57000000,23.64000000,22.25000000,22.71000000,152011.40000000
1694476800000,22.71000000,23.95000000,22.64000000,22.89000000,106017.42000000
1694563200000,22.89000000,23.70000000,22.82000000,23.60000000,80700.67000000
1694649600000,23.60000000,24.73000000,23.40000000,24.46000000,112537.68000000
1694736000000,24.47000000,25.01000000,24.27000000,24.81000000,102990.71000000
1694822400000,24.81000000,26.64000000,24.80000000,26.62000000,195413.99000000
1694908800000,26.62000000,26.78000000,24.99000000,25.39000000,210316.79000000
1694995200000,25.39000000,26.34000000,25.21000000,25.70000000,113231.23000000
1695081600000,25.71000000,26.39000000,25.63000000,26.12000000,73877.43000000
1695168000000,26.13000000,26.20000000,25.16000000,25.76000000,83455.28000000
1695254400000,25.75000000,29.24000000,25.74000000,26.11000000,397623.50000000
1695340800000,26.11000000,26.12000000,25.23000000,25.39000000,99210.03000000
1695427200000,25.38000000,25.52000000,24.66000000,25.10000000,72628.38000000
1695513600000,25.11000000,25.13000000,24.12000000,24.23000000,62665.44000000
1695600000000,24.22000000,24.89000000,23.95000000,24.74000000,82186.72000000
1695686400000,24.75000000,24.95000000,24.22000000,24.54000000,65726.82000000
1695772800000,24.55000000,24.59000000,23.52000000,23.67000000,118553.08000000
1695859200000,23.67000000,24.84000000,23.61000000,24.77000000,105280.80000000
1695945600000,24.80000000,25.22000000,24.62000000,25.14000000,69697.03000000
1696032000000,25.13000000,25.75000000,25.08000000,25.35000000,88453.72000000
1696118400000,25.36000000,26.22000000,25.18000000,25.92000000,104397.03000000
1696204800000,25.92000000,26.08000000,24.36000000,24.87000000,145558.98000000
1696291200000,24.87000000,25.05000000,24.32000000,24.45000000,70616.08000000
1696377600000,24.46000000,24.80000000,23.70000000,24.71000000,74975.19000000
1696464000000,24.71000000,24.77000000,24.02000000,24.04000000,50221.40000000
1696550400000,24.05000000,24.55000000,23.90000000,24.26000000,69161.69000000
1696636800000,24.27000000,24.49000000,23.97000000,24.19000000,37342.25000000
1696723200000,24.20000000,24.67000000,24.05000000,24.51000000,49626.23000000
1696809600000,24.52000000,24.57000000,22.66000000,22.85000000,133885.84000000
1696896000000,22.86000000,23.12000000,22.64000000,23.02000000,117989.98000000
1696982400000,23.01000000,23.05000000,22.36000000,22.84000000,75821.38000000
1697068800000,22.84000000,23.27000000,22.64000000,23.19000000,85395.47000000
1697155200000,23.20000000,23.89000000,23.13000000,23.46000000,66122.63000000
1697241600000,23.47000000,24.12000000,23.44000000,23.99000000,70959.96000000
1697328000000,23.99000000,25.16000000,23.79000000,24.53000000,180938.69000000
1697414400000,24.54000000,29.30000000,24.54000000,25.32000000,783513.68000000
1697500800000,25.32000000,25.35000000,23.81000000,24.29000000,193956.41000000
1697587200000,24.29000000,24.49000000,23.71000000,24.48000000,108740.45000000
1697673600000,24.48000000,25.00000000,23.29000000,23.50000000,195038.85000000
1697760000000,23.49000000,26.60000000,23.24000000,24.89000000,618585.15000000
1697846400000,24.89000000,26.48000000,24.34000000,25.93000000,355774.65000000
1697932800000,25.94000000,26.96000000,25.37000000,26.88000000,241697.04000000
1698019200000,26.90000000,29.35000000,26.36000000,29.33000000,406247.50000000
1698105600000,29.34000000,29.98000000,27.54000000,28.83000000,399311.71000000
1698192000000,28.83000000,29.65000000,28.20000000,29.03000000,189451.20000000
1698278400000,29.03000000,30.27000000,27.89000000,29.08000000,218296.44000000
1698364800000,29.08000000,29.41000000,28.18000000,28.67000000,108663.16000000
1698451200000,28.65000000,29.49000000,28.62000000,29.02000000,83548.33000000
1698537600000,29.02000000,30.26000000,28.50000000,30.10000000,113421.06000000
1698624000000,30.11000000,30.94000000,29.79000000,30.89000000,175958.80000000
1698710400000,30.89000000,31.39000000,28.80000000,30.01000000,160120.13000000
1698796800000,30.01000000,32.46000000,29.57000000,32.24000000,239714.64000000
1698883200000,32.28000000,34.30000000,31.61000000,33.03000000,294984.46000000
1698969600000,33.02000000,33.02000000,31.62000000,32.81000000,170334.21000000
1699056000000,32.82000000,35.03000000,32.72000000,34.79000000,314832.67000000
1699142400000,34.77000000,53.45000000,34.77000000,48.14000000,3489944.80000000
1699228800000,48.09000000,48.59000000,43.50000000,44.79000000,745779.41000000
1699315200000,44.75000000,44.76000000,41.12000000,42.87000000,653509.77000000
1699401600000,42.85000000,43.15000000,41.34000000,42.93000000,326130.45000000
1699488000000,42.93000000,43.97000000,38.30000000,41.79000000,656492.62000000
1699574400000,41.78000000,47.11000000,40.30000000,46.39000000,713983.23000000
1699660800000,46.38000000,46.45000000,42.66000000,43.81000000,322041.92000000
1699747200000,43.81000000,45.09000000,41.34000000,44.93000000,315498.74000000
1699833600000,44.93000000,46.21000000,42.66000000,43.94000000,506232.70000000
1699920000000,43.93000000,46.05000000,42.47000000,45.22000000,480460.46000000
1700006400000,45.20000000,47.88000000,44.59000000,47.05000000,364213.97000000
1700092800000,47.06000000,48.98000000,42.16000000,43.36000000,422859.00000000
1700179200000,43.38000000,46.05000000,43.35000000,45.48000000,363162.58000000
1700265600000,45.48000000,45.49000000,41.17000000,43.40000000,225019.16000000
1700352000000,43.37000000,46.42000000,42.21000000,46.34000000,300772.49000000
1700438400000,46.33000000,46.56000000,43.72000000,44.44000000,227039.92000000
1700524800000,44.43000000,44.85000000,39.50000000,39.78000000,314027.05000000
1700611200000,39.78000000,44.00000000,39.47000000,43.44000000,174901.09000000
1700697600000,43.45000000,44.52000000,43.14000000,44.01000000,134388.44000000
1700784000000,44.02000000,47.50000000,43.75000000,47.26000000,372734.55000000
1700870400000,47.27000000,47.49000000,45.30000000,46.69000000,175885.74000000
1700956800000,46.70000000,46.70000000,44.07000000,45.21000000,148157.90000000
1701043200000,45.27000000,45.42000000,43.18000000,43.96000000,135883.56000000
1701129600000,43.98000000,44.19000000,42.32000000,43.92000000,109157.91000000
1701216000000,43.91000000,44.65000000,42.94000000,43.51000000,104235.38000000
1701302400000,43.51000000,43.88000000,42.70000000,43.47000000,74595.96000000
1701388800000,43.49000000,45.76000000,42.99000000,45.40000000,148437.35000000
1701475200000,45.40000000,46.54000000,45.15000000,46.44000000,125443.69000000
1701561600000,46.44000000,53.27000000,45.84000000,49.58000000,745235.22000000
1701648000000,49.58000000,53.89000000,48.10000000,52.22000000,572533.15000000
1701734400000,52.24000000,52.29000000,48.78000000,50.36000000,291268.43000000
1701820800000,50.37000000,51.91000000,47.74000000,48.53000000,273422.17000000
1701907200000,48.53000000,50.19000000,47.35000000,50.01000000,195564.54000000
1701993600000,50.02000000,52.63000000,49.15000000,52.29000000,298398.82000000
1702080000000,52.29000000,61.29000000,51.78000000,60.29000000,626677.62000000
1702166400000,60.28000000,68.41000000,58.35000000,64.57000000,1212730.31000000
1702252800000,64.55000000,67.21000000,59.96000000,63.78000000,903951.88000000
1702339200000,63.77000000,69.60000000,60.65000000,61.97000000,583228.84000000
1702425600000,61.96000000,63.08000000,57.12000000,62.48000000,376588.70000000
1702512000000,62.50000000,62.51000000,58.00000000,61.13000000,295660.43000000
1702598400000,61.15000000,61.30000000,57.74000000,57.91000000,182491.55000000
1702684800000,57.93000000,63.17000000,56.92000000,61.01000000,250986.08000000
1702771200000,61.01000000,65.32000000,60.65000000,61.13000000,304733.61000000
1702857600000,61.12000000,61.70000000,54.28000000,59.69000000,361085.29000000
1702944000000,59.69000000,60.20000000,56.60000000,57.94000000,183262.72000000
1703030400000,57.94000000,63.30000000,56.74000000,63.06000000,289427.15000000
1703116800000,63.07000000,64.81000000,61.30000000,62.10000000,300333.68000000
1703203200000,62.11000000,62.71000000,59.24000000,61.95000000,230376.41000000
1703289600000,61.92000000,66.42000000,60.47000000,65.51000000,333101.71000000
1703376000000,65.54000000,75.59000000,64.78000000,72.67000000,951432.15000000
1703462400000,72.68000000,78.10000000,71.84000000,72.78000000,511482.46000000
1703548800000,72.80000000,73.60000000,65.99000000,71.26000000,428198.47000000
1703635200000,71.26000000,74.46000000,69.63000000,70.73000000,299167.44000000
1703721600000,70.74000000,71.41000000,66.50000000,69.50000000,226657.07000000
1703808000000,69.51000000,72.11000000,67.07000000,71.55000000,257090.07000000
1703894400000,71.55000000,71.55000000,67.23000000,68.60000000,122633.46000000
1703980800000,68.62000000,70.75000000,66.74000000,67.92000000,172355.15000000
1704067200000,67.90000000,71.80000000,66.66000000,71.37000000,208859.80000000
1704153600000,71.37000000,72.92000000,68.39000000,68.99000000,250961.70000000
1704240000000,69.08000000,71.01000000,51.00000000,59.79000000,595602.82000000
1704326400000,59.77000000,60.99000000,56.10000000,60.15000000,310345.56000000
1704412800000,60.14000000,60.42000000,54.78000000,57.12000000,244197.79000000
1704499200000,57.12000000,57.15000000,51.86000000,54.59000000,219389.92000000
1704585600000,54.58000000,56.10000000,51.00000000,51.67000000,156915.57000000
1704672000000,51.67000000,56.04000000,46.64000000,55.54000000,333673.04000000
1704758400000,55.54000000,55.74000000,51.16000000,52.99000000,215622.65000000
1704844800000,52.96000000,58.91000000,50.15000000,56.66000000,345022.03000000
1704931200000,56.69000000,60.12000000,55.58000000,57.67000000,313735.18000000
1705017600000,57.66000000,58.60000000,51.87000000,53.89000000,242814.57000000
1705104000000,53.87000000,54.85000000,52.11000000,54.46000000,115039.63000000
1705190400000,54.50000000,55.69000000,52.15000000,52.35000000,123576.85000000
1705276800000,52.36000000,54.83000000,52.24000000,53.22000000,100061.23000000
1705363200000,53.22000000,56.90000000,53.22000000,55.44000000,251747.05000000
1705449600000,55.44000000,57.79000000,53.74000000,54.82000000,214321.78000000
1705536000000,54.83000000,54.86000000,50.31000000,51.55000000,140480.01000000
1705622400000,51.55000000,52.31000000,47.75000000,50.90000000,183433.88000000
1705708800000,50.89000000,53.59000000,50.28000000,52.60000000,156383.05000000
1705795200000,52.59000000,53.06000000,51.39000000,51.54000000,73444.88000000
1705881600000,51.53000000,52.55000000,48.69000000,49.73000000,178939.96000000
1705968000000,49.73000000,51.17000000,46.17000000,48.79000000,219995.82000000
1706054400000,48.79000000,51.22000000,48.42000000,49.84000000,158303.02000000
1706140800000,49.83000000,49.88000000,47.50000000,49.02000000,102350.30000000
1706227200000,49.03000000,52.14000000,48.50000000,51.82000000,132032.94000000
1706313600000,51.86000000,53.92000000,51.09000000,53.58000000,106501.15000000
1706400000000,53.62000000,54.34000000,52.16000000,53.07000000,119576.86000000
1706486400000,53.08000000,56.12000000,52.56000000,55.88000000,180483.28000000
1706572800000,55.92000000,59.13000000,55.15000000,57.06000000,279674.59000000
1706659200000,57.10000000,57.37000000,52.24000000,53.17000000,268238.05000000
1706745600000,53.17000000,53.97000000,51.43000000,53.49000000,219438.58000000
1706832000000,53.50000000,57.15000000,53.22000000,55.40000000,224176.69000000
1706918400000,55.41000000,55.82000000,53.87000000,54.06000000,61603.26000000
1707004800000,54.08000000,54.42000000,52.75000000,53.49000000,82944.78000000
1707091200000,53.47000000,54.43000000,52.39000000,53.35000000,76990.56000000
1707177600000,53.34000000,53.87000000,52.25000000,52.55000000,85487.07000000
1707264000000,52.55000000,53.62000000,50.91000000,53.47000000,124695.67000000
1707350400000,53.50000000,55.94000000,52.84000000,53.92000000,239460.21000000
1707436800000,53.94000000,55.49000000,53.78000000,55.34000000,145580.07000000
1707523200000,55.35000000,58.00000000,54.98000000,56.97000000,232313.21000000
1707609600000,56.96000000,57.24000000,54.91000000,55.76000000,100625.25000000
1707696000000,55.78000000,59.00000000,55.10000000,57.89000000,210639.69000000
1707782400000,57.89000000,61.15000000,57.64000000,59.22000000,296382.30000000
1707868800000,59.22000000,61.01000000,58.03000000,60.83000000,164283.25000000
1707955200000,60.87000000,61.20000000,58.59000000,60.83000000,233649.35000000
1708041600000,60.83000000,62.77000000,58.00000000,59.31000000,215843.15000000
1708128000000,59.31000000,59.32000000,56.01000000,57.94000000,131901.34000000
1708214400000,57.95000000,60.00000000,57.24000000,59.48000000,120873.53000000
1708300800000,59.51000000,61.74000000,59.04000000,60.85000000,220319.97000000
1708387200000,60.90000000,61.90000000,57.30000000,60.09000000,251763.39000000
1708473600000,60.11000000,60.13000000,55.37000000,57.57000000,189464.08000000
1708560000000,57.58000000,58.99000000,56.23000000,57.43000000,143156.07000000
1708646400000,57.43000000,58.23000000,55.20000000,56.19000000,117926.67000000
1708732800000,56.22000000,58.64000000,55.03000000,58.31000000,106465.94000000
1708819200000,58.34000000,58.47000000,56.72000000,57.66000000,92636.24000000
1708905600000,57.66000000,60.70000000,56.95000000,60.46000000,211373.69000000
1708992000000,60.45000000,62.24000000,58.30000000,60.16000000,247747.91000000
1709078400000,60.17000000,62.78000000,56.32000000,59.78000000,465363.47000000
1709164800000,59.78000000,63.70000000,58.52000000,60.18000000,410982.63000000
1709251200000,60.19000000,63.45000000,60.10000000,63.18000000,214996.20000000
1709337600000,63.17000000,66.45000000,63.00000000,66.14000000,270424.43000000
1709424000000,66.15000000,73.78000000,64.00000000,71.54000000,817363.26000000
1709510400000,71.55000000,71.66000000,66.16000000,68.43000000,361791.28000000
1709596800000,68.45000000,68.57000000,56.86000000,61.17000000,686576.82000000
1709683200000,61.16000000,64.76000000,58.75000000,64.55000000,313498.80000000
1709769600000,64.53000000,67.80000000,64.50000000,67.34000000,335366.19000000
1709856000000,67.41000000,68.10000000,63.90000000,67.46000000,321965.45000000
1709942400000,67.45000000,69.80000000,66.08000000,68.43000000,255969.50000000
1710028800000,68.43000000,69.89000000,65.19000000,67.15000000,236954.78000000
1710115200000,67.16000000,71.83000000,63.05000000,70.42000000,460662.98000000
1710201600000,70.42000000,72.69000000,65.35000000,72.52000000,552380.61000000
1710288000000,72.53000000,78.00000000,71.24000000,73.59000000,535307.64000000
1710374400000,73.62000000,75.27000000,67.24000000,75.27000000,503766.87000000
1710460800000,75.26000000,76.50000000,64.50000000,69.30000000,759746.50000000
1710547200000,69.31000000,70.69000000,60.92000000,62.51000000,375156.46000000
1710633600000,62.51000000,65.08000000,58.56000000,64.73000000,278423.69000000
1710720000000,64.72000000,65.08000000,59.38000000,60.41000000,248186.63000000
1710806400000,60.45000000,61.08000000,53.82000000,55.02000000,421820.06000000
1710892800000,55.00000000,61.40000000,53.83000000,61.01000000,286029.22000000
1710979200000,61.03000000,62.25000000,59.07000000,60.26000000,195413.02000000
1711065600000,60.25000000,61.48000000,56.85000000,58.89000000,175588.11000000
1711152000000,58.89000000,61.16000000,58.10000000,59.55000000,113295.23000000
1711238400000,59.55000000,62.38000000,58.98000000,62.04000000,115994.06000000
1711324800000,62.07000000,64.39000000,61.51000000,63.43000000,188591.55000000
1711411200000,63.43000000,64.84000000,61.87000000,63.53000000,250914.29000000
1711497600000,63.54000000,63.93000000,59.78000000,60.98000000,210305.86000000
1711584000000,60.98000000,61.75000000,59.36000000,61.24000000,148567.18000000
1711670400000,61.24000000,62.13000000,59.34000000,60.89000000,173012.35000000
1711756800000,60.93000000,61.30000000,58.58000000,58.99000000,108927.75000000
1711843200000,59.00000000,60.59000000,58.73000000,60.20000000,86706.34000000
1711929600000,60.19000000,60.48000000,55.68000000,57.60000000,241220.56000000
1712016000000,57.59000000,57.59000000,52.23000000,53.63000000,260310.61000000
1712102400000,53.64000000,55.74000000,51.87000000,53.61000000,159106.77000000
1712188800000,53.59000000,55.90000000,52.71000000,54.74000000,143806.19000000
1712275200000,54.72000000,54.80000000,51.38000000,53.58000000,119367.81000000
1712361600000,53.61000000,54.99000000,53.42000000,54.64000000,80244.86000000
1712448000000,54.63000000,55.19000000,53.46000000,54.19000000,95692.14000000
1712534400000,54.19000000,57.15000000,53.09000000,56.85000000,151045.53000000
1712620800000,56.85000000,57.15000000,53.50000000,53.74000000,149005.44000000
1712707200000,53.74000000,54.07000000,50.76000000,52.84000000,187286.58000000
1712793600000,52.86000000,53.74000000,50.99000000,51.86000000,126962.40000000
1712880000000,51.84000000,52.39000000,39.10000000,43.44000000,574068.12000000
1712966400000,43.45000000,43.59000000,32.82000000,37.80000000,694526.14000000
1713052800000,37.77000000,49.30000000,36.31000000,41.22000000,392316.89000000
1713139200000,41.22000000,43.41000000,38.60000000,39.80000000,229959.62000000
1713225600000,39.77000000,40.93000000,38.11000000,40.32000000,180758.63000000
1713312000000,40.32000000,41.11000000,38.21000000,39.59000000,149904.01000000
1713398400000,39.60000000,41.22000000,38.67000000,40.77000000,150174.58000000
1713484800000,40.75000000,41.70000000,37.30000000,40.99000000,178213.31000000
1713571200000,40.98000000,45.47000000,40.38000000,44.44000000,161016.02000000
1713657600000,44.43000000,44.77000000,42.67000000,43.35000000,97912.88000000
1713744000000,43.34000000,45.41000000,43.24000000,45.01000000,108770.37000000
1713830400000,45.00000000,45.46000000,43.72000000,43.93000000,139575.59000000
1713916800000,43.94000000,45.60000000,41.10000000,41.61000000,188839.01000000
1714003200000,41.60000000,43.45000000,40.70000000,42.85000000,132966.74000000
1714089600000,42.83000000,43.34000000,41.70000000,42.00000000,100371.50000000
1714176000000,42.02000000,42.84000000,40.76000000,41.44000000,159078.94000000
1714262400000,41.44000000,42.19000000,40.31000000,40.51000000,74943.57000000
1714348800000,40.46000000,40.85000000,39.24000000,40.06000000,151115.65000000
1714435200000,40.09000000,40.53000000,36.59000000,38.37000000,157757.57000000
1714521600000,38.38000000,39.05000000,35.30000000,38.72000000,239302.22000000
1714608000000,38.72000000,40.12000000,37.45000000,39.72000000,113402.66000000
1714694400000,39.72000000,41.90000000,39.15000000,41.50000000,125151.14000000
1714780800000,41.50000000,41.97000000,40.73000000,41.41000000,85889.40000000
1714867200000,41.41000000,42.62000000,40.45000000,41.64000000,117150.53000000
1714953600000,41.62000000,43.62000000,39.78000000,39.89000000,227246.34000000
1715040000000,39.89000000,40.80000000,39.08000000,39.25000000,133738.80000000
1715126400000,39.24000000,41.31000000,38.91000000,40.09000000,186128.85000000
1715212800000,40.08000000,41.01000000,39.07000000,40.79000000,124200.40000000
1715299200000,40.82000000,41.80000000,39.27000000,39.66000000,149277.87000000
1715385600000,39.65000000,40.43000000,39.16000000,39.28000000,65004.40000000
1715472000000,39.21000000,39.94000000,38.26000000,38.56000000,69157.69000000
1715558400000,38.56000000,39.50000000,37.14000000,38.55000000,125814.84000000
1715644800000,38.54000000,38.81000000,37.06000000,37.56000000,123288.93000000
1715731200000,37.57000000,40.42000000,37.23000000,40.29000000,139209.52000000
1715817600000,40.28000000,41.12000000,39.50000000,39.99000000,105360.51000000
1715904000000,39.99000000,40.96000000,39.58000000,40.57000000,107060.22000000
1715990400000,40.58000000,40.91000000,40.11000000,40.38000000,66555.77000000
1716076800000,40.40000000,40.60000000,37.82000000,37.98000000,117023.74000000
1716163200000,37.96000000,41.20000000,37.23000000,41.12000000,190482.32000000
1716249600000,41.13000000,42.91000000,40.68000000,40.88000000,241403.82000000
1716336000000,40.88000000,40.97000000,38.87000000,39.15000000,188491.17000000
1716422400000,39.13000000,39.85000000,36.78000000,38.42000000,231578.16000000
1716508800000,38.42000000,38.86000000,37.32000000,38.83000000,145053.66000000
1716595200000,38.81000000,39.68000000,38.77000000,39.49000000,77722.93000000
1716681600000,39.48000000,40.58000000,38.58000000,39.01000000,154146.89000000
1716768000000,39.00000000,40.45000000,38.71000000,39.92000000,150347.10000000
1716854400000,39.92000000,40.18000000,38.70000000,39.87000000,171484.85000000
1716940800000,39.89000000,41.37000000,39.55000000,39.68000000,192797.52000000
1717027200000,39.68000000,40.43000000,38.32000000,38.99000000,188493.26000000
1717113600000,38.98000000,39.61000000,38.11000000,38.86000000,191989.74000000
1717200000000,38.85000000,38.99000000,38.45000000,38.65000000,85178.69000000
1717286400000,38.64000000,39.19000000,37.63000000,37.97000000,141313.32000000
1717372800000,37.97000000,39.43000000,37.77000000,38.63000000,145740.35000000
1717459200000,38.64000000,39.73000000,38.50000000,39.23000000,121196.09000000
1717545600000,39.23000000,40.43000000,39.11000000,40.19000000,145740.25000000
1717632000000,40.20000000,40.24000000,38.79000000,38.97000000,115685.88000000
1717718400000,38.98000000,40.07000000,33.50000000,36.03000000,320505.84000000
1717804800000,36.02000000,36.18000000,34.38000000,34.57000000,191414.46000000
1717891200000,34.56000000,36.21000000,34.18000000,35.55000000,126696.87000000
1717977600000,35.56000000,36.03000000,34.64000000,34.94000000,158429.56000000
1718064000000,34.93000000,35.17000000,32.45000000,33.39000000,198329.22000000
1718150400000,33.36000000,35.85000000,32.74000000,34.82000000,202087.61000000
1718236800000,34.83000000,34.93000000,32.73000000,33.15000000,162916.82000000
1718323200000,33.15000000,34.28000000,31.76000000,32.57000000,205024.24000000
1718409600000,32.57000000,33.39000000,32.48000000,33.24000000,93065.16000000
1718496000000,33.24000000,33.57000000,32.70000000,33.40000000,65149.00000000
1718582400000,33.38000000,33.67000000,30.08000000,31.09000000,243141.83000000
1718668800000,31.10000000,31.27000000,26.62000000,29.24000000,447834.51000000
1718755200000,29.24000000,30.55000000,28.92000000,29.48000000,191304.98000000
1718841600000,29.49000000,30.79000000,28.79000000,29.09000000,194489.94000000
1718928000000,29.10000000,29.66000000,28.17000000,28.72000000,278538.61000000
1719014400000,28.72000000,28.92000000,28.10000000,28.65000000,106799.19000000
1719100800000,28.65000000,29.31000000,27.81000000,28.26000000,106064.32000000
1719187200000,28.27000000,29.23000000,26.53000000,29.13000000,304137.85000000
1719273600000,29.13000000,30.76000000,28.91000000,29.75000000,190962.58000000
1719360000000,29.76000000,30.30000000,29.01000000,29.48000000,114021.62000000
1719446400000,29.48000000,30.28000000,28.97000000,30.02000000,125560.21000000
1719532800000,30.02000000,30.23000000,29.05000000,29.09000000,110997.91000000
1719619200000,29.08000000,29.60000000,28.40000000,28.45000000,71315.25000000
1719705600000,28.45000000,29.95000000,27.84000000,29.69000000,126694.91000000
1719792000000,29.68000000,31.99000000,29.60000000,30.79000000,336255.62000000
1719878400000,30.79000000,32.72000000,30.67000000,32.06000000,280068.96000000
1719964800000,32.07000000,32.26000000,30.48000000,31.03000000,206008.96000000
1720051200000,31.04000000,32.31000000,28.80000000,31.16000000,322463.23000000
1720137600000,31.17000000,34.15000000,27.24000000,33.18000000,780180.41000000
1720224000000,33.18000000,35.12000000,32.68000000,34.55000000,283487.84000000
1720310400000,34.54000000,34.91000000,32.39000000,32.84000000,216980.75000000
1720396800000,32.86000000,35.38000000,31.64000000,35.32000000,393720.30000000
1720483200000,35.30000000,37.71000000,35.04000000,36.85000000,363078.74000000
1720569600000,36.86000000,37.55000000,36.26000000,36.86000000,202053.97000000
1720656000000,36.86000000,37.14000000,35.50000000,35.97000000,169412.65000000
1720742400000,35.97000000,36.41000000,35.05000000,35.67000000,125058.44000000
1720828800000,35.61000000,36.67000000,34.99000000,35.51000000,107045.91000000
1720915200000,35.50000000,36.19000000,35.18000000,35.58000000,94491.28000000
1721001600000,35.57000000,37.14000000,35.23000000,36.98000000,154469.26000000
1721088000000,37.00000000,37.50000000,34.26000000,36.48000000,263979.48000000
1721174400000,36.49000000,37.90000000,36.25000000,36.87000000,147529.82000000
1721260800000,36.87000000,38.47000000,36.14000000,36.27000000,175173.70000000
1721347200000,36.28000000,36.67000000,34.83000000,36.60000000,157647.61000000
1721433600000,36.60000000,36.77000000,35.54000000,36.26000000,80453.51000000
1721520000000,36.26000000,37.02000000,34.75000000,36.87000000,104420.49000000
1721606400000,36.87000000,38.40000000,35.60000000,35.83000000,184930.88000000
1721692800000,35.83000000,36.53000000,33.84000000,34.20000000,118458.00000000
1721779200000,34.19000000,35.02000000,33.42000000,33.55000000,83903.92000000
1721865600000,33.54000000,33.61000000,31.32000000,32.58000000,123322.67000000
1721952000000,32.56000000,33.67000000,32.43000000,33.58000000,56036.35000000
1722038400000,33.57000000,33.88000000,32.23000000,33.14000000,77597.72000000
1722124800000,33.15000000,33.15000000,31.98000000,32.19000000,52392.43000000
1722211200000,32.18000000,33.38000000,31.86000000,32.14000000,116568.55000000
1722297600000,32.12000000,32.47000000,30.95000000,31.31000000,80666.02000000
1722384000000,31.34000000,32.01000000,30.86000000,31.00000000,90539.55000000
1722470400000,31.00000000,32.48000000,29.01000000,30.98000000,250144.77000000
1722556800000,30.97000000,31.07000000,28.32000000,28.48000000,142985.74000000
1722643200000,28.49000000,29.23000000,27.01000000,28.18000000,160682.84000000
1722729600000,28.18000000,28.53000000,25.52000000,26.77000000,188415.52000000
1722816000000,26.78000000,27.12000000,21.77000000,25.80000000,643933.92000000
1722902400000,25.81000000,27.48000000,25.78000000,26.80000000,173618.83000000
1722988800000,26.83000000,27.48000000,25.68000000,26.18000000,164028.86000000
1723075200000,26.18000000,28.78000000,25.77000000,28.59000000,184810.88000000
1723161600000,28.58000000,28.58000000,27.07000000,27.80000000,107730.33000000
1723248000000,27.80000000,29.16000000,27.43000000,28.61000000,99390.36000000
1723334400000,28.61000000,29.11000000,26.36000000,26.56000000,114418.71000000
1723420800000,26.56000000,27.99000000,26.24000000,27.34000000,127515.34000000
1723507200000,27.35000000,27.83000000,26.51000000,27.75000000,87264.90000000
1723593600000,27.77000000,28.01000000,26.79000000,26.97000000,85262.65000000
1723680000000,26.96000000,27.47000000,25.66000000,26.02000000,101626.05000000
1723766400000,26.04000000,26.26000000,25.13000000,25.82000000,111126.49000000
1723852800000,25.83000000,26.11000000,25.66000000,25.94000000,47176.53000000
1723939200000,25.92000000,26.71000000,25.70000000,26.18000000,67694.27000000
1724025600000,26.20000000,26.99000000,25.90000000,26.89000000,94599.06000000
1724112000000,26.89000000,27.67000000,26.52000000,27.06000000,84336.25000000
1724198400000,27.07000000,28.42000000,26.92000000,28.13000000,107228.00000000
1724284800000,28.11000000,28.78000000,27.71000000,28.38000000,91963.77000000
1724371200000,28.39000000,30.89000000,28.26000000,30.39000000,157884.96000000
1724457600000,30.40000000,33.50000000,30.40000000,32.38000000,294687.88000000
1724544000000,32.38000000,32.66000000,30.69000000,31.84000000,123210.40000000
1724630400000,31.83000000,32.26000000,30.29000000,30.29000000,141515.80000000
1724716800000,30.29000000,31.11000000,27.55000000,28.24000000,167635.49000000
1724803200000,28.25000000,28.90000000,27.08000000,27.94000000,144033.83000000
1724889600000,27.93000000,29.66000000,27.88000000,29.15000000,110858.84000000
1724976000000,29.13000000,29.94000000,28.08000000,29.89000000,154133.19000000
1725062400000,29.89000000,30.89000000,28.58000000,28.84000000,92001.41000000
1725148800000,28.83000000,29.02000000,27.25000000,27.46000000,84215.59000000
1725235200000,27.45000000,28.36000000,26.94000000,28.25000000,106636.26000000
1725321600000,28.24000000,28.44000000,26.41000000,26.45000000,86025.53000000
1725408000000,26.47000000,27.58000000,25.14000000,26.90000000,123772.49000000
1725494400000,26.88000000,27.12000000,24.97000000,25.07000000,159381.32000000
1725580800000,25.06000000,25.19000000,23.18000000,23.90000000,238472.19000000
1725667200000,23.90000000,25.08000000,23.81000000,24.62000000,110906.52000000
1725753600000,24.61000000,25.47000000,24.35000000,25.14000000,89629.89000000
1725840000000,25.16000000,26.94000000,25.16000000,26.51000000,145722.96000000
1725926400000,26.51000000,27.03000000,26.16000000,26.69000000,92780.70000000
1726012800000,26.70000000,26.73000000,25.36000000,25.95000000,91640.46000000
1726099200000,25.93000000,26.90000000,25.93000000,26.78000000,100299.09000000
1726185600000,26.77000000,27.04000000,26.13000000,26.83000000,94129.98000000
1726272000000,26.83000000,26.95000000,26.21000000,26.47000000,50079.88000000
1726358400000,26.47000000,26.67000000,25.16000000,25.38000000,54750.02000000
1726444800000,25.38000000,25.52000000,24.38000000,24.80000000,99095.20000000
1726531200000,24.80000000,26.36000000,24.54000000,25.74000000,139202.85000000
1726617600000,25.73000000,26.50000000,25.11000000,26.19000000,171648.01000000
1726704000000,26.20000000,27.82000000,26.16000000,27.31000000,140303.43000000
1726790400000,27.31000000,28.39000000,27.19000000,27.90000000,132235.95000000
1726876800000,27.92000000,29.00000000,27.61000000,28.90000000,83965.01000000
1726963200000,28.92000000,28.96000000,27.25000000,28.16000000,84224.88000000
1727049600000,28.17000000,29.20000000,27.58000000,28.88000000,125791.78000000
1727136000000,28.90000000,29.18000000,27.88000000,29.04000000,107495.89000000
1727222400000,29.06000000,29.55000000,28.68000000,28.97000000,113445.89000000
1727308800000,28.97000000,30.00000000,28.44000000,29.74000000,123292.61000000
1727395200000,29.74000000,30.50000000,29.40000000,30.18000000,118221.20000000
1727481600000,30.18000000,30.44000000,28.78000000,29.29000000,96903.83000000
1727568000000,29.28000000,30.16000000,28.35000000,29.38000000,158031.76000000
1727654400000,29.39000000,29.53000000,27.18000000,27.41000000,130556.23000000
1727740800000,27.41000000,28.33000000,23.96000000,25.25000000,270578.83000000
1727827200000,25.25000000,26.15000000,23.96000000,24.65000000,168312.27000000
1727913600000,24.62000000,25.30000000,23.77000000,24.61000000,181799.88000000
1728000000000,24.62000000,25.31000000,24.38000000,25.24000000,87648.02000000
1728086400000,25.23000000,25.41000000,24.72000000,25.16000000,50280.96000000
1728172800000,25.13000000,26.22000000,24.88000000,25.69000000,111405.88000000
1728259200000,25.68000000,26.31000000,25.10000000,25.37000000,150355.02000000
1728345600000,25.37000000,25.75000000,24.81000000,25.50000000,128946.94000000
1728432000000,25.51000000,25.82000000,24.50000000,24.64000000,102615.36000000
1728518400000,24.65000000,25.00000000,24.00000000,24.85000000,116306.53000000
1728604800000,24.85000000,26.13000000,24.68000000,26.10000000,135103.24000000
1728691200000,26.11000000,27.92000000,26.10000000,27.40000000,164265.77000000
1728777600000,27.41000000,27.69000000,26.10000000,26.81000000,105189.93000000
1728864000000,26.82000000,29.00000000,26.43000000,27.96000000,146438.07000000
1728950400000,27.96000000,28.20000000,26.35000000,27.01000000,188843.36000000
1729036800000,27.02000000,27.05000000,26.22000000,26.30000000,88358.39000000
1729123200000,26.30000000,26.35000000,25.18000000,25.61000000,103069.57000000
1729209600000,25.59000000,26.78000000,25.52000000,26.75000000,79971.50000000
1729296000000,26.77000000,27.36000000,26.50000000,26.78000000,72184.79000000
1729382400000,26.79000000,27.98000000,26.43000000,27.81000000,131004.67000000
1729468800000,27.81000000,27.98000000,26.49000000,26.73000000,187401.53000000
1729555200000,26.73000000,27.19000000,25.88000000,26.22000000,121702.39000000
1729641600000,26.21000000,26.23000000,24.93000000,26.10000000,146501.94000000
1729728000000,26.10000000,26.81000000,25.37000000,26.03000000,134104.58000000
1729814400000,26.04000000,26.07000000,21.54000000,23.52000000,310932.17000000
1729900800000,23.51000000,24.15000000,23.06000000,23.78000000,131897.29000000
1729987200000,23.78000000,24.32000000,23.58000000,24.18000000,78218.86000000
1730073600000,24.18000000,24.48000000,23.13000000,24.20000000,161950.08000000
1730160000000,24.20000000,25.82000000,24.13000000,25.39000000,193619.59000000
1730246400000,25.38000000,25.40000000,24.23000000,24.42000000,154151.03000000
1730332800000,24.42000000,24.49000000,23.17000000,23.44000000,183323.53000000
1730419200000,23.44000000,23.88000000,22.83000000,23.30000000,155579.12000000
1730505600000,23.29000000,23.56000000,22.72000000,23.02000000,78108.18000000
1730592000000,23.02000000,23.08000000,21.48000000,22.49000000,215378.80000000
1730678400000,22.49000000,22.78000000,21.64000000,22.12000000,155092.12000000
1730764800000,22.12000000,23.61000000,22.07000000,23.53000000,142974.50000000
1730851200000,23.54000000,26.29000000,23.49000000,25.92000000,325213.88000000
1730937600000,25.94000000,27.03000000,25.44000000,26.59000000,285646.26000000
1731024000000,26.61000000,29.00000000,26.01000000,28.38000000,303853.22000000
1731110400000,28.37000000,31.56000000,28.36000000,29.59000000,533828.62000000
1731196800000,29.60000000,31.82000000,29.17000000,30.40000000,409739.22000000
1731283200000,30.40000000,33.58000000,29.99000000,33.50000000,416874.78000000
1731369600000,33.51000000,34.52000000,29.91000000,31.48000000,569608.73000000
1731456000000,31.45000000,31.79000000,28.54000000,29.59000000,437693.09000000
1731542400000,29.59000000,30.49000000,27.57000000,28.01000000,325648.82000000
1731628800000,28.02000000,29.04000000,27.34000000,28.96000000,261494.42000000
1731715200000,28.96000000,32.00000000,28.71000000,31.83000000,403194.07000000
1731801600000,31.84000000,32.89000000,28.51000000,29.12000000,387005.11000000
1731888000000,29.11000000,31.73000000,28.88000000,31.41000000,402676.51000000
1731974400000,31.43000000,32.60000000,30.41000000,31.33000000,481941.56000000
1732060800000,31.33000000,31.33000000,28.23000000,28.80000000,519695.37000000
1732147200000,28.80000000,30.95000000,27.86000000,30.14000000,511780.24000000
1732233600000,30.16000000,34.13000000,29.21000000,34.09000000,665978.99000000
1732320000000,34.11000000,37.82000000,33.18000000,35.92000000,1120214.03000000
1732406400000,35.94000000,39.68000000,34.44000000,38.99000000,795510.30000000
1732492800000,39.00000000,40.37000000,35.57000000,36.56000000,621038.49000000
1732579200000,36.60000000,37.83000000,34.20000000,36.96000000,374348.03000000
1732665600000,36.98000000,38.99000000,35.82000000,38.76000000,348642.00000000
1732752000000,38.79000000,39.42000000,36.86000000,39.28000000,296154.07000000
1732838400000,39.28000000,42.97000000,38.48000000,42.61000000,492712.35000000
1732924800000,42.60000000,43.80000000,40.75000000,42.72000000,382538.89000000
1733011200000,42.73000000,45.44000000,41.00000000,43.96000000,505439.60000000
1733097600000,43.97000000,48.60000000,41.71000000,48.12000000,847027.16000000
1733184000000,48.12000000,54.90000000,47.29000000,54.62000000,1090401.21000000
1733270400000,54.64000000,58.00000000,52.18000000,54.76000000,848140.57000000
1733356800000,54.73000000,58.25000000,52.37000000,54.46000000,728876.49000000
1733443200000,54.49000000,56.11000000,51.12000000,55.11000000,504152.52000000
1733529600000,55.11000000,56.61000000,53.17000000,53.91000000,275049.58000000
1733616000000,53.91000000,55.90000000,52.62000000,55.72000000,253244.07000000
1733702400000,55.72000000,56.07000000,39.55000000,44.82000000,839688.15000000
1733788800000,44.82000000,45.66000000,39.66000000,44.25000000,599886.92000000
1733875200000,44.26000000,47.55000000,42.06000000,46.81000000,310376.93000000
1733961600000,46.82000000,50.14000000,46.56000000,47.86000000,409383.02000000
1734048000000,47.86000000,49.47000000,46.26000000,48.41000000,446725.31000000
1734134400000,48.36000000,48.74000000,45.01000000,46.35000000,246842.14000000
1734220800000,46.35000000,48.05000000,44.80000000,47.15000000,424863.06000000
1734307200000,47.15000000,48.06000000,43.82000000,44.89000000,338008.11000000
1734393600000,44.90000000,45.16000000,42.22000000,42.77000000,339332.61000000
1734480000000,42.78000000,43.01000000,37.98000000,38.12000000,468915.63000000
1734566400000,38.12000000,39.07000000,33.25000000,34.59000000,682336.50000000
1734652800000,34.61000000,36.50000000,29.54000000,36.12000000,682553.02000000
1734739200000,36.14000000,38.32000000,33.41000000,33.94000000,301317.23000000
1734825600000,33.98000000,34.99000000,32.36000000,33.61000000,266076.69000000
1734912000000,33.62000000,36.40000000,32.63000000,35.95000000,276340.94000000
1734998400000,35.96000000,37.46000000,34.75000000,37.09000000,199078.17000000
1735084800000,37.09000000,37.09000000,35.28000000,35.68000000,159818.41000000
1735171200000,35.68000000,39.48000000,33.11000000,33.82000000,682232.23000000
1735257600000,33.82000000,35.41000000,33.31000000,34.09000000,222190.62000000
1735344000000,34.09000000,35.59000000,33.47000000,35.56000000,160620.81000000
1735430400000,35.56000000,35.77000000,33.84000000,34.21000000,131821.29000000
1735516800000,34.19000000,35.73000000,33.06000000,34.31000000,241678.00000000
1735603200000,34.32000000,35.19000000,33.08000000,33.45000000,177776.34000000
1735689600000,33.45000000,35.37000000,32.86000000,34.96000000,158070.98000000
1735776000000,34.96000000,36.15000000,34.79000000,35.84000000,224992.19000000
1735862400000,35.85000000,38.33000000,35.28000000,38.02000000,204176.45000000
1735948800000,38.04000000,38.73000000,37.42000000,38.06000000,185645.70000000
1736035200000,38.06000000,38.42000000,36.79000000,37.54000000,145850.45000000
1736121600000,37.54000000,39.29000000,36.82000000,38.36000000,197556.54000000
1736208000000,38.34000000,38.49000000,34.17000000,34.18000000,282311.54000000
1736294400000,34.19000000,34.54000000,31.25000000,33.10000000,312799.10000000
1736380800000,33.09000000,33.78000000,31.97000000,32.91000000,243092.99000000
1736467200000,32.90000000,33.74000000,32.27000000,33.21000000,206536.48000000
1736553600000,33.22000000,34.20000000,32.62000000,33.77000000,111526.96000000
1736640000000,33.78000000,34.24000000,32.34000000,32.86000000,120860.68000000
1736726400000,32.87000000,33.86000000,29.54000000,31.73000000,337341.86000000
1736812800000,31.74000000,32.77000000,31.54000000,32.62000000,129959.42000000
1736899200000,32.64000000,35.47000000,31.78000000,35.39000000,297483.81000000
1736985600000,35.40000000,36.97000000,34.44000000,35.96000000,357809.68000000
1737072000000,35.99000000,37.83000000,35.99000000,37.40000000,247486.30000000
1737158400000,37.42000000,37.86000000,34.65000000,35.57000000,283355.66000000
1737244800000,35.56000000,36.32000000,31.33000000,32.08000000,558425.14000000
1737331200000,32.07000000,34.59000000,30.48000000,31.57000000,561150.41000000
1737417600000,31.58000000,33.13000000,30.19000000,32.26000000,305835.55000000
1737504000000,32.23000000,32.55000000,30.87000000,31.02000000,135465.81000000
1737590400000,31.02000000,31.61000000,30.01000000,30.87000000,197901.03000000
1737676800000,30.87000000,31.60000000,29.73000000,29.95000000,169348.39000000
1737763200000,29.94000000,30.60000000,29.60000000,30.15000000,122049.97000000
1737849600000,30.16000000,31.00000000,29.40000000,29.44000000,108246.00000000
1737936000000,29.42000000,29.51000000,26.35000000,28.81000000,383564.06000000
1738022400000,28.80000000,29.03000000,26.81000000,27.20000000,156405.35000000
1738108800000,27.21000000,28.95000000,27.01000000,28.08000000,213178.65000000
1738195200000,28.09000000,30.50000000,27.94000000,30.30000000,227116.11000000
1738281600000,30.30000000,31.17000000,29.52000000,29.69000000,190615.27000000
1738368000000,29.69000000,30.29000000,26.96000000,27.11000000,189478.84000000
1738454400000,27.11000000,27.66000000,22.67000000,23.98000000,479098.67000000
1738540800000,23.99000000,24.74000000,17.38000000,24.61000000,1549874.06000000
1738627200000,24.60000000,24.90000000,22.02000000,22.84000000,502548.36000000
1738713600000,22.85000000,23.08000000,21.56000000,21.87000000,239219.39000000
1738800000000,21.87000000,22.34000000,20.72000000,21.04000000,295152.42000000
1738886400000,21.05000000,22.82000000,20.65000000,21.35000000,270197.63000000
1738972800000,21.35000000,22.04000000,20.87000000,21.94000000,163914.21000000
1739059200000,21.93000000,23.07000000,21.01000000,22.32000000,229940.06000000
1739145600000,22.31000000,23.01000000,21.40000000,22.51000000,209929.65000000
1739232000000,22.50000000,23.85000000,22.37000000,22.82000000,220827.61000000
1739318400000,22.81000000,24.10000000,21.87000000,23.82000000,249014.21000000
1739404800000,23.83000000,24.11000000,22.71000000,23.06000000,166258.52000000
1739491200000,23.07000000,24.11000000,22.87000000,23.30000000,197481.03000000
1739577600000,23.28000000,23.53000000,22.19000000,22.51000000,111402.51000000
1739664000000,22.51000000,22.86000000,22.23000000,22.42000000,107107.88000000
1739750400000,22.40000000,23.33000000,21.95000000,22.52000000,141167.17000000
1739836800000,22.52000000,22.67000000,20.83000000,21.56000000,144573.67000000
1739923200000,21.56000000,22.17000000,21.23000000,21.98000000,108374.09000000
1740009600000,21.98000000,23.26000000,21.90000000,23.17000000,162009.57000000
1740096000000,23.18000000,24.40000000,22.02000000,22.39000000,287092.76000000
1740182400000,22.39000000,23.54000000,22.28000000,23.45000000,114768.60000000
1740268800000,23.45000000,24.63000000,22.79000000,23.24000000,165822.66000000
1740355200000,23.25000000,23.38000000,20.11000000,20.37000000,273444.05000000
1740441600000,20.39000000,22.59000000,19.13000000,21.07000000,743781.85000000
1740528000000,21.07000000,21.72000000,20.33000000,21.23000000,332854.53000000
1740614400000,21.24000000,22.70000000,20.96000000,22.19000000,278873.90000000
1740700800000,22.19000000,22.22000000,20.11000000,21.73000000,383376.93000000
1740787200000,21.73000000,22.05000000,21.07000000,21.67000000,148502.16000000
1740873600000,21.67000000,25.49000000,21.43000000,25.49000000,421127.57000000
1740960000000,25.48000000,25.91000000,22.42000000,22.61000000,571619.16000000
1741046400000,22.62000000,22.73000000,20.09000000,21.30000000,481054.38000000
1741132800000,21.29000000,22.05000000,20.89000000,21.63000000,244290.77000000
1741219200000,21.62000000,22.43000000,20.38000000,20.62000000,254217.34000000
1741305600000,20.63000000,21.07000000,19.39000000,20.05000000,298738.22000000
1741392000000,20.05000000,20.33000000,19.75000000,20.03000000,162978.42000000
1741478400000,20.03000000,20.13000000,17.98000000,18.52000000,275980.34000000
1741564800000,18.53000000,19.33000000,17.30000000,17.51000000,384849.32000000
1741651200000,17.51000000,18.56000000,16.22000000,18.20000000,397516.92000000
1741737600000,18.22000000,18.90000000,17.58000000,18.45000000,223190.25000000
1741824000000,18.46000000,18.49000000,17.18000000,17.56000000,209346.94000000
1741910400000,17.55000000,18.30000000,17.51000000,18.02000000,122789.98000000
1741996800000,18.03000000,18.53000000,17.88000000,18.41000000,79419.62000000
1742083200000,18.42000000,18.45000000,17.59000000,17.77000000,136286.04000000
1742169600000,17.74000000,18.52000000,17.74000000,18.36000000,150362.01000000
1742256000000,18.36000000,18.43000000,17.40000000,18.04000000,163430.36000000
1742342400000,18.03000000,18.73000000,17.97000000,18.72000000,175799.57000000
1742428800000,18.72000000,18.79000000,17.73000000,18.12000000,108557.08000000
1742515200000,18.12000000,18.32000000,17.64000000,17.91000000,86853.62000000
1742601600000,17.93000000,18.48000000,17.88000000,18.13000000,105172.53000000
1742688000000,18.13000000,19.10000000,18.06000000,18.47000000,202591.02000000
1742774400000,18.46000000,19.44000000,18.23000000,19.30000000,229937.26000000
1742860800000,19.29000000,19.99000000,19.18000000,19.94000000,160205.11000000
1742947200000,19.94000000,19.94000000,18.83000000,19.03000000,166136.27000000
1743033600000,19.03000000,19.46000000,18.58000000,18.75000000,114882.86000000
1743120000000,18.76000000,18.76000000,16.68000000,17.09000000,332616.48000000
1743206400000,17.08000000,17.17000000,15.83000000,16.18000000,204583.69000000
1743292800000,16.18000000,16.77000000,15.94000000,16.35000000,117482.68000000
1743379200000,16.35000000,16.42000000,15.68000000,16.08000000,186973.38000000
1743465600000,16.09000000,16.75000000,15.93000000,16.51000000,160531.27000000
1743552000000,16.49000000,16.76000000,15.05000000,15.33000000,250603.34000000
1743638400000,15.32000000,15.86000000,14.70000000,15.25000000,339918.67000000
1743724800000,15.27000000,15.44000000,14.51000000,14.66000000,411262.74000000
1743811200000,14.66000000,14.76000000,13.72000000,14.08000000,421498.51000000
1743897600000,14.08000000,14.22000000,12.28000000,12.64000000,310703.20080000
1743984000000,12.65000000,13.88000000,11.77000000,13.04000000,487537.58000000
1744070400000,13.04000000,13.47000000,12.45000000,12.50000000,165011.09000000
1744156800000,12.50000000,14.32000000,12.15000000,14.21000000,230501.18000000
1744243200000,14.20000000,14.29000000,13.37000000,13.79000000,138435.11000000
1744329600000,13.79000000,14.56000000,13.61000000,14.32000000,140065.16000000
1744416000000,14.32000000,14.72000000,13.92000000,14.53000000,110511.87000000
1744502400000,14.54000000,14.61000000,13.71000000,13.89000000,113582.06000000
1744588800000,13.89000000,14.64000000,13.87000000,14.05000000,140192.96000000
1744675200000,14.06000000,14.38000000,13.67000000,13.71000000,142533.18000000
1744761600000,13.68000000,13.83000000,13.15000000,13.46000000,181127.39000000
1744848000000,13.45000000,13.91000000,13.37000000,13.75000000,80659.06000000
1744934400000,13.75000000,14.55000000,13.63000000,14.17000000,138952.03000000
1745020800000,14.18000000,14.59000000,14.07000000,14.56000000,109488.46000000
1745107200000,14.56000000,14.92000000,14.04000000,14.18000000,116785.28000000
1745193600000,14.18000000,14.68000000,13.93000000,13.97000000,221206.70000000
1745280000000,13.97000000,15.10000000,13.71000000,15.07000000,291676.78000000
1745366400000,15.09000000,15.77000000,15.02000000,15.45000000,321502.55000000
1745452800000,15.46000000,16.26000000,14.82000000,16.24000000,177577.16000000
1745539200000,16.23000000,20.00000000,16.23000000,17.64000000,1106296.44000000
1745625600000,17.63000000,18.01000000,17.09000000,17.68000000,258409.21000000
1745712000000,17.68000000,17.71000000,16.81000000,17.04000000,164417.06000000
1745798400000,17.05000000,17.73000000,16.58000000,17.46000000,184661.01000000
1745884800000,17.47000000,17.53000000,16.59000000,16.79000000,119517.93000000
1745971200000,16.78000000,17.59000000,16.39000000,17.23000000,156771.73000000
1746057600000,17.22000000,18.17000000,17.11000000,17.90000000,162846.29000000
1746144000000,17.91000000,18.32000000,17.46000000,17.68000000,112059.55000000
1746230400000,17.68000000,17.78000000,16.23000000,16.36000000,110613.29000000
1746316800000,16.36000000,16.36000000,15.46000000,15.66000000,149467.84000000
1746403200000,15.66000000,16.06000000,15.30000000,15.50000000,92074.69000000
1746489600000,15.49000000,15.67000000,14.55000000,15.08000000,109929.42000000
1746576000000,15.09000000,15.48000000,14.98000000,15.36000000,93583.31000000
1746662400000,15.36000000,17.16000000,15.34000000,17.05000000,113473.47000000
1746748800000,17.05000000,21.06000000,17.04000000,18.99000000,958536.82000000
1746835200000,19.00000000,20.24000000,18.60000000,20.12000000,306426.58000000
1746921600000,20.13000000,20.30000000,19.03000000,19.40000000,223724.83000000
1747008000000,19.40000000,20.37000000,18.54000000,19.65000000,312405.52000000
1747094400000,19.64000000,20.76000000,18.47000000,20.40000000,276325.77000000
1747180800000,20.40000000,22.10000000,19.88000000,20.17000000,575017.68000000
1747267200000,20.17000000,20.38000000,18.83000000,19.37000000,658798.91000000
1747353600000,19.37000000,19.62000000,18.43000000,18.56000000,152943.13000000
1747440000000,18.56000000,18.69000000,17.89000000,18.08000000,145932.94000000
1747526400000,18.09000000,19.43000000,17.89000000,19.03000000,178404.76000000
1747612800000,19.03000000,19.11000000,17.44000000,18.32000000,196298.47000000
1747699200000,18.32000000,18.61000000,17.63000000,18.35000000,96504.36000000
1747785600000,18.35000000,19.23000000,17.99000000,18.88000000,181184.81000000
1747872000000,18.88000000,19.79000000,18.82000000,19.74000000,116074.37000000
1747958400000,19.75000000,20.28000000,17.85000000,17.89000000,245906.53000000
1748044800000,17.90000000,18.23000000,17.68000000,17.80000000,73723.19000000
1748131200000,17.81000000,17.96000000,17.01000000,17.84000000,109324.65000000
1748217600000,17.85000000,18.54000000,17.66000000,17.94000000,90021.15000000
1748304000000,17.94000000,18.63000000,17.51000000,18.24000000,119363.81000000
1748390400000,18.25000000,18.94000000,17.60000000,18.05000000,189072.96000000
1748476800000,18.05000000,18.41000000,17.13000000,17.21000000,142218.84000000
1748563200000,17.21000000,17.21000000,14.75000000,14.88000000,302639.40000000
1748649600000,14.88000000,15.72000000,14.64000000,15.51000000,310947.29000000
1748736000000,15.50000000,15.71000000,15.07000000,15.62000000,81054.81000000
1748822400000,15.62000000,15.92000000,15.18000000,15.91000000,108927.44000000
1748908800000,15.89000000,16.20000000,15.78000000,15.92000000,68933.50000000
1748995200000,15.92000000,16.16000000,15.43000000,15.54000000,68930.48000000
1749081600000,15.54000000,15.86000000,14.27000000,14.43000000,173304.15000000
1749168000000,14.43000000,15.33000000,14.35000000,14.96000000,119847.35000000
1749254400000,14.96000000,15.51000000,14.90000000,15.42000000,72821.73000000
1749340800000,15.42000000,15.42000000,14.99000000,15.14000000,66193.05000000
1749427200000,15.15000000,15.81000000,14.83000000,15.75000000,153586.88000000
1749513600000,15.75000000,16.21000000,15.48000000,16.18000000,189110.45000000
1749600000000,16.18000000,16.19000000,15.26000000,15.39000000,123553.11000000
1749686400000,15.39000000,15.39000000,14.23000000,14.33000000,157519.73000000
1749772800000,14.33000000,14.41000000,13.33000000,14.07000000,175004.26000000
1749859200000,14.08000000,14.09000000,13.67000000,13.94000000,73203.17000000
1749945600000,13.94000000,14.06000000,13.61000000,13.94000000,57901.70000000
1750032000000,13.95000000,14.74000000,13.79000000,14.19000000,114285.05000000
1750118400000,14.19000000,14.31000000,13.21000000,13.54000000,134249.83000000
1750204800000,13.56000000,13.86000000,13.21000000,13.81000000,105305.95000000
1750291200000,13.80000000,13.93000000,13.46000000,13.65000000,53803.27000000
1750377600000,13.65000000,14.05000000,12.94000000,13.25000000,106255.09000000
1750464000000,13.24000000,13.56000000,12.28000000,12.63000000,94460.20000000
1750550400000,12.64000000,12.73000000,11.40000000,12.04000000,210909.22000000
1750636800000,12.03000000,13.64000000,12.00000000,13.53000000,172393.82000000
1750723200000,13.54000000,13.93000000,13.34000000,13.76000000,113475.61000000
1750809600000,13.76000000,13.82000000,13.20000000,13.26000000,67398.86000000
1750896000000,13.26000000,13.71000000,12.93000000,13.03000000,97690.49000000
1750982400000,13.03000000,13.23000000,12.74000000,13.08000000,77784.02000000
1751068800000,13.08000000,13.54000000,13.00000000,13.48000000,46805.82000000
1751155200000,13.48000000,14.10000000,13.32000000,13.96000000,64442.81000000
1751241600000,13.97000000,14.23000000,13.41000000,13.54000000,103373.48000000
1751328000000,13.54000000,13.58000000,12.85000000,12.93000000,67327.53000000
1751414400000,12.93000000,14.39000000,12.90000000,14.20000000,139475.00000000
1751500800000,14.20000000,14.28000000,13.83000000,14.10000000,83878.20000000
1751587200000,14.11000000,14.12000000,13.15000000,13.34000000,76246.84000000
1751673600000,13.35000000,13.45000000,13.03000000,13.27000000,50847.67000000
1751760000000,13.27000000,13.61000000,13.13000000,13.39000000,48681.21000000
1751846400000,13.40000000,13.52000000,13.12000000,13.32000000,55994.64000000
1751932800000,13.32000000,13.72000000,13.11000000,13.65000000,55135.96000000
1752019200000,13.65000000,14.39000000,13.50000000,14.23000000,83914.89000000
1752105600000,14.23000000,15.23000000,14.11000000,15.15000000,125753.62000000
1752192000000,15.15000000,15.86000000,14.90000000,15.18000000,198078.69000000
1752278400000,15.18000000,15.50000000,14.70000000,15.26000000,101746.61000000
1752364800000,15.26000000,15.95000000,15.16000000,15.61000000,131001.53000000
1752451200000,15.63000000,16.27000000,15.13000000,15.36000000,157262.90000000
1752537600000,15.36000000,15.82000000,14.75000000,15.79000000,183562.01000000
1752624000000,15.79000000,16.89000000,15.55000000,16.40000000,288680.21000000
1752710400000,16.42000000,16.81000000,15.99000000,16.69000000,142241.15000000
1752796800000,16.69000000,17.79000000,16.26000000,16.65000000,236577.62000000
1752883200000,16.66000000,17.19000000,16.25000000,17.05000000,86141.12000000
1752969600000,17.05000000,17.96000000,16.94000000,17.54000000,221668.10000000
1753056000000,17.54000000,18.48000000,17.28000000,17.82000000,193918.82000000
1753142400000,17.83000000,18.21000000,16.98000000,18.19000000,212271.25000000
1753228800000,18.20000000,18.44000000,16.22000000,16.73000000,227811.79000000
1753315200000,16.70000000,17.04000000,15.59000000,16.08000000,200082.54000000
1753401600000,16.06000000,16.45000000,15.51000000,16.36000000,136907.44000000
1753488000000,16.37000000,16.66000000,16.23000000,16.38000000,77402.67000000
1753574400000,16.39000000,17.04000000,16.35000000,16.96000000,183914.89000000
1753660800000,16.97000000,17.28000000,15.60000000,15.76000000,180624.18000000
1753747200000,15.75000000,16.19000000,15.11000000,15.33000000,136525.51000000
1753833600000,15.31000000,15.31000000,14.30000000,15.14000000,136028.63000000
1753920000000,15.14000000,15.46000000,14.19000000,14.25000000,78722.47000000
1754006400000,14.27000000,14.41000000,13.55000000,13.94000000,148976.43000000
1754092800000,13.93000000,14.12000000,13.43000000,13.78000000,60306.37000000
1754179200000,13.78000000,14.36000000,13.60000000,14.28000000,69749.95000000
1754265600000,14.29000000,14.96000000,14.26000000,14.88000000,66791.65000000
1754352000000,14.89000000,14.92000000,14.02000000,14.31000000,84114.85000000
1754438400000,14.30000000,14.71000000,13.90000000,14.54000000,84247.81000000
1754524800000,14.54000000,15.35000000,14.43000000,15.28000000,114820.11000000
1754611200000,15.28000000,15.70000000,15.06000000,15.54000000,276103.80000000
1754697600000,15.55000000,16.35000000,15.52000000,16.15000000,110758.08000000
1754784000000,16.15000000,16.49000000,15.61000000,16.07000000,112788.38000000
1754870400000,16.07000000,16.43000000,14.98000000,15.11000000,117290.47000000
1754956800000,15.10000000,16.25000000,14.85000000,16.07000000,146445.14000000
1755043200000,16.07000000,16.91000000,16.01000000,16.74000000,384148.50000000
1755129600000,16.76000000,16.95000000,14.95000000,15.24000000,255655.00000000
1755216000000,15.24000000,15.60000000,14.49000000,14.95000000,152822.08000000
1755302400000,14.93000000,15.43000000,14.90000000,15.39000000,62531.69000000
1755388800000,15.39000000,16.04000000,15.26000000,15.56000000,99330.04000000
1755475200000,15.57000000,15.66000000,14.68000000,14.88000000,139976.73000000
1755561600000,14.87000000,15.08000000,14.31000000,14.38000000,196447.39000000
1755648000000,14.38000000,15.32000000,14.21000000,15.23000000,137341.93000000
1755734400000,15.22000000,15.41000000,14.65000000,14.72000000,100845.72000000
1755820800000,14.74000000,16.23000000,14.19000000,16.10000000,254300.69000000
1755907200000,16.11000000,16.25000000,15.69000000,15.97000000,109149.56000000
1755993600000,15.97000000,16.42000000,15.34000000,15.68000000,305671.98000000
1756080000000,15.68000000,15.88000000,14.01000000,14.22000000,250927.08000000
1756166400000,14.22000000,15.12000000,14.01000000,15.02000000,127116.78000000
1756252800000,15.02000000,15.29000000,14.73000000,14.83000000,154427.24000000
1756339200000,14.83000000,15.30000000,14.74000000,15.29000000,105719.82000000
1756425600000,15.29000000,15.63000000,14.06000000,14.42000000,230177.56000000
1756512000000,14.42000000,14.64000000,14.13000000,14.40000000,92304.33000000
1756598400000,14.40000000,14.88000000,14.16000000,14.18000000,109098.77000000
1756684800000,14.18000000,14.92000000,13.61000000,13.91000000,278642.51000000
1756771200000,13.91000000,14.43000000,13.86000000,14.26000000,193432.16000000
1756857600000,14.26000000,14.37000000,14.00000000,14.04000000,113653.04000000
1756944000000,14.05000000,14.10000000,13.61000000,13.74000000,144070.38000000
1757030400000,13.73000000,14.25000000,13.69000000,13.93000000,184155.95000000
1757116800000,13.94000000,14.00000000,13.51000000,13.61000000,81341.69000000
1757203200000,13.62000000,13.87000000,13.60000000,13.72000000,63340.08000000
1757289600000,13.72000000,14.11000000,13.64000000,14.02000000,170466.52000000
1757376000000,14.01000000,14.57000000,13.82000000,14.02000000,207353.72000000
1757462400000,14.02000000,14.29000000,13.93000000,14.18000000,146547.76000000
1757548800000,14.18000000,14.33000000,13.82000000,14.17000000,160129.91000000
1757635200000,14.17000000,14.51000000,13.89000000,14.50000000,142306.72000000
1757721600000,14.51000000,14.86000000,14.32000000,14.70000000,141888.83000000
1757808000000,14.71000000,15.45000000,14.28000000,14.77000000,391671.67000000
1757894400000,14.76000000,14.94000000,13.67000000,13.90000000,268655.70000000
1757980800000,13.89000000,14.10000000,13.63000000,13.98000000,102954.01000000
1758067200000,13.99000000,14.46000000,13.64000000,14.38000000,121056.78000000
1758153600000,14.39000000,14.69000000,14.17000000,14.47000000,172833.84000000
1758240000000,14.48000000,14.77000000,13.95000000,14.08000000,221711.00000000
1758326400000,14.09000000,14.35000000,13.89000000,14.27000000,66292.77000000
1758412800000,14.27000000,14.68000000,14.19000000,14.39000000,103253.06000000
1758499200000,14.38000000,14.48000000,12.77000000,13.10000000,300784.37000000
1758585600000,13.09000000,13.27000000,12.72000000,12.84000000,113838.02000000
1758672000000,12.84000000,13.34000000,12.62000000,13.05000000,98329.60000000
1758758400000,13.05000000,13.07000000,11.94000000,12.15000000,175201.80000000
1758844800000,12.16000000,13.19000000,12.09000000,13.05000000,310757.12000000
1758931200000,13.05000000,13.39000000,12.83000000,12.98000000,129887.69000000
1759017600000,12.98000000,13.46000000,12.67000000,13.36000000,100598.32000000
1759104000000,13.36000000,13.41000000,12.90000000,13.23000000,112723.36000000
1759190400000,13.24000000,13.29000000,12.56000000,12.97000000,134366.80000000
1759276800000,12.98000000,13.72000000,12.81000000,13.66000000,124854.83000000
1759363200000,13.67000000,14.26000000,13.60000000,14.14000000,193668.16000000
1759449600000,14.14000000,14.53000000,13.90000000,14.22000000,148133.33000000
1759536000000,14.22000000,14.30000000,13.31000000,13.47000000,368367.97000000
1759622400000,13.47000000,14.30000000,13.18000000,13.58000000,363565.66000000
1759708800000,13.58000000,14.18000000,13.47000000,14.02000000,179328.59000000
1759795200000,14.01000000,14.15000000,13.27000000,13.34000000,160038.77000000
1759881600000,13.34000000,13.55000000,12.96000000,13.51000000,128764.28000000
1759968000000,13.51000000,13.56000000,12.73000000,13.25000000,192603.54000000
1760054400000,13.26000000,14.40000000,3.70000000,8.90000000,984421.74000000
1760140800000,8.92000000,10.47000000,8.69000000,9.55000000,706016.71000000
1760227200000,9.56000000,10.79000000,9.42000000,10.62000000,312202.76000000
1760313600000,10.62000000,11.72000000,10.41000000,11.32000000,272951.39000000
1760400000000,11.33000000,11.36000000,10.10000000,10.69000000,247565.03000000
1760486400000,10.68000000,10.99000000,9.96000000,10.11000000,140774.67000000
1760572800000,10.11000000,10.36000000,9.53000000,9.69000000,235912.91000000
1760659200000,9.70000000,9.93000000,8.95000000,9.53000000,263819.04000000
1760745600000,9.53000000,9.88000000,9.50000000,9.73000000,85118.87000000
1760832000000,9.74000000,10.01000000,9.46000000,9.84000000,128791.40000000
1760918400000,9.83000000,10.27000000,9.65000000,10.02000000,131949.50000000
1761004800000,10.01000000,10.38000000,9.55000000,9.74000000,175313.88000000
1761091200000,9.73000000,9.79000000,9.11000000,9.37000000,164938.66000000
1761177600000,9.36000000,9.92000000,9.34000000,9.76000000,98633.32000000
1761264000000,9.76000000,10.02000000,9.64000000,9.90000000,99282.48000000
1761350400000,9.90000000,9.91000000,9.68000000,9.83000000,56211.67000000
1761436800000,9.83000000,10.10000000,9.67000000,9.96000000,87427.42000000
1761523200000,9.97000000,10.15000000,9.55000000,9.64000000,121955.71000000
1761609600000,9.63000000,10.02000000,9.34000000,9.57000000,225246.35000000
1761696000000,9.57000000,9.94000000,9.47000000,9.66000000,131004.43000000
1761782400000,9.66000000,10.02000000,8.73000000,9.13000000,312274.92000000
1761868800000,9.12000000,9.31000000,8.92000000,9.12000000,90201.87000000
1761955200000,9.12000000,9.71000000,9.05000000,9.71000000,139312.38000000
1762041600000,9.71000000,9.98000000,9.41000000,9.77000000,134755.36000000
1762128000000,9.77000000,9.78000000,8.21000000,8.60000000,233424.82000000
1762214400000,8.59000000,8.75000000,7.78000000,8.27000000,298653.58000000
1762300800000,8.27000000,8.62000000,7.88000000,8.52000000,132651.79000000
1762387200000,8.52000000,8.54000000,7.98000000,8.45000000,207061.48000000
1762473600000,8.45000000,10.50000000,8.43000000,10.12000000,657109.19000000
1762560000000,10.13000000,10.72000000,9.85000000,10.30000000,439609.68000000
1762646400000,10.30000000,10.89000000,9.57000000,10.08000000,367029.17000000
1762732800000,10.07000000,10.30000000,9.84000000,10.10000000,160990.33000000
1762819200000,10.11000000,10.23000000,9.39000000,9.41000000,132092.02000000
1762905600000,9.43000000,9.89000000,9.08000000,9.22000000,98540.83000000
1762992000000,9.21000000,9.60000000,8.70000000,8.97000000,126243.37000000
1763078400000,8.96000000,9.05000000,8.48000000,8.65000000,126392.66000000
1763164800000,8.64000000,9.00000000,8.63000000,8.72000000,45682.17000000
1763251200000,8.73000000,8.89000000,8.22000000,8.41000000,75463.97000000
1763337600000,8.41000000,8.60000000,7.99000000,8.16000000,136936.44000000
1763424000000,8.16000000,8.57000000,8.03000000,8.41000000,95940.17000000
1763510400000,8.41000000,8.47000000,7.74000000,8.22000000,126119.53000000
1763596800000,8.23000000,8.50000000,7.68000000,7.84000000,139030.92000000
1763683200000,7.84000000,7.99000000,7.01000000,7.44000000,210248.65000000
1763769600000,7.44000000,7.55000000,7.22000000,7.44000000,89595.83000000
1763856000000,7.44000000,7.57000000,7.39000000,7.46000000,56423.02000000
1763942400000,7.45000000,8.06000000,7.39000000,7.88000000,100069.86000000
1764028800000,7.90000000,7.99000000,7.59000000,7.96000000,84693.81000000
1764115200000,7.96000000,8.07000000,7.65000000,7.95000000,73920.31000000
1764201600000,7.95000000,8.26000000,7.82000000,7.85000000,179756.64000000
1764288000000,7.86000000,7.94000000,7.46000000,7.48000000,100473.53000000
1764374400000,7.48000000,7.49000000,7.06000000,7.12000000,174390.42000000
1764460800000,7.13000000,7.28000000,6.92000000,7.09000000,174617.06000000
1764547200000,7.10000000,7.11000000,6.59000000,6.80000000,166092.03000000
1764633600000,6.81000000,7.56000000,6.75000000,7.45000000,237540.71000000
1764720000000,7.45000000,7.73000000,7.37000000,7.58000000,168500.56000000
1764806400000,7.58000000,7.62000000,7.09000000,7.17000000,76826.79000000
1764892800000,7.17000000,8.61000000,7.17000000,8.50000000,2038577.75000000
1764979200000,8.50000000,8.66000000,7.89000000,7.94000000,466497.57000000
1765065600000,7.94000000,8.09000000,7.57000000,7.91000000,271199.36000000
1765152000000,7.90000000,8.18000000,7.79000000,8.02000000,203623.93000000
1765238400000,8.02000000,8.48000000,7.91000000,8.18000000,232677.06000000
1765324800000,8.18000000,8.18000000,7.71000000,7.78000000,96383.56000000
1765411200000,7.77000000,7.77000000,7.50000000,7.55000000,96916.03000000
1765497600000,7.55000000,7.67000000,7.19000000,7.40000000,72818.17000000
1765584000000,7.41000000,7.61000000,7.40000000,7.48000000,125757.17000000
1765670400000,7.45000000,7.52000000,7.03000000,7.10000000,70676.00000000
1765756800000,7.11000000,7.30000000,6.69000000,6.88000000,109622.10000000
1765843200000,6.89000000,7.01000000,6.74000000,6.93000000,106232.18000000
1765929600000,6.93000000,6.99000000,6.41000000,6.43000000,126237.16000000
1766016000000,6.44000000,6.63000000,6.15000000,6.33000000,107887.41000000
1766102400000,6.33000000,6.74000000,6.26000000,6.62000000,95246.16000000
1766188800000,6.62000000,6.70000000,6.58000000,6.67000000,48513.32000000
1766275200000,6.67000000,6.78000000,6.32000000,6.44000000,77332.64000000
1766361600000,6.44000000,6.55000000,6.25000000,6.33000000,79141.11000000
1766448000000,6.34000000,6.38000000,6.16000000,6.32000000,69940.00000000
1766534400000,6.32000000,6.34000000,6.14000000,6.29000000,73501.76000000
1766620800000,6.29000000,6.42000000,6.09000000,6.14000000,135917.12000000
1766707200000,6.14000000,6.28000000,6.03000000,6.14000000,59705.14000000
1766793600000,6.14000000,6.32000000,6.13000000,6.29000000,89524.84000000
1766880000000,6.30000000,6.44000000,6.06000000,6.11000000,68776.76000000
1766966400000,6.11000000,6.25000000,5.73000000,5.85000000,180532.35000000
1767052800000,5.84000000,5.84000000,5.56000000,5.67000000,145454.29000000
1767139200000,5.68000000,5.80000000,5.46000000,5.54000000,146534.70000000
1767225600000,5.55000000,5.94000000,5.39000000,5.92000000,366229.01000000
1767312000000,5.92000000,6.08000000,5.77000000,6.06000000,183297.98000000
1767398400000,6.06000000,6.24000000,6.03000000,6.20000000,141097.62000000
1767484800000,6.21000000,6.32000000,6.16000000,6.21000000,126073.41000000
1767571200000,6.24000000,6.58000000,6.09000000,6.52000000,152973.36000000
1767657600000,6.52000000,6.85000000,6.33000000,6.68000000,212192.60000000
1767744000000,6.68000000,6.68000000,6.19000000,6.22000000,164365.88000000
1767830400000,6.23000000,6.32000000,5.88000000,5.94000000,130931.41000000
1767916800000,5.95000000,6.52000000,5.88000000,6.25000000,385750.56000000
1768003200000,6.26000000,7.03000000,6.26000000,6.46000000,987435.34000000
1768089600000,6.46000000,6.59000000,6.16000000,6.22000000,325840.31000000
1768176000000,6.22000000,6.28000000,5.92000000,5.95000000,166593.29000000
1768262400000,5.95000000,6.40000000,5.94000000,6.34000000,218124.22000000
1768348800000,6.35000000,6.44000000,6.17000000,6.22000000,201571.80000000
1768435200000,6.22000000,6.27000000,5.91000000,6.01000000,159071.35000000
1768521600000,6.01000000,6.19000000,5.92000000,6.19000000,65072.58000000
1768608000000,6.19000000,6.88000000,6.17000000,6.64000000,361592.38000000
1768694400000,6.64000000,7.56000000,6.40000000,6.43000000,884573.13000000
1768780800000,6.43000000,6.43000000,5.76000000,6.19000000,286057.14000000
1768867200000,6.19000000,6.31000000,5.82000000,5.88000000,192619.84000000
1768953600000,5.89000000,6.13000000,5.82000000,6.02000000,162415.47000000
1769040000000,6.02000000,6.15000000,5.84000000,5.96000000,88623.11000000
1769126400000,5.97000000,6.10000000,5.90000000,5.94000000,87649.36000000
1769212800000,5.94000000,5.99000000,5.84000000,5.93000000,55337.56000000
1769299200000,5.93000000,5.93000000,5.48000000,5.62000000,114999.44000000
1769385600000,5.62000000,5.84000000,5.56000000,5.77000000,86651.82000000
1769472000000,5.78000000,5.88000000,5.61000000,5.82000000,63600.91000000
1769558400000,5.84000000,5.88000000,5.65000000,5.77000000,78718.95000000
1769644800000,5.78000000,5.79000000,5.21000000,5.28000000,124794.81000000
1769731200000,5.29000000,5.33000000,5.07000000,5.19000000,186181.88000000
1769817600000,5.19000000,5.21000000,4.28000000,4.73000000,220497.51000000
1769904000000,4.74000000,5.18000000,4.57000000,4.64000000,400366.73000000
1769990400000,4.64000000,4.87000000,4.51000000,4.81000000,136365.00000000
1770076800000,4.81000000,5.11000000,4.57000000,4.89000000,180859.37000000
1770163200000,4.89000000,5.08000000,4.60000000,4.71000000,198008.94000000
1770249600000,4.72000000,4.75000000,3.98000000,4.03000000,337867.48000000
1770336000000,4.04000000,4.64000000,3.68000000,4.54000000,308929.66000000
1770422400000,4.54000000,5.10000000,4.38000000,5.03000000,298351.06000000
1770508800000,5.02000000,5.11000000,4.56000000,4.63000000,322830.10000000
1770595200000,4.62000000,4.74000000,4.45000000,4.58000000,126030.63000000
1770681600000,4.58000000,4.62000000,4.41000000,4.51000000,121601.82000000
1770768000000,4.50000000,4.68000000,4.38000000,4.57000000,176892.91000000
1770854400000,4.58000000,4.79000000,4.54000000,4.66000000,104481.29000000
1770940800000,4.67000000,5.23000000,4.57000000,5.20000000,681644.89000000
1771027200000,5.20000000,5.37000000,5.03000000,5.27000000,346348.59000000
1771113600000,5.27000000,5.37000000,4.85000000,4.89000000,189351.01000000
1771200000000,4.90000000,4.93000000,4.71000000,4.83000000,103527.65000000
1771286400000,4.83000000,4.97000000,4.62000000,4.70000000,268663.30000000
1771372800000,4.70000000,4.73000000,4.46000000,4.50000000,71076.88000000
1771459200000,4.50000000,4.55000000,4.35000000,4.53000000,93849.78000000
1771545600000,4.53000000,4.65000000,4.43000000,4.62000000,67310.53000000
1771632000000,4.61000000,4.71000000,4.56000000,4.56000000,42788.42000000
1771718400000,4.56000000,4.56000000,4.37000000,4.47000000,47179.34000000
1771804800000,4.47000000,4.47000000,4.23000000,4.31000000,59100.97000000
1771891200000,4.32000000,4.36000000,4.15000000,4.28000000,69569.90000000
1771977600000,4.28000000,4.81000000,4.25000000,4.61000000,119539.48000000
1772064000000,4.61000000,4.63000000,4.38000000,4.47000000,78992.60000000
1772150400000,4.48000000,4.72000000,4.36000000,4.43000000,112370.54000000
1772236800000,4.44000000,4.54000000,4.16000000,4.52000000,104234.75000000
1772323200000,4.53000000,4.66000000,4.25000000,4.34000000,88214.10000000
1772409600000,4.34000000,4.58000000,4.29000000,4.39000000,258522.36000000
1772496000000,4.38000000,4.38000000,4.11000000,4.18000000,142177.77000000
1772582400000,4.19000000,4.47000000,4.10000000,4.27000000,460758.80000000
1772668800000,4.27000000,4.28000000,4.09000000,4.14000000,120491.62000000
1772755200000,4.15000000,4.26000000,4.02000000,4.12000000,103254.51000000
1772841600000,4.12000000,4.34000000,4.03000000,4.06000000,172004.29000000
1772928000000,4.06000000,4.21000000,4.00000000,4.06000000,167422.61000000
1773014400000,4.07000000,4.25000000,4.07000000,4.15000000,141389.68000000
1773100800000,4.15000000,4.27000000,4.12000000,4.14000000,103952.75000000
1773187200000,4.13000000,4.24000000,4.04000000,4.19000000,214803.52000000
1773273600000,4.19000000,4.19000000,4.04000000,4.15000000,90907.35000000
1773360000000,4.15000000,4.30000000,4.12000000,4.13000000,142579.64000000
1773446400000,4.13000000,4.14000000,4.05000000,4.12000000,90051.02000000
1773532800000,4.12000000,4.43000000,4.11000000,4.30000000,340841.37000000
1773619200000,4.31000000,4.49000000,4.26000000,4.44000000,205012.70000000
1773705600000,4.45000000,4.48000000,4.31000000,4.34000000,191172.17000000
1773792000000,4.34000000,4.42000000,4.09000000,4.13000000,183249.06000000
1773878400000,4.13000000,4.13000000,3.98000000,4.07000000,109300.76000000
1773964800000,4.08000000,4.29000000,4.08000000,4.14000000,239440.23000000
1774051200000,4.15000000,4.17000000,3.96000000,3.98000000,83138.03000000
1774137600000,3.98000000,4.02000000,3.86000000,3.91000000,111300.01000000
1774224000000,3.91000000,4.13000000,3.88000000,4.12000000,127319.85000000
1774310400000,4.13000000,4.13000000,4.00000000,4.07000000,103043.60000000
1774396800000,4.07000000,4.10000000,4.00000000,4.05000000,86118.03000000
1774483200000,4.05000000,4.05000000,3.85000000,3.90000000,98178.06000000
1774569600000,3.91000000,4.08000000,3.81000000,3.83000000,231438.08000000
1774656000000,3.82000000,3.89000000,3.76000000,3.79000000,62349.48000000
1774742400000,3.79000000,3.82000000,3.65000000,3.72000000,69877.43000000
1774828800000,3.73000000,3.86000000,3.69000000,3.70000000,96010.17000000
1774915200000,3.71000000,3.81000000,3.70000000,3.81000000,59398.85000000
1775001600000,3.81000000,3.94000000,3.76000000,3.82000000,133951.06000000
1775088000000,3.82000000,3.86000000,3.62000000,3.69000000,133132.02000000
1775174400000,3.69000000,3.88000000,3.67000000,3.75000000,124641.10000000
1775260800000,3.75000000,3.81000000,3.73000000,3.78000000,47553.22000000
1775347200000,3.78000000,3.79000000,3.65000000,3.75000000,85190.02000000
1775433600000,3.75000000,3.84000000,3.69000000,3.72000000,145514.96000000
1775520000000,3.72000000,3.92000000,3.61000000,3.89000000,152178.07000000
1775606400000,3.89000000,3.91000000,3.77000000,3.80000000,101419.29000000
1775692800000,3.80000000,3.93000000,3.75000000,3.88000000,98064.18000000
1775779200000,3.88000000,3.92000000,3.81000000,3.92000000,129324.95000000
1775865600000,3.92000000,3.92000000,3.81000000,3.87000000,92264.70000000
1775952000000,3.88000000,3.98000000,3.67000000,3.70000000,168613.49000000
1776038400000,3.70000000,3.93000000,3.67000000,3.90000000,141962.65000000
1776124800000,3.90000000,3.91000000,3.72000000,3.76000000,102559.84000000
1776211200000,3.76000000,4.07000000,3.74000000,4.04000000,163003.24000000
1776297600000,4.05000000,4.33000000,4.03000000,4.29000000,405501.44000000
1776384000000,4.29000000,4.63000000,4.14000000,4.51000000,383769.48000000
1776470400000,4.52000000,4.53000000,4.18000000,4.20000000,232666.21000000
1776556800000,4.21000000,4.22000000,4.02000000,4.02000000,164106.76000000
1776643200000,4.03000000,4.28000000,3.97000000,4.16000000,248765.46000000
1776729600000,4.16000000,4.33000000,4.07000000,4.15000000,206081.11000000
1776816000000,4.16000000,4.34000000,4.13000000,4.19000000,123707.31000000
1776902400000,4.19000000,4.22000000,4.09000000,4.22000000,110570.56000000
1776988800000,4.22000000,4.32000000,4.15000000,4.28000000,110328.81000000
1777075200000,4.28000000,4.50000000,4.26000000,4.36000000,207882.85000000
1777161600000,4.35000000,4.53000000,4.31000000,4.44000000,136713.71000000
1777248000000,4.44000000,4.50000000,4.15000000,4.24000000,118285.97000000
1777334400000,4.24000000,4.26000000,4.16000000,4.22000000,69601.21000000
1777420800000,4.21000000,4.32000000,4.03000000,4.13000000,111030.12000000
1777507200000,4.13000000,4.13000000,4.03000000,4.07000000,86274.37000000
1777593600000,4.08000000,4.17000000,4.05000000,4.10000000,82359.52000000
1777680000000,4.10000000,4.15000000,4.04000000,4.11000000,47650.50000000
1777766400000,4.11000000,4.11000000,4.03000000,4.06000000,45173.44000000
1777852800000,4.05000000,4.17000000,4.02000000,4.06000000,75599.16000000
1777939200000,4.07000000,4.21000000,4.05000000,4.17000000,152132.09000000
1778025600000,4.18000000,4.40000000,4.17000000,4.32000000,231120.48000000
1778112000000,4.31000000,4.39000000,4.21000000,4.32000000,176355.30000000
1778198400000,4.32000000,4.69000000,4.28000000,4.62000000,227909.77000000
1778284800000,4.62000000,4.70000000,4.52000000,4.56000000,140696.61000000
1778371200000,4.55000000,4.95000000,4.52000000,4.75000000,678846.23000000
1778457600000,4.76000000,4.87000000,4.61000000,4.82000000,298332.19000000
1778544000000,4.82000000,4.83000000,4.56000000,4.64000000,90618.45000000
1778630400000,4.64000000,4.78000000,4.40000000,4.45000000,93028.22000000
1778716800000,4.44000000,4.52000000,4.34000000,4.43000000,109620.68000000
1778803200000,4.44000000,4.46000000,4.12000000,4.20000000,102230.88000000
1778889600000,4.19000000,4.20000000,3.97000000,4.01000000,122525.66000000
1778976000000,4.01000000,4.04000000,3.77000000,3.88000000,72336.72000000
1779062400000,3.87000000,3.97000000,3.84000000,3.94000000,71637.33000000
1779148800000,3.94000000,3.97000000,3.84000000,3.85000000,48462.72000000
1779235200000,3.86000000,3.99000000,3.84000000,3.96000000,57308.79000000
1779321600000,3.96000000,4.05000000,3.92000000,4.03000000,55897.63000000
1779408000000,4.03000000,4.17000000,3.87000000,3.90000000,82142.95000000
1779494400000,3.90000000,4.12000000,3.79000000,4.05000000,73227.38000000
1779580800000,4.06000000,4.07000000,3.85000000,3.92000000,49793.52000000
1779667200000,3.92000000,4.02000000,3.91000000,3.94000000,29887.74000000
1779753600000,3.94000000,3.96000000,3.76000000,3.76000000,76402.39000000
1779840000000,3.77000000,3.88000000,3.68000000,3.70000000,99901.41000000
1779926400000,3.70000000,3.71000000,3.48000000,3.60000000,138072.12000000
1780012800000,3.60000000,3.63000000,3.45000000,3.57000000,111583.46000000
1780099200000,3.58000000,3.65000000,3.55000000,3.57000000,49030.42000000
1780185600000,3.57000000,3.62000000,3.48000000,3.57000000,70034.60000000
1780272000000,3.56000000,3.65000000,3.47000000,3.62000000,107012.70000000
1780358400000,3.62000000,3.62000000,3.26000000,3.32000000,167780.89000000
1780444800000,3.33000000,3.48000000,3.28000000,3.35000000,200155.18000000
1780531200000,3.35000000,3.38000000,3.01000000,3.10000000,330836.65000000
1780617600000,3.10000000,3.11000000,2.73000000,2.86000000,270077.36000000
1780704000000,2.86000000,3.04000000,2.69000000,2.91000000,225641.18000000
1780790400000,2.92000000,3.04000000,2.87000000,2.97000000,130594.83000000
1780876800000,2.98000000,3.03000000,2.90000000,2.95000000,83743.19000000
1780963200000,2.95000000,2.96000000,2.83000000,2.92000000,84792.85000000
1781049600000,2.92000000,2.93000000,2.76000000,2.82000000,94816.44000000
1781136000000,2.82000000,2.94000000,2.82000000,2.89000000,81807.94000000
1781222400000,2.88000000,2.93000000,2.82000000,2.86000000,98923.29000000
1781308800000,2.87000000,2.96000000,2.85000000,2.92000000,63043.97000000
1781395200000,2.92000000,2.99000000,2.84000000,2.97000000,47456.92000000
1781481600000,2.97000000,3.17000000,2.95000000,3.06000000,92470.84000000
1781568000000,3.07000000,3.08000000,2.95000000,3.01000000,56531.31000000
1781654400000,3.01000000,3.08000000,2.91000000,2.96000000,60801.40000000
1781740800000,2.96000000,2.97000000,2.87000000,2.92000000,14336.65000000
