openTime,open,high,low,close,volume
1577836800000,0.08002000,0.08280000,0.07779000,0.07963000,4610792.50000000
1577923200000,0.07959000,0.08036000,0.07226000,0.07371000,4880370.20000000
1578009600000,0.07354000,0.07937000,0.07225000,0.07800000,4040323.90000000
1578096000000,0.07844000,0.07988000,0.07700000,0.07720000,2151789.80000000
1578182400000,0.07693000,0.07861000,0.07618000,0.07637000,3145558.20000000
1578268800000,0.07639000,0.07781000,0.07382000,0.07578000,5270580.30000000
1578355200000,0.07580000,0.07600000,0.07136000,0.07300000,6517893.80000000
1578441600000,0.07300000,0.07624000,0.07124000,0.07540000,7457836.90000000
1578528000000,0.07500000,0.07544000,0.07100000,0.07193000,4488411.50000000
1578614400000,0.07191000,0.07327000,0.07033000,0.07300000,3817574.90000000
1578700800000,0.07233000,0.07560000,0.07175000,0.07210000,5030844.60000000
1578787200000,0.07175000,0.07319000,0.07155000,0.07214000,2293552.50000000
1578873600000,0.07241000,0.07284000,0.07110000,0.07174000,1978087.10000000
1578960000000,0.07170000,0.07350000,0.06950000,0.07253000,11191925.30000000
1579046400000,0.07210000,0.07900000,0.07169000,0.07600000,13158564.60000000
1579132800000,0.07645000,0.08478000,0.07425000,0.08131000,14049868.90000000
1579219200000,0.08131000,0.08300000,0.07559000,0.08039000,16626538.80000000
1579305600000,0.08039000,0.08200000,0.07622000,0.07721000,4589834.30000000
1579392000000,0.07721000,0.07760000,0.07292000,0.07361000,6192907.50000000
1579478400000,0.07394000,0.07770000,0.07315000,0.07580000,3459405.90000000
1579564800000,0.07585000,0.07721000,0.07495000,0.07661000,2698505.50000000
1579651200000,0.07659000,0.07817000,0.07531000,0.07815000,2217474.00000000
1579737600000,0.07819000,0.09249000,0.07714000,0.08656000,35786353.80000000
1579824000000,0.08671000,0.09149000,0.08220000,0.08515000,16081540.20000000
1579910400000,0.08510000,0.08849000,0.08266000,0.08820000,5201092.90000000
1579996800000,0.08800000,0.09181000,0.08603000,0.08741000,5765657.70000000
1580083200000,0.08741000,0.09066000,0.08648000,0.09026000,5293086.20000000
1580169600000,0.09025000,0.09065000,0.08645000,0.08811000,6109868.00000000
1580256000000,0.08823000,0.09200000,0.08756000,0.08978000,4762618.60000000
1580342400000,0.08980000,0.10150000,0.08846000,0.10060000,9956818.90000000
1580428800000,0.10060000,0.10307000,0.09353000,0.09531000,7000483.00000000
1580515200000,0.09598000,0.10890000,0.09521000,0.10476000,7649628.40000000
1580601600000,0.10481000,0.11583000,0.09801000,0.11230000,11098870.50000000
1580688000000,0.11230000,0.11798000,0.10766000,0.11619000,9841833.00000000
1580774400000,0.11572000,0.15200000,0.11315000,0.14690000,45344668.20000000
1580860800000,0.14683000,0.15350000,0.12157000,0.13421000,31606307.40000000
1580947200000,0.13421000,0.14080000,0.12787000,0.13726000,15709771.20000000
1581033600000,0.13730000,0.14239000,0.12579000,0.13106000,10578604.60000000
1581120000000,0.13094000,0.13900000,0.12000000,0.12830000,10849369.70000000
1581206400000,0.12809000,0.14200000,0.11907000,0.13362000,14756341.80000000
1581292800000,0.13394000,0.14200000,0.12677000,0.14051000,10282585.50000000
1581379200000,0.14075000,0.14100000,0.13345000,0.13851000,8311954.00000000
1581465600000,0.13873000,0.14898000,0.13820000,0.14127000,12461822.00000000
1581552000000,0.14157000,0.14326000,0.13130000,0.13586000,10052945.20000000
1581638400000,0.13586000,0.14499000,0.13423000,0.14400000,7413723.90000000
1581724800000,0.14400000,0.15374000,0.13055000,0.13284000,12657681.40000000
1581811200000,0.13232000,0.13678000,0.10988000,0.12425000,14951817.20000000
1581897600000,0.12343000,0.15789000,0.10942000,0.13694000,26662441.70000000
1581984000000,0.13695000,0.14631000,0.13020000,0.13992000,31808386.70000000
1582070400000,0.14040000,0.16599000,0.13132000,0.13558000,31378280.20000000
1582156800000,0.13538000,0.14132000,0.12565000,0.13210000,11657848.50000000
1582243200000,0.13210000,0.13692000,0.12525000,0.12780000,8287536.30000000
1582329600000,0.12779000,0.12826000,0.12141000,0.12428000,4953259.70000000
1582416000000,0.12441000,0.13389000,0.12416000,0.13120000,7060081.20000000
1582502400000,0.13100000,0.13300000,0.11513000,0.12219000,6308222.20000000
1582588800000,0.12218000,0.12675000,0.10909000,0.10971000,9410841.70000000
1582675200000,0.10914000,0.11037000,0.09060000,0.09693000,13315704.60000000
1582761600000,0.09650000,0.10696000,0.08904000,0.10124000,11138827.70000000
1582848000000,0.10124000,0.10919000,0.09358000,0.10033000,8617782.80000000
1582934400000,0.10075000,0.10321000,0.09577000,0.09593000,3220907.70000000
1583020800000,0.09660000,0.10700000,0.09615000,0.10094000,8036146.20000000
1583107200000,0.10081000,0.11260000,0.09999000,0.10869000,8607956.10000000
1583193600000,0.10842000,0.11260000,0.10461000,0.10726000,6503040.80000000
1583280000000,0.10726000,0.10917000,0.10304000,0.10496000,6271693.20000000
1583366400000,0.10560000,0.11431000,0.10534000,0.11016000,5903954.40000000
1583452800000,0.11015000,0.11430000,0.10556000,0.11242000,6636658.70000000
1583539200000,0.11273000,0.11401000,0.10307000,0.10512000,5436431.40000000
1583625600000,0.10500000,0.10511000,0.08499000,0.08681000,8000391.00000000
1583712000000,0.08657000,0.09040000,0.08002000,0.08745000,8127643.10000000
1583798400000,0.08731000,0.09264000,0.08491000,0.08797000,6803620.40000000
1583884800000,0.08790000,0.09122000,0.07755000,0.08300000,8132815.40000000
1583971200000,0.08332000,0.08386000,0.04000000,0.04262000,20836865.70000000
1584057600000,0.04259000,0.05741000,0.03223000,0.04934000,21907223.70000000
1584144000000,0.04938000,0.05255000,0.04625000,0.04949000,14533016.20000000
1584230400000,0.04897000,0.05770000,0.04896000,0.05047000,9698831.60000000
1584316800000,0.05084000,0.05231000,0.04058000,0.04598000,12048534.90000000
1584403200000,0.04599000,0.05246000,0.04502000,0.05107000,6522507.60000000
1584489600000,0.05160000,0.05278000,0.04688000,0.05195000,7646601.70000000
1584576000000,0.05208000,0.07800000,0.05200000,0.07392000,69745030.40000000
1584662400000,0.07400000,0.08700000,0.06698000,0.07488000,29887267.60000000
1584748800000,0.07488000,0.08181000,0.06925000,0.07671000,10825239.90000000
1584835200000,0.07669000,0.07931000,0.06991000,0.07000000,8543413.70000000
1584921600000,0.07000000,0.07475000,0.06452000,0.07450000,10196244.50000000
1585008000000,0.07450000,0.08487000,0.07229000,0.08232000,9674240.00000000
1585094400000,0.08194000,0.08241000,0.07507000,0.08132000,8072061.00000000
1585180800000,0.08133000,0.09599000,0.07941000,0.09292000,31053290.90000000
1585267200000,0.09254000,0.09314000,0.08200000,0.08281000,10419713.00000000
1585353600000,0.08241000,0.09000000,0.07650000,0.08585000,11001757.80000000
1585440000000,0.08586000,0.09031000,0.08082000,0.08165000,12908257.00000000
1585526400000,0.08204000,0.09800000,0.08102000,0.09280000,16859359.30000000
1585612800000,0.09268000,0.09640000,0.09101000,0.09304000,6759892.30000000
1585699200000,0.09271000,0.09331000,0.08509000,0.09292000,7975978.80000000
1585785600000,0.09292000,0.09668000,0.08931000,0.09192000,7912116.50000000
1585872000000,0.09175000,0.09467000,0.08413000,0.09009000,6139503.20000000
1585958400000,0.09033000,0.09819000,0.08932000,0.09744000,6156505.40000000
1586044800000,0.09743000,0.09999000,0.09216000,0.09335000,6947816.70000000
1586131200000,0.09354000,0.10046000,0.09335000,0.09900000,7318250.50000000
1586217600000,0.09916000,0.10067000,0.09368000,0.09510000,8136472.50000000
1586304000000,0.09510000,0.09897000,0.09330000,0.09748000,5617498.00000000
1586390400000,0.09711000,0.09780000,0.09240000,0.09743000,4973771.60000000
1586476800000,0.09722000,0.09743000,0.08257000,0.08777000,6352369.20000000
1586563200000,0.08777000,0.09190000,0.08542000,0.08727000,3879579.30000000
1586649600000,0.08726000,0.09260000,0.08499000,0.08803000,3088480.20000000
1586736000000,0.08751000,0.09059000,0.08251000,0.08960000,4298296.50000000
1586822400000,0.08960000,0.09276000,0.08826000,0.09103000,2696507.40000000
1586908800000,0.09060000,0.09833000,0.08966000,0.09227000,13191980.80000000
1586995200000,0.09195000,0.09743000,0.08722000,0.09621000,8875366.10000000
1587081600000,0.09626000,0.09758000,0.09371000,0.09400000,3035426.20000000
1587168000000,0.09409000,0.10541000,0.09381000,0.10438000,7763975.90000000
1587254400000,0.10438000,0.10705000,0.09850000,0.09930000,8847802.80000000
1587340800000,0.09902000,0.10950000,0.09558000,0.09763000,13230378.10000000
1587427200000,0.09731000,0.11400000,0.09673000,0.10726000,25106990.60000000
1587513600000,0.10696000,0.11704000,0.10540000,0.11295000,13207226.00000000
1587600000000,0.11295000,0.12482000,0.11123000,0.12095000,11417852.80000000
1587686400000,0.12095000,0.13195000,0.12033000,0.13049000,7887256.80000000
1587772800000,0.13049000,0.15708000,0.12717000,0.14889000,31120938.20000000
1587859200000,0.14889000,0.15879000,0.13779000,0.14149000,25165270.40000000
1587945600000,0.14157000,0.15223000,0.12847000,0.13679000,26084615.10000000
1588032000000,0.13758000,0.14426000,0.13010000,0.13898000,14443828.80000000
1588118400000,0.13906000,0.14653000,0.13901000,0.14303000,15769716.30000000
1588204800000,0.14321000,0.14487000,0.12860000,0.13668000,20425373.10000000
1588291200000,0.13668000,0.14420000,0.13589000,0.14096000,13407091.00000000
1588377600000,0.14041000,0.14646000,0.13803000,0.14384000,13587873.80000000
1588464000000,0.14391000,0.14447000,0.13147000,0.13582000,8048301.90000000
1588550400000,0.13582000,0.13904000,0.12400000,0.13653000,10650455.30000000
1588636800000,0.13604000,0.14672000,0.13434000,0.14571000,14145499.50000000
1588723200000,0.14541000,0.15621000,0.13943000,0.14136000,17305995.90000000
1588809600000,0.14138000,0.14850000,0.13731000,0.14239000,12179890.30000000
1588896000000,0.14172000,0.14850000,0.13900000,0.14369000,11104783.40000000
1588982400000,0.14363000,0.15000000,0.14291000,0.14506000,6528418.10000000
1589068800000,0.14505000,0.14505000,0.12693000,0.14216000,13716669.70000000
1589155200000,0.14260000,0.15270000,0.13000000,0.14798000,17836765.80000000
1589241600000,0.14830000,0.16545000,0.14450000,0.16301000,21751603.20000000
1589328000000,0.16292000,0.17606000,0.15939000,0.16130000,18021794.10000000
1589414400000,0.16181000,0.16500000,0.15612000,0.16216000,11209775.40000000
1589500800000,0.16264000,0.17000000,0.15302000,0.16284000,15368242.50000000
1589587200000,0.16284000,0.17200000,0.16113000,0.16157000,8444239.10000000
1589673600000,0.16215000,0.16608000,0.15800000,0.16216000,9360002.10000000
1589760000000,0.16241000,0.16370000,0.15559000,0.15863000,6303895.70000000
1589846400000,0.15862000,0.16800000,0.15680000,0.16573000,8796313.00000000
1589932800000,0.16601000,0.17367000,0.15602000,0.17050000,15150991.30000000
1590019200000,0.17049000,0.18700000,0.16390000,0.17819000,34090185.00000000
1590105600000,0.17757000,0.17900000,0.16550000,0.17229000,14591068.60000000
1590192000000,0.17190000,0.17886000,0.17076000,0.17679000,9904119.80000000
1590278400000,0.17676000,0.17700000,0.16433000,0.16501000,14611778.30000000
1590364800000,0.16500000,0.19400000,0.16391000,0.18673000,21974575.80000000
1590451200000,0.18673000,0.21000000,0.18191000,0.18640000,26167559.70000000
1590537600000,0.18640000,0.23694000,0.17803000,0.21381000,49586133.00000000
1590624000000,0.21307000,0.23220000,0.20174000,0.20497000,29802049.50000000
1590710400000,0.20543000,0.21500000,0.19702000,0.20202000,16050216.70000000
1590796800000,0.20193000,0.21099000,0.19830000,0.20269000,12887086.40000000
1590883200000,0.20256000,0.21600000,0.19884000,0.20685000,17702552.40000000
1590969600000,0.20684000,0.21941000,0.20301000,0.20784000,16431255.00000000
1591056000000,0.20837000,0.21080000,0.18980000,0.19804000,18371852.90000000
1591142400000,0.19872000,0.19923000,0.19006000,0.19882000,7888769.00000000
1591228800000,0.19882000,0.20534000,0.19330000,0.19949000,6893559.00000000
1591315200000,0.19878000,0.20580000,0.19180000,0.20160000,9645788.80000000
1591401600000,0.20121000,0.20735000,0.19712000,0.20127000,7872203.60000000
1591488000000,0.20148000,0.20208000,0.19100000,0.19704000,5753826.30000000
1591574400000,0.19705000,0.20720000,0.19320000,0.20589000,11785858.30000000
1591660800000,0.20540000,0.21170000,0.20000000,0.20195000,12540936.70000000
1591747200000,0.20206000,0.21100000,0.19490000,0.20661000,17682681.80000000
1591833600000,0.20661000,0.21280000,0.18500000,0.18555000,15829571.80000000
1591920000000,0.18555000,0.20356000,0.17586000,0.19258000,13444463.40000000
1592006400000,0.19230000,0.19749000,0.18867000,0.19078000,6661018.50000000
1592092800000,0.19077000,0.19114000,0.17847000,0.18106000,4729353.50000000
1592179200000,0.18032000,0.18095000,0.15871000,0.17800000,13185724.30000000
1592265600000,0.17800000,0.18657000,0.16913000,0.18002000,10043899.30000000
1592352000000,0.17970000,0.18000000,0.16747000,0.17334000,6781686.40000000
1592438400000,0.17374000,0.18530000,0.17166000,0.17833000,10335677.20000000
1592524800000,0.17829000,0.18022000,0.17009000,0.17215000,5933816.00000000
1592611200000,0.17211000,0.17388000,0.16700000,0.17020000,4843261.60000000
1592697600000,0.17078000,0.17544000,0.16844000,0.17002000,3658374.00000000
1592784000000,0.17052000,0.17755000,0.16968000,0.17744000,6063996.40000000
1592870400000,0.17699000,0.19052000,0.17532000,0.18156000,12352270.40000000
1592956800000,0.18192000,0.18795000,0.17000000,0.17518000,9432525.10000000
1593043200000,0.17483000,0.17516000,0.16538000,0.16943000,5308027.10000000
1593129600000,0.16937000,0.17342000,0.15643000,0.15988000,8261094.40000000
1593216000000,0.16020000,0.16055000,0.14568000,0.15288000,7734641.00000000
1593302400000,0.15316000,0.15995000,0.14838000,0.15626000,4358845.90000000
1593388800000,0.15642000,0.17557000,0.15178000,0.17126000,11985289.90000000
1593475200000,0.17168000,0.17950000,0.16730000,0.16731000,9343989.00000000
1593561600000,0.16731000,0.17311000,0.16272000,0.17240000,5760490.90000000
1593648000000,0.17240000,0.17523000,0.16032000,0.16659000,6424783.70000000
1593734400000,0.16659000,0.17460000,0.16566000,0.17156000,5158963.70000000
1593820800000,0.17121000,0.18584000,0.17079000,0.18130000,11148058.80000000
1593907200000,0.18130000,0.18852000,0.16822000,0.17281000,10739095.00000000
1593993600000,0.17281000,0.18000000,0.17170000,0.17904000,6394351.00000000
1594080000000,0.17879000,0.17909000,0.17318000,0.17649000,4826588.20000000
1594166400000,0.17649000,0.18541000,0.17589000,0.18493000,9202851.30000000
1594252800000,0.18499000,0.19701000,0.17521000,0.18497000,14547940.20000000
1594339200000,0.18463000,0.18499000,0.16740000,0.17662000,7821260.00000000
1594425600000,0.17642000,0.18245000,0.17510000,0.18153000,6470089.40000000
1594512000000,0.18153000,0.18184000,0.17200000,0.17690000,5275383.40000000
1594598400000,0.17730000,0.19182000,0.17440000,0.18039000,15121778.90000000
1594684800000,0.18033000,0.19990000,0.17681000,0.18618000,26504036.50000000
1594771200000,0.18639000,0.19349000,0.18361000,0.18421000,10738399.80000000
1594857600000,0.18472000,0.19874000,0.17066000,0.19179000,23472206.30000000
1594944000000,0.19178000,0.21625000,0.19114000,0.20133000,33841771.00000000
1595030400000,0.20118000,0.21779000,0.19629000,0.20832000,17246742.00000000
1595116800000,0.20787000,0.21156000,0.19650000,0.20740000,10470554.60000000
1595203200000,0.20752000,0.20752000,0.19200000,0.19329000,8645679.60000000
1595289600000,0.19328000,0.19742000,0.18594000,0.19380000,9518189.30000000
1595376000000,0.19400000,0.19889000,0.19000000,0.19071000,7039497.60000000
1595462400000,0.19104000,0.19237000,0.18373000,0.18567000,9518242.70000000
1595548800000,0.18603000,0.18884000,0.18369000,0.18625000,5056983.90000000
1595635200000,0.18625000,0.19351000,0.18504000,0.18782000,7974712.20000000
1595721600000,0.18754000,0.18977000,0.17688000,0.17916000,8356490.60000000
1595808000000,0.17873000,0.17978000,0.16081000,0.16890000,17399760.50000000
1595894400000,0.16878000,0.17680000,0.16502000,0.17452000,7774577.20000000
1595980800000,0.17451000,0.18488000,0.17440000,0.17634000,6965349.50000000
1596067200000,0.17662000,0.17962000,0.17367000,0.17780000,3514172.70000000
1596153600000,0.17768000,0.18325000,0.17199000,0.17419000,7276863.30000000
1596240000000,0.17456000,0.17979000,0.17200000,0.17653000,6964771.30000000
1596326400000,0.17622000,0.18116000,0.16220000,0.17523000,11935596.10000000
1596412800000,0.17550000,0.18099000,0.17425000,0.17800000,6565210.70000000
1596499200000,0.17825000,0.19100000,0.17801000,0.18761000,11133755.00000000
1596585600000,0.18764000,0.19849000,0.18510000,0.18978000,12268781.60000000
1596672000000,0.18952000,0.19518000,0.18537000,0.19320000,9577667.50000000
1596758400000,0.19331000,0.21100000,0.19308000,0.20833000,27531785.50000000
1596844800000,0.20791000,0.22000000,0.20594000,0.21207000,23236083.40000000
1596931200000,0.21228000,0.23991000,0.20628000,0.22091000,37561164.30000000
1597017600000,0.22097000,0.22628000,0.20709000,0.22517000,25787630.40000000
1597104000000,0.22500000,0.22540000,0.19500000,0.20301000,19463031.70000000
1597190400000,0.20345000,0.21000000,0.19500000,0.20836000,11354361.10000000
1597276800000,0.20752000,0.22186000,0.19960000,0.21088000,21806543.50000000
1597363200000,0.21049000,0.21791000,0.20491000,0.20863000,13611558.00000000
1597449600000,0.20898000,0.21099000,0.20353000,0.20575000,8946852.20000000
1597536000000,0.20602000,0.21477000,0.20244000,0.21471000,8575311.10000000
1597622400000,0.21471000,0.21480000,0.20093000,0.20589000,10765160.60000000
1597708800000,0.20597000,0.21400000,0.19861000,0.20799000,11801658.60000000
1597795200000,0.20862000,0.21150000,0.19206000,0.19695000,9120694.30000000
1597881600000,0.19713000,0.21100000,0.19473000,0.20824000,9030076.20000000
1597968000000,0.20823000,0.24000000,0.20672000,0.20989000,30153608.70000000
1598054400000,0.20984000,0.22800000,0.19600000,0.22542000,16762491.60000000
1598140800000,0.22489000,0.22618000,0.21288000,0.22097000,7265053.10000000
1598227200000,0.22097000,0.25860000,0.21561000,0.24470000,23810847.00000000
1598313600000,0.24470000,0.24574000,0.21318000,0.22640000,17741579.90000000
1598400000000,0.22640000,0.23749000,0.22046000,0.22716000,11213514.80000000
1598486400000,0.22716000,0.22746000,0.20083000,0.21113000,13840826.00000000
1598572800000,0.21098000,0.22550000,0.20733000,0.22119000,7682920.50000000
1598659200000,0.22073000,0.22100000,0.21099000,0.21320000,8368214.60000000
1598745600000,0.21320000,0.23001000,0.21163000,0.21843000,9994883.70000000
1598832000000,0.21855000,0.22353000,0.21360000,0.21423000,7234005.70000000
1598918400000,0.21422000,0.21508000,0.20700000,0.21008000,9953398.60000000
1599004800000,0.20938000,0.21048000,0.20000000,0.20222000,13775883.20000000
1599091200000,0.20179000,0.20700000,0.14800000,0.17110000,21120858.30000000
1599177600000,0.17110000,0.18200000,0.15685000,0.17026000,9396381.70000000
1599264000000,0.16974000,0.17620000,0.14233000,0.15299000,9393812.60000000
1599350400000,0.15314000,0.16241000,0.14363000,0.15969000,5884177.60000000
1599436800000,0.15936000,0.16129000,0.13757000,0.15015000,7669056.50000000
1599523200000,0.15022000,0.15703000,0.14121000,0.15390000,6555747.30000000
1599609600000,0.15341000,0.17328000,0.15024000,0.16444000,14379556.80000000
1599696000000,0.16449000,0.17886000,0.16346000,0.17570000,6895267.10000000
1599782400000,0.17607000,0.17745000,0.16680000,0.17235000,3688632.00000000
1599868800000,0.17229000,0.17319000,0.16682000,0.17241000,3302178.50000000
1599955200000,0.17242000,0.17344000,0.15706000,0.16116000,4075543.00000000
1600041600000,0.16123000,0.16755000,0.15877000,0.16712000,2862059.70000000
1600128000000,0.16655000,0.17399000,0.15792000,0.15889000,3667731.30000000
1600214400000,0.15830000,0.15935000,0.15234000,0.15613000,2104099.30000000
1600300800000,0.15601000,0.16351000,0.15457000,0.16159000,2428618.10000000
1600387200000,0.16079000,0.17120000,0.15779000,0.16631000,6368950.20000000
1600473600000,0.16606000,0.17282000,0.16258000,0.16898000,3513181.40000000
1600560000000,0.16897000,0.16915000,0.15620000,0.16018000,3038484.20000000
1600646400000,0.16020000,0.16860000,0.14071000,0.14348000,5973320.60000000
1600732800000,0.14347000,0.15600000,0.13990000,0.15481000,4740472.30000000
1600819200000,0.15481000,0.16332000,0.14000000,0.14358000,7770549.10000000
1600905600000,0.14358000,0.15694000,0.14149000,0.15513000,4029872.50000000
1600992000000,0.15555000,0.15909000,0.14643000,0.15373000,5444622.50000000
1601078400000,0.15421000,0.16376000,0.15379000,0.16132000,4879195.70000000
1601164800000,0.16172000,0.18136000,0.15630000,0.16988000,27733846.90000000
1601251200000,0.16944000,0.17734000,0.16426000,0.16803000,11769610.20000000
1601337600000,0.16770000,0.18251000,0.15625000,0.16013000,31759037.80000000
1601424000000,0.16048000,0.16393000,0.15638000,0.16054000,13087617.70000000
1601510400000,0.16111000,0.16566000,0.15010000,0.15373000,11205780.20000000
1601596800000,0.15383000,0.15475000,0.14339000,0.15051000,10168258.90000000
1601683200000,0.15060000,0.15421000,0.14818000,0.15000000,2597602.60000000
1601769600000,0.14972000,0.15450000,0.14590000,0.15222000,6593953.40000000
1601856000000,0.15233000,0.15594000,0.14778000,0.15475000,6707754.80000000
1601942400000,0.15477000,0.15581000,0.14216000,0.14373000,6433240.70000000
1602028800000,0.14369000,0.14942000,0.13846000,0.14894000,6922491.60000000
1602115200000,0.14896000,0.15237000,0.14100000,0.15058000,8357025.40000000
1602201600000,0.15078000,0.15673000,0.14704000,0.15425000,8813305.60000000
1602288000000,0.15425000,0.16631000,0.15400000,0.15976000,7919232.10000000
1602374400000,0.16010000,0.16654000,0.15638000,0.15879000,8340189.50000000
1602460800000,0.15878000,0.17255000,0.15773000,0.16590000,18796424.40000000
1602547200000,0.16590000,0.16699000,0.15661000,0.16149000,8439037.40000000
1602633600000,0.16163000,0.16276000,0.15000000,0.15381000,7620134.30000000
1602720000000,0.15411000,0.15599000,0.14919000,0.15265000,5323976.60000000
1602806400000,0.15267000,0.15328000,0.14400000,0.14550000,6786742.80000000
1602892800000,0.14549000,0.15149000,0.14423000,0.14843000,3554991.50000000
1602979200000,0.14819000,0.15080000,0.14699000,0.15078000,2118420.40000000
1603065600000,0.15073000,0.15129000,0.14649000,0.14922000,4312730.30000000
1603152000000,0.14922000,0.14927000,0.13700000,0.14048000,6087587.60000000
1603238400000,0.14046000,0.14942000,0.14003000,0.14353000,5554266.70000000
1603324800000,0.14382000,0.15388000,0.14353000,0.15113000,4998878.70000000
1603411200000,0.15113000,0.15311000,0.14491000,0.14720000,5529254.60000000
1603497600000,0.14742000,0.15020000,0.14430000,0.14662000,3459271.00000000
1603584000000,0.14646000,0.14842000,0.14167000,0.14392000,3968746.00000000
1603670400000,0.14386000,0.14564000,0.13216000,0.13821000,8432049.10000000
1603756800000,0.13818000,0.14184000,0.13560000,0.13901000,5082032.60000000
1603843200000,0.13901000,0.14100000,0.13100000,0.13467000,5783997.40000000
1603929600000,0.13496000,0.13778000,0.13000000,0.13221000,3896009.60000000
1604016000000,0.13245000,0.13351000,0.12486000,0.12612000,5426836.90000000
1604102400000,0.12620000,0.13125000,0.12575000,0.12736000,3247609.50000000
1604188800000,0.12704000,0.12870000,0.12384000,0.12697000,3998830.00000000
1604275200000,0.12701000,0.12956000,0.12065000,0.12133000,3626379.10000000
1604361600000,0.12098000,0.12141000,0.11510000,0.11901000,6516345.00000000
1604448000000,0.11917000,0.11993000,0.11118000,0.11833000,4229449.70000000
1604534400000,0.11867000,0.12780000,0.11806000,0.12362000,6606050.50000000
1604620800000,0.12370000,0.13848000,0.12279000,0.13769000,10164903.50000000
1604707200000,0.13795000,0.14388000,0.12291000,0.12778000,11742383.20000000
1604793600000,0.12771000,0.13953000,0.12546000,0.13634000,4905889.00000000
1604880000000,0.13640000,0.13780000,0.12817000,0.13357000,4082731.00000000
1604966400000,0.13350000,0.14229000,0.13250000,0.13984000,7535760.10000000
1605052800000,0.13983000,0.14473000,0.13683000,0.13810000,8378704.50000000
1605139200000,0.13833000,0.14180000,0.13156000,0.13458000,5987832.20000000
1605225600000,0.13419000,0.14450000,0.13308000,0.14352000,7489407.90000000
1605312000000,0.14376000,0.14408000,0.13534000,0.14142000,5253360.40000000
1605398400000,0.14124000,0.15076000,0.13839000,0.14405000,13944789.80000000
1605484800000,0.14412000,0.15000000,0.14081000,0.14528000,7995751.70000000
1605571200000,0.14532000,0.14746000,0.14278000,0.14597000,7304897.80000000
1605657600000,0.14584000,0.14700000,0.13298000,0.13834000,10478127.00000000
1605744000000,0.13836000,0.14053000,0.13353000,0.13659000,6036045.50000000
1605830400000,0.13627000,0.14098000,0.13467000,0.13982000,8050871.30000000
1605916800000,0.14001000,0.15111000,0.13672000,0.15060000,12294056.50000000
1606003200000,0.15072000,0.15368000,0.13614000,0.14540000,14361449.30000000
1606089600000,0.14541000,0.15691000,0.14050000,0.15501000,15200290.60000000
1606176000000,0.15503000,0.16980000,0.14637000,0.15931000,25981346.50000000
1606262400000,0.15936000,0.17844000,0.15201000,0.16198000,31202189.10000000
1606348800000,0.16172000,0.17198000,0.13311000,0.14150000,37026877.70000000
1606435200000,0.14163000,0.14458000,0.13317000,0.14159000,12050212.40000000
1606521600000,0.14158000,0.15100000,0.14029000,0.14455000,10925902.70000000
1606608000000,0.14447000,0.14539000,0.14100000,0.14362000,8003361.30000000
1606694400000,0.14380000,0.14912000,0.13887000,0.14889000,14847971.80000000
1606780800000,0.14881000,0.15370000,0.13600000,0.14642000,21788549.90000000
1606867200000,0.14611000,0.16200000,0.14407000,0.16168000,14658292.20000000
1606953600000,0.16165000,0.16360000,0.15346000,0.15721000,12082794.30000000
1607040000000,0.15721000,0.16300000,0.14403000,0.14643000,31376127.10000000
1607126400000,0.14622000,0.15642000,0.14281000,0.15251000,16770054.30000000
1607212800000,0.15299000,0.15400000,0.14758000,0.15257000,12542739.50000000
1607299200000,0.15280000,0.15654000,0.14761000,0.15153000,9732967.00000000
1607385600000,0.15148000,0.15805000,0.13900000,0.14028000,19101963.20000000
1607472000000,0.13994000,0.14510000,0.13055000,0.14070000,13948420.30000000
1607558400000,0.14066000,0.14432000,0.13637000,0.14221000,11541224.80000000
1607644800000,0.14255000,0.14330000,0.13411000,0.14000000,8037102.70000000
1607731200000,0.14001000,0.14508000,0.13965000,0.14447000,5052940.30000000
1607817600000,0.14472000,0.14609000,0.14099000,0.14378000,8757279.10000000
1607904000000,0.14351000,0.15320000,0.14143000,0.15084000,13549294.50000000
1607990400000,0.15099000,0.15906000,0.14672000,0.15530000,15347307.50000000
1608076800000,0.15516000,0.15718000,0.14930000,0.15459000,14219024.20000000
1608163200000,0.15456000,0.16200000,0.15001000,0.15266000,20094164.30000000
1608249600000,0.15260000,0.16400000,0.14966000,0.16037000,12999688.70000000
1608336000000,0.16023000,0.16673000,0.15795000,0.15884000,11174408.50000000
1608422400000,0.15884000,0.15889000,0.15001000,0.15236000,9858928.70000000
1608508800000,0.15236000,0.15615000,0.13570000,0.14511000,16513051.30000000
1608595200000,0.14501000,0.14677000,0.13801000,0.14470000,13705189.90000000
1608681600000,0.14459000,0.14545000,0.11523000,0.12203000,20669763.70000000
1608768000000,0.12203000,0.14399000,0.11931000,0.14394000,17223259.20000000
1608854400000,0.14399000,0.14535000,0.13850000,0.14067000,8677546.40000000
1608940800000,0.14071000,0.14139000,0.13405000,0.14066000,9138443.70000000
1609027200000,0.14060000,0.14679000,0.13318000,0.13666000,16948283.30000000
1609113600000,0.13676000,0.14448000,0.13520000,0.13875000,13308949.60000000
1609200000000,0.13854000,0.14057000,0.12928000,0.13286000,18327175.10000000
1609286400000,0.13296000,0.13700000,0.12881000,0.12934000,15293648.90000000
1609372800000,0.12933000,0.13062000,0.12411000,0.12977000,13065329.60000000
1609459200000,0.12994000,0.13888000,0.12860000,0.13561000,13878554.90000000
1609545600000,0.13567000,0.13571000,0.12701000,0.13156000,13171004.90000000
1609632000000,0.13172000,0.13699000,0.12806000,0.13500000,20306643.30000000
1609718400000,0.13500000,0.14732000,0.12800000,0.14105000,32351362.80000000
1609804800000,0.14101000,0.14820000,0.13400000,0.14654000,24622543.00000000
1609891200000,0.14654000,0.16294000,0.14255000,0.16005000,36828277.00000000
1609977600000,0.16041000,0.18879000,0.15170000,0.16388000,44221166.30000000
1610064000000,0.16391000,0.27200000,0.16391000,0.21488000,330270304.00000000
1610150400000,0.21485000,0.21701000,0.18900000,0.20456000,80561486.30000000
1610236800000,0.20456000,0.21375000,0.16800000,0.18527000,49654627.20000000
1610323200000,0.18552000,0.18586000,0.14026000,0.16323000,51940594.90000000
1610409600000,0.16325000,0.18073000,0.15629000,0.16712000,41684601.60000000
1610496000000,0.16714000,0.18097000,0.15666000,0.17980000,20969515.50000000
1610582400000,0.17980000,0.18996000,0.17233000,0.18307000,25464136.40000000
1610668800000,0.18313000,0.19790000,0.16842000,0.18883000,42653692.00000000
1610755200000,0.18890000,0.20843000,0.18653000,0.19480000,42362437.80000000
1610841600000,0.19474000,0.29881000,0.19444000,0.23114000,177231853.30000000
1610928000000,0.23117000,0.27300000,0.22690000,0.24692000,104838275.10000000
1611014400000,0.24715000,0.44399000,0.23700000,0.36023000,399731122.40000000
1611100800000,0.36149000,0.46600000,0.34862000,0.42131000,325551796.50000000
1611187200000,0.42129000,0.43621000,0.32536000,0.32925000,140033516.40000000
1611273600000,0.32928000,0.41498000,0.29000000,0.38157000,131381776.80000000
1611360000000,0.38101000,0.44754000,0.37372000,0.42973000,95854987.20000000
1611446400000,0.42918000,0.42974000,0.39578000,0.42099000,44462468.90000000
1611532800000,0.42065000,0.49500000,0.40303000,0.47220000,107200650.70000000
1611619200000,0.47218000,0.49000000,0.38379000,0.43936000,155568590.20000000
1611705600000,0.43836000,0.43935000,0.35406000,0.36313000,57011301.00000000
1611792000000,0.36294000,0.39294000,0.34221000,0.37379000,56895797.00000000
1611878400000,0.37306000,0.37499000,0.34367000,0.35973000,40365756.20000000
1611964800000,0.35937000,0.36238000,0.33000000,0.33502000,27936100.20000000
1612051200000,0.33571000,0.37300000,0.32948000,0.34366000,45265514.80000000
1612137600000,0.34293000,0.36000000,0.31426000,0.34187000,52617953.70000000
1612224000000,0.34264000,0.38645000,0.33644000,0.36510000,58119659.50000000
1612310400000,0.36541000,0.37750000,0.35716000,0.37383000,23308526.70000000
1612396800000,0.37387000,0.38228000,0.33454000,0.36555000,52576843.70000000
1612483200000,0.36530000,0.41900000,0.36072000,0.41204000,72710979.00000000
1612569600000,0.41145000,0.41700000,0.35100000,0.39170000,51943945.90000000
1612656000000,0.39222000,0.40859000,0.35645000,0.38024000,39367213.90000000
1612742400000,0.38052000,0.40900000,0.37244000,0.39831000,37525706.00000000
1612828800000,0.39873000,0.43699000,0.39018000,0.41840000,57156285.00000000
1612915200000,0.41840000,0.45430000,0.38200000,0.42595000,67014734.50000000
1613001600000,0.42579000,0.66666000,0.41846000,0.59987000,246665294.20000000
1613088000000,0.60200000,0.65883000,0.56000000,0.61036000,76011857.60000000
1613174400000,0.61039000,0.63200000,0.53601000,0.59249000,39197470.00000000
1613260800000,0.59250000,0.62399000,0.52802000,0.55135000,29487398.20000000
1613347200000,0.55080000,0.56777000,0.44489000,0.52371000,37740753.70000000
1613433600000,0.52500000,0.59000000,0.51277000,0.54418000,32794226.90000000
1613520000000,0.54409000,0.57000000,0.50000000,0.54998000,23837475.70000000
1613606400000,0.54998000,0.59123000,0.53903000,0.58712000,29831269.70000000
1613692800000,0.58876000,0.62000000,0.54918000,0.60200000,34534663.00000000
1613779200000,0.60088000,0.60596000,0.51470000,0.55072000,34473561.70000000
1613865600000,0.55072000,0.58620000,0.54068000,0.57323000,20157201.80000000
1613952000000,0.57336000,0.67490000,0.44721000,0.54271000,99764443.20000000
1614038400000,0.54389000,0.54733000,0.34560000,0.45247000,69637154.50000000
1614124800000,0.45249000,0.51000000,0.42170000,0.49174000,29492678.20000000
1614211200000,0.49174000,0.66998000,0.48900000,0.54049000,155038141.30000000
1614297600000,0.54040000,0.62300000,0.52267000,0.57809000,87807074.10000000
1614384000000,0.57790000,0.65850000,0.55164000,0.56880000,50936915.40000000
1614470400000,0.56880000,0.58925000,0.47500000,0.57548000,42931785.90000000
1614556800000,0.57542000,0.73197000,0.56264000,0.69667000,106573849.40000000
1614643200000,0.69670000,0.87500000,0.65509000,0.78650000,223655164.40000000
1614729600000,0.78567000,1.34980000,0.77049000,1.17530000,448998401.80000000
1614816000000,1.17788000,1.51926000,1.08138000,1.29987000,435990892.00000000
1614902400000,1.29716000,1.37727000,1.13853000,1.19787000,189103453.30000000
1614988800000,1.19779000,1.26000000,1.08165000,1.15390000,106250673.00000000
1615075200000,1.15550000,1.43806000,1.12202000,1.41057000,173416637.20000000
1615161600000,1.41057000,1.89000000,1.38693000,1.73127000,313386232.20000000
1615248000000,1.73285000,1.94720000,1.65055000,1.70428000,170337346.30000000
1615334400000,1.70224000,1.77000000,1.52300000,1.64608000,89992993.00000000
1615420800000,1.64856000,1.94500000,1.61017000,1.78966000,130521202.30000000
1615507200000,1.78966000,2.21000000,1.78964000,2.06814000,182596022.30000000
1615593600000,2.06745000,2.19581000,1.91604000,2.03774000,98650837.10000000
1615680000000,2.03788000,2.70000000,1.92770000,2.33000000,159689200.80000000
1615766400000,2.33000000,3.08459000,2.32434000,2.67509000,244913781.70000000
1615852800000,2.67825000,2.91941000,2.34455000,2.54945000,150907450.90000000
1615939200000,2.55142000,2.69745000,2.25000000,2.45960000,107881988.20000000
1616025600000,2.45815000,2.79400000,2.43762000,2.65051000,106489065.60000000
1616112000000,2.65254000,2.65689000,2.45494000,2.48453000,54210502.50000000
1616198400000,2.48419000,2.50369000,2.19017000,2.19916000,57226008.60000000
1616284800000,2.19916000,2.49997000,2.14333000,2.43244000,69896134.20000000
1616371200000,2.43244000,2.43830000,2.05011000,2.15720000,54084930.30000000
1616457600000,2.15862000,2.20786000,1.96330000,2.05019000,58198982.40000000
1616544000000,2.05160000,2.54748000,2.00010000,2.14789000,123236613.50000000
1616630400000,2.14788000,2.29920000,2.00500000,2.09391000,61035461.70000000
1616716800000,2.09311000,2.33500000,2.09148000,2.33499000,54711674.50000000
1616803200000,2.33497000,2.38400000,2.20191000,2.30202000,38186988.60000000
1616889600000,2.30107000,2.63000000,2.26113000,2.51112000,68918703.80000000
1616976000000,2.51058000,2.56356000,2.38000000,2.49250000,40639665.10000000
1617062400000,2.49205000,2.49963000,2.41093000,2.49174000,29588675.00000000
1617148800000,2.49060000,2.65000000,2.30691000,2.55048000,64361348.90000000
1617235200000,2.55227000,2.64000000,2.42773000,2.48930000,39308622.70000000
1617321600000,2.48887000,2.57000000,2.40887000,2.56307000,29316428.20000000
1617408000000,2.56603000,2.57777000,2.20000000,2.31414000,28701657.00000000
1617494400000,2.31312000,2.45000000,2.20000000,2.40641000,24713949.90000000
1617580800000,2.40640000,2.63597000,2.26432000,2.46647000,60405060.10000000
1617667200000,2.46501000,2.49197000,2.30001000,2.31994000,43299455.30000000
1617753600000,2.31853000,2.87800000,2.02800000,2.83000000,155233152.30000000
1617840000000,2.83633000,3.47436000,2.57656000,3.24217000,221272675.50000000
1617926400000,3.24217000,4.00000000,3.10970000,3.42571000,214684706.00000000
1618012800000,3.42587000,3.57000000,3.14000000,3.21942000,98978547.00000000
1618099200000,3.21909000,3.29610000,2.99474000,3.11876000,55364579.90000000
1618185600000,3.11766000,3.16161000,2.91000000,2.99944000,37227365.50000000
1618272000000,2.99728000,3.22892000,2.95131000,3.07597000,40288839.60000000
1618358400000,3.07495000,3.09590000,2.78226000,2.90658000,33120543.40000000
1618444800000,2.90465000,3.27000000,2.86561000,3.16843000,40681567.80000000
1618531200000,3.16855000,3.19590000,2.83448000,3.00779000,35625673.10000000
1618617600000,3.00765000,3.15418000,2.93333000,2.96076000,29194764.70000000
1618704000000,2.95997000,2.98899000,2.15382000,2.69255000,38757168.10000000
1618790400000,2.69255000,2.80000000,2.37155000,2.39609000,26465222.40000000
1618876800000,2.39527000,2.61940000,2.14990000,2.56832000,34682257.10000000
1618963200000,2.56489000,2.80000000,2.45366000,2.47423000,38195596.60000000
1619049600000,2.47617000,2.57152000,2.17500000,2.21121000,36825723.00000000
1619136000000,2.21233000,2.29667000,1.69341000,2.24075000,57724319.90000000
1619222400000,2.24433000,2.25617000,1.98822000,2.01978000,21937309.60000000
1619308800000,2.01662000,2.23390000,1.92200000,2.03130000,19767118.36000000
1619395200000,2.03260000,2.55290000,2.00360000,2.54010000,44593284.91000000
1619481600000,2.54030000,2.65000000,2.46330000,2.60090000,29291792.78000000
1619568000000,2.60070000,2.78610000,2.35590000,2.73470000,52054319.22000000
1619654400000,2.73470000,2.86600000,2.51560000,2.64080000,44687698.86000000
1619740800000,2.64200000,2.80000000,2.56470000,2.76520000,30856455.11000000
1619827200000,2.76520000,2.82800000,2.65210000,2.71900000,22589782.70000000
1619913600000,2.71940000,2.72920000,2.58540000,2.62590000,19248986.33000000
1620000000000,2.62790000,2.74000000,2.58600000,2.61770000,25059749.08000000
1620086400000,2.61900000,2.62690000,2.28400000,2.32200000,32814629.49000000
1620172800000,2.32200000,2.62780000,2.30000000,2.58600000,28526364.96000000
1620259200000,2.58580000,2.59400000,2.39400000,2.47480000,25276393.52000000
1620345600000,2.47620000,2.71980000,2.40130000,2.48890000,37438464.89000000
1620432000000,2.48870000,2.59090000,2.42310000,2.46640000,20111610.05000000
1620518400000,2.46540000,2.48210000,2.32070000,2.43490000,16344345.66000000
1620604800000,2.43500000,2.50430000,2.02080000,2.19800000,23624098.97000000
1620691200000,2.20010000,2.34900000,2.13880000,2.32880000,21318018.72000000
1620777600000,2.32680000,2.61000000,1.98940000,2.02520000,42878900.10000000
1620864000000,2.01990000,2.18050000,1.87130000,2.05560000,30565312.06000000
1620950400000,2.05720000,2.18000000,2.03580000,2.12290000,15928857.21000000
1621036800000,2.12480000,2.14870000,1.93420000,1.95240000,17847076.76000000
1621123200000,1.95000000,2.15970000,1.80310000,1.97090000,23510223.90000000
1621209600000,1.96870000,2.02220000,1.71770000,1.79860000,25964533.56000000
1621296000000,1.79680000,2.02080000,1.76950000,1.89010000,26071642.56000000
1621382400000,1.89080000,1.93740000,0.86290000,1.19430000,68567024.69000000
1621468800000,1.19430000,1.60000000,1.03000000,1.48420000,55925250.25000000
1621555200000,1.48370000,1.59300000,1.05610000,1.27780000,45740723.65000000
1621641600000,1.27900000,1.29530000,1.11230000,1.18460000,27559001.74000000
1621728000000,1.18550000,1.22330000,0.73470000,0.94340000,56541168.01000000
1621814400000,0.94240000,1.35000000,0.91210000,1.26480000,68064658.54000000
1621900800000,1.26440000,1.31130000,1.08500000,1.23770000,38888971.58000000
1621987200000,1.23820000,2.05570000,1.20050000,1.93090000,129412710.95000000
1622073600000,1.93090000,2.03570000,1.65290000,1.72740000,91245402.68000000
1622160000000,1.72840000,1.74640000,1.32880000,1.42820000,73226030.36000000
1622246400000,1.42800000,1.48110000,1.22890000,1.35240000,43514010.57000000
1622332800000,1.35100000,1.75000000,1.23510000,1.52760000,106256635.37000000
1622419200000,1.52560000,1.65820000,1.42870000,1.62580000,61863866.81000000
1622505600000,1.62510000,1.71720000,1.54500000,1.56950000,34525285.15000000
1622592000000,1.57010000,1.64600000,1.52310000,1.57940000,24686316.15000000
1622678400000,1.57940000,1.69500000,1.53590000,1.65000000,27315691.27000000
1622764800000,1.64910000,1.72000000,1.41140000,1.50000000,33507240.41000000
1622851200000,1.49960000,1.59700000,1.39600000,1.45410000,22772309.11000000
1622937600000,1.45400000,1.51870000,1.44110000,1.47870000,11044166.33000000
1623024000000,1.47920000,1.52250000,1.31890000,1.33760000,17138150.04000000
1623110400000,1.33600000,1.37100000,1.14810000,1.33080000,26916982.47000000
1623196800000,1.32950000,1.37350000,1.23500000,1.37080000,22342641.51000000
1623283200000,1.37120000,1.38180000,1.24850000,1.29240000,15461080.78000000
1623369600000,1.29230000,1.57740000,1.24500000,1.30130000,61429747.14000000
1623456000000,1.29960000,1.33890000,1.15360000,1.23700000,31590762.02000000
1623542400000,1.23730000,1.35000000,1.19710000,1.30560000,18334945.56000000
1623628800000,1.30580000,1.50700000,1.26940000,1.42690000,37866362.83000000
1623715200000,1.42680000,1.48710000,1.36920000,1.40150000,25312181.38000000
1623801600000,1.40070000,1.54400000,1.35170000,1.39840000,44701996.78000000
1623888000000,1.39820000,1.49630000,1.37230000,1.40100000,21442802.89000000
1623974400000,1.40100000,1.40230000,1.22360000,1.28050000,18131726.17000000
1624060800000,1.28210000,1.29900000,1.23310000,1.23800000,10243914.25000000
1624147200000,1.23790000,1.27140000,1.13760000,1.24910000,16004148.10000000
1624233600000,1.24950000,1.26460000,0.93170000,0.93770000,38645516.29000000
1624320000000,0.93700000,1.01070000,0.76510000,0.91810000,49949523.30000000
1624406400000,0.91810000,1.08670000,0.87520000,1.04600000,31446812.00000000
1624492800000,1.04530000,1.08000000,0.97100000,1.07420000,20922532.76000000
1624579200000,1.07430000,1.11320000,0.93040000,0.94190000,21878220.98000000
1624665600000,0.94210000,0.98740000,0.89050000,0.95300000,14848718.65000000
1624752000000,0.95300000,1.00510000,0.92800000,1.00440000,11668122.16000000
1624838400000,1.00490000,1.04010000,0.97660000,1.02930000,15653149.76000000
1624924800000,1.02820000,1.13620000,1.02520000,1.09220000,21249787.86000000
1625011200000,1.09220000,1.16470000,1.03510000,1.16310000,30674856.68000000
1625097600000,1.16370000,1.24450000,1.08020000,1.14000000,41024983.79000000
1625184000000,1.14050000,1.15880000,1.05620000,1.12290000,12783329.02000000
1625270400000,1.12210000,1.18680000,1.08500000,1.15000000,12613736.57000000
1625356800000,1.15060000,1.21760000,1.11800000,1.17110000,15261451.78000000
1625443200000,1.17010000,1.17220000,1.07160000,1.10500000,14738950.63000000
1625529600000,1.10560000,1.22620000,1.10470000,1.17540000,19130955.14000000
1625616000000,1.17550000,1.42760000,1.15200000,1.40490000,61627253.92000000
1625702400000,1.40630000,1.53000000,1.17020000,1.21080000,68822841.36000000
1625788800000,1.21130000,1.31000000,1.12220000,1.29000000,34881871.81000000
1625875200000,1.28950000,1.37800000,1.24290000,1.28730000,47090978.02000000
1625961600000,1.28660000,1.40740000,1.27340000,1.37990000,36335191.28000000
1626048000000,1.37880000,1.38390000,1.26000000,1.30580000,21577479.36000000
1626134400000,1.30500000,1.33000000,1.18170000,1.21900000,23760897.54000000
1626220800000,1.21880000,1.35110000,1.11640000,1.32060000,39149765.16000000
1626307200000,1.32060000,1.46500000,1.19210000,1.25060000,79143627.11000000
1626393600000,1.25210000,1.31210000,1.17250000,1.17970000,33536953.32000000
1626480000000,1.17950000,1.22420000,1.15490000,1.19110000,19207971.37000000
1626566400000,1.19040000,1.24940000,1.15080000,1.18470000,13698530.16000000
1626652800000,1.18540000,1.18730000,1.05690000,1.07480000,16765284.98000000
1626739200000,1.07640000,1.09120000,0.92400000,0.99530000,24640195.24000000
1626825600000,0.99520000,1.13190000,0.95810000,1.09720000,29160127.99000000
1626912000000,1.09810000,1.14480000,1.06560000,1.12350000,24268947.64000000
1626998400000,1.12350000,1.24490000,1.10300000,1.24320000,38535028.20000000
1627084800000,1.24320000,1.39200000,1.22160000,1.29880000,55035606.94000000
1627171200000,1.30020000,1.37860000,1.22870000,1.36520000,48904655.87000000
1627257600000,1.36570000,1.44440000,1.25950000,1.28620000,52193167.50000000
1627344000000,1.28760000,1.39290000,1.22300000,1.34820000,49376314.84000000
1627430400000,1.34820000,1.38100000,1.29100000,1.33180000,26939169.29000000
1627516800000,1.33200000,1.51000000,1.30560000,1.39720000,63658318.51000000
1627603200000,1.39640000,1.44500000,1.32650000,1.44170000,30137400.89000000
1627689600000,1.44270000,1.45950000,1.40010000,1.44130000,23661312.96000000
1627776000000,1.44210000,1.48900000,1.35300000,1.37190000,24529909.09000000
1627862400000,1.37220000,1.42240000,1.33920000,1.38710000,18033538.85000000
1627948800000,1.38600000,1.41810000,1.28000000,1.35500000,17452097.04000000
1628035200000,1.35450000,1.41110000,1.33340000,1.40590000,21281697.86000000
1628121600000,1.40570000,1.41520000,1.34000000,1.40780000,17032149.65000000
1628208000000,1.40780000,1.46200000,1.38230000,1.44410000,19502375.83000000
1628294400000,1.44420000,1.54660000,1.42350000,1.49630000,29589354.65000000
1628380800000,1.49820000,1.53870000,1.38440000,1.41090000,19401088.71000000
1628467200000,1.41000000,1.61290000,1.35710000,1.53160000,32614546.48000000
1628553600000,1.53220000,1.64290000,1.50840000,1.62170000,28430460.72000000
1628640000000,1.62300000,1.70000000,1.59000000,1.61860000,23029194.23000000
1628726400000,1.61840000,1.66860000,1.47900000,1.56470000,20277424.40000000
1628812800000,1.56470000,1.68000000,1.54620000,1.67640000,13750063.01000000
1628899200000,1.67560000,1.72750000,1.61400000,1.68400000,18755507.31000000
1628985600000,1.68300000,1.68710000,1.58500000,1.66640000,13399955.75000000
1629072000000,1.66610000,1.75500000,1.60000000,1.62040000,22740054.36000000
1629158400000,1.62060000,1.70760000,1.52020000,1.53590000,20630296.70000000
1629244800000,1.53610000,1.56980000,1.44370000,1.52050000,17741304.89000000
1629331200000,1.51860000,1.58300000,1.46370000,1.58220000,14588931.18000000
1629417600000,1.58220000,1.67120000,1.56340000,1.67120000,15984972.34000000
1629504000000,1.67120000,1.95900000,1.65570000,1.83740000,50339281.50000000
1629590400000,1.83710000,1.95180000,1.72100000,1.84310000,34406202.51000000
1629676800000,1.84270000,2.19880000,1.81000000,2.17960000,57128524.84000000
1629763200000,2.17840000,2.18610000,1.85660000,1.89110000,44224875.11000000
1629849600000,1.89130000,2.08000000,1.78080000,2.07210000,43730043.35000000
1629936000000,2.07240000,2.07800000,1.82000000,1.85000000,27528369.86000000
1630022400000,1.85000000,2.04290000,1.79900000,2.00100000,25868340.79000000
1630108800000,2.00300000,2.07800000,1.94600000,2.05500000,21008718.79000000
1630195200000,2.05500000,2.22300000,1.93800000,2.18300000,36322367.53000000
1630281600000,2.18200000,2.31800000,2.05400000,2.08500000,49849035.66000000
1630368000000,2.08400000,2.14900000,1.97900000,2.01900000,25365781.90000000
1630454400000,2.01900000,2.09000000,1.95100000,2.07900000,18010662.70000000
1630540800000,2.07900000,2.12300000,2.02900000,2.04600000,15238512.10000000
1630627200000,2.04700000,2.10000000,1.98700000,2.07100000,13369992.90000000
1630713600000,2.07200000,2.13600000,2.03100000,2.09700000,14740315.00000000
1630800000000,2.09600000,2.20000000,2.06300000,2.19100000,15318427.10000000
1630886400000,2.19100000,2.26200000,2.10100000,2.17900000,18519636.20000000
1630972800000,2.17900000,2.18600000,1.47000000,1.75700000,47389349.03000000
1631059200000,1.75800000,1.79800000,1.52600000,1.73000000,24796228.40000000
1631145600000,1.73000000,1.84600000,1.68400000,1.79000000,14300025.30000000
1631232000000,1.78800000,1.86600000,1.60500000,1.64600000,13245093.90000000
1631318400000,1.64500000,1.74000000,1.63100000,1.67900000,7309714.20000000
1631404800000,1.68000000,1.75800000,1.63400000,1.71200000,8042599.90000000
1631491200000,1.71000000,1.72000000,1.50800000,1.62900000,10519417.40000000
1631577600000,1.62600000,1.68400000,1.60100000,1.68100000,6070561.00000000
1631664000000,1.68200000,1.77300000,1.66100000,1.76700000,8348801.20000000
1631750400000,1.76700000,1.77600000,1.64000000,1.68100000,7991264.30000000
1631836800000,1.68000000,1.70000000,1.60200000,1.63400000,6889415.90000000
1631923200000,1.63400000,1.69400000,1.60700000,1.64600000,5953218.80000000
1632009600000,1.64600000,1.65000000,1.55000000,1.57000000,5554847.20000000
1632096000000,1.57100000,1.57500000,1.29590000,1.33900000,18690458.19000000
1632182400000,1.33900000,1.39900000,1.18600000,1.22600000,15985395.10000000
1632268800000,1.22600000,1.42200000,1.19600000,1.41300000,9598491.60000000
1632355200000,1.41300000,1.48700000,1.37500000,1.47800000,8095723.17000000
1632441600000,1.47700000,1.48800000,1.25100000,1.34400000,11874288.80000000
1632528000000,1.34300000,1.37600000,1.28400000,1.33400000,8991202.30000000
1632614400000,1.33400000,1.41100000,1.25300000,1.32700000,12942199.30000000
1632700800000,1.32700000,1.37600000,1.25800000,1.26200000,8403309.80000000
1632787200000,1.26200000,1.28500000,1.19700000,1.20300000,7270786.00000000
1632873600000,1.20300000,1.27500000,1.19400000,1.22300000,4834528.20000000
1632960000000,1.22300000,1.33700000,1.21700000,1.30800000,7152630.90000000
1633046400000,1.30900000,1.54000000,1.29000000,1.52500000,12939071.52000000
1633132800000,1.52500000,1.57400000,1.48700000,1.50500000,12067186.30000000
1633219200000,1.50500000,1.55500000,1.46600000,1.55200000,9209163.00000000
1633305600000,1.55200000,1.70000000,1.52300000,1.56600000,26001586.10000000
1633392000000,1.56900000,1.72300000,1.54900000,1.69200000,17755685.00000000
1633478400000,1.69300000,1.75500000,1.53800000,1.64500000,18929267.30000000
1633564800000,1.64700000,1.68000000,1.58900000,1.68000000,9885780.70000000
1633651200000,1.67900000,1.72900000,1.63300000,1.70000000,12242715.70000000
1633737600000,1.69900000,1.72100000,1.65200000,1.71900000,6797767.00000000
1633824000000,1.72000000,1.72200000,1.57200000,1.58000000,7719908.80000000
1633910400000,1.58000000,1.65200000,1.50600000,1.56100000,6683069.20000000
1633996800000,1.56000000,1.56000000,1.44700000,1.53500000,8525432.00000000
1634083200000,1.53500000,1.59000000,1.48800000,1.58500000,6401157.50000000
1634169600000,1.58600000,1.64900000,1.56100000,1.62000000,6981532.60000000
1634256000000,1.61900000,1.63000000,1.51800000,1.61100000,11447039.10000000
1634342400000,1.61200000,1.76500000,1.60300000,1.71900000,18277047.00000000
1634428800000,1.72000000,1.72000000,1.55000000,1.63700000,9610760.70000000
1634515200000,1.63700000,1.65100000,1.56900000,1.63600000,5567170.40000000
1634601600000,1.63400000,1.64900000,1.56000000,1.60400000,6765610.00000000
1634688000000,1.60500000,1.99300000,1.57600000,1.85000000,41854200.00000000
1634774400000,1.84800000,1.86300000,1.73400000,1.79900000,23148215.70000000
1634860800000,1.80000000,1.90500000,1.77400000,1.83500000,15177652.50000000
1634947200000,1.83500000,1.87300000,1.77800000,1.83900000,6305486.50000000
1635033600000,1.83900000,1.89600000,1.72800000,1.77200000,9873587.40000000
1635120000000,1.77100000,1.92500000,1.76200000,1.90600000,11484126.50000000
1635206400000,1.90600000,2.15400000,1.89300000,2.00800000,32972297.50000000
1635292800000,2.01000000,2.31000000,1.78700000,2.09200000,73182237.90000000
1635379200000,2.09300000,2.39600000,2.06400000,2.31700000,51397137.58000000
1635465600000,2.31900000,2.60000000,2.31400000,2.46100000,44584278.13000000
1635552000000,2.46100000,3.30000000,2.28500000,3.04600000,123527753.50000000
1635638400000,3.04600000,3.50000000,2.41900000,2.58100000,99469345.08000000
1635724800000,2.58100000,2.87800000,2.37400000,2.60000000,50160897.50000000
1635811200000,2.60100000,3.30000000,2.57000000,3.11800000,92160904.70000000
1635897600000,3.11900000,3.21400000,2.72400000,2.86100000,41706986.70000000
1635984000000,2.86300000,3.44000000,2.73000000,2.99900000,84469724.40000000
1636070400000,2.99600000,3.27000000,2.85700000,2.95800000,45549478.70000000
1636156800000,2.95700000,3.56000000,2.93900000,3.50900000,93668623.47000000
1636243200000,3.51200000,3.62900000,3.27300000,3.31300000,40747644.76000000
1636329600000,3.31300000,3.31700000,3.12200000,3.17000000,26344391.10000000
1636416000000,3.17000000,3.28000000,2.95000000,2.97700000,28722471.50000000
1636502400000,2.97700000,3.19400000,2.57700000,2.83100000,34355686.00000000
1636588800000,2.83000000,3.08000000,2.78100000,2.96800000,20198266.00000000
1636675200000,2.96600000,3.15000000,2.90800000,3.08200000,32055148.20000000
1636761600000,3.08300000,3.27400000,3.02000000,3.04100000,27790713.50000000
1636848000000,3.04100000,3.08800000,2.93900000,3.08500000,13262734.00000000
1636934400000,3.08500000,3.24200000,3.00000000,3.03300000,21386381.40000000
1637020800000,3.03300000,3.03400000,2.54000000,2.84600000,37479502.10000000
1637107200000,2.84900000,3.08900000,2.80500000,3.01700000,27606770.50000000
1637193600000,3.01700000,3.26300000,2.73800000,3.04200000,58642671.90000000
1637280000000,3.03800000,3.76200000,2.98200000,3.61300000,84089981.24000000
1637366400000,3.61600000,3.92800000,3.43900000,3.64800000,58624562.82000000
1637452800000,3.64500000,3.64800000,3.28700000,3.29500000,28945109.80000000
1637539200000,3.29500000,3.62200000,3.14400000,3.60100000,36589129.10000000
1637625600000,3.60100000,4.16200000,3.46500000,3.84600000,65906538.97000000
1637712000000,3.84600000,4.69500000,3.74800000,4.48500000,84560892.59000000
1637798400000,4.48400000,4.84500000,3.98300000,4.22100000,64124682.00000000
1637884800000,4.22100000,4.43700000,3.56400000,3.85300000,48343854.40000000
1637971200000,3.85300000,3.96700000,3.59200000,3.70400000,23207485.00000000
1638057600000,3.70400000,3.85000000,3.20000000,3.84200000,40807648.90000000
1638144000000,3.84400000,3.93600000,3.63200000,3.64900000,27351510.10000000
1638230400000,3.64900000,3.79300000,3.46900000,3.50100000,20867256.90000000
1638316800000,3.50400000,3.68900000,3.46900000,3.52900000,17337605.10000000
1638403200000,3.52900000,3.52900000,3.28000000,3.40200000,13598145.30000000
1638489600000,3.40200000,3.43900000,2.92000000,3.09700000,20089106.20000000
1638576000000,3.09800000,3.11000000,2.00000000,3.01400000,45260047.40000000
1638662400000,3.01400000,3.14000000,2.62100000,2.72800000,24823403.00000000
1638748800000,2.73000000,2.92200000,2.36600000,2.88600000,21981752.90000000
1638835200000,2.88600000,3.01000000,2.73800000,2.79900000,19156197.40000000
1638921600000,2.79900000,2.92900000,2.62600000,2.90200000,14094303.50000000
1639008000000,2.90200000,2.92200000,2.54400000,2.56800000,18580871.20000000
1639094400000,2.56700000,2.67400000,2.41300000,2.42700000,14060609.50000000
1639180800000,2.42600000,2.56800000,2.36200000,2.55100000,9116035.60000000
1639267200000,2.55100000,2.73900000,2.53000000,2.69100000,11585463.30000000
1639353600000,2.69000000,2.75600000,2.25500000,2.32300000,15267604.30000000
1639440000000,2.32300000,2.37300000,2.23500000,2.35200000,13007635.50000000
1639526400000,2.35100000,2.52100000,2.18900000,2.48600000,15525390.10000000
1639612800000,2.48700000,2.56800000,2.36300000,2.37400000,12119435.80000000
1639699200000,2.37500000,2.46000000,2.21300000,2.29900000,12939642.90000000
1639785600000,2.29700000,2.44800000,2.25600000,2.40400000,10658285.70000000
1639872000000,2.40500000,2.48900000,2.32900000,2.33500000,8702613.10000000
1639958400000,2.33400000,2.37100000,2.16100000,2.30900000,11045298.90000000
1640044800000,2.31100000,2.46900000,2.26200000,2.43600000,13280425.20000000
1640131200000,2.43500000,2.72400000,2.42900000,2.58700000,18150328.00000000
1640217600000,2.58800000,2.97900000,2.54000000,2.97800000,17922678.90000000
1640304000000,2.97800000,2.97900000,2.74800000,2.79900000,13089596.40000000
1640390400000,2.79900000,3.28000000,2.77100000,3.12800000,25781991.90000000
1640476800000,3.12800000,3.33900000,3.00000000,3.18900000,22049298.70000000
1640563200000,3.19100000,3.25200000,3.05800000,3.08100000,15805984.70000000
1640649600000,3.08100000,3.08300000,2.71000000,2.75700000,19634786.80000000
1640736000000,2.75700000,2.86400000,2.60000000,2.64800000,14281932.00000000
1640822400000,2.64600000,2.74900000,2.55200000,2.64400000,11203674.10000000
1640908800000,2.64300000,2.74300000,2.51800000,2.57500000,15144708.90000000
1640995200000,2.57600000,2.70200000,2.56200000,2.68300000,6490335.10000000
1641081600000,2.68200000,2.93300000,2.66100000,2.85400000,17881397.20000000
1641168000000,2.85500000,2.95100000,2.70900000,2.79200000,17530233.90000000
1641254400000,2.79300000,2.85900000,2.66300000,2.68800000,12944143.30000000
1641340800000,2.68700000,2.79300000,2.23800000,2.44200000,20412532.70000000
1641427200000,2.44500000,2.73300000,2.31600000,2.56800000,23130144.60000000
1641513600000,2.56700000,2.58900000,2.30300000,2.35300000,17849698.60000000
1641600000000,2.35400000,2.43700000,2.17200000,2.25800000,12375580.80000000
1641686400000,2.25700000,2.37100000,2.23500000,2.29700000,9160642.90000000
1641772800000,2.29800000,2.34700000,2.08000000,2.16700000,14548464.80000000
1641859200000,2.16600000,2.33100000,2.14300000,2.31200000,10162555.50000000
1641945600000,2.31500000,2.73300000,2.31300000,2.52000000,14096873.10000000
1642032000000,2.52000000,2.59700000,2.36300000,2.37900000,16930911.80000000
1642118400000,2.37800000,2.48900000,2.31300000,2.40800000,9527550.70000000
1642204800000,2.40900000,2.54800000,2.36400000,2.45200000,9066379.10000000
1642291200000,2.45000000,2.54200000,2.43600000,2.50800000,8500748.00000000
1642377600000,2.50800000,2.54100000,2.28300000,2.32400000,9317941.50000000
1642464000000,2.32400000,2.35100000,2.18900000,2.27300000,7535943.00000000
1642550400000,2.27600000,2.35000000,2.20400000,2.21900000,9802012.80000000
1642636800000,2.21800000,2.35500000,2.09600000,2.10900000,9132795.60000000
1642723200000,2.10600000,2.12300000,1.68000000,1.73200000,27415553.10000000
1642809600000,1.73300000,1.76600000,1.34500000,1.50800000,29148600.60000000
1642896000000,1.50600000,1.69200000,1.49300000,1.61300000,15522368.20000000
1642982400000,1.60900000,1.61100000,1.32600000,1.50300000,24296859.00000000
1643068800000,1.50300000,1.54600000,1.42900000,1.53200000,9908644.20000000
1643155200000,1.53200000,1.75000000,1.50000000,1.55200000,22819195.50000000
1643241600000,1.55300000,1.65300000,1.45400000,1.58100000,17390195.10000000
1643328000000,1.58000000,1.68900000,1.56200000,1.63800000,12089143.10000000
1643414400000,1.63800000,1.76200000,1.63000000,1.76000000,13446960.50000000
1643500800000,1.76100000,1.87900000,1.73100000,1.78400000,18122428.00000000
1643587200000,1.78600000,1.91700000,1.68200000,1.88400000,17310669.90000000
1643673600000,1.88500000,1.90700000,1.81600000,1.83700000,10911701.60000000
1643760000000,1.83800000,1.86100000,1.66400000,1.69300000,8657806.70000000
1643846400000,1.69400000,1.71200000,1.61700000,1.70100000,8125977.20000000
1643932800000,1.70000000,1.83700000,1.66200000,1.82100000,13279073.60000000
1644019200000,1.82100000,1.99400000,1.80700000,1.91500000,16052777.10000000
1644105600000,1.91600000,2.08000000,1.90200000,2.05800000,19026701.40000000
1644192000000,2.05900000,2.17000000,2.02300000,2.09000000,16570782.80000000
1644278400000,2.08900000,2.17200000,1.91400000,2.11500000,17258858.20000000
1644364800000,2.11500000,2.19000000,2.00700000,2.15600000,14738945.40000000
1644451200000,2.15600000,2.16000000,1.97300000,1.98500000,18264228.10000000
1644537600000,1.98500000,2.05500000,1.78900000,1.83000000,15482441.60000000
1644624000000,1.82900000,1.87400000,1.75200000,1.81300000,10379851.50000000
1644710400000,1.81300000,1.84000000,1.69800000,1.73400000,6675823.40000000
1644796800000,1.73400000,1.78100000,1.67400000,1.75100000,8887860.80000000
1644883200000,1.75200000,1.97900000,1.74200000,1.97700000,11299197.50000000
1644969600000,1.97700000,2.01400000,1.87900000,1.94900000,11805865.20000000
1645056000000,1.94800000,1.99700000,1.70700000,1.73800000,16565264.40000000
1645142400000,1.73800000,1.79900000,1.64700000,1.67500000,11205864.80000000
1645228800000,1.67400000,1.71500000,1.60100000,1.66000000,7199870.50000000
1645315200000,1.66000000,1.66400000,1.48400000,1.53200000,11254716.30000000
1645401600000,1.53200000,1.63700000,1.37700000,1.38500000,19328151.30000000
1645488000000,1.38600000,1.47400000,1.33600000,1.47000000,18636151.80000000
1645574400000,1.46900000,1.53800000,1.37700000,1.38600000,14588622.30000000
1645660800000,1.38600000,1.42500000,1.15500000,1.35900000,39644440.48000000
1645747200000,1.35900000,1.46600000,1.31800000,1.45100000,15040286.30000000
1645833600000,1.44900000,1.51700000,1.41500000,1.44200000,9722755.60000000
1645920000000,1.44300000,1.49300000,1.34700000,1.37500000,12341785.50000000
1646006400000,1.37500000,1.59300000,1.33600000,1.56500000,13371766.70000000
1646092800000,1.56400000,1.64300000,1.50700000,1.59800000,15474300.20000000
1646179200000,1.59900000,1.61700000,1.51600000,1.54600000,11766735.90000000
1646265600000,1.54600000,1.56100000,1.44700000,1.48000000,8248641.60000000
1646352000000,1.47900000,1.48500000,1.33800000,1.36100000,10765899.20000000
1646438400000,1.36100000,1.44100000,1.32200000,1.41900000,7422319.40000000
1646524800000,1.42000000,1.47500000,1.33500000,1.34200000,8752356.80000000
1646611200000,1.34200000,1.39700000,1.27800000,1.30500000,10424582.20000000
1646697600000,1.30600000,1.37700000,1.29600000,1.33900000,8926026.70000000
1646784000000,1.33900000,1.44600000,1.33500000,1.39300000,13667095.60000000
1646870400000,1.39400000,1.40200000,1.29700000,1.33200000,10681941.60000000
1646956800000,1.33200000,1.36900000,1.28700000,1.30800000,7587652.60000000
1647043200000,1.30700000,1.35300000,1.30400000,1.31800000,4102401.50000000
1647129600000,1.31800000,1.38500000,1.28100000,1.29600000,9846807.30000000
1647216000000,1.29600000,1.34100000,1.28000000,1.32800000,6067786.70000000
1647302400000,1.32700000,1.34400000,1.27700000,1.32400000,5310297.80000000
1647388800000,1.32400000,1.42800000,1.30100000,1.42300000,14377953.60000000
1647475200000,1.42200000,1.44400000,1.38700000,1.40400000,8901460.90000000
1647561600000,1.40400000,1.46100000,1.36500000,1.45000000,6760089.10000000
1647648000000,1.45000000,1.55200000,1.43800000,1.51100000,8831170.10000000
1647734400000,1.51000000,1.51500000,1.41600000,1.44300000,7300645.10000000
1647820800000,1.44200000,1.48200000,1.40100000,1.43500000,7494599.80000000
1647907200000,1.43500000,1.49800000,1.42600000,1.45800000,10057275.20000000
1647993600000,1.45700000,1.56600000,1.43700000,1.53000000,10770549.10000000
1648080000000,1.53000000,1.70300000,1.52900000,1.68600000,28232380.60000000
1648166400000,1.68700000,1.68900000,1.57000000,1.61500000,11536939.30000000
1648252800000,1.61500000,1.66100000,1.58500000,1.65700000,4485739.30000000
1648339200000,1.65700000,1.80000000,1.64500000,1.79200000,14208809.40000000
1648425600000,1.79200000,1.85000000,1.68000000,1.71000000,13870016.10000000
1648512000000,1.71000000,1.82500000,1.70000000,1.75100000,14324277.90000000
1648598400000,1.75100000,1.83900000,1.66500000,1.79700000,14197202.40000000
1648684800000,1.79800000,1.97300000,1.73200000,1.79700000,35653056.60000000
1648771200000,1.79500000,1.90500000,1.73100000,1.86200000,17480891.10000000
1648857600000,1.86100000,1.92900000,1.81500000,1.85700000,11792830.00000000
1648944000000,1.85700000,1.91400000,1.79500000,1.87800000,8802050.90000000
1649030400000,1.87900000,1.87900000,1.68900000,1.77600000,11594419.50000000
1649116800000,1.77600000,1.81300000,1.69100000,1.69900000,7369325.40000000
1649203200000,1.69900000,1.70000000,1.51600000,1.52200000,15711931.20000000
1649289600000,1.52100000,1.79000000,1.47600000,1.67200000,27619012.90000000
1649376000000,1.67200000,1.78000000,1.63400000,1.65200000,20508002.10000000
1649462400000,1.65200000,1.82900000,1.64600000,1.80200000,26303558.30000000
1649548800000,1.80300000,1.81100000,1.65700000,1.66600000,11927527.60000000
1649635200000,1.66600000,1.67300000,1.46500000,1.50100000,15941360.60000000
1649721600000,1.50200000,1.61800000,1.49200000,1.55700000,13825560.10000000
1649808000000,1.55800000,1.61100000,1.52400000,1.59000000,7936215.40000000
1649894400000,1.59100000,1.61400000,1.48900000,1.52500000,7094149.30000000
1649980800000,1.52600000,1.53900000,1.48000000,1.52700000,5223108.10000000
1650067200000,1.52600000,1.53900000,1.47100000,1.50500000,4532121.10000000
1650153600000,1.50600000,1.52100000,1.41500000,1.42100000,4805992.10000000
1650240000000,1.42100000,1.45200000,1.34700000,1.45000000,10101279.70000000
1650326400000,1.45100000,1.52700000,1.43100000,1.51700000,6804817.30000000
1650412800000,1.51800000,1.58300000,1.47500000,1.51700000,12089417.30000000
1650499200000,1.51700000,1.55800000,1.40800000,1.43800000,8269609.60000000
1650585600000,1.43800000,1.49100000,1.42000000,1.44200000,5112157.90000000
1650672000000,1.44100000,1.45000000,1.39100000,1.40400000,3798796.30000000
1650758400000,1.40500000,1.42000000,1.36300000,1.39000000,4560216.70000000
1650844800000,1.38900000,1.39200000,1.27900000,1.37800000,10609086.30000000
1650931200000,1.37900000,1.42200000,1.25600000,1.27700000,10428213.50000000
1651017600000,1.27700000,1.32800000,1.25600000,1.30600000,6368584.80000000
1651104000000,1.30500000,1.32800000,1.26800000,1.29700000,6279963.60000000
1651190400000,1.29800000,1.30200000,1.17700000,1.20900000,8253357.00000000
1651276800000,1.21000000,1.22400000,1.00400000,1.05700000,13521034.08000000
1651363200000,1.05800000,1.12700000,1.02100000,1.09500000,12746183.00000000
1651449600000,1.09500000,1.11800000,1.01700000,1.07100000,12409040.60000000
1651536000000,1.07200000,1.12700000,1.04100000,1.06600000,7958339.40000000
1651622400000,1.06600000,1.19000000,1.06000000,1.18000000,10435725.00000000
1651708800000,1.18100000,1.20600000,1.03100000,1.06800000,13810010.00000000
1651795200000,1.06900000,1.07700000,1.00900000,1.04800000,10085926.00000000
1651881600000,1.04900000,1.05500000,0.96800000,0.99500000,7193085.92000000
1651968000000,0.99500000,1.00100000,0.93900000,0.95800000,10477699.30000000
1652054400000,0.95900000,0.98200000,0.75700000,0.76600000,27515080.14000000
1652140800000,0.76600000,0.91400000,0.73500000,0.81500000,31692223.50000000
1652227200000,0.81500000,0.85200000,0.56100000,0.62300000,42908459.96000000
1652313600000,0.62400000,0.67200000,0.48500000,0.58000000,46829856.70000000
1652400000000,0.57900000,0.76800000,0.57500000,0.67300000,34877865.00000000
1652486400000,0.67400000,0.77900000,0.64500000,0.74400000,27870076.90000000
1652572800000,0.74500000,0.77500000,0.69800000,0.77500000,12878856.80000000
1652659200000,0.77400000,0.77400000,0.68000000,0.70400000,10857460.70000000
1652745600000,0.70400000,0.75400000,0.69400000,0.74000000,10124266.80000000
1652832000000,0.74000000,0.75200000,0.64200000,0.64600000,11838919.10000000
1652918400000,0.64600000,0.71400000,0.62400000,0.69800000,13122246.50000000
1653004800000,0.69800000,0.71300000,0.64600000,0.66400000,8877861.70000000
1653091200000,0.66400000,0.69700000,0.65300000,0.68800000,7064261.20000000
1653177600000,0.68900000,0.73300000,0.68000000,0.71700000,8613310.30000000
1653264000000,0.71600000,0.74600000,0.66400000,0.67600000,11911426.00000000
1653350400000,0.67700000,0.69500000,0.64000000,0.68500000,7562719.20000000
1653436800000,0.68500000,0.69500000,0.65600000,0.68300000,8942240.70000000
1653523200000,0.68300000,0.71200000,0.59600000,0.62800000,17909641.50000000
1653609600000,0.62700000,0.63900000,0.57800000,0.59100000,14208306.80000000
1653696000000,0.59100000,0.61000000,0.58000000,0.60000000,9253302.60000000
1653782400000,0.60000000,0.61500000,0.58000000,0.61300000,7905130.60000000
1653868800000,0.61300000,0.67800000,0.60500000,0.67200000,11664331.70000000
1653955200000,0.67200000,0.71800000,0.67000000,0.69900000,16889632.20000000
1654041600000,0.69700000,0.71000000,0.62300000,0.63500000,11502404.30000000
1654128000000,0.63500000,0.65300000,0.62100000,0.65000000,10921161.50000000
1654214400000,0.65000000,0.65200000,0.60000000,0.61200000,9043023.50000000
1654300800000,0.61100000,0.62600000,0.59600000,0.62200000,4175988.90000000
1654387200000,0.62200000,0.64200000,0.60800000,0.63200000,4448853.40000000
1654473600000,0.63100000,0.67000000,0.62900000,0.65300000,7444082.40000000
1654560000000,0.65300000,0.65300000,0.60600000,0.62500000,8791494.80000000
1654646400000,0.62600000,0.63800000,0.61000000,0.62000000,8348967.90000000
1654732800000,0.62100000,0.64700000,0.60700000,0.62300000,7657801.80000000
1654819200000,0.62200000,0.63100000,0.57200000,0.58200000,12034242.60000000
1654905600000,0.58100000,0.59900000,0.52500000,0.53900000,14136640.80000000
1654992000000,0.53900000,0.54300000,0.48700000,0.48800000,22683044.20000000
1655078400000,0.48800000,0.49500000,0.41000000,0.45000000,37085615.30000000
1655164800000,0.45000000,0.51500000,0.40900000,0.45300000,46849186.50000000
1655251200000,0.45300000,0.48500000,0.40400000,0.48400000,24605555.90000000
1655337600000,0.48400000,0.49200000,0.41700000,0.42700000,16324252.60000000
1655424000000,0.42800000,0.45800000,0.42300000,0.44000000,9383569.90000000
1655510400000,0.44000000,0.44700000,0.37800000,0.41200000,14053755.10000000
1655596800000,0.41300000,0.45100000,0.39400000,0.44200000,14127796.90000000
1655683200000,0.44200000,0.46600000,0.42400000,0.46000000,13890764.10000000
1655769600000,0.45900000,0.50100000,0.44900000,0.46900000,12427837.10000000
1655856000000,0.46900000,0.48600000,0.44600000,0.46400000,11174217.70000000
1655942400000,0.46400000,0.53900000,0.46300000,0.52300000,24447448.30000000
1656028800000,0.52300000,0.55600000,0.51300000,0.54300000,13539613.60000000
1656115200000,0.54400000,0.62300000,0.53200000,0.58500000,31204013.00000000
1656201600000,0.58600000,0.60500000,0.54700000,0.55000000,15617209.50000000
1656288000000,0.54900000,0.61400000,0.54600000,0.57200000,22967234.90000000
1656374400000,0.57200000,0.59500000,0.52300000,0.53200000,13762684.20000000
1656460800000,0.53300000,0.54200000,0.51000000,0.52400000,10496734.10000000
1656547200000,0.52400000,0.52700000,0.46300000,0.50800000,11456426.80000000
1656633600000,0.50800000,0.52200000,0.47300000,0.48000000,11959793.80000000
1656720000000,0.48000000,0.49100000,0.45800000,0.47700000,6646722.90000000
1656806400000,0.47800000,0.48600000,0.46100000,0.47900000,4883752.50000000
1656892800000,0.47900000,0.52300000,0.46700000,0.51900000,9965836.50000000
1656979200000,0.51900000,0.57200000,0.51800000,0.53800000,24610175.60000000
1657065600000,0.53800000,0.54800000,0.52000000,0.54000000,8675136.70000000
1657152000000,0.54000000,0.56900000,0.53600000,0.55500000,8944808.70000000
1657238400000,0.55500000,0.56500000,0.52500000,0.53300000,8778293.80000000
1657324800000,0.53300000,0.56700000,0.53300000,0.55700000,6456292.10000000
1657411200000,0.55600000,0.55700000,0.52000000,0.52600000,5903935.90000000
1657497600000,0.52600000,0.53100000,0.47100000,0.48000000,12565477.90000000
1657584000000,0.48000000,0.49100000,0.46200000,0.46400000,6178352.00000000
1657670400000,0.46400000,0.48600000,0.44200000,0.48400000,10049958.60000000
1657756800000,0.48400000,0.50500000,0.46300000,0.50100000,7337566.70000000
1657843200000,0.50200000,0.51600000,0.49600000,0.50200000,7033770.80000000
1657929600000,0.50100000,0.51800000,0.47000000,0.51500000,7292285.70000000
1658016000000,0.51500000,0.52500000,0.49700000,0.49800000,5796455.30000000
1658102400000,0.49800000,0.57600000,0.49700000,0.57100000,18381701.50000000
1658188800000,0.57000000,0.63500000,0.54800000,0.62400000,20583812.80000000
1658275200000,0.62500000,0.68200000,0.58400000,0.59500000,24666166.40000000
1658361600000,0.59400000,0.62600000,0.57100000,0.61500000,18473836.00000000
1658448000000,0.61500000,0.63700000,0.58400000,0.59100000,13167511.80000000
1658534400000,0.59100000,0.61500000,0.57200000,0.59400000,8603303.80000000
1658620800000,0.59300000,0.60600000,0.58200000,0.58400000,6971282.00000000
1658707200000,0.58400000,0.58800000,0.52800000,0.52900000,9456341.20000000
1658793600000,0.53000000,0.55500000,0.51800000,0.55500000,8425472.10000000
1658880000000,0.55500000,0.59700000,0.53300000,0.59600000,11698544.50000000
1658966400000,0.59700000,0.63400000,0.57300000,0.61200000,15920473.10000000
1659052800000,0.61200000,0.63300000,0.59000000,0.60300000,14370124.10000000
1659139200000,0.60400000,0.70800000,0.60000000,0.62900000,30586830.00000000
1659225600000,0.62900000,0.65900000,0.60800000,0.61300000,15785749.20000000
1659312000000,0.61200000,0.72000000,0.60900000,0.64400000,26468200.60000000
1659398400000,0.64300000,0.65400000,0.59700000,0.60700000,11784597.50000000
1659484800000,0.60800000,0.65900000,0.59400000,0.63000000,14299719.30000000
1659571200000,0.62900000,0.74900000,0.62900000,0.68300000,45797684.70000000
1659657600000,0.68300000,0.71000000,0.66900000,0.70800000,13666317.10000000
1659744000000,0.70800000,0.70900000,0.67400000,0.67700000,6146033.70000000
1659830400000,0.67700000,0.69300000,0.66300000,0.68200000,6226814.00000000
1659916800000,0.68200000,0.73900000,0.67600000,0.69900000,18427906.30000000
1660003200000,0.69900000,0.70900000,0.65100000,0.67100000,10044823.10000000
1660089600000,0.67000000,0.70100000,0.65300000,0.70000000,9871098.40000000
1660176000000,0.70000000,0.71000000,0.68700000,0.69200000,9023932.80000000
1660262400000,0.69300000,0.70500000,0.67800000,0.70400000,5028974.00000000
1660348800000,0.70400000,0.71800000,0.69600000,0.70200000,5074282.50000000
1660435200000,0.70300000,0.75100000,0.68100000,0.69800000,14006447.20000000
1660521600000,0.69800000,0.72300000,0.66900000,0.68000000,7606350.90000000
1660608000000,0.68000000,0.69100000,0.66600000,0.67300000,6786501.60000000
1660694400000,0.67200000,0.69200000,0.63600000,0.64400000,7640508.40000000
1660780800000,0.64300000,0.65700000,0.60700000,0.61600000,5473419.70000000
1660867200000,0.61600000,0.62000000,0.55100000,0.56100000,14104514.30000000
1660953600000,0.56100000,0.57700000,0.54100000,0.55800000,5577033.20000000
1661040000000,0.55800000,0.58000000,0.55100000,0.57000000,4011720.80000000
1661126400000,0.57000000,0.57000000,0.52900000,0.55300000,6632981.00000000
1661212800000,0.55300000,0.57300000,0.53400000,0.56700000,4231290.30000000
1661299200000,0.56700000,0.58000000,0.55200000,0.56100000,4984054.00000000
1661385600000,0.56100000,0.58200000,0.55800000,0.57000000,4197938.50000000
1661472000000,0.57000000,0.57600000,0.50200000,0.51000000,10125539.20000000
1661558400000,0.51000000,0.51700000,0.49800000,0.50800000,4929834.70000000
1661644800000,0.50900000,0.52000000,0.48700000,0.48900000,4240169.20000000
1661731200000,0.49000000,0.53000000,0.48500000,0.52700000,4490195.30000000
1661817600000,0.52700000,0.53700000,0.50100000,0.51400000,4741616.30000000
1661904000000,0.51500000,0.53200000,0.51400000,0.51700000,4228162.20000000
1661990400000,0.51700000,0.52200000,0.49300000,0.51700000,4287693.70000000
1662076800000,0.51700000,0.53200000,0.50000000,0.50800000,3196811.00000000
1662163200000,0.50800000,0.52400000,0.50200000,0.52000000,2195780.20000000
1662249600000,0.52100000,0.54000000,0.51800000,0.53500000,5706279.40000000
1662336000000,0.53500000,0.54300000,0.51700000,0.53100000,3820987.40000000
1662422400000,0.53300000,0.55000000,0.48100000,0.48300000,9686786.00000000
1662508800000,0.48300000,0.52600000,0.47300000,0.52100000,6472335.20000000
1662595200000,0.52200000,0.53500000,0.50400000,0.52400000,8313649.40000000
1662681600000,0.52500000,0.55460000,0.52400000,0.54690000,12129688.40000000
1662768000000,0.54660000,0.55470000,0.53540000,0.54640000,14152400.30000000
1662854400000,0.54660000,0.55930000,0.52940000,0.54280000,13270789.80000000
1662940800000,0.54280000,0.56740000,0.53160000,0.54260000,21675070.70000000
1663027200000,0.54260000,0.54780000,0.48750000,0.49330000,21266909.20000000
1663113600000,0.49330000,0.51140000,0.48840000,0.50620000,9492850.80000000
1663200000000,0.50600000,0.50860000,0.48290000,0.49040000,16934640.40000000
1663286400000,0.49050000,0.50110000,0.48300000,0.49730000,13194304.70000000
1663372800000,0.49720000,0.51580000,0.49640000,0.51490000,7889198.30000000
1663459200000,0.51500000,0.51900000,0.45980000,0.46910000,16427157.60000000
1663545600000,0.46920000,0.48720000,0.45620000,0.48410000,19308573.60000000
1663632000000,0.48420000,0.48970000,0.47120000,0.47580000,15952581.60000000
1663718400000,0.47580000,0.49550000,0.44830000,0.45390000,26237516.00000000
1663804800000,0.45400000,0.48600000,0.45300000,0.48100000,11184038.60000000
1663891200000,0.48110000,0.49450000,0.46090000,0.48190000,18802235.50000000
1663977600000,0.48200000,0.48650000,0.46510000,0.46860000,10906698.70000000
1664064000000,0.46840000,0.47610000,0.45350000,0.45830000,11112703.10000000
1664150400000,0.45810000,0.46780000,0.44680000,0.46600000,13101366.90000000
1664236800000,0.46600000,0.48440000,0.45440000,0.46100000,15632648.90000000
1664323200000,0.46080000,0.46660000,0.44190000,0.46120000,8991291.20000000
1664409600000,0.46130000,0.46490000,0.45060000,0.46220000,6807489.00000000
1664496000000,0.46240000,0.46730000,0.44870000,0.45270000,9213180.50000000
1664582400000,0.45240000,0.45610000,0.44720000,0.45030000,3281733.90000000
1664668800000,0.45030000,0.45370000,0.43460000,0.43620000,5569953.30000000
1664755200000,0.43620000,0.45260000,0.43000000,0.45120000,5125896.30000000
1664841600000,0.45120000,0.46170000,0.44920000,0.45810000,5146465.80000000
1664928000000,0.45820000,0.45970000,0.44300000,0.45420000,4945414.40000000
1665014400000,0.45440000,0.46140000,0.44370000,0.44660000,5736785.70000000
1665100800000,0.44650000,0.45270000,0.44100000,0.44840000,3439069.30000000
1665187200000,0.44840000,0.45910000,0.44200000,0.44670000,3497740.40000000
1665273600000,0.44650000,0.45550000,0.44600000,0.45210000,2090414.10000000
1665360000000,0.45210000,0.45690000,0.43390000,0.43440000,4501522.40000000
1665446400000,0.43420000,0.43430000,0.42050000,0.42690000,5020654.30000000
1665532800000,0.42710000,0.43330000,0.42450000,0.42820000,2279224.60000000
1665619200000,0.42810000,0.42910000,0.38710000,0.42580000,10622060.00000000
1665705600000,0.42560000,0.43970000,0.41370000,0.41990000,4710287.20000000
1665792000000,0.41970000,0.42760000,0.41730000,0.42590000,3400428.80000000
1665878400000,0.42600000,0.43530000,0.42240000,0.42820000,2273092.80000000
1665964800000,0.42820000,0.43810000,0.42460000,0.43610000,2628716.30000000
1666051200000,0.43610000,0.44350000,0.42520000,0.43440000,5579385.50000000
1666137600000,0.43470000,0.43930000,0.41540000,0.41920000,6842158.00000000
1666224000000,0.41920000,0.42900000,0.41110000,0.41470000,3890658.60000000
1666310400000,0.41460000,0.41580000,0.39480000,0.41490000,4592966.60000000
1666396800000,0.41510000,0.41640000,0.40940000,0.41530000,3026145.60000000
1666483200000,0.41530000,0.42460000,0.40620000,0.42280000,3465617.50000000
1666569600000,0.42300000,0.42440000,0.40760000,0.41570000,3119511.70000000
1666656000000,0.41560000,0.44570000,0.41530000,0.43420000,10456588.60000000
1666742400000,0.43390000,0.45050000,0.43320000,0.44290000,5193766.30000000
1666828800000,0.44290000,0.46290000,0.43290000,0.43620000,8599997.10000000
1666915200000,0.43630000,0.45220000,0.42830000,0.44920000,7092695.80000000
1667001600000,0.44940000,0.46480000,0.44750000,0.45580000,9351273.50000000
1667088000000,0.45560000,0.48580000,0.44990000,0.45900000,12542102.10000000
1667174400000,0.45920000,0.46390000,0.44700000,0.45330000,7626906.80000000
1667260800000,0.45360000,0.46150000,0.44320000,0.44390000,5148419.80000000
1667347200000,0.44380000,0.44600000,0.41660000,0.42550000,7586360.20000000
1667433600000,0.42550000,0.44830000,0.42430000,0.43390000,7234688.90000000
1667520000000,0.43400000,0.47660000,0.43070000,0.47540000,9110033.00000000
1667606400000,0.47550000,0.50070000,0.46780000,0.48000000,12086605.10000000
1667692800000,0.47990000,0.48330000,0.44570000,0.44720000,6667069.50000000
1667779200000,0.44710000,0.47140000,0.43760000,0.46400000,7873052.80000000
1667865600000,0.46440000,0.47420000,0.35000000,0.40490000,29053832.60000000
1667952000000,0.40440000,0.51000000,0.31180000,0.32320000,34123064.30000000
1668038400000,0.32330000,0.39240000,0.31770000,0.37250000,33679835.40000000
1668124800000,0.37250000,0.37700000,0.33210000,0.35050000,24909591.20000000
1668211200000,0.35050000,0.35830000,0.32160000,0.32520000,10041846.10000000
1668297600000,0.32540000,0.33220000,0.30550000,0.31000000,16280072.40000000
1668384000000,0.31020000,0.31960000,0.29190000,0.31280000,10732209.80000000
1668470400000,0.31310000,0.33000000,0.30720000,0.32140000,7643006.80000000
1668556800000,0.32120000,0.32840000,0.30680000,0.31130000,6399399.30000000
1668643200000,0.31090000,0.31310000,0.30060000,0.30510000,5018873.30000000
1668729600000,0.30510000,0.31260000,0.30190000,0.30840000,4936531.10000000
1668816000000,0.30840000,0.31780000,0.30140000,0.31560000,4935714.90000000
1668902400000,0.31540000,0.31940000,0.28990000,0.29250000,6181713.70000000
1668988800000,0.29240000,0.30090000,0.27660000,0.28290000,11587069.10000000
1669075200000,0.28310000,0.29720000,0.27540000,0.29540000,10324256.50000000
1669161600000,0.29530000,0.30450000,0.29330000,0.30360000,5744794.20000000
1669248000000,0.30350000,0.31710000,0.29790000,0.30550000,8140834.60000000
1669334400000,0.30560000,0.30580000,0.29430000,0.30340000,3865429.80000000
1669420800000,0.30350000,0.31790000,0.30000000,0.30340000,11833349.00000000
1669507200000,0.30340000,0.31500000,0.30210000,0.30370000,4834235.40000000
1669593600000,0.30380000,0.30660000,0.28860000,0.29590000,5386436.00000000
1669680000000,0.29590000,0.30390000,0.29190000,0.29900000,7771063.00000000
1669766400000,0.29900000,0.31390000,0.29890000,0.31280000,6460393.40000000
1669852800000,0.31260000,0.31290000,0.30310000,0.30570000,5157889.80000000
1669939200000,0.30570000,0.31760000,0.30060000,0.31330000,7992116.30000000
1670025600000,0.31360000,0.37290000,0.30210000,0.30290000,20644335.50000000
1670112000000,0.30280000,0.31790000,0.30260000,0.31200000,11331878.40000000
1670198400000,0.31190000,0.32490000,0.31110000,0.31900000,12474666.60000000
1670284800000,0.31890000,0.31920000,0.31070000,0.31310000,10807642.20000000
1670371200000,0.31320000,0.31800000,0.29340000,0.29880000,27289839.40000000
1670457600000,0.29880000,0.30800000,0.29360000,0.30570000,14822633.10000000
1670544000000,0.30570000,0.30960000,0.30110000,0.30530000,16448596.40000000
1670630400000,0.30540000,0.31000000,0.30380000,0.30790000,7627228.10000000
1670716800000,0.30800000,0.31400000,0.30230000,0.30320000,4364401.10000000
1670803200000,0.30300000,0.30340000,0.29130000,0.30060000,4399177.90000000
1670889600000,0.30060000,0.30570000,0.28470000,0.30480000,14540088.40000000
1670976000000,0.30490000,0.30940000,0.29690000,0.29970000,5959737.90000000
1671062400000,0.29980000,0.30100000,0.29080000,0.29200000,4052643.00000000
1671148800000,0.29190000,0.29380000,0.25250000,0.26040000,9352206.55000000
1671235200000,0.26030000,0.26490000,0.25200000,0.26300000,6083933.70000000
1671321600000,0.26290000,0.26380000,0.25770000,0.26140000,2617737.20000000
1671408000000,0.26150000,0.26780000,0.24290000,0.24870000,6509585.32000000
1671494400000,0.24870000,0.26620000,0.24780000,0.26420000,4601384.00000000
1671580800000,0.26440000,0.26510000,0.25710000,0.25990000,2971809.30000000
1671667200000,0.25980000,0.26320000,0.25240000,0.26230000,7040559.90000000
1671753600000,0.26240000,0.26780000,0.26110000,0.26690000,3782392.80000000
1671840000000,0.26690000,0.26770000,0.26240000,0.26420000,1762859.20000000
1671926400000,0.26410000,0.26510000,0.25720000,0.26120000,2377706.90000000
1672012800000,0.26130000,0.26500000,0.25980000,0.26480000,2059995.60000000
1672099200000,0.26500000,0.26680000,0.25460000,0.25740000,3898031.40000000
1672185600000,0.25740000,0.25800000,0.24150000,0.24300000,6114100.50000000
1672272000000,0.24300000,0.24580000,0.23420000,0.24000000,4797806.14000000
1672358400000,0.23990000,0.24080000,0.23000000,0.23730000,5957928.60000000
1672444800000,0.23730000,0.24380000,0.23730000,0.24080000,2976565.00000000
1672531200000,0.24070000,0.24460000,0.23880000,0.24310000,2198510.10000000
1672617600000,0.24330000,0.25170000,0.23700000,0.24920000,4708505.40000000
1672704000000,0.24920000,0.25050000,0.23990000,0.24430000,6834977.70000000
1672790400000,0.24420000,0.25300000,0.24300000,0.25010000,5199926.30000000
1672876800000,0.25020000,0.25640000,0.24790000,0.25030000,6108288.60000000
1672963200000,0.25030000,0.25760000,0.24640000,0.25550000,5169305.90000000
1673049600000,0.25580000,0.26990000,0.25540000,0.26150000,7654763.80000000
1673136000000,0.26160000,0.27900000,0.25610000,0.27730000,9678433.20000000
1673222400000,0.27740000,0.31050000,0.27570000,0.29020000,19864439.90000000
1673308800000,0.29030000,0.29880000,0.28310000,0.29110000,8832219.20000000
1673395200000,0.29080000,0.30240000,0.28150000,0.30120000,7169697.90000000
1673481600000,0.30130000,0.30680000,0.29000000,0.30430000,11643213.50000000
1673568000000,0.30420000,0.34210000,0.30040000,0.33450000,19675149.00000000
1673654400000,0.33440000,0.36470000,0.31970000,0.35070000,24266948.20000000
1673740800000,0.35070000,0.36590000,0.33250000,0.36120000,16936076.60000000
1673827200000,0.36130000,0.38320000,0.34620000,0.36040000,16134672.40000000
1673913600000,0.36060000,0.37520000,0.35000000,0.36000000,10021049.90000000
1674000000000,0.35980000,0.43740000,0.35980000,0.36310000,46014448.50000000
1674086400000,0.36280000,0.46960000,0.35370000,0.41270000,74583738.90000000
1674172800000,0.41260000,0.44490000,0.40660000,0.43590000,34042530.80000000
1674259200000,0.43590000,0.45500000,0.41160000,0.43580000,29763399.60000000
1674345600000,0.43580000,0.45450000,0.41630000,0.43230000,22240670.50000000
1674432000000,0.43210000,0.44780000,0.42280000,0.43160000,14078602.40000000
1674518400000,0.43140000,0.44600000,0.39280000,0.40280000,19863161.60000000
1674604800000,0.40250000,0.43230000,0.39290000,0.42630000,15918499.60000000
1674691200000,0.42610000,0.43240000,0.40840000,0.41630000,10576467.90000000
1674777600000,0.41670000,0.42640000,0.40000000,0.42530000,9429334.30000000
1674864000000,0.42550000,0.50270000,0.42520000,0.46100000,52245213.50000000
1674950400000,0.46100000,0.47830000,0.44680000,0.47280000,16083991.30000000
1675036800000,0.47250000,0.47650000,0.41900000,0.43710000,15078301.10000000
1675123200000,0.43700000,0.45780000,0.42760000,0.45760000,9889427.20000000
1675209600000,0.45780000,0.47570000,0.42820000,0.47180000,18590651.80000000
1675296000000,0.47200000,0.48710000,0.45000000,0.45970000,11219689.10000000
1675382400000,0.45940000,0.47320000,0.45170000,0.47120000,6995858.20000000
1675468800000,0.47130000,0.48970000,0.46320000,0.47580000,7981082.80000000
1675555200000,0.47580000,0.49390000,0.44270000,0.45490000,16929543.80000000
1675641600000,0.45520000,0.48680000,0.44840000,0.46230000,11563126.20000000
1675728000000,0.46230000,0.52810000,0.45400000,0.51400000,25753035.10000000
1675814400000,0.51380000,0.52990000,0.47770000,0.50290000,15224956.70000000
1675900800000,0.50290000,0.51830000,0.43130000,0.44320000,18814511.30000000
1675987200000,0.44320000,0.44910000,0.43020000,0.43950000,10447783.20000000
1676073600000,0.43930000,0.46260000,0.43510000,0.46260000,7091584.90000000
1676160000000,0.46230000,0.46630000,0.44070000,0.44730000,8965756.90000000
1676246400000,0.44670000,0.45180000,0.41150000,0.42810000,9584308.60000000
1676332800000,0.42800000,0.44430000,0.41480000,0.44320000,9682584.80000000
1676419200000,0.44320000,0.48470000,0.43830000,0.48460000,10461556.30000000
1676505600000,0.48460000,0.49580000,0.45180000,0.45380000,13046422.20000000
1676592000000,0.45380000,0.49220000,0.45310000,0.48590000,11416203.90000000
1676678400000,0.48580000,0.49660000,0.47770000,0.48920000,7251115.90000000
1676764800000,0.48910000,0.50820000,0.47230000,0.48370000,11487178.80000000
1676851200000,0.48350000,0.54030000,0.47570000,0.52130000,23022432.80000000
1676937600000,0.52110000,0.52790000,0.48630000,0.50220000,13204883.80000000
1677024000000,0.50220000,0.50640000,0.46950000,0.48750000,9873726.00000000
1677110400000,0.48750000,0.56800000,0.48750000,0.54590000,49028716.00000000
1677196800000,0.54550000,0.55100000,0.49090000,0.49920000,14084254.50000000
1677283200000,0.49920000,0.50070000,0.45490000,0.47130000,10041706.80000000
1677369600000,0.47140000,0.49530000,0.46260000,0.49070000,8550567.50000000
1677456000000,0.49070000,0.49220000,0.46930000,0.48300000,6473490.00000000
1677542400000,0.48330000,0.48380000,0.45480000,0.46220000,6070226.20000000
1677628800000,0.46220000,0.48730000,0.45670000,0.47910000,5165844.80000000
1677715200000,0.47900000,0.48040000,0.45540000,0.46470000,4603492.60000000
1677801600000,0.46470000,0.46470000,0.41720000,0.43570000,11662219.60000000
1677888000000,0.43570000,0.43970000,0.41310000,0.42370000,4922151.40000000
1677974400000,0.42370000,0.43700000,0.41450000,0.41650000,5775264.30000000
1678060800000,0.41650000,0.42740000,0.40610000,0.42550000,6913537.40000000
1678147200000,0.42570000,0.44930000,0.41790000,0.42890000,15797962.20000000
1678233600000,0.42930000,0.42970000,0.38520000,0.39130000,9827435.60000000
1678320000000,0.39110000,0.39700000,0.35080000,0.35850000,13304580.10000000
1678406400000,0.35840000,0.35970000,0.33080000,0.35680000,14066943.90000000
1678492800000,0.35680000,0.36410000,0.33230000,0.35180000,8116097.80000000
1678579200000,0.35170000,0.38500000,0.34640000,0.38350000,9321211.50000000
1678665600000,0.38380000,0.41890000,0.37440000,0.40630000,15796184.50000000
1678752000000,0.40660000,0.45100000,0.39620000,0.42890000,17328035.30000000
1678838400000,0.42880000,0.44320000,0.38060000,0.38550000,18626467.10000000
1678924800000,0.38550000,0.39490000,0.37780000,0.39030000,14050629.50000000
1679011200000,0.39030000,0.42610000,0.38530000,0.42120000,16412897.10000000
1679097600000,0.42110000,0.43960000,0.40670000,0.40930000,17782794.20000000
1679184000000,0.40940000,0.43460000,0.40920000,0.42180000,10534917.20000000
1679270400000,0.42220000,0.43650000,0.39440000,0.40020000,15283083.60000000
1679356800000,0.39990000,0.41370000,0.38230000,0.40870000,10574108.40000000
1679443200000,0.40880000,0.40950000,0.37270000,0.38400000,11685028.00000000
1679529600000,0.38390000,0.40540000,0.37760000,0.40130000,7524840.40000000
1679616000000,0.40130000,0.40210000,0.37800000,0.38580000,6673529.60000000
1679702400000,0.38580000,0.39320000,0.37510000,0.38130000,5498389.20000000
1679788800000,0.38130000,0.39250000,0.37840000,0.38980000,4763109.60000000
1679875200000,0.38980000,0.39330000,0.36180000,0.36830000,7508880.40000000
1679961600000,0.36840000,0.37760000,0.35970000,0.37620000,5924923.10000000
1680048000000,0.37620000,0.40130000,0.37620000,0.39940000,9216465.00000000
1680134400000,0.39940000,0.40790000,0.38200000,0.39150000,9933117.00000000
1680220800000,0.39140000,0.41410000,0.38080000,0.40630000,8839122.00000000
1680307200000,0.40650000,0.41730000,0.40220000,0.41400000,8170840.40000000
1680393600000,0.41400000,0.41790000,0.38730000,0.39460000,7188496.20000000
1680480000000,0.39480000,0.41690000,0.38200000,0.39990000,10271630.20000000
1680566400000,0.39980000,0.41110000,0.39240000,0.40840000,7557449.90000000
1680652800000,0.40840000,0.43290000,0.40490000,0.42730000,14666027.80000000
1680739200000,0.42720000,0.42970000,0.41080000,0.41900000,9474789.50000000
1680825600000,0.41920000,0.50200000,0.41840000,0.47180000,131326786.50000000
1680912000000,0.47180000,0.47760000,0.43860000,0.44040000,43040935.90000000
1680998400000,0.44040000,0.44770000,0.42680000,0.44350000,21126984.10000000
1681084800000,0.44360000,0.44610000,0.42050000,0.43720000,16859869.00000000
1681171200000,0.43730000,0.43800000,0.42800000,0.43130000,11973415.80000000
1681257600000,0.43130000,0.43250000,0.40530000,0.42100000,14727556.40000000
1681344000000,0.42090000,0.43460000,0.41540000,0.43450000,10836243.20000000
1681430400000,0.43440000,0.45080000,0.42650000,0.44810000,15123661.50000000
1681516800000,0.44810000,0.45320000,0.43650000,0.44510000,8834849.90000000
1681603200000,0.44510000,0.45990000,0.43470000,0.45040000,9158373.10000000
1681689600000,0.45050000,0.45530000,0.43500000,0.45170000,11005440.30000000
1681776000000,0.45160000,0.46110000,0.44270000,0.45590000,10896770.20000000
1681862400000,0.45590000,0.45600000,0.39700000,0.40920000,15498274.50000000
1681948800000,0.40920000,0.41930000,0.39200000,0.40020000,9754651.40000000
1682035200000,0.39990000,0.40710000,0.37710000,0.38310000,11268271.10000000
1682121600000,0.38310000,0.39790000,0.37970000,0.39780000,4993236.70000000
1682208000000,0.39780000,0.39780000,0.37840000,0.39080000,4793955.40000000
1682294400000,0.39080000,0.39660000,0.38270000,0.39060000,5345959.10000000
1682380800000,0.39100000,0.40010000,0.37900000,0.39760000,4663306.50000000
1682467200000,0.39760000,0.41240000,0.36820000,0.39110000,9480070.60000000
1682553600000,0.39100000,0.40350000,0.38670000,0.39880000,6287104.00000000
1682640000000,0.39880000,0.40270000,0.38750000,0.39390000,4543986.80000000
1682726400000,0.39390000,0.40000000,0.39140000,0.39750000,3809083.50000000
1682812800000,0.39750000,0.39750000,0.38240000,0.38560000,4380928.10000000
1682899200000,0.38550000,0.38800000,0.36880000,0.37540000,4079062.90000000
1682985600000,0.37540000,0.37920000,0.37050000,0.37730000,3459732.30000000
1683072000000,0.37740000,0.38700000,0.36710000,0.38630000,4134629.50000000
1683158400000,0.38620000,0.38810000,0.37800000,0.38010000,2457750.20000000
1683244800000,0.38010000,0.38820000,0.37500000,0.38500000,3265729.90000000
1683331200000,0.38520000,0.38770000,0.36360000,0.36900000,5123467.80000000
1683417600000,0.36910000,0.37050000,0.36270000,0.36440000,2765333.50000000
1683504000000,0.36430000,0.36670000,0.32790000,0.34310000,10345299.80000000
1683590400000,0.34310000,0.34810000,0.34000000,0.34320000,3337085.70000000
1683676800000,0.34330000,0.35530000,0.33180000,0.35110000,6977749.90000000
1683763200000,0.35120000,0.35120000,0.32540000,0.33260000,5603985.40000000
1683849600000,0.33280000,0.33690000,0.31990000,0.33690000,5239295.70000000
1683936000000,0.33700000,0.33800000,0.32840000,0.33240000,4212923.50000000
1684022400000,0.33260000,0.33830000,0.32810000,0.33650000,2780802.20000000
1684108800000,0.33640000,0.35090000,0.33140000,0.33820000,5597157.10000000
1684195200000,0.33810000,0.34710000,0.33250000,0.34660000,4513861.10000000
1684281600000,0.34640000,0.36610000,0.34490000,0.35550000,9639804.20000000
1684368000000,0.35550000,0.35640000,0.33630000,0.34510000,4532951.10000000
1684454400000,0.34520000,0.35070000,0.34230000,0.34590000,2697772.00000000
1684540800000,0.34540000,0.34830000,0.34070000,0.34580000,2132493.50000000
1684627200000,0.34580000,0.34660000,0.33580000,0.34010000,2820839.80000000
1684713600000,0.34030000,0.34190000,0.33330000,0.33810000,2961982.30000000
1684800000000,0.33830000,0.34580000,0.33560000,0.34000000,2919792.50000000
1684886400000,0.34000000,0.34010000,0.32100000,0.32500000,5128558.30000000
1684972800000,0.32500000,0.33730000,0.31410000,0.33290000,6478360.20000000
1685059200000,0.33290000,0.33500000,0.32630000,0.33040000,5537117.80000000
1685145600000,0.33030000,0.33740000,0.32800000,0.33660000,3194217.20000000
1685232000000,0.33640000,0.34640000,0.33460000,0.34270000,5014532.00000000
1685318400000,0.34280000,0.34460000,0.33210000,0.33350000,4048436.10000000
1685404800000,0.33360000,0.33860000,0.33050000,0.33600000,3931212.40000000
1685491200000,0.33610000,0.33920000,0.32100000,0.32420000,4079606.90000000
1685577600000,0.32450000,0.33200000,0.31850000,0.32970000,3767204.90000000
1685664000000,0.32970000,0.33390000,0.32600000,0.33290000,3121210.10000000
1685750400000,0.33290000,0.33320000,0.32620000,0.32970000,2605883.40000000
1685836800000,0.32970000,0.34040000,0.32780000,0.33540000,3558215.40000000
1685923200000,0.33540000,0.34800000,0.30060000,0.30870000,15377542.90000000
1686009600000,0.30870000,0.32690000,0.30650000,0.32310000,7562541.10000000
1686096000000,0.32310000,0.32330000,0.29650000,0.29990000,5512502.70000000
1686182400000,0.29990000,0.30880000,0.29190000,0.29970000,7171828.40000000
1686268800000,0.29980000,0.30020000,0.28710000,0.29120000,5780969.50000000
1686355200000,0.29120000,0.29120000,0.22710000,0.25070000,20123021.50000000
1686441600000,0.25080000,0.25530000,0.24640000,0.25110000,5313532.90000000
1686528000000,0.25110000,0.25470000,0.24290000,0.25410000,5055397.30000000
1686614400000,0.25420000,0.26360000,0.25200000,0.25720000,5001363.50000000
1686700800000,0.25720000,0.26310000,0.24190000,0.24810000,6209613.10000000
1686787200000,0.24810000,0.25650000,0.24210000,0.25390000,4740738.10000000
1686873600000,0.25400000,0.26140000,0.24840000,0.25860000,3901427.30000000
1686960000000,0.25880000,0.26710000,0.25740000,0.26020000,3480952.60000000
1687046400000,0.26020000,0.26330000,0.25210000,0.25590000,3122142.00000000
1687132800000,0.25610000,0.26610000,0.25350000,0.25830000,4557108.50000000
1687219200000,0.25830000,0.26850000,0.25300000,0.26790000,3970554.20000000
1687305600000,0.26790000,0.28470000,0.26660000,0.28130000,9896780.00000000
1687392000000,0.28120000,0.29070000,0.27630000,0.27850000,8270656.20000000
1687478400000,0.27860000,0.29510000,0.27830000,0.29120000,7628104.40000000
1687564800000,0.29110000,0.30000000,0.28880000,0.29690000,8857119.40000000
1687651200000,0.29700000,0.33450000,0.29700000,0.30420000,14958857.10000000
1687737600000,0.30400000,0.30450000,0.28940000,0.29250000,6255889.50000000
1687824000000,0.29260000,0.29690000,0.28640000,0.29680000,4658015.10000000
1687910400000,0.29680000,0.29680000,0.26850000,0.27700000,9929513.20000000
1687996800000,0.27700000,0.29780000,0.27620000,0.28280000,10724001.30000000
1688083200000,0.28300000,0.30240000,0.27160000,0.29700000,11795425.70000000
1688169600000,0.29710000,0.31630000,0.29370000,0.31620000,10181595.10000000
1688256000000,0.31620000,0.31950000,0.30160000,0.31170000,6412101.60000000
1688342400000,0.31200000,0.32130000,0.30910000,0.31780000,6129369.10000000
1688428800000,0.31770000,0.32880000,0.30880000,0.31360000,8507581.90000000
1688515200000,0.31370000,0.34480000,0.30680000,0.30970000,24075240.20000000
1688601600000,0.30970000,0.31660000,0.29260000,0.29290000,7498789.00000000
1688688000000,0.29290000,0.29630000,0.28980000,0.29380000,4485804.10000000
1688774400000,0.29380000,0.29740000,0.29030000,0.29520000,3234229.50000000
1688860800000,0.29520000,0.29830000,0.28930000,0.29060000,2774641.30000000
1688947200000,0.29050000,0.29730000,0.27940000,0.29050000,6511729.90000000
1689033600000,0.29050000,0.29970000,0.28820000,0.29920000,5729459.90000000
1689120000000,0.29920000,0.30900000,0.29400000,0.29700000,6958137.30000000
1689206400000,0.29700000,0.32530000,0.29040000,0.32310000,9876080.30000000
1689292800000,0.32320000,0.32770000,0.29800000,0.31040000,9527763.60000000
1689379200000,0.31040000,0.31890000,0.30700000,0.31710000,4925799.50000000
1689465600000,0.31710000,0.31860000,0.30600000,0.30750000,3746350.40000000
1689552000000,0.30760000,0.33200000,0.30590000,0.32010000,14081223.10000000
1689638400000,0.32010000,0.32320000,0.30290000,0.30960000,6553842.90000000
1689724800000,0.30950000,0.32700000,0.30630000,0.30820000,6275454.10000000
1689811200000,0.30830000,0.31650000,0.30020000,0.30520000,9266716.60000000
1689897600000,0.30530000,0.31130000,0.30330000,0.30840000,4089221.30000000
1689984000000,0.30870000,0.31310000,0.30280000,0.30650000,5454991.80000000
1690070400000,0.30630000,0.32240000,0.30440000,0.32140000,9582011.80000000
1690156800000,0.32150000,0.32500000,0.29390000,0.30230000,7503536.40000000
1690243200000,0.30230000,0.31070000,0.30050000,0.30460000,5260255.50000000
1690329600000,0.30470000,0.30630000,0.29560000,0.30200000,8940450.70000000
1690416000000,0.30220000,0.30590000,0.29590000,0.29810000,3448627.00000000
1690502400000,0.29800000,0.30390000,0.29560000,0.30160000,2325159.00000000
1690588800000,0.30160000,0.30680000,0.30140000,0.30670000,2104887.90000000
1690675200000,0.30680000,0.30950000,0.29050000,0.30290000,3978630.00000000
1690761600000,0.30300000,0.30490000,0.29250000,0.29740000,2519983.00000000
1690848000000,0.29750000,0.30070000,0.28680000,0.29890000,3461209.60000000
1690934400000,0.29890000,0.29930000,0.28730000,0.29080000,2843572.50000000
1691020800000,0.29070000,0.29260000,0.28740000,0.28930000,2385140.30000000
1691107200000,0.28940000,0.29180000,0.28440000,0.28770000,3301847.20000000
1691193600000,0.28760000,0.28970000,0.28260000,0.28830000,3750584.70000000
1691280000000,0.28830000,0.29310000,0.28530000,0.28750000,6175249.90000000
1691366400000,0.28760000,0.29350000,0.27930000,0.28740000,5373480.90000000
1691452800000,0.28740000,0.29290000,0.28470000,0.29140000,3862197.10000000
1691539200000,0.29150000,0.29210000,0.28550000,0.28800000,3217655.00000000
1691625600000,0.28800000,0.29280000,0.28770000,0.29010000,2126972.70000000
1691712000000,0.29020000,0.29350000,0.28500000,0.28840000,6435161.00000000
1691798400000,0.28850000,0.29400000,0.28710000,0.29040000,5859347.50000000
1691884800000,0.29040000,0.29730000,0.28890000,0.29160000,5379977.30000000
1691971200000,0.29140000,0.29600000,0.28660000,0.29050000,3993841.70000000
1692057600000,0.29040000,0.29120000,0.26420000,0.27570000,7273172.40000000
1692144000000,0.27560000,0.27920000,0.25520000,0.26330000,7355555.00000000
1692230400000,0.26340000,0.26530000,0.21400000,0.23720000,11403592.70000000
1692316800000,0.23720000,0.24560000,0.23630000,0.24220000,10208079.50000000
1692403200000,0.24220000,0.24690000,0.24050000,0.24500000,3664981.10000000
1692489600000,0.24500000,0.24750000,0.24230000,0.24450000,3109686.70000000
1692576000000,0.24450000,0.24560000,0.23330000,0.23970000,3944195.70000000
1692662400000,0.24010000,0.24410000,0.22950000,0.24100000,4642101.80000000
1692748800000,0.24100000,0.24760000,0.23830000,0.24520000,3583317.60000000
1692835200000,0.24520000,0.24980000,0.23790000,0.24190000,5630373.10000000
1692921600000,0.24170000,0.24260000,0.23680000,0.24040000,2746063.40000000
1693008000000,0.24010000,0.24570000,0.23950000,0.24220000,2078571.10000000
1693094400000,0.24200000,0.24300000,0.24010000,0.24230000,1549785.60000000
1693180800000,0.24220000,0.24530000,0.23630000,0.24150000,5630226.60000000
1693267200000,0.24160000,0.25560000,0.23530000,0.25230000,7115966.40000000
1693353600000,0.25240000,0.25270000,0.24450000,0.24480000,3782048.30000000
1693440000000,0.24480000,0.24710000,0.23210000,0.23410000,4876450.20000000
1693526400000,0.23390000,0.23500000,0.22500000,0.22800000,3936420.40000000
1693612800000,0.22790000,0.23220000,0.22570000,0.23170000,2568999.50000000
1693699200000,0.23190000,0.23390000,0.22810000,0.23170000,2515409.40000000
1693785600000,0.23180000,0.23750000,0.22750000,0.23120000,5056338.70000000
1693872000000,0.23120000,0.23470000,0.22760000,0.23350000,2458930.40000000
1693958400000,0.23360000,0.28450000,0.23230000,0.26890000,93952688.30000000
1694044800000,0.26890000,0.28260000,0.25550000,0.25920000,25616135.20000000
1694131200000,0.25920000,0.26480000,0.24690000,0.25380000,23967081.20000000
1694217600000,0.25380000,0.25640000,0.24780000,0.24980000,9031188.00000000
1694304000000,0.24970000,0.25540000,0.23300000,0.23710000,10633989.30000000
1694390400000,0.23700000,0.26030000,0.23330000,0.24040000,37562025.80000000
1694476800000,0.24060000,0.24510000,0.22530000,0.22610000,26939331.10000000
1694563200000,0.22600000,0.22660000,0.21590000,0.22340000,27316132.10000000
1694649600000,0.22320000,0.22680000,0.21950000,0.22460000,11959639.80000000
1694736000000,0.22460000,0.23230000,0.22180000,0.23170000,14292422.60000000
1694822400000,0.23190000,0.23650000,0.22860000,0.23290000,9309726.50000000
1694908800000,0.23290000,0.23290000,0.21960000,0.22150000,5595168.20000000
1694995200000,0.22140000,0.23920000,0.21880000,0.23150000,12114296.50000000
1695081600000,0.23160000,0.23750000,0.22960000,0.23390000,10778587.70000000
1695168000000,0.23400000,0.23520000,0.22540000,0.22850000,4569270.90000000
1695254400000,0.22850000,0.23080000,0.22080000,0.22760000,8831603.00000000
1695340800000,0.22710000,0.23030000,0.22510000,0.22910000,3514599.00000000
1695427200000,0.22920000,0.23080000,0.22650000,0.22880000,4146085.30000000
1695513600000,0.22870000,0.23170000,0.22290000,0.22410000,8605077.00000000
1695600000000,0.22400000,0.24040000,0.22370000,0.22760000,15544677.50000000
1695686400000,0.22760000,0.24000000,0.21520000,0.22130000,25883186.70000000
1695772800000,0.22110000,0.22490000,0.21950000,0.22150000,5829376.20000000
1695859200000,0.22130000,0.22770000,0.21940000,0.22240000,4711807.60000000
1695945600000,0.22250000,0.22480000,0.22060000,0.22270000,5507940.90000000
1696032000000,0.22290000,0.22820000,0.22160000,0.22440000,3991164.40000000
1696118400000,0.22440000,0.23420000,0.22390000,0.23220000,5586149.10000000
1696204800000,0.23250000,0.23470000,0.22000000,0.22320000,5273114.30000000
1696291200000,0.22310000,0.22900000,0.21980000,0.22150000,6101476.00000000
1696377600000,0.22130000,0.22840000,0.21740000,0.22590000,8999439.30000000
1696464000000,0.22590000,0.22680000,0.22030000,0.22250000,5383170.20000000
1696550400000,0.22220000,0.22790000,0.22040000,0.22600000,2999680.30000000
1696636800000,0.22610000,0.22680000,0.22140000,0.22270000,1859602.70000000
1696723200000,0.22270000,0.23200000,0.22000000,0.22680000,7008743.80000000
1696809600000,0.22670000,0.24120000,0.21680000,0.21860000,22442577.90000000
1696896000000,0.21870000,0.22420000,0.21350000,0.21480000,11784336.40000000
1696982400000,0.21480000,0.22170000,0.21210000,0.21570000,6155495.30000000
1697068800000,0.21560000,0.21570000,0.20750000,0.21090000,5871441.40000000
1697155200000,0.21090000,0.21300000,0.20910000,0.20960000,3190386.80000000
1697241600000,0.20970000,0.21220000,0.20920000,0.21070000,1754357.20000000
1697328000000,0.21070000,0.21440000,0.20950000,0.21290000,3094050.00000000
1697414400000,0.21290000,0.22230000,0.21220000,0.21700000,6155460.50000000
1697500800000,0.21710000,0.21980000,0.21120000,0.21540000,6445660.30000000
1697587200000,0.21530000,0.21690000,0.20830000,0.21000000,4931937.30000000
1697673600000,0.21000000,0.21090000,0.20400000,0.20640000,8636528.90000000
1697760000000,0.20640000,0.21180000,0.20580000,0.20800000,5383130.70000000
1697846400000,0.20820000,0.21620000,0.20720000,0.21490000,4153025.40000000
1697932800000,0.21490000,0.22080000,0.21010000,0.22050000,5586502.20000000
1698019200000,0.22050000,0.23150000,0.21780000,0.22980000,9248260.80000000
1698105600000,0.23020000,0.24310000,0.22590000,0.23770000,16645402.80000000
1698192000000,0.23770000,0.26360000,0.23330000,0.25320000,16331365.70000000
1698278400000,0.25320000,0.28570000,0.24800000,0.26380000,28613921.70000000
1698364800000,0.26380000,0.26600000,0.24880000,0.25330000,13981355.50000000
1698451200000,0.25320000,0.27900000,0.25160000,0.27140000,12267025.50000000
1698537600000,0.27140000,0.28210000,0.26510000,0.27480000,8834445.30000000
1698624000000,0.27480000,0.31590000,0.26160000,0.26800000,22074272.60000000
1698710400000,0.26810000,0.27320000,0.24210000,0.25250000,16307387.30000000
1698796800000,0.25210000,0.26890000,0.24570000,0.26690000,12685804.50000000
1698883200000,0.26710000,0.28130000,0.26530000,0.27490000,21899100.50000000
1698969600000,0.27510000,0.28610000,0.26250000,0.28190000,14757240.90000000
1699056000000,0.28210000,0.29480000,0.27710000,0.29110000,7999594.80000000
1699142400000,0.29100000,0.30430000,0.28820000,0.29600000,15577417.50000000
1699228800000,0.29610000,0.31900000,0.28960000,0.31000000,12263754.70000000
1699315200000,0.31000000,0.33300000,0.30380000,0.32260000,18290546.40000000
1699401600000,0.32260000,0.32700000,0.29740000,0.30620000,44089341.10000000
1699488000000,0.30620000,0.31970000,0.25550000,0.29220000,33412428.10000000
1699574400000,0.29220000,0.29860000,0.27860000,0.29730000,19324008.10000000
1699660800000,0.29730000,0.31230000,0.28320000,0.30540000,17652340.10000000
1699747200000,0.30580000,0.31640000,0.29260000,0.30640000,33739643.30000000
1699833600000,0.30650000,0.31860000,0.27770000,0.27800000,21970146.30000000
1699920000000,0.27810000,0.28230000,0.25100000,0.27040000,21406230.70000000
1700006400000,0.27050000,0.28570000,0.26910000,0.28490000,32403113.60000000
1700092800000,0.28490000,0.29770000,0.27310000,0.27950000,21430728.20000000
1700179200000,0.27950000,0.29150000,0.26270000,0.27390000,20080221.20000000
1700265600000,0.27400000,0.27410000,0.25400000,0.27230000,7301282.50000000
1700352000000,0.27230000,0.28140000,0.26580000,0.28010000,7277607.60000000
1700438400000,0.28040000,0.28760000,0.27470000,0.28030000,9783655.10000000
1700524800000,0.28040000,0.28610000,0.24700000,0.25020000,16213082.20000000
1700611200000,0.25010000,0.27120000,0.24910000,0.26830000,8294693.00000000
1700697600000,0.26850000,0.27150000,0.26310000,0.26750000,5935386.60000000
1700784000000,0.26750000,0.27860000,0.26590000,0.27330000,10348323.90000000
1700870400000,0.27320000,0.29050000,0.27100000,0.28950000,18512433.60000000
1700956800000,0.28990000,0.31030000,0.28500000,0.30440000,43021556.70000000
1701043200000,0.30440000,0.31000000,0.28070000,0.29240000,19757356.30000000
1701129600000,0.29260000,0.29600000,0.27700000,0.29430000,15866447.80000000
1701216000000,0.29450000,0.29570000,0.28050000,0.28430000,13065568.10000000
1701302400000,0.28440000,0.28650000,0.27510000,0.27860000,10295565.90000000
1701388800000,0.27870000,0.29530000,0.27590000,0.29400000,12292688.40000000
1701475200000,0.29430000,0.30430000,0.29210000,0.29570000,14099078.80000000
1701561600000,0.29580000,0.30110000,0.28850000,0.29240000,14790239.50000000
1701648000000,0.29260000,0.31470000,0.29220000,0.30870000,24528667.10000000
1701734400000,0.30860000,0.33300000,0.30440000,0.32900000,28539514.10000000
1701820800000,0.32910000,0.33850000,0.31210000,0.32660000,27973309.10000000
1701907200000,0.32640000,0.34150000,0.31490000,0.33680000,18505162.60000000
1701993600000,0.33670000,0.35230000,0.32900000,0.35070000,15182678.40000000
1702080000000,0.35100000,0.36900000,0.34910000,0.35260000,18113127.10000000
1702166400000,0.35240000,0.37350000,0.34570000,0.35300000,17683216.30000000
1702252800000,0.35330000,0.35490000,0.30190000,0.31800000,33967881.10000000
1702339200000,0.31800000,0.33140000,0.31580000,0.33100000,15863680.00000000
1702425600000,0.33110000,0.34110000,0.30940000,0.33670000,26751337.20000000
1702512000000,0.33690000,0.35460000,0.33350000,0.35400000,14567643.90000000
1702598400000,0.35400000,0.35440000,0.33430000,0.33560000,11281878.20000000
1702684800000,0.33600000,0.34770000,0.33120000,0.34140000,8988523.70000000
1702771200000,0.34130000,0.34240000,0.32520000,0.32580000,8973049.30000000
1702857600000,0.32560000,0.33060000,0.29920000,0.32770000,18523871.50000000
1702944000000,0.32760000,0.34000000,0.31890000,0.32200000,12011717.90000000
1703030400000,0.32190000,0.35050000,0.31750000,0.34780000,13334844.10000000
1703116800000,0.34780000,0.36330000,0.34010000,0.35890000,13333440.90000000
1703203200000,0.35910000,0.36870000,0.35110000,0.36700000,13254588.10000000
1703289600000,0.36710000,0.38430000,0.35410000,0.37920000,12612148.50000000
1703376000000,0.37930000,0.39390000,0.36770000,0.38200000,16578133.30000000
1703462400000,0.38200000,0.40510000,0.37760000,0.39440000,18495050.80000000
1703548800000,0.39440000,0.42500000,0.37500000,0.40660000,25274499.70000000
1703635200000,0.40690000,0.43000000,0.37960000,0.40880000,17841809.70000000
1703721600000,0.40870000,0.41630000,0.38210000,0.38620000,14099740.60000000
1703808000000,0.38610000,0.39820000,0.36370000,0.37170000,12319687.90000000
1703894400000,0.37180000,0.37540000,0.35910000,0.36670000,7158534.30000000
1703980800000,0.36680000,0.39040000,0.35970000,0.37900000,11874565.70000000
1704067200000,0.37920000,0.38850000,0.36530000,0.38570000,9990336.90000000
1704153600000,0.38580000,0.39580000,0.37000000,0.37850000,12157720.50000000
1704240000000,0.37850000,0.39740000,0.27740000,0.33170000,29109316.50000000
1704326400000,0.33180000,0.34500000,0.32630000,0.34030000,12471618.60000000
1704412800000,0.34010000,0.34220000,0.30790000,0.32110000,12947663.90000000
1704499200000,0.32110000,0.32120000,0.29550000,0.30520000,8337087.70000000
1704585600000,0.30520000,0.31700000,0.28590000,0.29000000,9025386.50000000
1704672000000,0.28990000,0.31980000,0.26540000,0.31820000,17987887.70000000
1704758400000,0.31830000,0.31900000,0.28360000,0.29540000,15043012.70000000
1704844800000,0.29530000,0.32440000,0.28820000,0.31690000,11405601.10000000
1704931200000,0.31700000,0.33720000,0.31450000,0.33120000,15457349.60000000
1705017600000,0.33120000,0.34400000,0.30160000,0.31400000,14651139.30000000
1705104000000,0.31410000,0.32270000,0.30300000,0.31860000,7368206.90000000
1705190400000,0.31830000,0.31920000,0.30100000,0.30150000,6398055.40000000
1705276800000,0.30150000,0.31220000,0.30060000,0.30410000,6679926.30000000
1705363200000,0.30410000,0.31500000,0.30230000,0.31200000,8480993.90000000
1705449600000,0.31190000,0.31410000,0.30300000,0.30720000,6344297.10000000
1705536000000,0.30720000,0.31120000,0.28500000,0.29080000,8135179.30000000
1705622400000,0.29090000,0.29300000,0.27070000,0.29010000,8730412.20000000
1705708800000,0.29010000,0.30130000,0.28710000,0.30110000,4911675.10000000
1705795200000,0.30110000,0.30490000,0.29040000,0.29120000,5880828.90000000
1705881600000,0.29120000,0.29310000,0.27030000,0.27240000,7964960.20000000
1705968000000,0.27230000,0.27800000,0.25360000,0.26760000,9940623.80000000
1706054400000,0.26770000,0.27910000,0.26450000,0.27330000,9753581.60000000
1706140800000,0.27330000,0.27490000,0.26760000,0.27220000,6448748.80000000
1706227200000,0.27220000,0.28650000,0.27000000,0.28620000,7198790.80000000
1706313600000,0.28620000,0.29580000,0.28400000,0.29300000,6712444.20000000
1706400000000,0.29300000,0.29660000,0.28280000,0.28630000,4342656.50000000
1706486400000,0.28640000,0.29610000,0.28470000,0.29440000,6089158.80000000
1706572800000,0.29450000,0.29880000,0.28480000,0.28700000,5004951.10000000
1706659200000,0.28690000,0.29200000,0.27620000,0.27890000,9161828.70000000
1706745600000,0.27900000,0.28560000,0.27340000,0.28430000,4127962.50000000
1706832000000,0.28430000,0.28890000,0.28080000,0.28640000,4581015.30000000
1706918400000,0.28640000,0.28800000,0.28130000,0.28280000,4464710.60000000
1707004800000,0.28270000,0.28280000,0.27490000,0.27560000,4220639.10000000
1707091200000,0.27570000,0.28160000,0.27120000,0.27720000,4355707.60000000
1707177600000,0.27730000,0.28120000,0.27350000,0.27950000,3432739.40000000
1707264000000,0.27970000,0.28840000,0.27820000,0.28550000,4862305.20000000
1707350400000,0.28560000,0.29430000,0.28430000,0.28750000,7343515.50000000
1707436800000,0.28760000,0.29780000,0.28730000,0.29610000,6644680.50000000
1707523200000,0.29640000,0.30000000,0.29150000,0.29810000,4439908.30000000
1707609600000,0.29820000,0.30750000,0.29500000,0.29650000,5321794.20000000
1707696000000,0.29660000,0.31760000,0.29330000,0.31290000,12574812.70000000
1707782400000,0.31290000,0.32000000,0.30020000,0.30990000,13498799.80000000
1707868800000,0.30990000,0.33070000,0.30830000,0.32690000,12977281.10000000
1707955200000,0.32710000,0.33120000,0.32110000,0.32710000,12206080.90000000
1708041600000,0.32720000,0.33810000,0.32090000,0.33120000,14599957.00000000
1708128000000,0.33120000,0.33320000,0.31170000,0.32500000,7623523.90000000
1708214400000,0.32500000,0.33400000,0.32080000,0.33000000,9431773.00000000
1708300800000,0.33010000,0.36500000,0.32920000,0.36050000,24068744.90000000
1708387200000,0.36040000,0.36160000,0.33000000,0.34360000,20947419.80000000
1708473600000,0.34370000,0.34520000,0.31410000,0.32870000,16776984.60000000
1708560000000,0.32900000,0.33770000,0.31840000,0.32940000,11439894.30000000
1708646400000,0.32940000,0.34110000,0.32380000,0.33800000,12127106.80000000
1708732800000,0.33810000,0.36350000,0.33210000,0.35060000,15226649.90000000
1708819200000,0.35040000,0.35920000,0.34430000,0.35780000,8490737.20000000
1708905600000,0.35780000,0.37580000,0.34900000,0.36580000,19274319.00000000
1708992000000,0.36580000,0.43100000,0.36210000,0.42260000,63888373.70000000
1709078400000,0.42260000,0.43690000,0.37890000,0.40880000,50637044.60000000
1709164800000,0.40870000,0.46670000,0.40450000,0.42550000,43749813.70000000
1709251200000,0.42570000,0.47570000,0.42430000,0.46400000,35772660.00000000
1709337600000,0.46400000,0.53200000,0.45360000,0.52460000,41070847.70000000
1709424000000,0.52460000,0.55490000,0.44820000,0.51680000,49708497.10000000
1709510400000,0.51680000,0.61890000,0.50170000,0.56960000,63006386.50000000
1709596800000,0.56970000,0.57610000,0.43600000,0.50480000,62796040.30000000
1709683200000,0.50470000,0.54910000,0.47770000,0.53900000,37419275.30000000
1709769600000,0.53870000,0.59990000,0.51390000,0.56560000,31677811.60000000
1709856000000,0.56560000,0.61760000,0.50760000,0.58560000,43482937.10000000
1709942400000,0.58570000,0.64600000,0.58180000,0.63000000,36242832.10000000
1710028800000,0.63020000,0.68670000,0.61970000,0.64340000,37837208.50000000
1710115200000,0.64350000,0.67850000,0.59000000,0.66060000,27807879.40000000
1710201600000,0.66080000,0.66870000,0.60000000,0.64920000,27976215.70000000
1710288000000,0.64920000,0.68210000,0.62710000,0.63640000,17834503.30000000
1710374400000,0.63620000,0.64700000,0.57270000,0.60990000,30117023.10000000
1710460800000,0.61000000,0.61810000,0.52000000,0.56880000,39571425.40000000
1710547200000,0.56910000,0.58380000,0.50170000,0.51400000,26548214.30000000
1710633600000,0.51400000,0.54830000,0.49440000,0.53990000,16564612.40000000
1710720000000,0.53990000,0.54550000,0.48620000,0.50170000,18537373.40000000
1710806400000,0.50140000,0.50810000,0.43840000,0.45840000,30587256.60000000
1710892800000,0.45840000,0.52000000,0.43700000,0.51490000,28739552.90000000
1710979200000,0.51490000,0.51990000,0.48990000,0.50570000,16914906.80000000
1711065600000,0.50570000,0.52800000,0.46800000,0.48490000,18456330.20000000
1711152000000,0.48480000,0.50630000,0.47920000,0.48490000,11191960.30000000
1711238400000,0.48480000,0.50510000,0.47800000,0.50320000,9394186.20000000
1711324800000,0.50310000,0.52450000,0.49480000,0.51780000,14843248.70000000
1711411200000,0.51840000,0.54240000,0.51010000,0.52240000,19996127.80000000
1711497600000,0.52270000,0.53110000,0.48470000,0.49400000,16587573.80000000
1711584000000,0.49400000,0.52010000,0.48740000,0.49950000,12511931.10000000
1711670400000,0.49970000,0.50510000,0.48490000,0.49490000,11048194.00000000
1711756800000,0.49480000,0.50360000,0.48740000,0.49160000,9295972.10000000
1711843200000,0.49150000,0.50610000,0.48870000,0.50440000,5440470.70000000
1711929600000,0.50430000,0.50610000,0.45370000,0.47160000,16578758.60000000
1712016000000,0.47150000,0.47150000,0.42360000,0.43360000,17688995.10000000
1712102400000,0.43390000,0.45240000,0.41760000,0.43550000,13858912.30000000
1712188800000,0.43520000,0.45150000,0.42100000,0.44050000,13839120.10000000
1712275200000,0.44050000,0.44140000,0.41110000,0.42950000,10291312.10000000
1712361600000,0.42960000,0.44670000,0.42790000,0.44310000,4174972.70000000
1712448000000,0.44280000,0.45120000,0.44090000,0.44680000,7190065.00000000
1712534400000,0.44680000,0.47870000,0.43680000,0.47590000,11811356.20000000
1712620800000,0.47580000,0.47920000,0.44900000,0.45280000,18772740.00000000
1712707200000,0.45250000,0.45910000,0.41990000,0.44430000,14910421.00000000
1712793600000,0.44430000,0.46500000,0.43910000,0.44520000,9508495.20000000
1712880000000,0.44510000,0.45390000,0.32000000,0.36090000,40331245.90000000
1712966400000,0.36080000,0.36100000,0.26000000,0.30840000,59828201.20000000
1713052800000,0.30840000,0.34150000,0.29400000,0.33660000,31527416.50000000
1713139200000,0.33620000,0.35190000,0.30570000,0.31660000,19818129.40000000
1713225600000,0.31690000,0.32710000,0.30300000,0.32230000,14464019.90000000
1713312000000,0.32240000,0.32670000,0.30000000,0.31700000,14171667.00000000
1713398400000,0.31670000,0.32920000,0.31000000,0.32680000,10001226.90000000
1713484800000,0.32660000,0.34600000,0.29880000,0.33190000,14293667.80000000
1713571200000,0.33210000,0.35490000,0.32820000,0.35370000,8822054.70000000
1713657600000,0.35350000,0.35510000,0.33160000,0.34110000,8976426.60000000
1713744000000,0.34130000,0.35720000,0.33880000,0.34920000,9610943.60000000
1713830400000,0.34930000,0.35440000,0.34050000,0.34760000,8106582.10000000
1713916800000,0.34760000,0.35980000,0.32710000,0.33140000,12304839.40000000
1714003200000,0.33150000,0.34300000,0.32240000,0.33780000,7833925.10000000
1714089600000,0.33780000,0.34030000,0.32440000,0.32940000,8095416.00000000
1714176000000,0.32970000,0.33110000,0.31250000,0.31700000,12024346.70000000
1714262400000,0.31710000,0.34000000,0.30060000,0.30230000,20358906.10000000
1714348800000,0.30240000,0.30940000,0.29320000,0.30150000,14077826.90000000
1714435200000,0.30170000,0.30490000,0.27420000,0.28440000,15957001.00000000
1714521600000,0.28430000,0.29730000,0.26950000,0.29410000,16016057.40000000
1714608000000,0.29390000,0.30600000,0.28650000,0.30210000,8542228.70000000
1714694400000,0.30210000,0.31800000,0.29470000,0.30900000,9423074.70000000
1714780800000,0.30910000,0.31250000,0.30540000,0.30700000,6138645.80000000
1714867200000,0.30710000,0.31150000,0.29860000,0.30820000,8605673.80000000
1714953600000,0.30830000,0.31800000,0.29940000,0.30000000,12567222.90000000
1715040000000,0.30000000,0.30690000,0.28920000,0.28970000,9869246.30000000
1715126400000,0.28960000,0.29070000,0.27930000,0.28220000,13461066.20000000
1715212800000,0.28220000,0.29920000,0.27500000,0.29590000,8448864.10000000
1715299200000,0.29590000,0.30090000,0.27990000,0.28330000,8901286.40000000
1715385600000,0.28330000,0.28930000,0.28070000,0.28300000,4328407.10000000
1715472000000,0.28300000,0.28750000,0.27920000,0.28030000,4357316.00000000
1715558400000,0.28040000,0.28740000,0.26750000,0.27940000,9288361.70000000
1715644800000,0.27940000,0.29010000,0.26950000,0.28370000,20558572.90000000
1715731200000,0.28370000,0.30080000,0.27920000,0.29930000,18372829.20000000
1715817600000,0.29930000,0.30280000,0.28760000,0.29940000,8911674.10000000
1715904000000,0.29940000,0.32690000,0.29720000,0.31920000,12499242.60000000
1715990400000,0.31930000,0.32440000,0.31430000,0.32300000,6307558.40000000
1716076800000,0.32300000,0.33000000,0.30590000,0.30790000,5732189.80000000
1716163200000,0.30790000,0.33440000,0.30280000,0.33360000,11513002.30000000
1716249600000,0.33360000,0.36420000,0.32950000,0.35680000,26795131.50000000
1716336000000,0.35680000,0.37510000,0.35060000,0.35780000,21728836.70000000
1716422400000,0.35780000,0.37090000,0.32320000,0.34870000,18896138.70000000
1716508800000,0.34870000,0.36490000,0.34080000,0.35020000,8654273.80000000
1716595200000,0.35000000,0.35660000,0.34490000,0.35200000,5456444.10000000
1716681600000,0.35190000,0.35500000,0.33820000,0.34110000,5822143.30000000
1716768000000,0.34090000,0.38900000,0.33850000,0.38460000,23012367.00000000
1716854400000,0.38440000,0.39780000,0.35750000,0.36450000,20981167.90000000
1716940800000,0.36470000,0.37230000,0.35530000,0.35670000,8152317.50000000
1717027200000,0.35720000,0.37140000,0.35100000,0.35420000,8017233.00000000
1717113600000,0.35420000,0.35640000,0.30840000,0.31750000,40187764.30000000
1717200000000,0.31750000,0.32000000,0.30920000,0.31250000,29946301.90000000
1717286400000,0.31240000,0.31590000,0.29230000,0.29860000,21513486.50000000
1717372800000,0.29850000,0.31260000,0.29600000,0.29840000,22689199.60000000
1717459200000,0.29830000,0.30400000,0.29240000,0.29480000,22859010.60000000
1717545600000,0.29490000,0.30630000,0.29480000,0.30300000,26211273.10000000
1717632000000,0.30300000,0.30550000,0.29300000,0.29900000,17700609.40000000
1717718400000,0.29920000,0.30080000,0.23230000,0.26610000,33156551.40000000
1717804800000,0.26610000,0.27050000,0.24940000,0.25190000,17611973.90000000
1717891200000,0.25200000,0.26030000,0.25000000,0.25790000,7062564.10000000
1717977600000,0.25790000,0.25800000,0.24610000,0.25000000,10282980.80000000
1718064000000,0.25010000,0.25290000,0.22900000,0.23470000,19449910.20000000
1718150400000,0.23470000,0.24640000,0.22980000,0.24000000,22935361.80000000
1718236800000,0.24000000,0.24000000,0.22330000,0.22570000,12947444.50000000
1718323200000,0.22570000,0.23040000,0.20520000,0.21340000,20670802.00000000
1718409600000,0.21340000,0.22040000,0.21220000,0.21470000,10495905.20000000
1718496000000,0.21470000,0.22160000,0.21150000,0.21970000,7090033.20000000
1718582400000,0.21970000,0.22080000,0.19570000,0.20410000,21445137.80000000
1718668800000,0.20420000,0.20530000,0.17000000,0.18790000,39499715.80000000
1718755200000,0.18790000,0.19650000,0.18610000,0.19050000,11852922.00000000
1718841600000,0.19050000,0.20150000,0.18950000,0.19180000,10584602.20000000
1718928000000,0.19170000,0.20050000,0.18950000,0.19320000,30753654.80000000
1719014400000,0.19320000,0.19490000,0.18990000,0.19140000,11629898.10000000
1719100800000,0.19140000,0.19720000,0.18270000,0.18880000,14323046.60000000
1719187200000,0.18870000,0.20120000,0.17850000,0.20080000,33931776.70000000
1719273600000,0.20080000,0.20770000,0.19890000,0.20410000,14546920.30000000
1719360000000,0.20410000,0.20750000,0.19810000,0.19980000,9509289.60000000
1719446400000,0.19980000,0.20420000,0.19450000,0.19620000,18276836.40000000
1719532800000,0.19620000,0.19850000,0.18880000,0.19100000,19249546.60000000
1719619200000,0.19100000,0.19620000,0.18600000,0.18710000,7163602.50000000
1719705600000,0.18710000,0.19470000,0.18590000,0.19460000,7023557.80000000
1719792000000,0.19460000,0.19840000,0.19310000,0.19450000,6822149.70000000
1719878400000,0.19450000,0.20020000,0.19130000,0.19190000,7084440.00000000
1719964800000,0.19190000,0.19330000,0.18230000,0.18570000,10215553.50000000
1720051200000,0.18550000,0.18620000,0.15800000,0.15930000,20013326.70000000
1720137600000,0.15940000,0.16820000,0.13510000,0.16420000,45034497.50000000
1720224000000,0.16430000,0.17290000,0.15950000,0.17140000,16784051.90000000
1720310400000,0.17130000,0.17130000,0.15850000,0.15920000,7973514.90000000
1720396800000,0.15940000,0.17000000,0.15120000,0.16310000,13422858.40000000
1720483200000,0.16310000,0.17860000,0.16130000,0.16620000,10774133.10000000
1720569600000,0.16610000,0.17190000,0.16400000,0.16590000,9207452.90000000
1720656000000,0.16580000,0.17250000,0.16140000,0.16260000,12687636.30000000
1720742400000,0.16250000,0.16550000,0.15820000,0.16470000,9618131.00000000
1720828800000,0.16470000,0.17000000,0.16260000,0.16790000,6532646.20000000
1720915200000,0.16790000,0.17860000,0.16780000,0.17690000,12459383.40000000
1721001600000,0.17680000,0.18780000,0.17630000,0.18660000,9841480.00000000
1721088000000,0.18660000,0.19280000,0.17940000,0.19030000,11364336.60000000
1721174400000,0.19020000,0.20440000,0.19020000,0.19830000,14447798.30000000
1721260800000,0.19840000,0.20310000,0.18800000,0.19320000,8867477.20000000
1721347200000,0.19320000,0.20530000,0.18860000,0.20340000,12548811.80000000
1721433600000,0.20350000,0.20590000,0.20050000,0.20190000,10158847.90000000
1721520000000,0.20190000,0.20500000,0.19050000,0.20490000,10843804.70000000
1721606400000,0.20490000,0.20540000,0.19320000,0.19400000,11694453.30000000
1721692800000,0.19400000,0.19890000,0.18070000,0.18250000,15977834.20000000
1721779200000,0.18240000,0.19380000,0.18070000,0.18180000,11807347.10000000
1721865600000,0.18180000,0.18240000,0.17120000,0.18080000,13899235.20000000
1721952000000,0.18080000,0.19030000,0.17970000,0.18930000,7821438.80000000
1722038400000,0.18930000,0.19220000,0.18320000,0.18820000,8730847.70000000
1722124800000,0.18810000,0.18920000,0.18260000,0.18460000,6221655.00000000
1722211200000,0.18470000,0.19560000,0.18410000,0.18460000,13353033.20000000
1722297600000,0.18430000,0.18940000,0.17830000,0.18110000,12814740.40000000
1722384000000,0.18100000,0.18390000,0.17290000,0.17430000,10096930.30000000
1722470400000,0.17410000,0.17610000,0.16130000,0.17320000,13856817.20000000
1722556800000,0.17320000,0.17460000,0.15860000,0.16130000,12523754.80000000
1722643200000,0.16120000,0.16530000,0.15120000,0.15240000,12717673.30000000
1722729600000,0.15240000,0.15620000,0.13890000,0.14510000,16818849.80000000
1722816000000,0.14510000,0.14680000,0.11730000,0.13620000,52446166.00000000
1722902400000,0.13620000,0.14300000,0.13310000,0.13540000,50128748.30000000
1722988800000,0.13540000,0.13900000,0.12280000,0.12560000,46925185.00000000
1723075200000,0.12570000,0.14270000,0.12390000,0.14200000,18782289.70000000
1723161600000,0.14210000,0.14250000,0.13620000,0.13960000,16738521.70000000
1723248000000,0.13960000,0.14230000,0.13770000,0.14130000,8697944.20000000
1723334400000,0.14110000,0.14290000,0.13060000,0.13220000,12714550.20000000
1723420800000,0.13220000,0.14070000,0.13070000,0.13850000,13842798.00000000
1723507200000,0.13850000,0.14330000,0.13600000,0.14140000,9660415.70000000
1723593600000,0.14130000,0.14430000,0.13470000,0.13610000,9429441.20000000
1723680000000,0.13610000,0.14060000,0.12870000,0.13090000,11620033.80000000
1723766400000,0.13090000,0.13440000,0.12780000,0.13230000,8120816.80000000
1723852800000,0.13230000,0.13400000,0.12920000,0.13390000,5328682.10000000
1723939200000,0.13390000,0.14350000,0.13200000,0.13820000,11555783.20000000
1724025600000,0.13830000,0.14110000,0.13540000,0.13880000,9143710.50000000
1724112000000,0.13860000,0.14510000,0.13850000,0.14140000,10814855.70000000
1724198400000,0.14140000,0.14780000,0.13690000,0.14600000,14739827.90000000
1724284800000,0.14600000,0.15200000,0.14430000,0.14890000,10874391.30000000
1724371200000,0.14890000,0.16250000,0.14890000,0.16100000,14933796.30000000
1724457600000,0.16100000,0.16860000,0.15840000,0.16490000,11331350.60000000
1724544000000,0.16480000,0.16510000,0.15700000,0.16100000,8928628.40000000
1724630400000,0.16110000,0.16320000,0.15220000,0.15310000,9799541.50000000
1724716800000,0.15300000,0.15690000,0.13910000,0.14290000,9659504.90000000
1724803200000,0.14280000,0.15100000,0.13730000,0.14120000,13041631.50000000
1724889600000,0.14130000,0.14890000,0.14010000,0.14420000,7943907.20000000
1724976000000,0.14410000,0.14580000,0.13540000,0.14410000,9008825.20000000
1725062400000,0.14400000,0.14510000,0.13780000,0.13860000,6760968.00000000
1725148800000,0.13850000,0.13960000,0.13070000,0.13220000,6215319.50000000
1725235200000,0.13190000,0.13860000,0.13170000,0.13810000,6437809.80000000
1725321600000,0.13800000,0.14610000,0.13340000,0.13370000,19557352.70000000
1725408000000,0.13360000,0.14070000,0.12770000,0.13910000,12611952.60000000
1725494400000,0.13910000,0.13990000,0.13260000,0.13410000,7727239.30000000
1725580800000,0.13410000,0.13910000,0.12720000,0.13180000,15490665.80000000
1725667200000,0.13180000,0.13420000,0.12990000,0.13290000,8628910.30000000
1725753600000,0.13290000,0.13950000,0.13230000,0.13790000,6335117.30000000
1725840000000,0.13800000,0.14960000,0.13690000,0.14800000,14475987.10000000
1725926400000,0.14800000,0.14980000,0.14480000,0.14760000,9085638.70000000
1726012800000,0.14760000,0.14770000,0.13660000,0.14220000,11232422.00000000
1726099200000,0.14210000,0.14580000,0.14110000,0.14460000,7042249.10000000
1726185600000,0.14450000,0.15170000,0.14170000,0.14960000,12454922.00000000
1726272000000,0.14960000,0.15050000,0.14510000,0.14700000,4914243.40000000
1726358400000,0.14700000,0.14880000,0.13550000,0.13730000,7115193.10000000
1726444800000,0.13710000,0.13940000,0.13290000,0.13450000,7893608.20000000
1726531200000,0.13440000,0.14100000,0.13290000,0.13890000,5717533.70000000
1726617600000,0.13900000,0.14540000,0.13330000,0.14520000,8951057.00000000
1726704000000,0.14540000,0.15160000,0.14540000,0.14850000,10665955.00000000
1726790400000,0.14860000,0.15660000,0.14700000,0.15220000,10905414.90000000
1726876800000,0.15220000,0.15640000,0.14830000,0.15580000,6213700.20000000
1726963200000,0.15580000,0.15630000,0.14540000,0.15080000,9007023.60000000
1727049600000,0.15060000,0.15610000,0.14710000,0.15510000,10418402.00000000
1727136000000,0.15510000,0.16130000,0.15150000,0.16070000,11765246.70000000
1727222400000,0.16080000,0.16510000,0.15680000,0.15840000,11318830.60000000
1727308800000,0.15830000,0.16620000,0.15480000,0.16540000,14042352.60000000
1727395200000,0.16530000,0.17570000,0.16520000,0.17490000,19925001.80000000
1727481600000,0.17490000,0.18000000,0.16640000,0.16950000,14067074.30000000
1727568000000,0.16960000,0.18190000,0.16530000,0.17840000,13910431.00000000
1727654400000,0.17840000,0.18400000,0.16450000,0.16580000,24846999.20000000
1727740800000,0.16580000,0.17460000,0.14380000,0.14720000,25068081.60000000
1727827200000,0.14710000,0.15560000,0.13880000,0.14290000,16468513.70000000
1727913600000,0.14280000,0.14610000,0.13560000,0.14110000,15333686.10000000
1728000000000,0.14100000,0.15090000,0.14030000,0.14870000,9530473.20000000
1728086400000,0.14870000,0.15060000,0.14580000,0.14830000,7400606.50000000
1728172800000,0.14830000,0.15080000,0.14540000,0.14950000,4715208.60000000
1728259200000,0.14970000,0.15420000,0.14760000,0.15030000,8203194.50000000
1728345600000,0.15020000,0.15340000,0.14630000,0.14860000,7391120.50000000
1728432000000,0.14860000,0.15060000,0.14020000,0.14220000,6899569.40000000
1728518400000,0.14210000,0.14560000,0.13760000,0.14410000,9836030.00000000
1728604800000,0.14420000,0.15210000,0.14400000,0.15160000,6012191.80000000
1728691200000,0.15160000,0.15440000,0.15090000,0.15140000,5247548.60000000
1728777600000,0.15150000,0.15340000,0.14630000,0.15120000,6578759.60000000
1728864000000,0.15120000,0.16040000,0.14870000,0.15930000,9481965.80000000
1728950400000,0.15940000,0.16070000,0.15030000,0.15670000,12882299.60000000
1729036800000,0.15660000,0.15700000,0.14950000,0.15180000,9455319.50000000
1729123200000,0.15180000,0.15320000,0.14430000,0.14790000,9008617.70000000
1729209600000,0.14790000,0.15480000,0.14590000,0.15400000,9187893.70000000
1729296000000,0.15420000,0.16060000,0.15240000,0.15670000,13650501.70000000
1729382400000,0.15670000,0.16870000,0.15480000,0.16860000,19342815.00000000
1729468800000,0.16870000,0.17200000,0.16040000,0.16120000,15905832.60000000
1729555200000,0.16120000,0.16690000,0.15770000,0.16320000,10141912.70000000
1729641600000,0.16320000,0.16380000,0.14870000,0.15380000,9691109.00000000
1729728000000,0.15380000,0.16300000,0.15110000,0.15900000,10085258.00000000
1729814400000,0.15910000,0.16050000,0.13630000,0.14260000,14420759.60000000
1729900800000,0.14240000,0.14820000,0.13880000,0.14420000,12982627.80000000
1729987200000,0.14420000,0.14840000,0.14120000,0.14630000,6668286.50000000
1730073600000,0.14650000,0.14880000,0.14000000,0.14740000,12639890.90000000
1730160000000,0.14750000,0.15280000,0.14690000,0.15090000,12046605.60000000
1730246400000,0.15100000,0.15140000,0.14570000,0.14830000,11625719.00000000
1730332800000,0.14830000,0.14900000,0.13770000,0.14040000,12887440.60000000
1730419200000,0.14040000,0.14410000,0.13620000,0.13860000,12691749.20000000
1730505600000,0.13850000,0.14060000,0.13450000,0.13580000,5444279.80000000
1730592000000,0.13590000,0.13650000,0.12500000,0.12990000,13546462.30000000
1730678400000,0.13000000,0.13230000,0.12390000,0.12620000,8101742.40000000
1730764800000,0.12620000,0.13530000,0.12610000,0.13330000,9570461.80000000
1730851200000,0.13330000,0.14910000,0.13330000,0.14800000,14644830.50000000
1730937600000,0.14810000,0.15220000,0.14520000,0.14940000,9412369.70000000
1731024000000,0.14940000,0.15380000,0.14620000,0.15180000,14219800.80000000
1731110400000,0.15180000,0.15770000,0.14900000,0.15740000,11560587.00000000
1731196800000,0.15760000,0.17670000,0.15520000,0.16510000,28862613.70000000
1731283200000,0.16520000,0.17510000,0.16110000,0.17440000,27607048.80000000
1731369600000,0.17440000,0.18490000,0.15680000,0.16770000,42441748.40000000
1731456000000,0.16780000,0.17020000,0.15050000,0.15900000,41156005.80000000
1731542400000,0.15890000,0.16570000,0.15110000,0.15350000,20097568.00000000
1731628800000,0.15350000,0.16180000,0.14760000,0.16160000,17466690.10000000
1731715200000,0.16170000,0.18990000,0.16030000,0.18560000,58461758.20000000
1731801600000,0.18560000,0.18560000,0.16950000,0.17340000,29253389.00000000
1731888000000,0.17340000,0.22750000,0.17220000,0.21020000,157862533.60000000
1731974400000,0.21010000,0.21730000,0.19340000,0.19950000,47332713.50000000
1732060800000,0.19940000,0.20220000,0.18490000,0.19040000,24853027.10000000
1732147200000,0.19050000,0.20350000,0.18370000,0.20050000,27653185.90000000
1732233600000,0.20040000,0.21020000,0.19180000,0.20990000,28059121.10000000
1732320000000,0.20980000,0.24230000,0.20660000,0.23970000,62087886.60000000
1732406400000,0.23970000,0.31390000,0.23720000,0.30300000,228681569.70000000
1732492800000,0.30300000,0.30510000,0.26800000,0.27480000,80657178.60000000
1732579200000,0.27450000,0.28970000,0.25520000,0.26870000,49457013.80000000
1732665600000,0.26870000,0.29760000,0.26060000,0.28600000,30923268.20000000
1732752000000,0.28600000,0.30430000,0.26990000,0.29510000,36862463.70000000
1732838400000,0.29500000,0.30580000,0.27990000,0.30300000,30968899.60000000
1732924800000,0.30300000,0.35700000,0.29510000,0.32940000,59656736.80000000
1733011200000,0.32940000,0.33490000,0.30980000,0.32580000,39391514.60000000
1733097600000,0.32580000,0.33610000,0.29990000,0.33310000,50175036.00000000
1733184000000,0.33300000,0.35380000,0.31210000,0.35110000,59105667.50000000
1733270400000,0.35120000,0.38850000,0.34290000,0.37570000,65043981.40000000
1733356800000,0.37570000,0.39480000,0.35520000,0.37550000,53865113.90000000
1733443200000,0.37560000,0.38770000,0.35350000,0.37800000,34842622.00000000
1733529600000,0.37800000,0.38190000,0.36000000,0.36450000,18677367.40000000
1733616000000,0.36420000,0.36860000,0.35510000,0.36490000,20260608.20000000
1733702400000,0.36470000,0.36490000,0.24550000,0.28670000,71049479.60000000
1733788800000,0.28660000,0.29370000,0.24670000,0.27580000,58919951.90000000
1733875200000,0.27580000,0.30900000,0.26290000,0.30160000,27008994.60000000
1733961600000,0.30140000,0.35490000,0.29740000,0.32660000,57769503.10000000
1734048000000,0.32660000,0.33360000,0.31060000,0.32490000,29671801.50000000
1734134400000,0.32490000,0.32750000,0.29300000,0.30150000,24082131.00000000
1734220800000,0.30150000,0.30920000,0.28720000,0.30420000,25036632.00000000
1734307200000,0.30430000,0.31170000,0.28260000,0.29240000,19592968.30000000
1734393600000,0.29260000,0.29540000,0.27020000,0.27500000,19446205.20000000
1734480000000,0.27540000,0.27760000,0.24170000,0.24600000,26399442.30000000
1734566400000,0.24590000,0.25090000,0.21210000,0.22100000,38237426.20000000
1734652800000,0.22100000,0.23150000,0.18650000,0.22980000,38879949.70000000
1734739200000,0.22960000,0.24670000,0.21450000,0.21900000,21435232.70000000
1734825600000,0.21910000,0.22480000,0.20820000,0.21470000,14777538.40000000
1734912000000,0.21470000,0.24310000,0.20890000,0.23700000,20348730.80000000
1734998400000,0.23700000,0.25020000,0.22780000,0.24670000,13483413.80000000
1735084800000,0.24660000,0.24810000,0.23510000,0.23800000,9185777.80000000
1735171200000,0.23790000,0.24100000,0.21570000,0.21780000,12879357.10000000
1735257600000,0.21790000,0.23410000,0.21580000,0.22090000,13626058.00000000
1735344000000,0.22100000,0.23320000,0.21870000,0.23120000,10099258.00000000
1735430400000,0.23110000,0.23510000,0.21690000,0.21900000,10831580.50000000
1735516800000,0.21880000,0.22740000,0.20780000,0.21700000,13627198.60000000
1735603200000,0.21700000,0.22060000,0.20810000,0.20920000,11574722.90000000
1735689600000,0.20900000,0.21930000,0.20450000,0.21830000,8848247.80000000
1735776000000,0.21820000,0.23160000,0.21770000,0.22600000,16116573.80000000
1735862400000,0.22620000,0.24650000,0.22250000,0.24510000,17555569.90000000
1735948800000,0.24530000,0.25010000,0.23990000,0.24290000,16680359.50000000
1736035200000,0.24290000,0.24940000,0.23610000,0.24520000,11218419.90000000
1736121600000,0.24510000,0.25510000,0.23910000,0.25010000,13967141.20000000
1736208000000,0.25010000,0.25120000,0.21970000,0.21990000,20368193.00000000
1736294400000,0.22000000,0.22330000,0.19650000,0.20980000,18692556.30000000
1736380800000,0.20960000,0.21330000,0.19550000,0.20050000,12631941.90000000
1736467200000,0.20080000,0.20910000,0.19670000,0.20340000,14054322.10000000
1736553600000,0.20330000,0.20970000,0.19860000,0.20430000,6291361.60000000
1736640000000,0.20450000,0.20540000,0.19680000,0.19920000,6484524.60000000
1736726400000,0.19930000,0.20580000,0.17640000,0.19070000,17764490.60000000
1736812800000,0.19080000,0.20290000,0.18940000,0.20010000,8450805.70000000
1736899200000,0.20010000,0.21400000,0.19370000,0.21340000,15094311.90000000
1736985600000,0.21360000,0.21400000,0.20140000,0.20330000,16782780.30000000
1737072000000,0.20330000,0.21910000,0.20320000,0.21710000,24529951.60000000
1737158400000,0.21710000,0.21950000,0.19190000,0.19630000,21391236.20000000
1737244800000,0.19620000,0.20170000,0.16810000,0.17220000,34966142.80000000
1737331200000,0.17210000,0.18630000,0.16220000,0.16830000,41794371.90000000
1737417600000,0.16830000,0.17610000,0.15980000,0.17290000,16689242.00000000
1737504000000,0.17250000,0.17650000,0.16700000,0.16770000,10657327.80000000
1737590400000,0.16770000,0.17160000,0.16180000,0.16870000,16946422.60000000
1737676800000,0.16860000,0.17150000,0.16170000,0.16270000,10306629.30000000
1737763200000,0.16260000,0.16600000,0.15960000,0.16340000,9173840.80000000
1737849600000,0.16340000,0.16830000,0.15730000,0.15750000,13911823.70000000
1737936000000,0.15740000,0.15740000,0.14070000,0.15390000,24422199.00000000
1738022400000,0.15370000,0.15610000,0.13820000,0.13930000,13930092.90000000
1738108800000,0.13900000,0.15020000,0.13840000,0.14470000,15213622.00000000
1738195200000,0.14490000,0.15900000,0.14340000,0.15220000,15832759.60000000
1738281600000,0.15250000,0.16080000,0.14900000,0.15460000,10566186.80000000
1738368000000,0.15440000,0.15680000,0.14150000,0.14250000,11195956.90000000
1738454400000,0.14240000,0.14660000,0.11400000,0.12200000,35415399.90000000
1738540800000,0.12210000,0.12730000,0.08860000,0.12600000,64965714.40000000
1738627200000,0.12600000,0.12730000,0.11170000,0.11780000,25903260.90000000
1738713600000,0.11770000,0.13360000,0.11570000,0.12110000,87147696.10000000
1738800000000,0.12100000,0.12360000,0.11170000,0.11310000,27073439.90000000
1738886400000,0.11310000,0.12420000,0.11210000,0.11570000,22224435.80000000
1738972800000,0.11580000,0.12030000,0.11040000,0.11940000,35921519.70000000
1739059200000,0.11940000,0.12260000,0.11160000,0.11730000,16712552.90000000
1739145600000,0.11720000,0.12240000,0.11220000,0.12160000,25181524.10000000
1739232000000,0.12170000,0.13200000,0.11980000,0.12100000,21757412.60000000
1739318400000,0.12090000,0.13240000,0.11720000,0.13140000,22917153.50000000
1739404800000,0.13150000,0.13220000,0.12230000,0.12470000,16687331.00000000
1739491200000,0.12470000,0.13160000,0.12370000,0.12790000,14601937.30000000
1739577600000,0.12790000,0.12870000,0.12290000,0.12500000,9567325.50000000
1739664000000,0.12490000,0.12730000,0.12100000,0.12160000,10906704.10000000
1739750400000,0.12160000,0.12550000,0.11810000,0.12150000,15538975.70000000
1739836800000,0.12140000,0.12170000,0.11050000,0.11570000,15467607.70000000
1739923200000,0.11560000,0.12110000,0.11490000,0.12060000,12386998.70000000
1740009600000,0.12060000,0.12680000,0.11990000,0.12430000,16302944.80000000
1740096000000,0.12430000,0.13010000,0.11740000,0.11900000,18757652.30000000
1740182400000,0.11910000,0.12490000,0.11800000,0.12440000,9982848.90000000
1740268800000,0.12430000,0.12520000,0.11910000,0.12100000,9614471.20000000
1740355200000,0.12090000,0.12140000,0.10240000,0.10490000,25897055.30000000
1740441600000,0.10500000,0.11280000,0.10060000,0.11050000,42552633.10000000
1740528000000,0.11060000,0.11510000,0.10750000,0.11200000,18607370.60000000
1740614400000,0.11200000,0.11730000,0.11030000,0.11400000,14055891.00000000
1740700800000,0.11390000,0.11480000,0.10360000,0.11380000,29429940.50000000
1740787200000,0.11380000,0.11430000,0.10730000,0.11050000,12168017.50000000
1740873600000,0.11050000,0.12160000,0.10880000,0.12100000,25330034.40000000
1740960000000,0.12110000,0.12220000,0.10090000,0.10260000,28660658.00000000
1741046400000,0.10250000,0.10310000,0.09310000,0.10120000,31293214.90000000
1741132800000,0.10100000,0.10540000,0.09960000,0.10480000,14623529.20000000
1741219200000,0.10470000,0.10710000,0.10000000,0.10110000,21580992.90000000
1741305600000,0.10120000,0.10730000,0.09630000,0.10160000,31532285.60000000
1741392000000,0.10160000,0.10200000,0.09870000,0.09970000,9282081.50000000
1741478400000,0.09970000,0.10050000,0.08700000,0.08880000,23250266.20000000
1741564800000,0.08890000,0.09510000,0.08280000,0.08490000,36012309.70000000
1741651200000,0.08500000,0.09200000,0.07840000,0.09050000,30860318.60000000
1741737600000,0.09050000,0.09370000,0.08670000,0.09180000,18237695.60000000
1741824000000,0.09190000,0.09260000,0.08700000,0.08910000,16669637.90000000
1741910400000,0.08910000,0.09310000,0.08880000,0.09100000,12581483.00000000
1741996800000,0.09100000,0.09330000,0.09010000,0.09240000,11293243.50000000
1742083200000,0.09230000,0.09240000,0.08610000,0.08720000,14341590.80000000
1742169600000,0.08710000,0.09320000,0.08680000,0.09200000,19096397.90000000
1742256000000,0.09200000,0.09250000,0.08770000,0.09210000,11136664.40000000
1742342400000,0.09210000,0.09540000,0.09100000,0.09510000,27846092.40000000
1742428800000,0.09520000,0.09560000,0.08950000,0.09010000,13464254.70000000
1742515200000,0.09000000,0.09130000,0.08800000,0.08930000,16857380.20000000
1742601600000,0.08930000,0.09300000,0.08920000,0.09110000,14331618.40000000
1742688000000,0.09110000,0.09420000,0.08990000,0.09160000,10096634.90000000
1742774400000,0.09150000,0.09860000,0.09020000,0.09690000,21415529.30000000
1742860800000,0.09690000,0.10010000,0.09560000,0.10000000,15590262.70000000
1742947200000,0.10010000,0.10190000,0.09560000,0.09660000,17733418.50000000
1743033600000,0.09660000,0.09920000,0.09350000,0.09580000,17594658.60000000
1743120000000,0.09580000,0.09630000,0.08610000,0.08810000,19498517.60000000
1743206400000,0.08790000,0.08850000,0.08090000,0.08250000,19657032.10000000
1743292800000,0.08250000,0.08520000,0.08170000,0.08300000,11696518.50000000
1743379200000,0.08290000,0.08350000,0.07900000,0.08070000,15952674.20000000
1743465600000,0.08060000,0.08320000,0.08020000,0.08140000,15740008.60000000
1743552000000,0.08140000,0.08140000,0.07250000,0.07380000,25265112.10000000
1743638400000,0.07370000,0.07620000,0.07100000,0.07450000,13380490.00000000
1743724800000,0.07450000,0.07500000,0.07060000,0.07350000,22958901.40000000
1743811200000,0.07340000,0.07430000,0.07150000,0.07250000,5776270.40000000
1743897600000,0.07250000,0.07280000,0.06310000,0.06490000,16155398.50000000
1743984000000,0.06490000,0.06930000,0.05920000,0.06680000,37857703.90000000
1744070400000,0.06670000,0.06850000,0.06230000,0.06290000,16242916.80000000
1744156800000,0.06300000,0.06940000,0.06060000,0.06870000,27522265.80000000
1744243200000,0.06870000,0.06880000,0.06330000,0.06470000,38172545.60000000
1744329600000,0.06470000,0.06720000,0.06440000,0.06580000,20955509.90000000
1744416000000,0.06580000,0.06950000,0.06530000,0.06890000,10771007.50000000
1744502400000,0.06900000,0.06920000,0.06260000,0.06370000,16706160.60000000
1744588800000,0.06360000,0.06620000,0.06300000,0.06330000,17907793.60000000
1744675200000,0.06330000,0.06400000,0.06070000,0.06120000,19828467.80000000
1744761600000,0.06110000,0.06180000,0.05910000,0.05990000,22379965.60000000
1744848000000,0.05990000,0.06190000,0.05920000,0.06090000,14584644.60000000
1744934400000,0.06100000,0.06320000,0.06030000,0.06270000,12280190.90000000
1745020800000,0.06270000,0.06740000,0.06270000,0.06660000,20468346.90000000
1745107200000,0.06660000,0.10270000,0.06450000,0.08860000,329900810.20000000
1745193600000,0.08870000,0.11840000,0.08530000,0.09190000,834655217.50000000
1745280000000,0.09170000,0.09780000,0.08450000,0.08900000,272276094.10000000
1745366400000,0.08890000,0.09320000,0.08610000,0.08750000,97074245.80000000
1745452800000,0.08760000,0.09280000,0.08480000,0.09160000,80404164.90000000
1745539200000,0.09170000,0.09290000,0.08830000,0.09000000,39298607.60000000
1745625600000,0.09000000,0.09480000,0.08880000,0.09040000,55977916.40000000
1745712000000,0.09040000,0.09100000,0.08320000,0.08430000,42161782.90000000
1745798400000,0.08430000,0.08720000,0.08160000,0.08670000,35805844.50000000
1745884800000,0.08680000,0.08820000,0.08090000,0.08260000,19655707.10000000
1745971200000,0.08250000,0.08590000,0.08120000,0.08480000,26654429.80000000
1746057600000,0.08490000,0.08760000,0.08410000,0.08470000,20978274.10000000
1746144000000,0.08480000,0.08630000,0.08240000,0.08400000,22370680.50000000
1746230400000,0.08400000,0.08430000,0.07610000,0.07610000,27373356.70000000
1746316800000,0.07600000,0.07620000,0.07300000,0.07510000,30670909.10000000
1746403200000,0.07520000,0.07690000,0.07220000,0.07370000,30494013.20000000
1746489600000,0.07370000,0.07580000,0.07000000,0.07410000,31647982.40000000
1746576000000,0.07400000,0.07620000,0.07100000,0.07320000,24150979.20000000
1746662400000,0.07310000,0.08400000,0.07270000,0.08340000,37178764.80000000
1746748800000,0.08330000,0.09220000,0.08330000,0.09170000,55147927.30000000
1746835200000,0.09170000,0.10230000,0.09130000,0.10050000,60110038.70000000
1746921600000,0.10050000,0.10200000,0.09370000,0.09550000,54801696.60000000
1747008000000,0.09560000,0.10030000,0.09060000,0.09670000,45621497.00000000
1747094400000,0.09660000,0.10120000,0.08920000,0.09950000,45727374.70000000
1747180800000,0.09960000,0.10380000,0.09370000,0.09430000,55085469.00000000
1747267200000,0.09440000,0.09600000,0.08630000,0.08860000,68020429.60000000
1747353600000,0.08860000,0.09550000,0.08780000,0.08870000,40702056.80000000
1747440000000,0.08870000,0.08910000,0.08380000,0.08600000,25172180.10000000
1747526400000,0.08590000,0.09410000,0.08460000,0.09150000,23948401.00000000
1747612800000,0.09150000,0.09210000,0.08340000,0.08800000,25089918.20000000
1747699200000,0.08790000,0.09030000,0.08460000,0.08840000,30232704.50000000
1747785600000,0.08850000,0.09230000,0.08600000,0.08990000,23362967.60000000
1747872000000,0.09000000,0.09580000,0.08980000,0.09560000,25398728.40000000
1747958400000,0.09570000,0.09800000,0.08520000,0.08550000,40129304.50000000
1748044800000,0.08550000,0.08770000,0.08470000,0.08530000,15842859.70000000
1748131200000,0.08520000,0.08600000,0.08060000,0.08580000,21979362.90000000
1748217600000,0.08580000,0.09090000,0.08510000,0.08750000,29081505.60000000
1748304000000,0.08750000,0.09290000,0.08460000,0.09000000,31497905.50000000
1748390400000,0.09000000,0.09450000,0.08530000,0.08860000,26931691.20000000
1748476800000,0.08870000,0.09170000,0.08270000,0.08300000,32888640.30000000
1748563200000,0.08300000,0.08350000,0.07060000,0.07130000,60937627.10000000
1748649600000,0.07130000,0.07480000,0.06860000,0.07340000,42557591.50000000
1748736000000,0.07350000,0.07520000,0.07150000,0.07470000,38144345.10000000
1748822400000,0.07470000,0.07660000,0.07210000,0.07600000,76407997.20000000
1748908800000,0.07600000,0.07860000,0.07480000,0.07590000,57473145.20000000
1748995200000,0.07600000,0.07820000,0.07250000,0.07340000,49983418.10000000
1749081600000,0.07340000,0.07720000,0.06880000,0.07050000,58676047.20000000
1749168000000,0.07060000,0.07480000,0.06970000,0.07220000,21329377.50000000
1749254400000,0.07220000,0.07620000,0.07180000,0.07570000,11767653.90000000
1749340800000,0.07570000,0.07650000,0.07380000,0.07510000,10639715.80000000
1749427200000,0.07510000,0.07860000,0.07260000,0.07840000,14137130.70000000
1749513600000,0.07840000,0.08180000,0.07750000,0.08180000,17172758.90000000
1749600000000,0.08170000,0.08170000,0.07540000,0.07610000,19170713.30000000
1749686400000,0.07610000,0.07620000,0.07090000,0.07150000,28516087.30000000
1749772800000,0.07150000,0.07150000,0.06400000,0.06850000,52913956.00000000
1749859200000,0.06850000,0.06880000,0.06570000,0.06760000,14371381.80000000
1749945600000,0.06760000,0.06920000,0.06690000,0.06850000,14050420.90000000
1750032000000,0.06850000,0.07190000,0.06760000,0.06820000,20188247.20000000
1750118400000,0.06820000,0.06960000,0.06490000,0.06600000,22149522.20000000
1750204800000,0.06600000,0.06720000,0.06290000,0.06590000,18241895.10000000
1750291200000,0.06590000,0.06660000,0.06340000,0.06530000,17412068.00000000
1750377600000,0.06540000,0.06720000,0.06230000,0.06360000,33625349.80000000
1750464000000,0.06360000,0.06480000,0.05890000,0.06010000,18437735.60000000
1750550400000,0.06020000,0.06090000,0.05500000,0.05850000,34878272.60000000
1750636800000,0.05850000,0.06570000,0.05810000,0.06540000,29216475.80000000
1750723200000,0.06550000,0.06720000,0.06460000,0.06580000,18969022.40000000
1750809600000,0.06570000,0.06620000,0.06350000,0.06400000,17388372.00000000
1750896000000,0.06410000,0.06580000,0.06240000,0.06300000,19600284.40000000
1750982400000,0.06300000,0.06480000,0.06190000,0.06370000,16661088.20000000
1751068800000,0.06370000,0.06540000,0.06270000,0.06500000,7597457.80000000
1751155200000,0.06500000,0.06900000,0.06430000,0.06830000,19698896.90000000
1751241600000,0.06840000,0.06860000,0.06450000,0.06580000,20981749.80000000
1751328000000,0.06590000,0.06610000,0.06260000,0.06340000,17392682.30000000
1751414400000,0.06340000,0.07020000,0.06240000,0.06850000,19925758.40000000
1751500800000,0.06860000,0.07010000,0.06710000,0.06900000,19169004.40000000
1751587200000,0.06890000,0.06940000,0.06360000,0.06420000,15096699.20000000
1751673600000,0.06420000,0.06540000,0.06320000,0.06450000,11606556.70000000
1751760000000,0.06450000,0.06690000,0.06380000,0.06560000,15151011.80000000
1751846400000,0.06570000,0.06650000,0.06420000,0.06500000,12233197.40000000
1751932800000,0.06510000,0.06690000,0.06380000,0.06640000,19647035.60000000
1752019200000,0.06650000,0.07050000,0.06550000,0.07010000,21023940.00000000
1752105600000,0.07030000,0.07570000,0.06950000,0.07510000,28304508.40000000
1752192000000,0.07510000,0.07940000,0.07400000,0.07570000,35416251.20000000
1752278400000,0.07570000,0.07780000,0.07310000,0.07570000,23576844.90000000
1752364800000,0.07560000,0.08020000,0.07510000,0.07820000,33523552.30000000
1752451200000,0.07830000,0.08220000,0.07640000,0.07770000,35939894.30000000
1752537600000,0.07760000,0.08050000,0.07440000,0.08030000,26779842.70000000
1752624000000,0.08030000,0.08360000,0.07850000,0.08110000,23046607.80000000
1752710400000,0.08120000,0.08250000,0.07810000,0.08010000,26953711.80000000
1752796800000,0.08010000,0.08680000,0.07850000,0.08100000,38405866.70000000
1752883200000,0.08110000,0.08380000,0.07920000,0.08370000,17032077.30000000
1752969600000,0.08370000,0.09230000,0.08300000,0.09070000,40177139.70000000
1753056000000,0.09080000,0.09410000,0.08850000,0.09180000,38192130.60000000
1753142400000,0.09180000,0.09210000,0.08680000,0.09160000,30839884.00000000
1753228800000,0.09160000,0.09160000,0.07890000,0.08150000,46124469.90000000
1753315200000,0.08150000,0.08250000,0.07490000,0.07810000,48237039.60000000
1753401600000,0.07800000,0.08020000,0.07510000,0.08010000,25183631.50000000
1753488000000,0.08010000,0.08080000,0.07900000,0.07930000,16713122.30000000
1753574400000,0.07930000,0.08280000,0.07910000,0.08250000,22791601.70000000
1753660800000,0.08270000,0.08400000,0.07540000,0.07620000,33561145.20000000
1753747200000,0.07620000,0.07890000,0.07280000,0.07490000,29825448.60000000
1753833600000,0.07490000,0.07510000,0.06940000,0.07310000,36625776.30000000
1753920000000,0.07310000,0.07540000,0.06850000,0.06890000,28805394.10000000
1754006400000,0.06900000,0.06980000,0.06530000,0.06710000,35857002.50000000
1754092800000,0.06710000,0.06880000,0.06480000,0.06670000,26268960.50000000
1754179200000,0.06670000,0.06940000,0.06560000,0.06910000,13057174.40000000
1754265600000,0.06910000,0.07210000,0.06880000,0.07190000,18511107.50000000
1754352000000,0.07180000,0.07230000,0.06740000,0.06930000,22521876.30000000
1754438400000,0.06930000,0.07090000,0.06750000,0.07010000,21210371.70000000
1754524800000,0.07010000,0.07240000,0.06900000,0.07210000,27204424.40000000
1754611200000,0.07220000,0.07400000,0.07120000,0.07340000,35853209.70000000
1754697600000,0.07350000,0.07650000,0.07320000,0.07530000,24847244.20000000
1754784000000,0.07540000,0.07700000,0.07220000,0.07420000,26515308.50000000
1754870400000,0.07410000,0.07620000,0.06930000,0.06990000,32823142.40000000
1754956800000,0.06990000,0.07530000,0.06850000,0.07450000,33204060.90000000
1755043200000,0.07460000,0.07930000,0.07400000,0.07880000,45957991.70000000
1755129600000,0.07880000,0.07980000,0.06970000,0.07100000,61789715.40000000
1755216000000,0.07090000,0.07270000,0.06620000,0.06780000,47630181.70000000
1755302400000,0.06780000,0.07070000,0.06770000,0.07020000,27603185.30000000
1755388800000,0.07020000,0.07370000,0.06960000,0.07130000,26502509.70000000
1755475200000,0.07130000,0.07140000,0.06720000,0.06850000,24137101.10000000
1755561600000,0.06850000,0.06980000,0.06560000,0.06560000,25277755.60000000
1755648000000,0.06570000,0.07040000,0.06560000,0.07010000,20697667.20000000
1755734400000,0.07010000,0.07090000,0.06770000,0.06860000,24994898.40000000
1755820800000,0.06860000,0.07590000,0.06620000,0.07550000,32999672.60000000
1755907200000,0.07560000,0.07600000,0.07300000,0.07500000,23819993.80000000
1755993600000,0.07510000,0.07550000,0.07050000,0.07180000,34506500.40000000
1756080000000,0.07180000,0.07320000,0.06450000,0.06540000,34586561.50000000
1756166400000,0.06540000,0.06880000,0.06460000,0.06820000,21911244.10000000
1756252800000,0.06810000,0.06870000,0.06660000,0.06730000,19296806.40000000
1756339200000,0.06730000,0.07030000,0.06680000,0.07030000,15578150.30000000
1756425600000,0.07030000,0.07070000,0.06470000,0.06620000,21805928.60000000
1756512000000,0.06620000,0.06870000,0.06510000,0.06800000,13004888.90000000
1756598400000,0.06800000,0.07050000,0.06730000,0.06730000,18997427.80000000
1756684800000,0.06730000,0.06910000,0.06380000,0.06560000,23853737.50000000
1756771200000,0.06550000,0.06790000,0.06520000,0.06780000,17509570.00000000
1756857600000,0.06790000,0.06860000,0.06670000,0.06780000,16233883.90000000
1756944000000,0.06790000,0.06830000,0.06500000,0.06560000,20132576.40000000
1757030400000,0.06560000,0.06830000,0.06530000,0.06670000,26314755.50000000
1757116800000,0.06670000,0.06700000,0.06490000,0.06570000,14951312.20000000
1757203200000,0.06570000,0.06680000,0.06570000,0.06640000,12418774.90000000
1757289600000,0.06650000,0.06860000,0.06600000,0.06820000,15217218.00000000
1757376000000,0.06830000,0.07120000,0.06750000,0.06940000,25065325.60000000
1757462400000,0.06940000,0.07140000,0.06880000,0.07050000,17496074.90000000
1757548800000,0.07050000,0.07250000,0.06910000,0.07050000,21284254.40000000
1757635200000,0.07060000,0.07250000,0.06940000,0.07250000,15658348.40000000
1757721600000,0.07250000,0.07470000,0.07180000,0.07360000,14324317.10000000
1757808000000,0.07360000,0.07380000,0.06890000,0.06950000,12927431.20000000
1757894400000,0.06950000,0.07070000,0.06630000,0.06800000,21912866.20000000
1757980800000,0.06790000,0.07010000,0.06650000,0.06950000,14072651.70000000
1758067200000,0.06960000,0.07180000,0.06770000,0.07130000,18996125.20000000
1758153600000,0.07130000,0.07280000,0.07050000,0.07230000,14696739.90000000
1758240000000,0.07230000,0.07340000,0.06800000,0.06850000,22318238.80000000
1758326400000,0.06850000,0.06990000,0.06800000,0.06890000,9946057.80000000
1758412800000,0.06880000,0.07000000,0.06710000,0.06740000,13795649.70000000
1758499200000,0.06740000,0.06770000,0.05910000,0.06270000,37042919.80000000
1758585600000,0.06270000,0.06380000,0.06090000,0.06230000,13928505.70000000
1758672000000,0.06230000,0.06420000,0.06120000,0.06230000,13642228.40000000
1758758400000,0.06230000,0.06240000,0.05760000,0.05850000,26365629.70000000
1758844800000,0.05860000,0.06130000,0.05820000,0.06090000,14962070.10000000
1758931200000,0.06090000,0.06140000,0.06000000,0.06060000,8833528.40000000
1759017600000,0.06050000,0.06190000,0.05900000,0.06170000,11794335.20000000
1759104000000,0.06170000,0.06240000,0.05990000,0.06190000,11584939.90000000
1759190400000,0.06190000,0.06220000,0.05980000,0.06170000,13905387.80000000
1759276800000,0.06170000,0.06450000,0.06070000,0.06450000,14214697.30000000
1759363200000,0.06450000,0.06610000,0.06390000,0.06530000,12079288.00000000
1759449600000,0.06530000,0.06630000,0.06350000,0.06450000,24403626.10000000
1759536000000,0.06440000,0.06480000,0.06160000,0.06270000,15148708.90000000
1759622400000,0.06260000,0.06520000,0.06160000,0.06190000,25877149.00000000
1759708800000,0.06180000,0.06420000,0.06110000,0.06340000,14989539.10000000
1759795200000,0.06340000,0.06380000,0.05970000,0.06010000,19312305.30000000
1759881600000,0.06020000,0.06290000,0.05960000,0.06210000,14785755.70000000
1759968000000,0.06210000,0.06220000,0.05890000,0.06110000,16685162.30000000
1760054400000,0.06120000,0.06350000,0.00001000,0.04100000,121380061.90000000
1760140800000,0.04090000,0.04680000,0.03980000,0.04400000,65582036.30000000
1760227200000,0.04400000,0.05100000,0.04290000,0.05060000,28679390.10000000
1760313600000,0.05070000,0.05460000,0.05010000,0.05330000,40875643.40000000
1760400000000,0.05320000,0.05360000,0.04750000,0.05090000,25964017.30000000
1760486400000,0.05091000,0.05189000,0.04745000,0.04822000,18975221.50000000
1760572800000,0.04821000,0.04966000,0.04476000,0.04549000,23282771.60000000
1760659200000,0.04547000,0.04614000,0.04146000,0.04484000,21313515.40000000
1760745600000,0.04483000,0.04622000,0.04437000,0.04517000,10719942.00000000
1760832000000,0.04513000,0.04710000,0.04427000,0.04621000,36058408.40000000
1760918400000,0.04621000,0.04786000,0.04529000,0.04618000,11136216.60000000
1761004800000,0.04618000,0.04772000,0.04402000,0.04416000,24839732.90000000
1761091200000,0.04417000,0.04479000,0.04136000,0.04295000,18976731.40000000
1761177600000,0.04294000,0.04478000,0.04281000,0.04413000,13192365.40000000
1761264000000,0.04416000,0.04490000,0.04326000,0.04469000,13132631.40000000
1761350400000,0.04469000,0.04506000,0.04402000,0.04464000,11816119.90000000
1761436800000,0.04467000,0.04580000,0.04410000,0.04528000,11813004.00000000
1761523200000,0.04532000,0.04615000,0.04334000,0.04351000,28439863.30000000
1761609600000,0.04347000,0.04494000,0.04187000,0.04314000,21221828.60000000
1761696000000,0.04314000,0.04455000,0.04191000,0.04331000,18729181.90000000
1761782400000,0.04329000,0.04395000,0.03940000,0.04083000,16007888.80000000
1761868800000,0.04082000,0.04231000,0.04062000,0.04182000,8592954.90000000
1761955200000,0.04181000,0.04367000,0.04141000,0.04352000,12941297.70000000
1762041600000,0.04342000,0.04717000,0.04286000,0.04672000,24028983.60000000
1762128000000,0.04677000,0.04727000,0.03600000,0.03857000,45710454.90000000
1762214400000,0.03858000,0.04041000,0.01780000,0.03815000,36930075.50000000
1762300800000,0.03814000,0.03985000,0.03587000,0.03938000,18466165.70000000
1762387200000,0.03940000,0.04048000,0.03702000,0.04013000,24217479.70000000
1762473600000,0.04009000,0.04918000,0.03934000,0.04706000,45569752.70000000
1762560000000,0.04709000,0.04867000,0.04518000,0.04616000,26885540.60000000
1762646400000,0.04616000,0.04650000,0.04322000,0.04595000,20624087.10000000
1762732800000,0.04593000,0.04687000,0.04435000,0.04515000,14372696.70000000
1762819200000,0.04516000,0.04614000,0.04189000,0.04210000,15694986.40000000
1762905600000,0.04209000,0.04444000,0.04039000,0.04116000,11168820.40000000
1762992000000,0.04116000,0.04235000,0.03826000,0.03952000,17022584.50000000
1763078400000,0.03946000,0.04012000,0.03750000,0.03801000,14636487.70000000
1763164800000,0.03811000,0.03975000,0.03802000,0.03843000,8071078.70000000
1763251200000,0.03848000,0.03894000,0.03573000,0.03711000,17418048.00000000
1763337600000,0.03711000,0.03823000,0.03579000,0.03648000,13945372.20000000
1763424000000,0.03642000,0.03730000,0.03559000,0.03674000,18104926.30000000
1763510400000,0.03673000,0.03698000,0.03390000,0.03590000,12499901.80000000
1763596800000,0.03590000,0.03782000,0.03324000,0.03436000,20851213.90000000
1763683200000,0.03431000,0.03532000,0.03132000,0.03303000,27345963.60000000
1763769600000,0.03303000,0.03350000,0.03192000,0.03298000,14112987.00000000
1763856000000,0.03296000,0.03358000,0.03283000,0.03307000,9895069.20000000
1763942400000,0.03302000,0.03452000,0.03225000,0.03397000,15291545.50000000
1764028800000,0.03401000,0.03419000,0.03287000,0.03384000,7284827.10000000
1764115200000,0.03384000,0.03396000,0.03274000,0.03355000,14649055.20000000
1764201600000,0.03356000,0.03458000,0.03331000,0.03394000,11575245.90000000
1764288000000,0.03392000,0.03398000,0.03260000,0.03284000,6832997.10000000
1764374400000,0.03286000,0.03318000,0.03177000,0.03212000,8209297.40000000
1764460800000,0.03212000,0.03239000,0.03144000,0.03145000,6952681.00000000
1764547200000,0.03146000,0.03153000,0.02866000,0.02965000,19376919.30000000
1764633600000,0.02969000,0.03205000,0.02926000,0.03156000,14122707.00000000
1764720000000,0.03156000,0.03282000,0.03116000,0.03243000,11399526.80000000
1764806400000,0.03249000,0.03278000,0.03113000,0.03163000,7203992.50000000
1764892800000,0.03162000,0.03253000,0.03041000,0.03139000,14695931.40000000
1764979200000,0.03132000,0.03300000,0.03131000,0.03251000,11424807.10000000
1765065600000,0.03257000,0.03292000,0.03101000,0.03172000,12179428.20000000
1765152000000,0.03169000,0.03316000,0.03150000,0.03296000,12064509.00000000
1765238400000,0.03291000,0.03813000,0.03266000,0.03553000,179983547.20000000
1765324800000,0.03552000,0.03566000,0.03320000,0.03320000,39163064.80000000
1765411200000,0.03320000,0.03329000,0.03138000,0.03196000,20131015.50000000
1765497600000,0.03197000,0.03220000,0.03047000,0.03134000,14761936.40000000
1765584000000,0.03139000,0.03173000,0.03123000,0.03155000,7034886.90000000
1765670400000,0.03153000,0.03160000,0.02974000,0.03004000,11739700.30000000
1765756800000,0.03006000,0.03046000,0.02765000,0.02881000,23264987.80000000
1765843200000,0.02882000,0.02887000,0.02792000,0.02828000,11825450.40000000
1765929600000,0.02824000,0.02877000,0.02666000,0.02679000,16945064.80000000
1766016000000,0.02683000,0.02776000,0.02513000,0.02580000,20179612.60000000
1766102400000,0.02580000,0.02790000,0.02546000,0.02767000,11171310.00000000
1766188800000,0.02771000,0.02850000,0.02756000,0.02811000,7462155.50000000
1766275200000,0.02809000,0.02809000,0.02647000,0.02667000,10325811.20000000
1766361600000,0.02669000,0.02771000,0.02634000,0.02718000,10434841.40000000
1766448000000,0.02715000,0.02777000,0.02615000,0.02773000,13021745.40000000
1766534400000,0.02776000,0.02777000,0.02632000,0.02733000,7813533.00000000
1766620800000,0.02734000,0.02795000,0.02646000,0.02649000,11675954.40000000
1766707200000,0.02650000,0.02752000,0.02632000,0.02718000,8852032.80000000
1766793600000,0.02717000,0.02844000,0.02717000,0.02825000,13675917.50000000
1766880000000,0.02833000,0.02876000,0.02768000,0.02803000,8518198.20000000
1766966400000,0.02803000,0.02869000,0.02723000,0.02772000,9160855.50000000
1767052800000,0.02771000,0.02782000,0.02708000,0.02767000,8841053.50000000
1767139200000,0.02764000,0.02846000,0.02668000,0.02773000,14797147.00000000
1767225600000,0.02772000,0.03055000,0.02745000,0.02943000,27770945.90000000
1767312000000,0.02943000,0.03038000,0.02887000,0.03026000,14464468.00000000
1767398400000,0.03034000,0.03081000,0.02953000,0.03026000,9231677.30000000
1767484800000,0.03031000,0.03165000,0.03023000,0.03113000,14626161.00000000
1767571200000,0.03113000,0.03263000,0.02997000,0.03236000,14665118.50000000
1767657600000,0.03238000,0.03332000,0.03122000,0.03298000,16712546.50000000
1767744000000,0.03293000,0.03299000,0.03106000,0.03139000,9980346.10000000
1767830400000,0.03138000,0.03191000,0.03000000,0.03090000,9182150.50000000
1767916800000,0.03096000,0.03120000,0.02991000,0.03055000,13359302.20000000
1768003200000,0.03056000,0.03170000,0.02990000,0.03073000,7393442.20000000
1768089600000,0.03073000,0.03090000,0.02915000,0.02959000,8078703.30000000
1768176000000,0.02956000,0.03030000,0.02896000,0.02917000,10791332.20000000
1768262400000,0.02916000,0.03250000,0.02916000,0.03194000,19534066.30000000
1768348800000,0.03198000,0.03255000,0.03114000,0.03146000,26052636.70000000
1768435200000,0.03147000,0.03184000,0.02949000,0.02978000,10466428.30000000
1768521600000,0.02978000,0.03285000,0.02930000,0.03242000,18846104.10000000
1768608000000,0.03247000,0.03759000,0.03205000,0.03426000,125577138.60000000
1768694400000,0.03422000,0.03485000,0.03183000,0.03185000,29017161.00000000
1768780800000,0.03184000,0.03184000,0.02879000,0.03062000,26999448.40000000
1768867200000,0.03060000,0.03333000,0.02937000,0.02958000,58978686.70000000
1768953600000,0.02961000,0.03125000,0.02886000,0.03015000,20535148.30000000
1769040000000,0.03016000,0.03215000,0.02992000,0.03105000,30407248.90000000
1769126400000,0.03103000,0.03276000,0.03033000,0.03064000,16835884.20000000
1769212800000,0.03064000,0.03077000,0.02967000,0.02992000,6712118.40000000
1769299200000,0.02990000,0.02995000,0.02715000,0.02737000,26766675.20000000
1769385600000,0.02741000,0.02827000,0.02709000,0.02792000,12942109.50000000
1769472000000,0.02794000,0.02812000,0.02709000,0.02782000,8472513.70000000
1769558400000,0.02782000,0.02785000,0.02686000,0.02708000,7987521.70000000
1769644800000,0.02713000,0.03244000,0.02623000,0.02704000,200854355.40000000
1769731200000,0.02702000,0.02841000,0.02554000,0.02699000,58774387.20000000
1769817600000,0.02699000,0.02725000,0.02260000,0.02456000,28215732.40000000
1769904000000,0.02457000,0.02494000,0.02332000,0.02377000,15791649.10000000
1769990400000,0.02380000,0.02440000,0.02300000,0.02408000,22687769.10000000
1770076800000,0.02410000,0.02529000,0.02271000,0.02425000,24905711.40000000
1770163200000,0.02423000,0.02502000,0.02297000,0.02351000,17583355.10000000
1770249600000,0.02353000,0.02363000,0.01989000,0.02023000,35933126.50000000
1770336000000,0.02028000,0.02342000,0.01835000,0.02289000,27319751.80000000
1770422400000,0.02286000,0.02360000,0.02211000,0.02354000,14076269.50000000
1770508800000,0.02353000,0.02353000,0.02243000,0.02267000,7942811.80000000
1770595200000,0.02268000,0.02367000,0.02253000,0.02280000,16379238.90000000
1770681600000,0.02284000,0.02289000,0.02179000,0.02220000,13111049.20000000
1770768000000,0.02219000,0.02362000,0.02124000,0.02299000,17586340.00000000
1770854400000,0.02295000,0.02313000,0.02104000,0.02183000,39781425.60000000
1770940800000,0.02181000,0.02229000,0.02018000,0.02211000,33049636.00000000
1771027200000,0.02212000,0.02283000,0.02178000,0.02269000,16351533.60000000
1771113600000,0.02267000,0.02288000,0.02106000,0.02163000,23309039.10000000
1771200000000,0.02164000,0.02189000,0.02067000,0.02160000,31894233.30000000
1771286400000,0.02161000,0.02174000,0.02104000,0.02145000,11294880.90000000
1771372800000,0.02147000,0.02172000,0.02025000,0.02039000,31980322.60000000
1771459200000,0.02040000,0.02057000,0.01968000,0.01982000,14695190.60000000
1771545600000,0.01982000,0.02050000,0.01927000,0.02028000,18094947.70000000
1771632000000,0.02026000,0.02118000,0.02008000,0.02015000,18107309.80000000
1771718400000,0.02016000,0.02023000,0.01941000,0.01958000,8287607.80000000
1771804800000,0.01957000,0.01965000,0.01842000,0.01870000,12173609.10000000
1771891200000,0.01871000,0.02002000,0.01815000,0.01922000,25191192.20000000
1771977600000,0.01923000,0.02081000,0.01920000,0.02020000,39371549.00000000
1772064000000,0.02020000,0.02032000,0.01927000,0.01992000,14728349.80000000
1772150400000,0.01993000,0.02036000,0.01958000,0.01993000,15326152.30000000
1772236800000,0.01991000,0.01993000,0.01840000,0.01977000,11903665.80000000
1772323200000,0.01979000,0.02029000,0.01869000,0.01903000,9289737.90000000
1772409600000,0.01904000,0.01974000,0.01854000,0.01970000,13460349.30000000
1772496000000,0.01970000,0.01990000,0.01885000,0.01899000,14804940.60000000
1772582400000,0.01899000,0.01987000,0.01848000,0.01934000,16858538.40000000
1772668800000,0.01933000,0.01940000,0.01874000,0.01891000,9210121.10000000
1772755200000,0.01892000,0.01917000,0.01810000,0.01839000,11323269.00000000
1772841600000,0.01841000,0.01844000,0.01755000,0.01769000,10675952.70000000
1772928000000,0.01769000,0.01808000,0.01736000,0.01780000,13635118.00000000
1773014400000,0.01780000,0.01868000,0.01779000,0.01789000,14352176.70000000
1773100800000,0.01790000,0.01851000,0.01777000,0.01799000,13229680.10000000
1773187200000,0.01800000,0.01923000,0.01770000,0.01855000,32652782.00000000
1773273600000,0.01855000,0.01870000,0.01813000,0.01840000,12912962.70000000
1773360000000,0.01842000,0.01899000,0.01832000,0.01838000,18828169.90000000
1773446400000,0.01838000,0.01864000,0.01814000,0.01836000,13631717.40000000
1773532800000,0.01837000,0.01864000,0.01825000,0.01854000,9993230.00000000
1773619200000,0.01858000,0.01934000,0.01847000,0.01929000,17367661.10000000
1773705600000,0.01927000,0.02355000,0.01887000,0.02059000,204156253.20000000
1773792000000,0.02058000,0.03150000,0.02022000,0.02461000,908994477.30000000
1773878400000,0.02456000,0.02944000,0.02277000,0.02540000,400259964.90000000
1773964800000,0.02535000,0.02687000,0.02400000,0.02413000,142861414.40000000
1774051200000,0.02411000,0.02550000,0.02272000,0.02295000,80129959.60000000
1774137600000,0.02293000,0.02321000,0.02081000,0.02083000,47430452.20000000
1774224000000,0.02083000,0.02254000,0.02080000,0.02164000,42985310.00000000
1774310400000,0.02162000,0.02204000,0.02047000,0.02095000,45954809.70000000
1774396800000,0.02092000,0.02198000,0.02077000,0.02092000,38033757.50000000
1774483200000,0.02093000,0.02464000,0.02021000,0.02213000,187315222.00000000
1774569600000,0.02213000,0.02272000,0.02018000,0.02033000,45266274.50000000
1774656000000,0.02033000,0.02103000,0.01951000,0.01986000,59539192.60000000
1774742400000,0.01987000,0.02375000,0.01964000,0.02070000,228115818.60000000
1774828800000,0.02071000,0.02174000,0.02039000,0.02056000,63808316.70000000
1774915200000,0.02059000,0.02118000,0.01993000,0.02019000,38088964.40000000
1775001600000,0.02019000,0.02118000,0.02005000,0.02090000,45176012.50000000
1775088000000,0.02092000,0.02193000,0.01984000,0.02037000,93931068.00000000
1775174400000,0.02039000,0.02102000,0.01984000,0.01992000,41330243.70000000
1775260800000,0.01990000,0.02073000,0.01970000,0.01997000,63406430.80000000
1775347200000,0.01998000,0.02040000,0.01936000,0.01986000,50200341.30000000
1775433600000,0.01985000,0.02031000,0.01951000,0.01969000,44632429.10000000
1775520000000,0.01967000,0.02009000,0.01898000,0.01998000,23312678.90000000
1775606400000,0.01998000,0.03380000,0.01986000,0.02795000,594158651.70000000
1775692800000,0.02788000,0.04300000,0.02549000,0.02958000,1511032028.10000000
1775779200000,0.02960000,0.03180000,0.02813000,0.02832000,212756125.00000000
1775865600000,0.02833000,0.03456000,0.02727000,0.03136000,327679334.90000000
1775952000000,0.03135000,0.05382000,0.03070000,0.03815000,1022795017.50000000
1776038400000,0.03811000,0.05546000,0.03480000,0.04435000,1027285438.40000000
1776124800000,0.04428000,0.07396000,0.04273000,0.05981000,1091617810.40000000
1776211200000,0.05988000,0.10075000,0.05826000,0.08980000,1242837633.90000000
1776297600000,0.08978000,0.10478000,0.07335000,0.07562000,984804940.80000000
1776384000000,0.07560000,0.08555000,0.06060000,0.06129000,359994439.70000000
1776470400000,0.06128000,0.06292000,0.05281000,0.05803000,236119497.90000000
1776556800000,0.05807000,0.07400000,0.05556000,0.05881000,554757916.10000000
1776643200000,0.05876000,0.06513000,0.05734000,0.06142000,169107409.50000000
1776729600000,0.06146000,0.06350000,0.05801000,0.06025000,91955806.10000000
1776816000000,0.06028000,0.06304000,0.05696000,0.05758000,70986901.40000000
1776902400000,0.05760000,0.06355000,0.05678000,0.06082000,124118536.00000000
1776988800000,0.06079000,0.08779000,0.06042000,0.06238000,528570131.40000000
1777075200000,0.06239000,0.06615000,0.05899000,0.06366000,124008723.20000000
1777161600000,0.06367000,0.06645000,0.05970000,0.06012000,79431085.30000000
1777248000000,0.06014000,0.06311000,0.05906000,0.05991000,56772817.80000000
1777334400000,0.05992000,0.06033000,0.05728000,0.05842000,42697561.60000000
1777420800000,0.05843000,0.05958000,0.05591000,0.05635000,37849020.00000000
1777507200000,0.05632000,0.05718000,0.05412000,0.05663000,34884436.20000000
1777593600000,0.05659000,0.05813000,0.05427000,0.05469000,30256874.90000000
1777680000000,0.05472000,0.05661000,0.05377000,0.05466000,30423230.90000000
1777766400000,0.05468000,0.05471000,0.05118000,0.05356000,39639621.90000000
1777852800000,0.05358000,0.05442000,0.05082000,0.05166000,27752292.60000000
1777939200000,0.05167000,0.05340000,0.04860000,0.04903000,42524246.00000000
1778025600000,0.04904000,0.05435000,0.04896000,0.05091000,63030945.90000000
1778112000000,0.05091000,0.05600000,0.04910000,0.04987000,60148970.90000000
1778198400000,0.04991000,0.05153000,0.04949000,0.05033000,31997326.00000000
1778284800000,0.05036000,0.05193000,0.04981000,0.05018000,28061865.30000000
1778371200000,0.05020000,0.05054000,0.04746000,0.04872000,25747241.00000000
1778457600000,0.04875000,0.04897000,0.04694000,0.04705000,21294016.70000000
1778544000000,0.04705000,0.05359000,0.04685000,0.04813000,72388465.60000000
1778630400000,0.04810000,0.04968000,0.04594000,0.04653000,28275620.00000000
1778716800000,0.04656000,0.04899000,0.04556000,0.04681000,22297882.40000000
1778803200000,0.04680000,0.04712000,0.04322000,0.04396000,18400754.30000000
1778889600000,0.04397000,0.04429000,0.04202000,0.04256000,14089682.90000000
1778976000000,0.04258000,0.04273000,0.04016000,0.04122000,14319475.40000000
1779062400000,0.04123000,0.04331000,0.04047000,0.04293000,35675734.70000000
1779148800000,0.04301000,0.05161000,0.04257000,0.04628000,270692237.10000000
1779235200000,0.04620000,0.04685000,0.04425000,0.04463000,73591705.40000000
1779321600000,0.04462000,0.04545000,0.04337000,0.04391000,33790016.60000000
1779408000000,0.04395000,0.04441000,0.04196000,0.04227000,24403606.00000000
1779494400000,0.04230000,0.04283000,0.04086000,0.04218000,11756877.00000000
1779580800000,0.04218000,0.04233000,0.03986000,0.04012000,10969212.70000000
1779667200000,0.04010000,0.04236000,0.03997000,0.04083000,15627411.40000000
1779753600000,0.04077000,0.04083000,0.03887000,0.03913000,27288582.40000000
1779840000000,0.03916000,0.03990000,0.03801000,0.03838000,12793219.60000000
1779926400000,0.03835000,0.03879000,0.03715000,0.03841000,17639834.30000000
1780012800000,0.03842000,0.03968000,0.03801000,0.03957000,13024731.90000000
1780099200000,0.03955000,0.04059000,0.03857000,0.03874000,13109712.50000000
1780185600000,0.03876000,0.04120000,0.03864000,0.03906000,39869588.10000000
1780272000000,0.03909000,0.03949000,0.03718000,0.03787000,19539248.40000000
1780358400000,0.03788000,0.03789000,0.03471000,0.03532000,23751508.30000000
1780444800000,0.03540000,0.03656000,0.03520000,0.03554000,8597390.80000000
1780531200000,0.03550000,0.03570000,0.03163000,0.03214000,27891713.70000000
1780617600000,0.03210000,0.03242000,0.02895000,0.02986000,27849330.70000000
1780704000000,0.02989000,0.03088000,0.02817000,0.02980000,16780510.90000000
1780790400000,0.02981000,0.03125000,0.02962000,0.03083000,16801362.70000000
1780876800000,0.03086000,0.03140000,0.02959000,0.03015000,21206773.10000000
1780963200000,0.03016000,0.03071000,0.02909000,0.02935000,13689203.30000000
1781049600000,0.02938000,0.02960000,0.02773000,0.02820000,12834306.60000000
1781136000000,0.02826000,0.02945000,0.02819000,0.02920000,12617831.00000000
1781222400000,0.02919000,0.03818000,0.02858000,0.03169000,314979459.20000000
1781308800000,0.03171000,0.03451000,0.03112000,0.03132000,109252125.50000000
1781395200000,0.03134000,0.03198000,0.02965000,0.03098000,28563494.20000000
1781481600000,0.03098000,0.03250000,0.03075000,0.03155000,25449237.80000000
1781568000000,0.03158000,0.03456000,0.03114000,0.03310000,60546082.10000000
1781654400000,0.03310000,0.03488000,0.03226000,0.03409000,33290255.20000000
1781740800000,0.03409000,0.03838000,0.03407000,0.03823000,41964780.10000000
