openTime,open,high,low,close,volume
1599177600000,43.15000000,49.00000000,34.50000000,42.16700000,36214.15500000
1599264000000,42.00000000,43.99800000,29.32000000,32.49000000,88954.41200000
1599350400000,32.55800000,39.80000000,30.04000000,38.03700000,63410.65400000
1599436800000,37.89800000,38.37800000,30.50000000,35.20300000,56712.36000000
1599523200000,35.30400000,36.17200000,30.27000000,31.33700000,66993.42600000
1599609600000,31.30000000,37.00000000,30.16800000,33.80600000,67385.97700000
1599696000000,33.86300000,36.50000000,31.75700000,33.10200000,54819.77600000
1599782400000,33.01800000,33.01800000,30.70800000,31.76900000,67289.68700000
1599868800000,31.77600000,36.99900000,31.00000000,35.15900000,74448.87600000
1599955200000,35.15900000,42.20000000,34.50000000,39.32800000,160435.94400000
1600041600000,39.33000000,43.43100000,38.05800000,40.00000000,110986.51000000
1600128000000,40.16200000,43.05000000,37.66000000,39.33300000,76766.15100000
1600214400000,39.26400000,42.64400000,37.44900000,42.35000000,77460.00800000
1600300800000,42.32200000,50.28400000,42.18500000,47.15100000,131580.24100000
1600387200000,47.19300000,48.99900000,41.60000000,44.69000000,69716.90400000
1600473600000,44.69000000,47.64700000,43.68800000,43.75500000,57711.77900000
1600560000000,43.78400000,44.76800000,36.79000000,39.73500000,62122.83300000
1600646400000,39.69200000,40.40000000,31.00000000,31.66300000,92349.79400000
1600732800000,31.78000000,33.91200000,30.80000000,33.19200000,48427.37500000
1600819200000,33.20600000,36.25300000,30.84500000,32.46500000,70763.05600000
1600905600000,32.67500000,37.20000000,32.00100000,36.61300000,54056.49500000
1600992000000,36.61400000,37.59300000,35.49000000,36.84800000,40474.01100000
1601078400000,36.84700000,37.04800000,35.00000000,35.87900000,23805.30800000
1601164800000,35.84400000,36.20700000,32.60000000,34.28000000,34443.90900000
1601251200000,34.38000000,36.51800000,32.20000000,33.71300000,47709.84700000
1601337600000,33.69900000,35.71000000,33.50400000,35.51200000,22647.45500000
1601424000000,35.51500000,35.76900000,33.51500000,33.80000000,18988.81500000
1601510400000,33.95200000,35.99700000,32.54100000,34.13400000,43628.34100000
1601596800000,34.13400000,34.30400000,30.46800000,32.26000000,47957.78700000
1601683200000,32.26000000,33.40000000,31.56500000,32.35100000,11866.40000000
1601769600000,32.33300000,33.12700000,31.06900000,31.99600000,16839.58000000
1601856000000,31.98200000,33.10900000,31.26100000,31.72800000,17350.79700000
1601942400000,31.72800000,31.98800000,27.10000000,27.64700000,34134.82300000
1602028800000,27.58200000,28.00000000,24.20000000,26.47600000,65982.93900000
1602115200000,26.43300000,29.49900000,23.15800000,27.75400000,86219.10400000
1602201600000,27.83000000,30.51500000,27.10300000,29.74100000,41277.73100000
1602288000000,29.70200000,32.60000000,29.29300000,29.67800000,42305.11300000
1602374400000,29.64300000,31.08000000,28.00000000,29.11200000,25866.70000000
1602460800000,29.20000000,33.15000000,29.01100000,32.19900000,46874.08000000
1602547200000,32.23800000,32.94000000,30.00000000,30.64200000,27561.47300000
1602633600000,30.64500000,32.50000000,28.92500000,31.16700000,51987.81700000
1602720000000,30.97800000,31.12000000,28.98300000,29.43700000,29014.19100000
1602806400000,29.52300000,29.92000000,27.15800000,28.03400000,30913.82600000
1602892800000,28.18600000,29.72100000,27.84600000,29.37300000,19652.59900000
1602979200000,29.35400000,31.74900000,29.05300000,31.05500000,27463.81900000
1603065600000,31.05500000,31.34300000,28.62000000,29.07400000,31437.39000000
1603152000000,29.07400000,29.63000000,27.51000000,27.81900000,36893.02900000
1603238400000,27.87400000,29.18100000,27.12300000,27.82800000,63353.96800000
1603324800000,27.82900000,29.32600000,27.81000000,28.15600000,48926.75200000
1603411200000,28.10300000,30.53000000,27.12300000,28.02500000,69670.09200000
1603497600000,28.00200000,28.15500000,26.40000000,27.14500000,47410.36200000
1603584000000,27.03200000,28.07300000,26.15000000,26.73300000,58354.51700000
1603670400000,26.68900000,36.65700000,26.08500000,35.45000000,401054.62700000
1603756800000,35.43600000,37.56900000,32.55300000,34.20500000,205499.03300000
1603843200000,34.27200000,34.70000000,30.29100000,31.65800000,122455.22300000
1603929600000,31.65400000,32.78700000,28.78000000,29.94600000,77438.01300000
1604016000000,29.94700000,30.58300000,27.94100000,29.64000000,60697.19100000
1604102400000,29.63200000,31.41300000,29.24700000,30.46000000,40625.97900000
1604188800000,30.46600000,33.10000000,29.82800000,32.21500000,48382.19100000
1604275200000,32.21500000,32.56400000,29.31000000,29.99000000,56981.99900000
1604361600000,29.98000000,30.86200000,27.63200000,29.01200000,57484.07600000
1604448000000,29.01100000,29.67500000,27.48200000,28.65400000,39564.79100000
1604534400000,28.66600000,31.46400000,28.45100000,30.13300000,45782.56400000
1604620800000,30.11900000,33.58400000,30.04700000,32.89100000,89609.15400000
1604707200000,32.91400000,35.40000000,29.52300000,31.31400000,118732.75500000
1604793600000,31.25600000,33.71200000,30.52100000,32.89500000,47771.11000000
1604880000000,32.96700000,34.49800000,31.83500000,33.01500000,70313.30600000
1604966400000,33.05600000,36.70000000,32.58600000,35.19200000,93761.29300000
1605052800000,35.20000000,37.80000000,34.77400000,35.60700000,130684.27700000
1605139200000,35.66900000,39.80000000,35.02100000,38.15300000,101732.05500000
1605225600000,38.15600000,39.44400000,37.18300000,38.56500000,64347.61700000
1605312000000,38.64100000,38.76200000,35.50100000,36.95400000,66843.84500000
1605398400000,36.98700000,37.83000000,34.10000000,35.41100000,74746.44500000
1605484800000,35.35300000,37.00000000,34.20000000,36.18300000,60083.68400000
1605571200000,36.12900000,38.65800000,35.72600000,38.14600000,79212.33800000
1605657600000,38.11600000,38.42200000,34.00000000,35.64200000,80932.25900000
1605744000000,35.55800000,37.50000000,34.53100000,35.31400000,69530.11000000
1605830400000,35.28600000,39.37900000,34.97500000,37.75300000,127636.24000000
1605916800000,37.78700000,41.40000000,36.80000000,40.63100000,107440.26400000
1606003200000,40.71100000,42.00000000,37.53800000,38.57900000,77078.88200000
1606089600000,38.62700000,41.00000000,38.16300000,40.41500000,60317.91000000
1606176000000,40.42700000,53.09900000,39.51400000,48.39200000,354570.35800000
1606262400000,48.27500000,50.40300000,40.20000000,42.17800000,139295.41000000
1606348800000,42.16700000,50.20700000,38.67000000,48.93700000,333446.33400000
1606435200000,49.18300000,49.45500000,42.90000000,45.37800000,125286.79100000
1606521600000,45.35200000,46.85900000,43.12100000,45.23000000,82765.52800000
1606608000000,45.23000000,53.40000000,44.39900000,53.07000000,163534.36000000
1606694400000,53.09700000,54.70000000,50.00000000,52.12300000,137039.88800000
1606780800000,52.20000000,56.61800000,50.00000000,54.16600000,124503.79100000
1606867200000,54.05400000,65.53700000,52.96800000,61.69800000,220148.98200000
1606953600000,61.66400000,62.98200000,57.36500000,59.15100000,167273.70900000
1607040000000,59.12300000,62.00000000,49.60000000,50.65600000,222000.33400000
1607126400000,50.70900000,56.60100000,49.70000000,55.82900000,124657.11500000
1607212800000,55.75000000,56.79500000,50.93700000,52.36100000,67375.89400000
1607299200000,52.41600000,54.56300000,51.59400000,53.42400000,52230.18100000
1607385600000,53.56800000,53.73900000,45.40000000,46.37600000,136629.02300000
1607472000000,46.36300000,51.33000000,44.07700000,48.95000000,139690.14600000
1607558400000,49.02800000,49.82800000,46.33000000,47.05100000,76243.86800000
1607644800000,47.16200000,47.20000000,43.15100000,44.87400000,74127.80400000
1607731200000,44.99200000,48.73300000,44.93800000,48.17800000,55251.42100000
1607817600000,48.23200000,52.83600000,47.16200000,50.83300000,75887.30000000
1607904000000,50.81400000,51.97400000,48.71000000,50.39600000,59799.91800000
1607990400000,50.39200000,57.47300000,49.73600000,56.83300000,112493.32100000
1608076800000,56.87800000,58.25800000,54.80000000,57.21900000,125971.82600000
1608163200000,57.27000000,63.00000000,54.90000000,58.12800000,149391.06900000
1608249600000,58.11400000,59.37700000,56.05800000,57.47000000,83750.57900000
1608336000000,57.51100000,60.00000000,55.55500000,55.88600000,68028.09700000
1608422400000,55.79800000,57.10000000,52.88000000,53.60700000,71863.10200000
1608508800000,53.50100000,56.02300000,48.53300000,49.47300000,94651.76000000
1608595200000,49.55600000,54.48700000,48.23100000,54.13100000,67955.12600000
1608681600000,54.15700000,55.08400000,43.38300000,47.44300000,105491.36200000
1608768000000,47.59600000,53.09000000,45.96400000,52.30400000,88037.19900000
1608854400000,52.38000000,53.00000000,48.00000000,50.06600000,58062.57500000
1608940800000,50.03200000,50.90900000,47.32000000,47.71600000,51683.02600000
1609027200000,47.77700000,51.45700000,46.17500000,50.22700000,95136.55900000
1609113600000,50.38300000,58.94000000,49.16700000,58.25700000,142623.08800000
1609200000000,58.38900000,63.23100000,53.66600000,61.94800000,202509.20300000
1609286400000,61.98100000,66.00000000,59.49200000,61.94800000,139898.11800000
1609372800000,61.97700000,73.56300000,59.20000000,71.90800000,266198.64500000
1609459200000,71.99500000,73.44400000,65.62000000,69.69300000,150322.10000000
1609545600000,69.56700000,73.21800000,65.05000000,69.25400000,133912.84300000
1609632000000,69.29500000,74.10900000,66.00000000,72.98300000,158065.58300000
1609718400000,72.91700000,74.46700000,59.68200000,68.50500000,290026.53500000
1609804800000,68.53300000,71.20000000,61.88900000,67.79700000,153472.22400000
1609891200000,67.91400000,75.98900000,65.53500000,75.32500000,176235.44800000
1609977600000,75.54500000,77.88900000,65.01800000,68.94700000,221152.77500000
1610064000000,68.92900000,71.73900000,64.01000000,68.78700000,113307.79400000
1610150400000,68.78700000,70.51200000,66.00000000,68.93000000,79388.84900000
1610236800000,68.93000000,74.57200000,65.50000000,71.07000000,167336.71300000
1610323200000,71.25300000,71.28600000,57.87700000,64.32900000,185299.67200000
1610409600000,64.33100000,68.00000000,61.17100000,62.78600000,95015.08500000
1610496000000,62.61000000,78.48900000,60.63100000,76.96500000,269704.13600000
1610582400000,76.89800000,89.00000000,76.27100000,88.68500000,216429.51600000
1610668800000,88.54400000,89.08600000,74.08000000,83.70700000,179886.37500000
1610755200000,83.60000000,110.71100000,81.36000000,102.62400000,266940.99200000
1610841600000,102.62400000,110.00000000,90.39300000,102.55800000,219362.69200000
1610928000000,102.24700000,121.50000000,101.42800000,109.09200000,298254.26100000
1611014400000,109.23000000,110.70500000,98.35000000,101.01900000,122130.62900000
1611100800000,101.02300000,107.74100000,89.81200000,106.00000000,154810.85800000
1611187200000,106.04800000,106.42800000,92.60800000,92.85700000,143808.29600000
1611273600000,92.79200000,105.30300000,85.50000000,103.91800000,140811.87500000
1611360000000,103.91300000,113.00000000,100.86000000,107.65300000,99576.82600000
1611446400000,107.65900000,112.02800000,100.05100000,103.97300000,85147.54900000
1611532800000,103.93700000,110.00000000,97.92100000,98.75200000,80890.19900000
1611619200000,98.82000000,104.45400000,93.19000000,101.99900000,74637.98900000
1611705600000,101.89400000,101.96000000,90.10000000,95.30200000,63714.08400000
1611792000000,95.32600000,117.79000000,93.65000000,113.93300000,107442.45700000
1611878400000,113.95400000,115.00000000,101.00100000,106.64400000,79391.41400000
1611964800000,106.64200000,107.49700000,98.92600000,100.96300000,54914.11100000
1612051200000,100.80200000,105.91000000,95.52700000,97.71700000,61829.42700000
1612137600000,97.65200000,101.60800000,95.00000000,100.86700000,74821.22300000
1612224000000,100.64400000,107.70000000,97.60100000,104.99300000,101237.34900000
1612310400000,104.76400000,122.92900000,104.73800000,119.12400000,167528.48300000
1612396800000,119.02800000,124.00000000,108.31700000,115.71400000,149504.58700000
1612483200000,115.64800000,123.26500000,112.00000000,121.32500000,150030.15900000
1612569600000,121.12300000,124.03800000,110.78600000,112.85700000,100670.31500000
1612656000000,112.85600000,116.00000000,100.10000000,115.99800000,106419.79100000
1612742400000,115.88200000,136.85100000,111.50000000,132.94700000,154560.05300000
1612828800000,133.20300000,138.65400000,126.15000000,130.88000000,115984.29300000
1612915200000,130.88000000,137.37700000,120.00000000,129.43700000,101354.51100000
1613001600000,129.14200000,147.00000000,126.36500000,142.34300000,124708.54400000
1613088000000,142.34800000,161.33000000,137.58000000,154.28300000,91531.84900000
1613174400000,154.29500000,169.57800000,152.78000000,161.51100000,125289.23100000
1613260800000,161.44600000,163.00000000,146.23700000,157.63000000,87246.10300000
1613347200000,157.50100000,226.00000000,135.00000000,189.99700000,528795.85200000
1613433600000,189.97300000,228.00000000,183.38500000,209.36000000,314867.45300000
1613520000000,209.31300000,243.00000000,194.15000000,240.44100000,217640.28500000
1613606400000,240.40000000,240.98000000,213.77700000,222.78600000,114638.39600000
1613692800000,222.90600000,242.00000000,200.00000000,223.88600000,177079.46100000
1613779200000,224.15800000,248.00000000,208.00000000,221.66800000,204000.57000000
1613865600000,221.68000000,237.36100000,215.90000000,223.63700000,67474.62400000
1613952000000,224.09700000,299.88000000,192.00000000,271.01500000,471016.65300000
1614038400000,271.11800000,289.93900000,208.47000000,241.00000000,432862.03000000
1614124800000,241.00000000,269.76000000,224.35100000,242.60500000,181285.19800000
1614211200000,242.53200000,258.28000000,221.19800000,224.99100000,123737.19000000
1614297600000,224.38800000,231.00000000,198.82300000,215.97400000,149982.56500000
1614384000000,216.39100000,238.99800000,215.63000000,229.66800000,87214.17300000
1614470400000,229.66800000,235.00000000,195.00000000,212.58800000,137421.70500000
1614556800000,212.58200000,231.00000000,208.97800000,227.80800000,90555.94400000
1614643200000,227.80800000,245.73100000,218.60200000,240.95500000,97171.58800000
1614729600000,240.76100000,259.23600000,238.18800000,244.23500000,93072.78300000
1614816000000,244.19600000,254.65800000,230.88300000,234.34800000,94911.47300000
1614902400000,234.34600000,234.66000000,211.71100000,228.45700000,91899.80700000
1614988800000,227.85200000,237.00000000,216.00000000,229.25900000,53895.85300000
1615075200000,229.30500000,240.00000000,225.41900000,233.49100000,44605.43500000
1615161600000,233.82300000,244.17000000,223.00000000,244.16900000,65058.77100000
1615248000000,244.17800000,296.96800000,238.67000000,290.16700000,143385.77800000
1615334400000,289.48400000,318.22700000,267.10100000,303.23400000,184565.12200000
1615420800000,303.94100000,344.70800000,278.00000000,329.89900000,124933.68400000
1615507200000,330.03000000,336.00000000,300.83400000,314.44200000,94315.75500000
1615593600000,314.05600000,323.74600000,301.55000000,313.54800000,77947.44800000
1615680000000,313.54800000,321.50000000,300.00200000,300.48800000,59516.58600000
1615766400000,300.66400000,324.93400000,277.53200000,310.23800000,112315.63800000
1615852800000,310.93400000,334.30300000,291.10000000,318.24900000,103231.68200000
1615939200000,318.75600000,348.77100000,310.00000000,345.17000000,77052.25900000
1616025600000,345.18600000,390.00000000,342.49000000,367.37300000,163675.72400000
1616112000000,367.47400000,423.04000000,355.22500000,384.04200000,132474.42600000
1616198400000,383.68600000,411.33000000,376.57800000,389.37800000,73855.14800000
1616284800000,389.03000000,416.26300000,382.00000000,399.49500000,82419.50500000
1616371200000,398.88300000,460.53900000,397.36300000,437.48000000,129544.65300000
1616457600000,437.47900000,454.60900000,414.99100000,421.46500000,101319.99900000
1616544000000,422.24900000,490.00000000,416.00000000,422.48900000,152181.38600000
1616630400000,422.48900000,437.17800000,370.00000000,410.45100000,213293.15700000
1616716800000,410.67700000,455.00000000,404.09600000,454.79200000,101808.27300000
1616803200000,454.79200000,505.33500000,447.36900000,468.75500000,173783.46100000
1616889600000,468.39600000,520.00000000,467.78100000,511.00400000,115034.55600000
1616976000000,511.16700000,567.32000000,506.35900000,546.90100000,164387.69900000
1617062400000,546.90100000,558.97000000,516.11100000,539.59000000,86939.38600000
1617148800000,539.21600000,560.00000000,474.58000000,495.49700000,142728.77000000
1617235200000,495.49000000,507.43200000,449.24000000,463.01100000,198397.83700000
1617321600000,462.98000000,465.02400000,418.97100000,448.89300000,198129.74800000
1617408000000,448.86000000,498.13500000,422.41000000,439.60100000,185836.48200000
1617494400000,439.60100000,455.75300000,428.97600000,444.75900000,78118.28700000
1617580800000,444.46400000,478.60000000,426.41900000,461.41400000,112536.00100000
1617667200000,461.75100000,470.00000000,430.09000000,440.61700000,127083.25000000
1617753600000,440.00100000,472.00000000,378.82300000,427.22900000,165937.30100000
1617840000000,427.36100000,468.00000000,423.26700000,460.82500000,94267.28400000
1617926400000,460.60000000,467.23900000,442.07000000,451.77700000,59245.74900000
1618012800000,451.80400000,461.90000000,441.22000000,448.40000000,55281.01800000
1618099200000,448.39900000,450.61200000,432.65900000,438.22700000,42880.97600000
1618185600000,438.22700000,440.00900000,408.92700000,422.16800000,87769.70100000
1618272000000,422.40700000,438.58000000,411.62000000,431.88100000,68152.30500000
1618358400000,431.88100000,480.00000000,420.46100000,455.12500000,164590.77300000
1618444800000,455.60300000,485.54200000,452.20600000,475.88900000,100062.33600000
1618531200000,477.06000000,481.65900000,423.19300000,446.53900000,100628.57500000
1618617600000,446.76100000,483.99500000,445.18600000,456.31600000,94141.27700000
1618704000000,456.55800000,474.85400000,371.95200000,405.80300000,165717.81200000
1618790400000,406.04600000,423.70300000,360.00200000,368.09200000,113075.63300000
1618876800000,368.36300000,385.00000000,315.00000000,383.63300000,180430.43200000
1618963200000,383.03100000,385.00000000,336.00000000,349.42900000,92118.45000000
1619049600000,349.05300000,388.58800000,339.00000000,347.93500000,113071.51100000
1619136000000,347.50100000,359.89400000,282.00000000,336.70000000,178987.70300000
1619222400000,336.72100000,337.20000000,297.48400000,303.31600000,70030.90900000
1619308800000,303.31600000,332.71000000,299.92100000,318.23000000,61141.81030000
1619395200000,318.23000000,400.00000000,314.96000000,395.41000000,110090.31000000
1619481600000,395.37000000,419.85000000,381.26000000,397.09000000,93718.72970000
1619568000000,397.18000000,407.43000000,364.49000000,393.85000000,71482.69940000
1619654400000,393.60000000,397.75000000,367.56000000,387.07000000,63402.90930000
1619740800000,386.71000000,415.00000000,378.10000000,406.11000000,66514.31830000
1619827200000,406.68000000,428.01000000,402.49000000,421.52000000,59238.47190000
1619913600000,421.69000000,442.00000000,398.79000000,413.75000000,82262.35480000
1620000000000,413.67000000,432.70000000,408.77000000,424.24000000,68031.80580000
1620086400000,424.23000000,439.20000000,381.64000000,389.49000000,113617.87330000
1620172800000,389.03000000,431.38000000,385.75000000,428.50000000,55544.79500000
1620259200000,428.49000000,454.00000000,412.20000000,446.76000000,115326.67750000
1620345600000,446.85000000,458.26000000,422.34000000,431.00000000,85632.75700000
1620432000000,431.17000000,476.00000000,426.01000000,433.45000000,73571.24060000
1620518400000,434.19000000,458.64000000,425.00000000,450.58000000,60224.73910000
1620604800000,451.01000000,459.88000000,378.65000000,408.03000000,95534.50320000
1620691200000,408.73000000,440.64000000,388.70000000,440.58000000,74915.01810000
1620777600000,439.86000000,535.00000000,434.34000000,465.37000000,316605.84180000
1620864000000,461.27000000,588.88000000,429.50000000,527.91000000,606937.43260000
1620950400000,528.34000000,597.93000000,504.16000000,597.33000000,274399.78240000
1621036800000,597.36000000,620.00000000,535.52000000,545.27000000,232573.63300000
1621123200000,546.22000000,609.00000000,494.56000000,541.47000000,208217.92790000
1621209600000,541.22000000,607.48000000,480.00000000,571.70000000,331691.10970000
1621296000000,572.01000000,625.00000000,560.00000000,592.29000000,251267.91780000
1621382400000,592.54000000,620.00000000,158.75000000,337.65000000,599302.79480000
1621468800000,337.00000000,449.94000000,284.00000000,388.34000000,499833.92610000
1621555200000,388.71000000,438.83000000,264.22000000,337.39000000,485653.37690000
1621641600000,337.39000000,353.99000000,282.11000000,314.73000000,223527.20510000
1621728000000,314.41000000,337.08000000,201.00000000,260.84000000,445993.18360000
1621814400000,260.61000000,349.00000000,251.78000000,348.66000000,341663.45240000
1621900800000,348.90000000,372.98000000,281.56000000,322.21000000,358158.95820000
1621987200000,321.69000000,361.00000000,309.78000000,343.15000000,246156.17360000
1622073600000,343.00000000,343.82000000,300.88000000,315.86000000,178239.12810000
1622160000000,316.14000000,343.45000000,270.50000000,289.37000000,248336.35410000
1622246400000,289.38000000,302.18000000,258.00000000,296.50000000,141378.96730000
1622332800000,296.17000000,320.75000000,274.01000000,309.12000000,170760.88130000
1622419200000,308.87000000,379.87000000,289.69000000,371.00000000,200917.03320000
1622505600000,371.09000000,377.21000000,347.14000000,367.28000000,191397.25260000
1622592000000,367.69000000,477.00000000,361.12000000,446.53000000,301115.47420000
1622678400000,446.63000000,487.77000000,445.09000000,463.53000000,244496.97030000
1622764800000,463.72000000,464.13000000,380.20000000,419.04000000,389381.41180000
1622851200000,418.06000000,454.19000000,383.01000000,401.98000000,221195.32150000
1622937600000,402.60000000,423.18000000,395.88000000,422.47000000,91559.70020000
1623024000000,422.59000000,446.59000000,367.41000000,378.28000000,205872.25210000
1623110400000,378.60000000,420.00000000,342.35000000,411.21000000,488366.84030000
1623196800000,411.78000000,518.57000000,388.16000000,510.21000000,468573.66740000
1623283200000,510.47000000,537.00000000,458.00000000,474.30000000,516906.36760000
1623369600000,474.42000000,493.62000000,404.32000000,415.93000000,312402.82110000
1623456000000,415.65000000,428.34000000,383.34000000,399.56000000,287034.78760000
1623542400000,399.58000000,449.62000000,385.28000000,434.10000000,208172.83750000
1623628800000,434.09000000,439.60000000,398.00000000,427.00000000,245270.46290000
1623715200000,427.01000000,429.16000000,380.00000000,380.00000000,236591.44230000
1623801600000,380.00000000,389.77000000,353.93000000,366.92000000,234387.49520000
1623888000000,366.66000000,377.40000000,338.10000000,347.23000000,151563.36660000
1623974400000,347.48000000,347.58000000,299.56000000,315.54000000,223646.68680000
1624060800000,315.53000000,327.80000000,300.11000000,300.48000000,143139.50360000
1624147200000,300.50000000,315.00000000,271.81000000,300.05000000,219907.37080000
1624233600000,300.25000000,302.77000000,207.66000000,211.72000000,449328.87100000
1624320000000,211.63000000,235.33000000,163.49000000,182.82000000,737801.16980000
1624406400000,182.84000000,225.00000000,172.50000000,204.07000000,443183.60680000
1624492800000,204.11000000,217.27000000,186.35000000,205.75000000,279429.06320000
1624579200000,205.76000000,213.30000000,172.17000000,174.00000000,328901.28400000
1624665600000,174.00000000,181.20000000,156.69000000,173.49000000,300592.11160000
1624752000000,173.01000000,179.51000000,161.83000000,179.40000000,216719.30640000
1624838400000,179.39000000,230.00000000,175.50000000,219.94000000,565344.74990000
1624924800000,219.95000000,238.45000000,206.10000000,213.61000000,529972.67290000
1625011200000,214.33000000,216.68000000,191.12000000,215.05000000,395014.66640000
1625097600000,214.79000000,214.99000000,193.20000000,198.64000000,276279.62100000
1625184000000,198.66000000,207.00000000,190.38000000,203.92000000,190896.87050000
1625270400000,204.05000000,213.67000000,198.00000000,206.67000000,156434.95300000
1625356800000,206.67000000,218.00000000,200.46000000,209.92000000,168066.04880000
1625443200000,209.89000000,209.89000000,192.11000000,198.13000000,163225.13020000
1625529600000,198.24000000,225.84000000,197.46000000,224.27000000,222219.27120000
1625616000000,224.10000000,244.72000000,224.01000000,236.86000000,375152.26360000
1625702400000,236.84000000,237.98000000,202.62000000,212.46000000,238023.61300000
1625788800000,212.58000000,216.57000000,200.00000000,213.26000000,118995.33930000
1625875200000,213.35000000,219.03000000,202.38000000,207.75000000,72094.39380000
1625961600000,207.86000000,215.00000000,204.21000000,210.88000000,64738.84790000
1626048000000,210.98000000,213.43000000,193.24000000,200.57000000,110723.88640000
1626134400000,200.46000000,203.89000000,189.22000000,192.59000000,80750.02460000
1626220800000,192.37000000,196.87000000,176.29000000,187.59000000,125940.58680000
1626307200000,187.66000000,210.00000000,180.00000000,202.05000000,202487.50620000
1626393600000,201.92000000,202.50000000,179.44000000,180.21000000,121814.07160000
1626480000000,180.06000000,187.97000000,175.58000000,179.00000000,111490.30540000
1626566400000,178.77000000,188.20000000,177.74000000,181.22000000,65360.61410000
1626652800000,181.36000000,182.44000000,161.36000000,163.71000000,119289.18370000
1626739200000,163.80000000,167.04000000,142.00000000,148.56000000,179067.98130000
1626825600000,148.54000000,182.65000000,144.08000000,174.78000000,188592.09870000
1626912000000,174.98000000,179.79000000,165.07000000,175.47000000,147339.00250000
1626998400000,175.31000000,179.91000000,162.72000000,177.94000000,139606.14030000
1627084800000,178.06000000,189.00000000,173.99000000,185.79000000,149728.30840000
1627171200000,185.83000000,189.70000000,175.60000000,184.34000000,164209.41660000
1627257600000,184.31000000,206.69000000,182.83000000,184.80000000,262412.42240000
1627344000000,185.02000000,189.54000000,176.18000000,185.31000000,127399.92250000
1627430400000,185.37000000,193.22000000,181.11000000,188.20000000,109921.79330000
1627516800000,187.95000000,195.48000000,181.12000000,190.00000000,103453.16050000
1627603200000,190.00000000,198.63000000,181.83000000,194.41000000,112131.44300000
1627689600000,194.53000000,204.00000000,191.00000000,198.34000000,130779.77940000
1627776000000,198.79000000,223.30000000,195.68000000,206.70000000,297903.32170000
1627862400000,206.69000000,211.42000000,200.67000000,204.81000000,108975.93840000
1627948800000,204.85000000,209.16000000,192.52000000,201.96000000,101169.35490000
1628035200000,201.99000000,218.60000000,198.51000000,215.18000000,103050.02760000
1628121600000,215.25000000,219.70000000,202.52000000,216.02000000,109973.60760000
1628208000000,215.93000000,236.61000000,211.20000000,227.46000000,173378.55140000
1628294400000,227.58000000,243.40000000,223.32000000,235.08000000,167197.88490000
1628380800000,235.08000000,235.71000000,211.30000000,215.73000000,125565.10190000
1628467200000,215.78000000,229.58000000,207.10000000,221.50000000,145717.17040000
1628553600000,221.66000000,254.12000000,217.03000000,241.08000000,269409.67650000
1628640000000,241.37000000,300.00000000,241.11000000,267.61000000,315874.72230000
1628726400000,267.60000000,279.90000000,246.71000000,261.69000000,200760.63650000
1628812800000,261.50000000,283.71000000,260.32000000,281.04000000,148699.89630000
1628899200000,281.04000000,285.84000000,263.05000000,272.79000000,130083.54290000
1628985600000,272.91000000,277.95000000,260.00000000,273.69000000,109719.16870000
1629072000000,273.83000000,318.50000000,269.96000000,299.59000000,327423.38120000
1629158400000,299.59000000,325.00000000,267.37000000,277.54000000,288751.21750000
1629244800000,277.66000000,304.00000000,261.01000000,281.47000000,237208.09850000
1629331200000,281.50000000,334.40000000,275.10000000,327.68000000,372743.64420000
1629417600000,327.64000000,350.33000000,313.17000000,345.89000000,244745.98550000
1629504000000,345.63000000,353.00000000,325.98000000,328.14000000,132657.50880000
1629590400000,328.25000000,343.58000000,314.00000000,330.65000000,105173.79860000
1629676800000,330.79000000,341.00000000,320.75000000,328.18000000,112615.20830000
1629763200000,328.11000000,332.47000000,285.30000000,296.00000000,157971.59350000
1629849600000,296.07000000,309.33000000,283.01000000,303.70000000,121921.16790000
1629936000000,303.53000000,310.95000000,273.40000000,277.10000000,148429.01970000
1630022400000,277.10000000,312.00000000,266.30000000,305.70000000,229463.59560000
1630108800000,305.60000000,320.90000000,296.30000000,305.20000000,121826.07270000
1630195200000,305.20000000,327.60000000,290.70000000,297.10000000,239249.85970000
1630281600000,296.90000000,323.20000000,285.70000000,298.20000000,360944.22300000
1630368000000,298.20000000,421.32000000,296.40000000,395.20000000,790872.71880000
1630454400000,395.10000000,420.00000000,367.00000000,388.60000000,479435.75600000
1630540800000,388.60000000,419.90000000,380.00000000,400.20000000,254516.48900000
1630627200000,400.40000000,431.80000000,394.00000000,406.70000000,208400.47260000
1630713600000,406.80000000,421.00000000,395.30000000,397.80000000,118121.76900000
1630800000000,398.00000000,409.10000000,386.20000000,402.50000000,116925.81300000
1630886400000,402.70000000,409.00000000,371.00000000,395.50000000,149841.30300000
1630972800000,395.50000000,398.10000000,276.00000000,330.90000000,354268.58000000
1631059200000,331.20000000,356.80000000,307.10000000,341.70000000,218132.45700000
1631145600000,341.50000000,394.00000000,325.50000000,389.60000000,241619.46200000
1631232000000,389.70000000,425.00000000,355.00000000,385.10000000,360583.85100000
1631318400000,385.10000000,425.00000000,374.60000000,419.00000000,194206.67000000
1631404800000,419.00000000,451.70000000,404.80000000,434.40000000,331057.78380000
1631491200000,434.30000000,446.70000000,376.50000000,404.80000000,236875.25000000
1631577600000,404.60000000,438.80000000,396.20000000,418.10000000,142492.33000000
1631664000000,418.20000000,435.00000000,405.00000000,428.70000000,94358.23600000
1631750400000,428.90000000,441.10000000,400.40000000,409.40000000,119067.53100000
1631836800000,409.30000000,417.30000000,384.00000000,389.90000000,81771.61400000
1631923200000,389.90000000,421.80000000,385.20000000,418.60000000,77518.75300000
1632009600000,418.60000000,424.00000000,395.00000000,400.60000000,55317.40200000
1632096000000,400.70000000,402.30000000,325.00000000,332.70000000,164842.83500000
1632182400000,332.80000000,349.40000000,296.80000000,306.10000000,143877.83200000
1632268800000,306.30000000,352.20000000,298.60000000,348.20000000,130630.80600000
1632355200000,348.30000000,359.00000000,337.40000000,357.80000000,79439.81400000
1632441600000,358.00000000,365.40000000,301.20000000,332.50000000,156631.30800000
1632528000000,332.40000000,339.30000000,320.60000000,327.00000000,54682.56400000
1632614400000,326.80000000,333.40000000,300.80000000,324.00000000,76786.16900000
1632700800000,323.90000000,346.70000000,314.00000000,315.40000000,82197.64800000
1632787200000,315.60000000,344.60000000,308.30000000,317.80000000,133484.99300000
1632873600000,318.00000000,341.70000000,314.00000000,322.50000000,78446.70700000
1632960000000,322.50000000,337.50000000,320.70000000,331.40000000,71401.83400000
1633046400000,331.30000000,353.80000000,328.50000000,349.00000000,85618.85300000
1633132800000,348.90000000,364.90000000,340.80000000,353.00000000,56601.27800000
1633219200000,352.90000000,357.30000000,341.70000000,346.30000000,41336.19100000
1633305600000,346.10000000,347.10000000,324.30000000,339.20000000,62008.13400000
1633392000000,339.20000000,344.30000000,328.70000000,337.00000000,50721.93800000
1633478400000,337.10000000,342.00000000,314.40000000,333.50000000,60743.53500000
1633564800000,333.50000000,369.80000000,326.40000000,355.40000000,96068.76200000
1633651200000,355.40000000,360.60000000,340.00000000,344.30000000,49842.55300000
1633737600000,344.20000000,365.80000000,340.70000000,353.90000000,47045.78100000
1633824000000,353.90000000,372.40000000,333.10000000,334.90000000,81975.80800000
1633910400000,334.60000000,345.90000000,321.40000000,330.60000000,41409.89600000
1633996800000,330.60000000,330.60000000,306.50000000,323.40000000,43628.19600000
1634083200000,323.30000000,368.00000000,311.20000000,366.20000000,128338.82000000
1634169600000,366.30000000,377.90000000,346.70000000,350.60000000,106439.74900000
1634256000000,350.30000000,372.80000000,335.00000000,348.30000000,113010.91000000
1634342400000,348.10000000,359.90000000,337.00000000,341.30000000,48433.54100000
1634428800000,341.30000000,351.80000000,330.00000000,350.80000000,64998.84500000
1634515200000,350.90000000,365.30000000,339.70000000,362.60000000,82176.20000000
1634601600000,362.60000000,380.50000000,357.00000000,379.90000000,105108.75400000
1634688000000,380.20000000,383.00000000,366.30000000,377.80000000,63997.47500000
1634774400000,378.00000000,384.90000000,360.30000000,368.90000000,75452.69500000
1634860800000,368.70000000,389.00000000,367.00000000,374.40000000,72929.65400000
1634947200000,374.70000000,386.40000000,369.90000000,382.00000000,48189.68300000
1635033600000,381.90000000,407.00000000,378.00000000,399.60000000,87769.11600000
1635120000000,399.40000000,415.00000000,395.10000000,402.20000000,81436.06400000
1635206400000,402.20000000,411.20000000,383.10000000,390.70000000,62356.01500000
1635292800000,390.80000000,396.00000000,355.10000000,356.80000000,95954.05900000
1635379200000,357.00000000,379.70000000,355.00000000,364.60000000,65842.06100000
1635465600000,364.70000000,372.90000000,361.50000000,367.20000000,51046.19200000
1635552000000,367.20000000,380.00000000,362.60000000,372.70000000,46499.41100000
1635638400000,372.90000000,379.00000000,352.90000000,370.50000000,51257.63400000
1635724800000,370.50000000,412.00000000,359.40000000,409.60000000,115263.05500000
1635811200000,409.80000000,455.00000000,397.30000000,442.20000000,173033.79500000
1635897600000,442.60000000,460.00000000,421.70000000,455.00000000,84820.71710000
1635984000000,454.30000000,465.00000000,431.10000000,441.40000000,52032.73500000
1636070400000,441.70000000,453.70000000,428.50000000,448.50000000,53931.27800000
1636156800000,448.50000000,461.20000000,432.70000000,445.70000000,55628.36600000
1636243200000,445.40000000,514.30000000,441.10000000,512.10000000,99442.22850000
1636329600000,511.90000000,519.10000000,476.40000000,482.70000000,75829.00100000
1636416000000,482.60000000,484.50000000,449.30000000,452.40000000,62954.72700000
1636502400000,452.50000000,470.90000000,383.20000000,427.50000000,94867.22200000
1636588800000,427.30000000,452.30000000,413.90000000,440.50000000,63061.45500000
1636675200000,440.40000000,444.40000000,408.30000000,423.00000000,53781.41000000
1636761600000,423.20000000,435.30000000,412.30000000,428.50000000,40160.33700000
1636848000000,428.60000000,435.70000000,420.30000000,433.90000000,25863.41100000
1636934400000,433.90000000,442.00000000,408.20000000,409.80000000,49022.42600000
1637020800000,409.80000000,409.90000000,350.20000000,366.70000000,99577.46800000
1637107200000,366.60000000,376.40000000,352.30000000,367.20000000,57887.59600000
1637193600000,367.30000000,372.60000000,331.70000000,339.30000000,68228.98700000
1637280000000,339.10000000,365.70000000,327.40000000,354.80000000,65366.16400000
1637366400000,354.60000000,368.00000000,341.30000000,366.80000000,45684.60500000
1637452800000,367.00000000,371.60000000,358.40000000,364.70000000,33425.57900000
1637539200000,365.00000000,366.20000000,334.60000000,337.70000000,55253.01100000
1637625600000,337.70000000,352.90000000,326.20000000,343.10000000,67846.58400000
1637712000000,343.20000000,347.10000000,323.10000000,327.80000000,52180.42700000
1637798400000,327.80000000,350.00000000,326.20000000,339.10000000,42576.65000000
1637884800000,339.00000000,339.80000000,298.10000000,314.60000000,86597.70100000
1637971200000,314.50000000,349.00000000,313.70000000,334.40000000,49666.81600000
1638057600000,334.40000000,357.70000000,319.70000000,350.40000000,95569.99200000
1638144000000,350.10000000,372.70000000,349.10000000,366.50000000,54702.08100000
1638230400000,366.30000000,394.70000000,357.30000000,392.90000000,81324.68500000
1638316800000,392.70000000,405.00000000,381.60000000,391.30000000,56127.95100000
1638403200000,391.30000000,391.40000000,365.00000000,366.50000000,28468.91400000
1638489600000,366.40000000,370.80000000,333.20000000,345.70000000,56596.87400000
1638576000000,346.20000000,346.20000000,252.20000000,301.70000000,103957.06320000
1638662400000,301.90000000,306.50000000,278.00000000,294.70000000,48901.07300000
1638748800000,294.70000000,294.90000000,256.20000000,288.30000000,54001.62900000
1638835200000,288.10000000,319.20000000,283.90000000,295.80000000,60410.57000000
1638921600000,295.50000000,316.20000000,286.90000000,307.50000000,48793.93900000
1639008000000,307.50000000,308.70000000,283.80000000,286.80000000,30059.66500000
1639094400000,286.70000000,309.80000000,280.60000000,282.40000000,49965.30700000
1639180800000,282.10000000,297.50000000,275.60000000,295.80000000,32616.51800000
1639267200000,296.00000000,305.50000000,292.40000000,303.60000000,27792.56700000
1639353600000,303.40000000,308.40000000,269.40000000,272.90000000,40444.46200000
1639440000000,272.90000000,289.70000000,269.40000000,279.30000000,29327.30900000
1639526400000,279.30000000,292.80000000,269.50000000,288.60000000,24939.99600000
1639612800000,288.60000000,293.70000000,278.70000000,280.40000000,22664.30900000
1639699200000,280.20000000,283.40000000,269.50000000,277.20000000,27434.04800000
1639785600000,277.20000000,281.90000000,270.30000000,279.90000000,17336.21200000
1639872000000,279.80000000,281.80000000,272.50000000,274.40000000,12752.00900000
1639958400000,274.40000000,277.10000000,260.30000000,264.30000000,18840.11000000
1640044800000,264.40000000,271.30000000,261.00000000,266.40000000,24991.04700000
1640131200000,266.40000000,284.20000000,266.40000000,273.30000000,38280.48400000
1640217600000,273.20000000,293.60000000,267.30000000,291.00000000,38092.56900000
1640304000000,291.10000000,303.30000000,284.50000000,288.40000000,35242.15400000
1640390400000,288.20000000,294.90000000,286.70000000,292.30000000,14450.49700000
1640476800000,292.30000000,325.10000000,286.50000000,322.70000000,46240.53800000
1640563200000,322.80000000,345.00000000,308.30000000,323.00000000,63934.47500000
1640649600000,323.10000000,335.30000000,291.20000000,294.70000000,82540.43300000
1640736000000,294.80000000,304.00000000,279.10000000,284.30000000,29783.22500000
1640822400000,284.10000000,287.70000000,276.60000000,279.90000000,22420.72500000
1640908800000,279.90000000,287.90000000,271.20000000,276.80000000,23392.02200000
1640995200000,276.60000000,289.10000000,275.50000000,288.80000000,15121.46400000
1641081600000,288.80000000,299.00000000,283.00000000,295.40000000,17999.66800000
1641168000000,295.40000000,299.80000000,285.20000000,290.00000000,24195.10200000
1641254400000,290.20000000,310.00000000,282.70000000,295.60000000,41544.11800000
1641340800000,295.70000000,308.00000000,254.90000000,266.90000000,52450.11400000
1641427200000,267.00000000,272.90000000,258.90000000,269.60000000,28176.51400000
1641513600000,269.50000000,274.30000000,246.50000000,250.80000000,36777.05060000
1641600000000,250.80000000,254.90000000,231.20000000,239.90000000,35778.50350000
1641686400000,240.20000000,252.20000000,238.70000000,246.90000000,17320.36200000
1641772800000,246.80000000,250.70000000,228.60000000,241.30000000,30345.43030000
1641859200000,241.30000000,262.00000000,239.90000000,260.90000000,31592.23200000
1641945600000,260.60000000,279.40000000,260.30000000,275.30000000,42220.41400000
1642032000000,275.00000000,281.30000000,264.30000000,266.20000000,30359.48100000
1642118400000,266.20000000,289.50000000,264.10000000,281.80000000,34289.53930000
1642204800000,281.60000000,290.00000000,280.20000000,289.70000000,19638.90400000
1642291200000,289.90000000,293.00000000,273.80000000,277.80000000,30689.78000000
1642377600000,277.80000000,278.50000000,255.50000000,259.10000000,22049.20200000
1642464000000,259.00000000,261.00000000,247.30000000,253.40000000,17912.96100000
1642550400000,253.40000000,254.20000000,240.80000000,243.50000000,14398.63200000
1642636800000,243.50000000,257.00000000,238.60000000,239.40000000,20475.00600000
1642723200000,239.30000000,241.10000000,210.60000000,214.10000000,47837.86310000
1642809600000,214.00000000,217.60000000,173.20000000,190.40000000,72507.10800000
1642896000000,190.40000000,198.10000000,181.00000000,191.50000000,37456.13300000
1642982400000,191.50000000,191.50000000,161.90000000,174.70000000,82597.50070000
1643068800000,174.90000000,180.90000000,169.80000000,173.60000000,36594.38100000
1643155200000,173.70000000,181.50000000,162.20000000,165.00000000,63716.90000000
1643241600000,165.30000000,168.80000000,155.60000000,164.80000000,46844.36650000
1643328000000,164.50000000,169.60000000,159.00000000,168.70000000,38842.26800000
1643414400000,168.70000000,174.20000000,167.20000000,171.10000000,25346.01000000
1643500800000,171.00000000,173.90000000,161.50000000,163.30000000,28097.95700000
1643587200000,163.10000000,165.70000000,154.30000000,159.40000000,65393.81200000
1643673600000,159.50000000,176.00000000,158.30000000,171.10000000,47707.58400000
1643760000000,171.10000000,177.70000000,160.00000000,162.10000000,66113.31800000
1643846400000,162.20000000,163.80000000,155.50000000,163.00000000,37270.43600000
1643932800000,162.90000000,182.90000000,162.30000000,180.20000000,76997.09400000
1644019200000,180.20000000,189.30000000,178.80000000,184.70000000,30274.91800000
1644105600000,185.00000000,199.20000000,180.10000000,195.90000000,40445.77600000
1644192000000,195.90000000,203.60000000,193.10000000,198.20000000,53493.56700000
1644278400000,198.40000000,205.40000000,184.80000000,192.30000000,49313.14800000
1644364800000,192.30000000,195.10000000,184.90000000,192.00000000,46321.89900000
1644451200000,192.10000000,193.80000000,178.20000000,179.00000000,53828.12200000
1644537600000,178.90000000,183.70000000,161.10000000,164.90000000,38506.07800000
1644624000000,164.90000000,172.40000000,160.40000000,166.80000000,26942.79600000
1644710400000,166.70000000,172.00000000,160.60000000,162.90000000,17727.12700000
1644796800000,163.10000000,168.70000000,159.00000000,166.90000000,19401.72700000
1644883200000,167.00000000,178.60000000,166.50000000,176.30000000,19980.86800000
1644969600000,176.40000000,177.90000000,166.30000000,166.90000000,41041.43800000
1645056000000,166.80000000,170.10000000,154.70000000,155.60000000,57318.99200000
1645142400000,155.50000000,159.60000000,147.50000000,149.70000000,36658.59130000
1645228800000,149.80000000,154.00000000,146.10000000,151.20000000,16853.50400000
1645315200000,151.20000000,151.40000000,135.90000000,138.80000000,33304.70120000
1645401600000,138.90000000,156.00000000,125.20000000,125.70000000,72308.73870000
1645488000000,125.90000000,133.20000000,121.90000000,129.70000000,53951.42980000
1645574400000,129.70000000,135.30000000,122.70000000,123.30000000,69952.89500000
1645660800000,123.20000000,125.00000000,105.20000000,117.90000000,119648.00880000
1645747200000,118.00000000,126.60000000,113.70000000,124.80000000,59530.47600000
1645833600000,124.90000000,130.00000000,121.90000000,124.80000000,52028.32900000
1645920000000,124.90000000,126.80000000,115.20000000,117.50000000,45137.96100000
1646006400000,117.50000000,130.20000000,114.80000000,130.00000000,44751.92300000
1646092800000,130.00000000,145.00000000,127.90000000,138.40000000,120723.22400000
1646179200000,138.50000000,140.90000000,133.20000000,138.40000000,62122.10300000
1646265600000,138.40000000,143.90000000,130.70000000,132.00000000,52444.40300000
1646352000000,132.00000000,132.50000000,118.90000000,120.80000000,35587.34400000
1646438400000,120.80000000,124.50000000,116.40000000,122.70000000,27898.85000000
1646524800000,122.60000000,124.30000000,116.80000000,119.60000000,35208.24000000
1646611200000,119.60000000,127.80000000,115.20000000,120.40000000,52271.00500000
1646697600000,120.30000000,128.30000000,119.30000000,122.50000000,52993.49600000
1646784000000,122.50000000,137.00000000,122.10000000,135.10000000,47967.33400000
1646870400000,135.20000000,140.00000000,122.80000000,126.50000000,67172.93900000
1646956800000,126.40000000,132.10000000,121.10000000,123.80000000,55106.38200000
1647043200000,123.80000000,127.70000000,123.50000000,124.00000000,24795.21400000
1647129600000,123.90000000,125.40000000,116.70000000,117.60000000,29096.91400000
1647216000000,117.50000000,121.00000000,116.20000000,120.40000000,23938.73600000
1647302400000,120.20000000,125.70000000,115.50000000,125.60000000,63395.90800000
1647388800000,125.60000000,131.30000000,121.30000000,130.70000000,91581.10400000
1647475200000,130.70000000,136.40000000,128.10000000,133.00000000,68486.16800000
1647561600000,133.10000000,149.40000000,131.00000000,148.30000000,93118.81900000
1647648000000,148.30000000,153.10000000,144.30000000,146.60000000,62837.05600000
1647734400000,146.60000000,153.10000000,141.50000000,152.00000000,77966.28100000
1647820800000,152.10000000,160.80000000,144.60000000,155.40000000,104607.25900000
1647907200000,155.30000000,160.80000000,153.50000000,158.40000000,48175.06400000
1647993600000,158.60000000,170.00000000,156.30000000,161.90000000,65786.73100000
1648080000000,161.80000000,165.40000000,156.50000000,162.90000000,61421.59500000
1648166400000,162.80000000,167.80000000,157.80000000,166.60000000,49945.55000000
1648252800000,166.60000000,171.00000000,163.80000000,164.60000000,49121.38300000
1648339200000,164.50000000,174.90000000,163.30000000,173.90000000,39979.05100000
1648425600000,173.90000000,182.10000000,163.80000000,168.60000000,108743.47800000
1648512000000,168.80000000,187.00000000,168.10000000,183.90000000,89268.87800000
1648598400000,183.90000000,193.70000000,174.60000000,188.50000000,93539.33300000
1648684800000,188.60000000,200.90000000,181.70000000,188.60000000,109115.55600000
1648771200000,188.50000000,195.70000000,177.70000000,189.70000000,77910.83100000
1648857600000,189.60000000,207.20000000,189.00000000,201.80000000,90980.18500000
1648944000000,201.60000000,204.90000000,195.40000000,201.60000000,46459.80700000
1649030400000,201.80000000,202.00000000,182.10000000,188.90000000,71266.91300000
1649116800000,189.00000000,196.00000000,179.10000000,179.70000000,47364.56300000
1649203200000,179.70000000,181.40000000,167.00000000,174.30000000,77842.25300000
1649289600000,174.20000000,183.70000000,170.90000000,181.40000000,77481.26500000
1649376000000,181.40000000,194.00000000,171.00000000,172.00000000,58045.13500000
1649462400000,171.90000000,178.90000000,170.60000000,178.30000000,39494.76000000
1649548800000,178.40000000,179.70000000,168.90000000,169.70000000,33889.22800000
1649635200000,169.60000000,170.20000000,149.90000000,152.70000000,68038.70100000
1649721600000,152.80000000,159.30000000,148.30000000,153.70000000,47158.33600000
1649808000000,153.80000000,163.20000000,150.50000000,161.00000000,66785.31800000
1649894400000,161.00000000,167.60000000,155.90000000,160.90000000,52869.72200000
1649980800000,161.00000000,167.80000000,158.30000000,166.30000000,45760.48600000
1650067200000,166.20000000,176.30000000,166.20000000,174.60000000,74637.33900000
1650153600000,174.50000000,179.00000000,168.80000000,168.90000000,34164.33000000
1650240000000,168.90000000,168.90000000,155.20000000,167.40000000,55201.37900000
1650326400000,167.20000000,178.90000000,163.40000000,176.60000000,49964.33800000
1650412800000,176.50000000,186.40000000,173.40000000,180.60000000,89153.53200000
1650499200000,180.60000000,184.90000000,164.70000000,168.10000000,58716.23700000
1650585600000,168.10000000,173.50000000,162.50000000,164.60000000,50170.42900000
1650672000000,164.60000000,167.40000000,159.10000000,162.30000000,36468.95200000
1650758400000,162.30000000,163.70000000,157.10000000,159.20000000,25428.72100000
1650844800000,159.30000000,164.50000000,149.10000000,164.50000000,57558.23900000
1650931200000,164.40000000,166.60000000,152.20000000,154.90000000,53498.36000000
1651017600000,154.90000000,164.20000000,154.60000000,158.10000000,47766.16300000
1651104000000,158.10000000,161.70000000,154.60000000,158.00000000,34858.95400000
1651190400000,158.00000000,160.10000000,145.00000000,145.10000000,46521.86000000
1651276800000,145.20000000,149.30000000,125.90000000,131.70000000,43854.61600000
1651363200000,131.60000000,137.10000000,128.20000000,132.60000000,69887.30400000
1651449600000,132.60000000,136.10000000,126.00000000,131.00000000,42558.00200000
1651536000000,131.00000000,135.70000000,125.80000000,127.50000000,45463.62400000
1651622400000,127.50000000,143.00000000,127.10000000,140.50000000,61562.01100000
1651708800000,140.60000000,144.60000000,125.40000000,127.60000000,74861.43800000
1651795200000,127.60000000,131.20000000,120.70000000,126.30000000,77683.15900000
1651881600000,126.40000000,127.30000000,114.60000000,117.80000000,53888.22700000
1651968000000,117.80000000,118.60000000,111.30000000,112.10000000,59870.72200000
1652054400000,112.20000000,115.40000000,93.00000000,94.40000000,168786.96240000
1652140800000,94.50000000,104.60000000,88.90000000,92.90000000,229974.15100000
1652227200000,92.80000000,95.70000000,71.30000000,73.60000000,348829.12200000
1652313600000,73.60000000,77.30000000,62.30000000,69.20000000,361466.90630000
1652400000000,69.20000000,84.00000000,67.30000000,74.00000000,176460.17000000
1652486400000,74.10000000,78.90000000,66.30000000,74.30000000,230184.28600000
1652572800000,74.30000000,89.70000000,68.70000000,80.90000000,337956.93700000
1652659200000,80.80000000,85.70000000,68.70000000,73.80000000,446487.72500000
1652745600000,73.70000000,87.90000000,73.00000000,81.90000000,358671.32200000
1652832000000,81.90000000,83.80000000,71.90000000,76.20000000,319301.96100000
1652918400000,76.30000000,82.90000000,71.00000000,80.50000000,353490.57800000
1653004800000,80.50000000,81.70000000,73.40000000,75.30000000,203738.61100000
1653091200000,75.30000000,80.50000000,73.30000000,80.20000000,180459.68700000
1653177600000,80.20000000,82.20000000,78.20000000,80.30000000,148496.04100000
1653264000000,80.30000000,89.20000000,78.40000000,82.90000000,275774.57200000
1653350400000,82.80000000,86.40000000,75.10000000,81.90000000,233258.17900000
1653436800000,81.90000000,86.90000000,78.70000000,79.40000000,245984.23200000
1653523200000,79.40000000,81.10000000,68.90000000,69.80000000,325472.37800000
1653609600000,69.80000000,71.50000000,64.70000000,66.50000000,323809.92500000
1653696000000,66.60000000,69.20000000,65.20000000,67.60000000,140409.37600000
1653782400000,67.60000000,72.90000000,65.40000000,71.90000000,204370.04400000
1653868800000,71.90000000,78.10000000,71.00000000,78.00000000,251597.38200000
1653955200000,78.00000000,82.90000000,73.30000000,79.90000000,378188.16700000
1654041600000,79.80000000,88.00000000,69.90000000,73.00000000,694427.67300000
1654128000000,72.90000000,74.30000000,70.40000000,73.40000000,357758.38600000
1654214400000,73.30000000,73.50000000,67.50000000,68.30000000,188947.05100000
1654300800000,68.30000000,70.40000000,66.60000000,68.70000000,99261.98400000
1654387200000,68.60000000,69.50000000,67.10000000,67.90000000,85825.04500000
1654473600000,67.80000000,73.20000000,67.60000000,70.20000000,155514.44400000
1654560000000,70.20000000,70.30000000,65.60000000,67.40000000,157437.33100000
1654646400000,67.30000000,69.20000000,65.00000000,66.40000000,160984.71900000
1654732800000,66.40000000,68.40000000,65.50000000,66.40000000,89113.81700000
1654819200000,66.40000000,67.70000000,57.90000000,58.60000000,176254.51000000
1654905600000,58.60000000,60.60000000,55.30000000,57.10000000,145497.11400000
1654992000000,57.10000000,57.60000000,50.60000000,50.80000000,186548.73700000
1655078400000,50.80000000,51.90000000,43.00000000,46.30000000,305957.63400000
1655164800000,46.30000000,52.60000000,43.10000000,51.00000000,118628.27500000
1655251200000,51.00000000,58.30000000,47.20000000,58.30000000,331744.30900000
1655337600000,58.20000000,58.80000000,48.10000000,49.20000000,175175.67400000
1655424000000,49.10000000,51.00000000,48.50000000,49.00000000,63590.89300000
1655510400000,48.90000000,49.80000000,44.20000000,48.50000000,92521.81200000
1655596800000,48.50000000,52.30000000,46.10000000,50.90000000,58106.57400000
1655683200000,50.90000000,54.40000000,48.80000000,53.40000000,58420.25800000
1655769600000,53.30000000,57.50000000,52.30000000,53.60000000,58807.91400000
1655856000000,53.60000000,55.00000000,51.10000000,51.90000000,64598.05700000
1655942400000,51.90000000,54.70000000,51.80000000,54.10000000,46663.99800000
1656028800000,54.10000000,58.30000000,54.00000000,57.40000000,64438.18900000
1656115200000,57.30000000,58.40000000,54.10000000,57.40000000,43010.60800000
1656201600000,57.50000000,58.80000000,52.10000000,52.50000000,53042.06500000
1656288000000,52.40000000,56.10000000,52.20000000,53.00000000,48698.23600000
1656374400000,53.10000000,55.00000000,49.70000000,50.20000000,51308.61700000
1656460800000,50.20000000,51.00000000,48.10000000,48.90000000,46359.02600000
1656547200000,49.00000000,49.30000000,44.90000000,48.30000000,64401.67700000
1656633600000,48.30000000,49.80000000,46.20000000,48.50000000,68822.25600000
1656720000000,48.60000000,49.60000000,47.40000000,48.80000000,37141.51100000
1656806400000,48.80000000,49.90000000,47.40000000,49.60000000,22415.88900000
1656892800000,49.60000000,51.80000000,48.40000000,51.60000000,34382.40600000
1656979200000,51.50000000,52.20000000,48.80000000,50.40000000,37439.65300000
1657065600000,50.40000000,52.20000000,49.50000000,51.30000000,41370.63400000
1657152000000,51.40000000,53.20000000,51.00000000,52.60000000,31753.95500000
1657238400000,52.60000000,54.00000000,50.80000000,51.90000000,52931.07700000
1657324800000,51.80000000,53.90000000,51.80000000,53.20000000,30787.97500000
1657411200000,53.20000000,53.30000000,49.80000000,50.00000000,19754.84000000
1657497600000,50.00000000,50.00000000,46.50000000,46.70000000,29117.59500000
1657584000000,46.70000000,48.70000000,46.10000000,46.80000000,27977.95300000
1657670400000,46.80000000,49.30000000,45.30000000,49.10000000,46019.64500000
1657756800000,49.10000000,51.90000000,47.30000000,51.70000000,40294.01800000
1657843200000,51.70000000,55.80000000,51.10000000,54.40000000,80672.31300000
1657929600000,54.50000000,56.90000000,52.70000000,56.60000000,37196.73000000
1658016000000,56.50000000,57.90000000,54.20000000,54.50000000,30638.72300000
1658102400000,54.50000000,64.30000000,54.40000000,63.80000000,120675.62700000
1658188800000,63.80000000,65.90000000,61.30000000,63.20000000,120098.32600000
1658275200000,63.00000000,65.90000000,58.10000000,59.90000000,86236.02500000
1658361600000,59.90000000,61.90000000,57.50000000,61.20000000,58973.92900000
1658448000000,61.20000000,69.80000000,60.80000000,66.50000000,172446.78200000
1658534400000,66.50000000,69.90000000,63.50000000,67.10000000,90344.99200000
1658620800000,67.10000000,68.00000000,64.50000000,64.70000000,38262.61400000
1658707200000,64.70000000,65.30000000,58.40000000,58.40000000,58673.78600000
1658793600000,58.40000000,58.60000000,55.40000000,58.10000000,65720.47300000
1658880000000,58.10000000,62.40000000,56.00000000,62.30000000,77195.07300000
1658966400000,62.30000000,67.40000000,60.70000000,65.40000000,118656.14400000
1659052800000,65.30000000,67.50000000,62.00000000,63.80000000,114698.77800000
1659139200000,63.90000000,66.70000000,62.70000000,63.10000000,64610.00800000
1659225600000,63.20000000,68.30000000,62.00000000,63.70000000,75098.34900000
1659312000000,63.70000000,69.50000000,62.60000000,64.10000000,96158.28000000
1659398400000,64.00000000,64.80000000,59.60000000,60.80000000,90895.03800000
1659484800000,60.80000000,63.90000000,59.00000000,61.30000000,66147.60400000
1659571200000,61.30000000,63.00000000,60.00000000,61.00000000,43431.31400000
1659657600000,60.90000000,64.40000000,60.50000000,63.50000000,76299.98900000
1659744000000,63.50000000,68.70000000,63.00000000,66.40000000,90384.82900000
1659830400000,66.30000000,68.70000000,65.00000000,65.80000000,98551.50000000
1659916800000,65.70000000,68.00000000,63.50000000,64.80000000,189407.95400000
1660003200000,64.80000000,65.80000000,59.00000000,60.10000000,129931.99000000
1660089600000,60.20000000,64.50000000,58.00000000,63.00000000,123152.52700000
1660176000000,63.00000000,64.30000000,60.30000000,60.80000000,79894.81400000
1660262400000,60.70000000,61.40000000,59.00000000,61.00000000,77414.64800000
1660348800000,61.00000000,62.30000000,60.30000000,61.20000000,51001.06400000
1660435200000,61.10000000,63.90000000,57.60000000,58.70000000,112989.41000000
1660521600000,58.70000000,60.60000000,56.80000000,57.70000000,62872.59600000
1660608000000,57.60000000,58.40000000,55.70000000,56.10000000,85874.54600000
1660694400000,56.00000000,58.50000000,54.10000000,54.80000000,67372.48500000
1660780800000,54.80000000,55.90000000,51.00000000,51.70000000,54781.76700000
1660867200000,51.60000000,52.00000000,46.00000000,48.60000000,109686.93600000
1660953600000,48.50000000,49.90000000,46.70000000,48.60000000,44764.88700000
1661040000000,48.60000000,51.00000000,47.90000000,50.70000000,47875.00100000
1661126400000,50.80000000,51.00000000,46.50000000,50.60000000,50974.01200000
1661212800000,50.60000000,51.00000000,48.20000000,49.60000000,70150.07700000
1661299200000,49.60000000,50.40000000,48.00000000,49.00000000,63964.89500000
1661385600000,48.90000000,50.70000000,48.30000000,48.60000000,47455.80200000
1661472000000,48.50000000,49.90000000,43.90000000,44.50000000,113945.25800000
1661558400000,44.40000000,46.20000000,43.70000000,45.80000000,35815.13900000
1661644800000,45.70000000,47.50000000,45.20000000,45.40000000,33642.27900000
1661731200000,45.50000000,50.30000000,45.10000000,50.00000000,61067.34600000
1661817600000,50.10000000,50.50000000,46.50000000,47.40000000,48953.90700000
1661904000000,47.50000000,49.70000000,47.20000000,47.40000000,37752.94900000
1661990400000,47.40000000,47.90000000,45.50000000,47.50000000,29940.59100000
1662076800000,47.40000000,49.20000000,46.70000000,47.70000000,32738.42200000
1662163200000,47.80000000,49.50000000,47.40000000,48.80000000,24530.00100000
1662249600000,48.80000000,51.70000000,48.80000000,50.60000000,44221.81100000
1662336000000,50.60000000,51.50000000,48.60000000,51.30000000,39346.30100000
1662422400000,51.30000000,52.60000000,45.30000000,45.50000000,78021.70300000
1662508800000,45.50000000,49.10000000,45.00000000,48.30000000,42028.51300000
1662595200000,48.30000000,50.40000000,48.00000000,50.20000000,50065.84600000
1662681600000,50.20000000,54.30000000,49.90000000,52.65000000,69370.45400000
1662768000000,52.69000000,53.31000000,51.50000000,52.24000000,69953.40600000
1662854400000,52.29000000,53.63000000,50.81000000,51.98000000,86955.41000000
1662940800000,51.93000000,55.00000000,50.89000000,52.17000000,88183.21900000
1663027200000,52.20000000,52.28000000,46.07000000,46.36000000,160219.67000000
1663113600000,46.36000000,47.91000000,46.13000000,47.49000000,64682.58500000
1663200000000,47.47000000,47.81000000,44.14000000,44.48000000,101107.65300000
1663286400000,44.49000000,44.67000000,42.57000000,43.98000000,101266.93400000
1663372800000,43.96000000,45.00000000,43.67000000,44.80000000,35740.98500000
1663459200000,44.81000000,44.81000000,38.34000000,39.58000000,135857.28250000
1663545600000,39.58000000,40.35000000,37.64000000,39.99000000,196969.32600000
1663632000000,40.02000000,41.19000000,39.18000000,39.95000000,78268.35400000
1663718400000,39.94000000,43.99000000,39.18000000,40.11000000,170566.23500000
1663804800000,40.11000000,42.72000000,40.09000000,41.77000000,81875.63600000
1663891200000,41.76000000,42.70000000,39.62000000,42.19000000,86935.54700000
1663977600000,42.21000000,42.66000000,40.82000000,41.08000000,43044.60700000
1664064000000,41.08000000,42.00000000,39.75000000,40.40000000,40886.87600000
1664150400000,40.37000000,42.50000000,39.85000000,42.13000000,73913.53100000
1664236800000,42.13000000,50.00000000,42.02000000,42.51000000,135042.43000000
1664323200000,42.49000000,47.40000000,40.47000000,44.05000000,85136.00300000
1664409600000,44.07000000,44.49000000,42.06000000,43.07000000,68787.03200000
1664496000000,43.08000000,43.80000000,41.74000000,42.19000000,59449.24800000
1664582400000,42.18000000,42.87000000,41.65000000,42.06000000,26168.51400000
1664668800000,42.04000000,42.57000000,40.40000000,40.62000000,45070.81900000
1664755200000,40.62000000,42.80000000,40.08000000,42.61000000,40045.08300000
1664841600000,42.64000000,44.46000000,42.29000000,43.90000000,40488.89700000
1664928000000,43.94000000,44.10000000,42.06000000,43.29000000,35627.59800000
1665014400000,43.30000000,44.06000000,42.08000000,42.59000000,62067.02500000
1665100800000,42.58000000,43.59000000,42.23000000,42.35000000,36197.08700000
1665187200000,42.33000000,43.99000000,41.77000000,42.61000000,30069.91900000
1665273600000,42.59000000,44.09000000,42.40000000,43.61000000,15523.04900000
1665360000000,43.60000000,44.30000000,41.86000000,41.91000000,49342.79800000
1665446400000,41.89000000,41.89000000,40.40000000,40.99000000,40068.43700000
1665532800000,40.98000000,41.31000000,39.74000000,40.10000000,29007.06500000
1665619200000,40.09000000,41.28000000,36.16000000,40.66000000,92080.21360000
1665705600000,40.64000000,42.38000000,39.27000000,39.94000000,40138.49300000
1665792000000,39.94000000,40.32000000,38.36000000,38.85000000,41620.49600000
1665878400000,38.83000000,39.63000000,38.36000000,38.65000000,39202.97600000
1665964800000,38.65000000,39.61000000,37.53000000,38.11000000,82948.03100000
1666051200000,38.10000000,38.36000000,36.77000000,37.59000000,67253.79600000
1666137600000,37.60000000,38.42000000,36.70000000,37.06000000,51044.35300000
1666224000000,37.05000000,38.18000000,35.53000000,35.94000000,69818.99600000
1666310400000,35.93000000,36.07000000,34.26000000,35.05000000,91478.52600000
1666396800000,35.04000000,35.23000000,34.40000000,34.58000000,43171.57900000
1666483200000,34.58000000,34.91000000,33.46000000,34.71000000,55506.72000000
1666569600000,34.76000000,35.32000000,33.33000000,34.14000000,130667.10500000
1666656000000,34.15000000,36.44000000,34.09000000,34.93000000,126383.61200000
1666742400000,34.92000000,36.10000000,34.78000000,36.03000000,131261.06300000
1666828800000,36.01000000,37.32000000,34.69000000,34.91000000,101884.46400000
1666915200000,34.91000000,35.91000000,34.28000000,35.37000000,55007.29800000
1667001600000,35.38000000,37.74000000,35.36000000,35.95000000,94175.64500000
1667088000000,35.95000000,37.21000000,35.62000000,36.53000000,93963.18300000
1667174400000,36.57000000,37.21000000,33.90000000,34.92000000,163547.74500000
1667260800000,34.92000000,35.53000000,33.75000000,33.88000000,151525.75500000
1667347200000,33.89000000,34.40000000,31.85000000,32.52000000,132229.53800000
1667433600000,32.50000000,34.24000000,32.41000000,33.65000000,105609.69200000
1667520000000,33.65000000,36.36000000,33.40000000,36.36000000,153097.60400000
1667606400000,36.35000000,40.02000000,36.17000000,38.71000000,301866.27400000
1667692800000,38.72000000,39.02000000,36.07000000,36.09000000,183375.03300000
1667779200000,36.08000000,37.11000000,34.54000000,35.63000000,173313.21000000
1667865600000,35.63000000,36.17000000,26.00000000,30.02000000,350743.81700000
1667952000000,30.02000000,30.27000000,23.68000000,24.66000000,315680.04800000
1668038400000,24.63000000,30.80000000,24.18000000,28.21000000,275259.06300000
1668124800000,28.21000000,29.80000000,24.49000000,26.16000000,264450.49000000
1668211200000,26.20000000,26.27000000,23.91000000,24.15000000,106556.36500000
1668297600000,24.16000000,25.26000000,22.82000000,23.18000000,122688.71200000
1668384000000,23.14000000,24.55000000,21.78000000,24.34000000,157506.46700000
1668470400000,24.32000000,25.80000000,23.91000000,25.07000000,74639.10200000
1668556800000,25.08000000,25.57000000,24.25000000,24.70000000,63714.45100000
1668643200000,24.71000000,25.01000000,24.01000000,24.22000000,58083.83300000
1668729600000,24.22000000,24.92000000,23.75000000,23.95000000,46300.29500000
1668816000000,23.95000000,24.76000000,23.54000000,24.66000000,46821.95400000
1668902400000,24.66000000,25.03000000,23.45000000,23.47000000,86016.05400000
1668988800000,23.48000000,24.38000000,22.65000000,24.24000000,104960.46900000
1669075200000,24.25000000,25.65000000,23.26000000,25.65000000,97073.98700000
1669161600000,25.65000000,26.49000000,25.24000000,26.33000000,77086.57700000
1669248000000,26.34000000,26.76000000,25.75000000,26.51000000,56259.27700000
1669334400000,26.51000000,26.98000000,25.79000000,26.26000000,82365.78900000
1669420800000,26.27000000,27.08000000,26.26000000,26.66000000,54760.61600000
1669507200000,26.63000000,27.30000000,25.72000000,25.78000000,58763.25100000
1669593600000,25.78000000,26.12000000,24.84000000,25.62000000,68247.41300000
1669680000000,25.61000000,27.14000000,25.40000000,26.83000000,52141.27100000
1669766400000,26.83000000,31.59000000,26.83000000,29.82000000,189753.22000000
1669852800000,29.83000000,30.92000000,29.23000000,30.16000000,89417.86800000
1669939200000,30.14000000,31.10000000,29.33000000,30.79000000,70752.82300000
1670025600000,30.79000000,30.92000000,29.08000000,29.38000000,78314.19000000
1670112000000,29.38000000,29.67000000,28.63000000,29.44000000,47265.78700000
1670198400000,29.43000000,31.35000000,29.43000000,31.03000000,111505.53800000
1670284800000,31.04000000,32.00000000,30.25000000,30.57000000,113895.80600000
1670371200000,30.59000000,31.01000000,28.96000000,29.30000000,69441.88400000
1670457600000,29.31000000,31.27000000,29.04000000,29.84000000,86280.26000000
1670544000000,29.84000000,30.01000000,28.91000000,29.27000000,32114.44800000
1670630400000,29.26000000,30.00000000,29.24000000,29.76000000,24064.47700000
1670716800000,29.76000000,30.65000000,29.51000000,29.57000000,42130.01600000
1670803200000,29.56000000,29.61000000,28.15000000,28.87000000,122747.62100000
1670889600000,28.88000000,29.77000000,27.68000000,28.88000000,86675.46200000
1670976000000,28.90000000,29.13000000,27.39000000,27.52000000,62217.19600000
1671062400000,27.51000000,27.81000000,26.89000000,27.30000000,117361.59200000
1671148800000,27.32000000,27.71000000,24.24000000,24.60000000,70708.18100000
1671235200000,24.60000000,28.00000000,23.93000000,25.61000000,54374.41500000
1671321600000,25.61000000,25.81000000,24.91000000,25.37000000,29806.93200000
1671408000000,25.39000000,25.85000000,24.10000000,24.20000000,47740.21900000
1671494400000,24.19000000,25.19000000,24.04000000,24.75000000,66809.56600000
1671580800000,24.76000000,24.80000000,24.11000000,24.51000000,33733.73500000
1671667200000,24.51000000,24.96000000,24.27000000,24.91000000,30724.66800000
1671753600000,24.91000000,25.41000000,24.78000000,25.33000000,29316.96700000
1671840000000,25.34000000,25.40000000,24.97000000,25.00000000,16733.18100000
1671926400000,25.00000000,25.42000000,24.51000000,25.01000000,43449.71900000
1672012800000,25.01000000,25.81000000,24.88000000,25.68000000,48076.39600000
1672099200000,25.68000000,26.08000000,24.83000000,25.49000000,43983.24400000
1672185600000,25.50000000,25.71000000,24.32000000,24.74000000,58371.42200000
1672272000000,24.74000000,25.76000000,24.55000000,25.66000000,56933.21300000
1672358400000,25.67000000,25.67000000,24.37000000,24.56000000,38332.50600000
1672444800000,24.57000000,24.65000000,22.87000000,23.13000000,60079.00600000
1672531200000,23.11000000,23.25000000,22.08000000,22.47000000,76384.20000000
1672617600000,22.46000000,22.94000000,21.61000000,22.68000000,108471.43600000
1672704000000,22.68000000,23.21000000,22.35000000,23.14000000,101878.48200000
1672790400000,23.15000000,24.80000000,23.15000000,24.32000000,99800.46600000
1672876800000,24.31000000,25.00000000,24.07000000,24.69000000,68884.82700000
1672963200000,24.69000000,25.20000000,23.89000000,24.98000000,76087.72000000
1673049600000,24.99000000,25.26000000,24.22000000,24.37000000,54405.45200000
1673136000000,24.37000000,25.50000000,23.96000000,25.35000000,63229.01500000
1673222400000,25.35000000,26.70000000,25.20000000,25.86000000,106927.86400000
1673308800000,25.86000000,26.88000000,25.39000000,26.64000000,95051.40500000
1673395200000,26.62000000,27.43000000,26.01000000,27.27000000,67508.62400000
1673481600000,27.29000000,28.59000000,26.74000000,28.36000000,90635.98800000
1673568000000,28.34000000,29.22000000,27.53000000,29.04000000,98930.45300000
1673654400000,29.03000000,33.83000000,28.99000000,31.25000000,224078.99600000
1673740800000,31.26000000,31.51000000,29.78000000,31.24000000,103089.91300000
1673827200000,31.24000000,32.52000000,30.27000000,32.22000000,117647.48700000
1673913600000,32.20000000,37.00000000,31.58000000,34.37000000,248885.66200000
1674000000000,34.37000000,35.55000000,31.51000000,34.27000000,179162.03100000
1674086400000,34.31000000,35.06000000,32.99000000,33.57000000,94887.98200000
1674172800000,33.58000000,36.39000000,33.07000000,36.21000000,118564.39600000
1674259200000,36.20000000,37.12000000,34.16000000,34.33000000,141456.99900000
1674345600000,34.33000000,36.34000000,34.22000000,34.81000000,81460.05400000
1674432000000,34.79000000,36.06000000,33.95000000,35.72000000,90401.78200000
1674518400000,35.68000000,36.34000000,32.51000000,33.24000000,89320.00200000
1674604800000,33.21000000,35.55000000,32.15000000,34.83000000,92727.47800000
1674691200000,34.87000000,35.43000000,33.59000000,34.44000000,62285.23700000
1674777600000,34.45000000,36.80000000,33.61000000,36.58000000,78188.82000000
1674864000000,36.58000000,37.75000000,35.81000000,36.13000000,74962.68200000
1674950400000,36.11000000,37.29000000,35.64000000,37.20000000,71038.98900000
1675036800000,37.17000000,37.78000000,32.96000000,34.16000000,95206.23400000
1675123200000,34.14000000,35.86000000,33.93000000,35.38000000,70387.57300000
1675209600000,35.39000000,36.74000000,33.76000000,36.47000000,83364.19600000
1675296000000,36.51000000,38.45000000,36.18000000,36.80000000,105295.88200000
1675382400000,36.80000000,38.54000000,36.57000000,38.10000000,74429.06500000
1675468800000,38.10000000,38.77000000,37.43000000,38.02000000,49581.46400000
1675555200000,38.03000000,38.63000000,35.08000000,35.94000000,94692.12800000
1675641600000,35.94000000,36.43000000,34.89000000,35.18000000,49694.63000000
1675728000000,35.19000000,37.32000000,34.96000000,37.18000000,71708.96000000
1675814400000,37.17000000,37.57000000,34.26000000,37.21000000,83474.30500000
1675900800000,37.23000000,37.81000000,32.26000000,33.25000000,156554.85800000
1675987200000,33.26000000,33.40000000,31.49000000,31.72000000,119201.90300000
1676073600000,31.71000000,32.74000000,31.40000000,32.60000000,61030.07900000
1676160000000,32.62000000,33.30000000,31.12000000,31.92000000,70376.30900000
1676246400000,31.90000000,32.43000000,30.13000000,32.34000000,70663.36200000
1676332800000,32.35000000,33.83000000,31.82000000,33.74000000,85305.83500000
1676419200000,33.75000000,37.00000000,33.30000000,36.95000000,97993.56500000
1676505600000,36.92000000,39.37000000,35.77000000,37.07000000,152592.04700000
1676592000000,37.07000000,44.46000000,36.82000000,42.97000000,320598.66700000
1676678400000,42.94000000,47.00000000,42.30000000,42.95000000,157662.44300000
1676764800000,42.94000000,49.49000000,40.15000000,45.49000000,222945.44900000
1676851200000,45.54000000,45.69000000,43.75000000,45.14000000,109381.42500000
1676937600000,45.15000000,47.50000000,43.11000000,43.81000000,139992.22100000
1677024000000,43.85000000,43.95000000,40.18000000,41.35000000,107274.33200000
1677110400000,41.37000000,42.86000000,40.66000000,41.59000000,95406.23600000
1677196800000,41.58000000,42.08000000,37.34000000,38.34000000,110927.71000000
1677283200000,38.35000000,38.75000000,36.54000000,38.03000000,66918.93200000
1677369600000,38.04000000,40.03000000,37.87000000,39.07000000,72716.95400000
1677456000000,39.07000000,40.29000000,38.04000000,39.01000000,71631.47400000
1677542400000,38.99000000,39.21000000,35.89000000,36.11000000,102537.12100000
1677628800000,36.12000000,38.37000000,35.82000000,38.20000000,96775.70000000
1677715200000,38.19000000,38.33000000,36.16000000,36.42000000,44679.11000000
1677801600000,36.43000000,36.51000000,32.60000000,33.99000000,116804.37500000
1677888000000,33.99000000,34.51000000,32.64000000,34.21000000,56847.31800000
1677974400000,34.21000000,35.27000000,33.64000000,34.60000000,53511.30700000
1678060800000,34.59000000,35.38000000,33.96000000,34.65000000,79618.05200000
1678147200000,34.65000000,35.09000000,32.48000000,33.09000000,55487.59800000
1678233600000,33.10000000,33.48000000,31.06000000,31.79000000,55875.87900000
1678320000000,31.80000000,32.62000000,30.43000000,31.83000000,104043.55500000
1678406400000,31.82000000,32.33000000,28.67000000,32.21000000,103960.06000000
1678492800000,32.22000000,32.53000000,29.16000000,30.01000000,92647.69400000
1678579200000,30.01000000,32.40000000,29.49000000,32.38000000,73683.91700000
1678665600000,32.38000000,33.98000000,31.06000000,33.54000000,134252.63000000
1678752000000,33.54000000,37.47000000,33.24000000,36.04000000,126153.80200000
1678838400000,36.03000000,37.75000000,32.14000000,32.90000000,136691.04400000
1678924800000,32.88000000,33.72000000,32.30000000,32.97000000,76644.42200000
1679011200000,32.99000000,36.97000000,32.42000000,36.77000000,96464.08100000
1679097600000,36.82000000,37.99000000,35.14000000,35.48000000,124718.26000000
1679184000000,35.45000000,37.50000000,35.45000000,36.50000000,71651.34600000
1679270400000,36.51000000,37.07000000,33.54000000,33.86000000,125483.22100000
1679356800000,33.88000000,35.53000000,33.07000000,35.36000000,102398.43800000
1679443200000,35.35000000,35.49000000,31.78000000,33.07000000,124931.36400000
1679529600000,33.09000000,35.20000000,32.57000000,35.03000000,74901.03300000
1679616000000,35.05000000,35.48000000,32.63000000,33.45000000,66621.97100000
1679702400000,33.44000000,33.67000000,31.91000000,32.43000000,38006.44700000
1679788800000,32.44000000,33.80000000,32.13000000,33.59000000,28483.79800000
1679875200000,33.59000000,33.95000000,31.24000000,31.82000000,86025.00400000
1679961600000,31.82000000,33.65000000,31.32000000,33.38000000,46433.10900000
1680048000000,33.39000000,35.06000000,33.28000000,34.84000000,51855.47600000
1680134400000,34.84000000,35.84000000,33.60000000,34.23000000,66377.28500000
1680220800000,34.24000000,35.81000000,33.68000000,34.91000000,77245.45700000
1680307200000,34.90000000,35.17000000,33.54000000,33.86000000,47363.12500000
1680393600000,33.87000000,33.98000000,32.13000000,32.77000000,46608.71900000
1680480000000,32.80000000,33.50000000,31.60000000,33.10000000,68061.29900000
1680566400000,33.12000000,34.78000000,32.60000000,33.78000000,85013.42900000
1680652800000,33.84000000,34.43000000,33.10000000,33.90000000,50610.51600000
1680739200000,33.88000000,33.94000000,32.81000000,33.20000000,43874.50600000
1680825600000,33.21000000,33.38000000,32.18000000,32.54000000,146763.48300000
1680912000000,32.55000000,32.93000000,32.04000000,32.31000000,34468.02700000
1680998400000,32.31000000,32.78000000,31.71000000,32.51000000,36383.03000000
1681084800000,32.52000000,33.25000000,32.23000000,33.21000000,109731.01700000
1681171200000,33.21000000,34.65000000,32.98000000,33.72000000,148841.17800000
1681257600000,33.73000000,34.46000000,32.59000000,34.34000000,135100.18000000
1681344000000,34.36000000,36.20000000,33.95000000,35.66000000,110164.81200000
1681430400000,35.68000000,37.80000000,35.49000000,37.33000000,127603.56100000
1681516800000,37.33000000,38.38000000,37.07000000,37.41000000,97714.52400000
1681603200000,37.38000000,37.98000000,36.48000000,37.58000000,64759.63800000
1681689600000,37.57000000,37.67000000,35.66000000,36.07000000,60022.33700000
1681776000000,36.06000000,37.59000000,35.63000000,37.19000000,56864.04600000
1681862400000,37.20000000,37.26000000,32.87000000,33.76000000,122053.93100000
1681948800000,33.75000000,34.54000000,31.39000000,31.77000000,121877.32700000
1682035200000,31.77000000,32.12000000,29.34000000,29.96000000,93264.80000000
1682121600000,29.94000000,30.76000000,29.77000000,30.71000000,41945.05800000
1682208000000,30.70000000,30.84000000,29.39000000,30.26000000,42416.39000000
1682294400000,30.28000000,30.74000000,29.56000000,30.08000000,35650.12200000
1682380800000,30.10000000,31.09000000,29.45000000,31.04000000,42098.24700000
1682467200000,31.06000000,32.36000000,28.84000000,30.44000000,107176.07500000
1682553600000,30.43000000,31.48000000,30.29000000,31.05000000,46920.96400000
1682640000000,31.05000000,31.11000000,30.12000000,30.89000000,26209.25000000
1682726400000,30.89000000,31.79000000,30.73000000,31.61000000,40071.48400000
1682812800000,31.60000000,31.66000000,30.61000000,30.94000000,48852.12700000
1682899200000,30.96000000,31.10000000,28.86000000,29.02000000,77700.93900000
1682985600000,29.01000000,29.33000000,28.47000000,29.20000000,91638.87300000
1683072000000,29.20000000,29.58000000,27.83000000,29.34000000,106027.22500000
1683158400000,29.32000000,29.51000000,28.62000000,28.88000000,39419.60300000
1683244800000,28.89000000,29.22000000,28.14000000,29.11000000,80670.49700000
1683331200000,29.11000000,29.23000000,27.23000000,27.79000000,106681.31000000
1683417600000,27.79000000,28.03000000,27.31000000,27.55000000,43665.36500000
1683504000000,27.55000000,27.80000000,24.67000000,25.66000000,81638.00900000
1683590400000,25.65000000,26.00000000,25.40000000,25.85000000,38569.72700000
1683676800000,25.85000000,26.76000000,25.00000000,26.40000000,73879.55100000
1683763200000,26.38000000,26.38000000,24.15000000,25.10000000,88038.41400000
1683849600000,25.10000000,25.39000000,24.09000000,25.29000000,87992.60300000
1683936000000,25.29000000,25.38000000,24.75000000,24.92000000,27096.82500000
1684022400000,24.91000000,25.75000000,24.63000000,25.44000000,32784.75100000
1684108800000,25.43000000,26.07000000,25.09000000,25.65000000,41618.26600000
1684195200000,25.65000000,25.92000000,25.34000000,25.88000000,60239.24900000
1684281600000,25.87000000,26.41000000,25.15000000,26.34000000,53335.60100000
1684368000000,26.34000000,26.38000000,25.27000000,25.58000000,33416.65400000
1684454400000,25.58000000,25.84000000,25.19000000,25.37000000,36827.74600000
1684540800000,25.37000000,26.23000000,25.21000000,25.93000000,27794.95700000
1684627200000,25.95000000,26.02000000,25.02000000,25.19000000,20703.00600000
1684713600000,25.19000000,25.40000000,24.76000000,25.15000000,29457.36000000
1684800000000,25.16000000,25.92000000,25.00000000,25.48000000,48560.35600000
1684886400000,25.48000000,25.55000000,24.39000000,25.02000000,38730.58100000
1684972800000,25.03000000,25.45000000,24.48000000,25.28000000,21430.67800000
1685059200000,25.28000000,25.43000000,24.96000000,25.29000000,24062.33600000
1685145600000,25.29000000,25.78000000,24.93000000,25.70000000,23254.68400000
1685232000000,25.69000000,26.68000000,25.54000000,26.27000000,32049.61600000
1685318400000,26.28000000,26.47000000,25.79000000,26.14000000,30300.61700000
1685404800000,26.17000000,26.54000000,25.90000000,26.16000000,24503.39300000
1685491200000,26.14000000,26.52000000,25.41000000,26.48000000,38329.73000000
1685577600000,26.48000000,27.07000000,26.13000000,26.27000000,60649.99800000
1685664000000,26.27000000,27.36000000,25.90000000,26.63000000,96767.92400000
1685750400000,26.63000000,27.37000000,26.48000000,27.35000000,37966.51800000
1685836800000,27.35000000,28.45000000,26.97000000,27.64000000,56218.97900000
1685923200000,27.64000000,28.27000000,24.78000000,25.64000000,91187.72200000
1686009600000,25.65000000,27.28000000,25.34000000,27.16000000,64520.94800000
1686096000000,27.16000000,27.75000000,25.80000000,26.15000000,64083.06400000
1686182400000,26.14000000,26.50000000,25.38000000,25.89000000,56900.90500000
1686268800000,25.89000000,26.13000000,25.05000000,25.31000000,38717.92100000
1686355200000,25.31000000,25.31000000,19.65000000,21.72000000,197934.92200000
1686441600000,21.73000000,22.31000000,21.40000000,21.92000000,40543.13900000
1686528000000,21.91000000,22.96000000,21.39000000,22.66000000,38924.14400000
1686614400000,22.66000000,23.13000000,21.97000000,22.42000000,56111.63500000
1686700800000,22.43000000,22.58000000,20.85000000,21.17000000,75082.66900000
1686787200000,21.17000000,21.39000000,20.37000000,20.84000000,66527.56400000
1686873600000,20.85000000,22.21000000,20.60000000,22.10000000,54481.99500000
1686960000000,22.11000000,23.26000000,21.88000000,22.86000000,46113.80300000
1687046400000,22.87000000,23.42000000,22.25000000,22.72000000,44269.94500000
1687132800000,22.71000000,23.13000000,22.51000000,23.13000000,34636.24300000
1687219200000,23.14000000,23.99000000,22.61000000,23.74000000,41009.93300000
1687305600000,23.75000000,24.47000000,23.59000000,24.03000000,60562.77300000
1687392000000,24.02000000,24.79000000,23.49000000,23.53000000,53467.54300000
1687478400000,23.53000000,24.94000000,23.53000000,24.33000000,45789.48000000
1687564800000,24.34000000,24.99000000,23.87000000,24.44000000,43172.72400000
1687651200000,24.45000000,26.30000000,24.45000000,25.90000000,103580.70700000
1687737600000,25.89000000,25.90000000,24.17000000,24.51000000,65744.25900000
1687824000000,24.51000000,26.11000000,24.45000000,25.89000000,49934.42600000
1687910400000,25.89000000,25.91000000,23.36000000,24.62000000,66640.21800000
1687996800000,24.62000000,25.35000000,24.32000000,25.11000000,39522.80000000
1688083200000,25.10000000,26.05000000,23.00000000,25.26000000,104358.60900000
1688169600000,25.30000000,26.89000000,24.99000000,26.28000000,91466.56500000
1688256000000,26.28000000,26.59000000,25.45000000,26.38000000,47382.13200000
1688342400000,26.40000000,27.40000000,26.20000000,26.58000000,96835.86300000
1688428800000,26.55000000,26.63000000,25.07000000,25.36000000,80795.32000000
1688515200000,25.36000000,25.91000000,24.28000000,24.93000000,53814.61200000
1688601600000,24.91000000,25.96000000,23.93000000,23.94000000,51218.92600000
1688688000000,23.94000000,24.55000000,23.71000000,24.33000000,40303.42400000
1688774400000,24.32000000,24.51000000,23.74000000,24.13000000,24898.58900000
1688860800000,24.12000000,24.41000000,23.67000000,23.75000000,30745.59100000
1688947200000,23.75000000,24.19000000,23.03000000,23.76000000,35635.63400000
1689033600000,23.78000000,23.93000000,23.43000000,23.80000000,29131.45700000
1689120000000,23.81000000,24.30000000,23.46000000,24.03000000,37041.43100000
1689206400000,24.03000000,25.76000000,23.59000000,25.69000000,72942.95700000
1689292800000,25.71000000,26.09000000,24.03000000,24.81000000,69395.05100000
1689379200000,24.81000000,25.19000000,24.26000000,24.68000000,38188.08000000
1689465600000,24.68000000,24.78000000,23.75000000,23.89000000,28464.67900000
1689552000000,23.90000000,24.66000000,23.72000000,24.52000000,38647.35900000
1689638400000,24.51000000,24.73000000,23.57000000,24.15000000,37176.73500000
1689724800000,24.14000000,24.57000000,23.84000000,23.92000000,30929.37000000
1689811200000,23.91000000,24.22000000,23.15000000,23.37000000,73769.52000000
1689897600000,23.34000000,23.96000000,23.15000000,23.49000000,47612.09400000
1689984000000,23.50000000,23.76000000,22.75000000,22.97000000,38828.56800000
1690070400000,22.97000000,23.74000000,22.76000000,23.50000000,28150.26400000
1690156800000,23.49000000,23.66000000,22.07000000,22.66000000,49899.77200000
1690243200000,22.67000000,22.72000000,22.33000000,22.46000000,21686.78900000
1690329600000,22.46000000,22.81000000,22.05000000,22.65000000,32462.37200000
1690416000000,22.64000000,22.93000000,22.41000000,22.91000000,42671.60200000
1690502400000,22.92000000,23.56000000,22.88000000,23.38000000,52208.45800000
1690588800000,23.39000000,23.62000000,23.09000000,23.39000000,30955.19000000
1690675200000,23.40000000,23.49000000,22.39000000,23.17000000,28713.70100000
1690761600000,23.19000000,23.37000000,22.58000000,22.88000000,40521.86800000
1690848000000,22.88000000,23.95000000,22.18000000,23.85000000,47998.48200000
1690934400000,23.87000000,24.12000000,23.26000000,23.58000000,35529.14900000
1691020800000,23.55000000,23.72000000,23.00000000,23.20000000,23146.73700000
1691107200000,23.18000000,23.28000000,22.08000000,22.27000000,43039.52900000
1691193600000,22.29000000,22.30000000,20.94000000,21.58000000,112300.92000000
1691280000000,21.58000000,22.64000000,21.42000000,21.98000000,71306.20100000
1691366400000,21.98000000,22.51000000,21.63000000,22.35000000,43241.32700000
1691452800000,22.35000000,22.80000000,22.18000000,22.61000000,43062.67300000
1691539200000,22.60000000,22.89000000,22.32000000,22.72000000,29538.57700000
1691625600000,22.73000000,23.22000000,22.64000000,22.73000000,28985.63000000
1691712000000,22.73000000,22.91000000,22.23000000,22.29000000,25123.10400000
1691798400000,22.28000000,23.67000000,22.22000000,23.31000000,55311.33700000
1691884800000,23.32000000,23.76000000,23.19000000,23.57000000,44107.67500000
1691971200000,23.54000000,24.06000000,23.48000000,23.61000000,56418.73000000
1692057600000,23.60000000,24.03000000,21.50000000,22.85000000,93243.97800000
1692144000000,22.85000000,23.04000000,21.41000000,22.13000000,62334.17100000
1692230400000,22.13000000,22.66000000,19.90000000,20.64000000,126537.51600000
1692316800000,20.64000000,20.95000000,19.90000000,20.35000000,75925.21600000
1692403200000,20.35000000,20.60000000,20.16000000,20.38000000,31295.45600000
1692489600000,20.38000000,20.54000000,20.09000000,20.46000000,29973.44200000
1692576000000,20.47000000,20.52000000,19.41000000,19.72000000,44359.47700000
1692662400000,19.74000000,19.77000000,18.44000000,19.29000000,114142.95300000
1692748800000,19.31000000,20.34000000,19.27000000,20.07000000,66748.09100000
1692835200000,20.07000000,20.15000000,18.90000000,19.27000000,50424.77500000
1692921600000,19.25000000,19.45000000,18.75000000,19.12000000,42395.87500000
1693008000000,19.13000000,19.32000000,18.98000000,19.12000000,28061.21500000
1693094400000,19.12000000,19.41000000,19.08000000,19.30000000,22782.80000000
1693180800000,19.29000000,19.75000000,18.91000000,19.51000000,30725.78600000
1693267200000,19.52000000,20.14000000,18.88000000,19.92000000,52484.82400000
1693353600000,19.93000000,19.97000000,19.40000000,19.43000000,28195.06800000
1693440000000,19.43000000,19.55000000,18.58000000,18.85000000,26178.19700000
1693526400000,18.84000000,19.54000000,18.69000000,18.83000000,62109.62800000
1693612800000,18.83000000,19.29000000,18.80000000,19.15000000,27010.28600000
1693699200000,19.16000000,19.21000000,18.78000000,18.95000000,23251.51800000
1693785600000,18.93000000,19.53000000,18.70000000,18.93000000,25430.70600000
1693872000000,18.93000000,19.42000000,18.70000000,19.20000000,31610.46400000
1693958400000,19.19000000,19.43000000,18.61000000,19.02000000,42795.83900000
1694044800000,19.02000000,19.35000000,18.85000000,19.28000000,28028.38600000
1694131200000,19.29000000,19.44000000,18.85000000,19.05000000,20242.24300000
1694217600000,19.04000000,20.00000000,18.97000000,19.15000000,27948.71200000
1694304000000,19.14000000,19.17000000,18.31000000,18.53000000,31152.67700000
1694390400000,18.52000000,18.67000000,17.53000000,17.77000000,48838.26200000
1694476800000,17.77000000,18.50000000,17.70000000,17.83000000,38400.97300000
1694563200000,17.84000000,18.36000000,17.73000000,17.97000000,28488.18000000
1694649600000,17.98000000,18.35000000,17.85000000,18.22000000,18723.05500000
1694736000000,18.23000000,19.16000000,18.22000000,19.08000000,33940.87300000
1694822400000,19.07000000,19.60000000,19.07000000,19.29000000,25700.37100000
1694908800000,19.30000000,19.30000000,18.41000000,18.63000000,27109.85400000
1694995200000,18.63000000,19.43000000,18.48000000,19.06000000,29456.56500000
1695081600000,19.06000000,19.43000000,18.96000000,19.31000000,23026.20900000
1695168000000,19.32000000,19.76000000,19.10000000,19.71000000,20480.41200000
1695254400000,19.72000000,19.99000000,19.10000000,19.29000000,19745.07300000
1695340800000,19.28000000,19.54000000,18.62000000,18.91000000,33743.97700000
1695427200000,18.92000000,19.13000000,18.47000000,18.68000000,26464.36100000
1695513600000,18.68000000,18.99000000,18.14000000,18.28000000,27123.79300000
1695600000000,18.28000000,18.97000000,18.11000000,18.95000000,29986.56500000
1695686400000,18.96000000,19.02000000,18.61000000,18.90000000,25324.88600000
1695772800000,18.90000000,19.34000000,18.77000000,18.99000000,32263.52600000
1695859200000,18.98000000,19.23000000,18.56000000,18.85000000,49405.83100000
1695945600000,18.85000000,19.12000000,18.69000000,18.88000000,35385.54600000
1696032000000,18.89000000,19.44000000,18.71000000,19.05000000,51803.88700000
1696118400000,19.04000000,19.92000000,19.03000000,19.73000000,36361.61100000
1696204800000,19.73000000,20.22000000,18.66000000,19.22000000,49079.84700000
1696291200000,19.19000000,20.15000000,18.64000000,18.85000000,34617.34800000
1696377600000,18.86000000,18.86000000,18.11000000,18.52000000,27270.77600000
1696464000000,18.51000000,19.00000000,17.93000000,18.00000000,27783.58600000
1696550400000,18.01000000,18.32000000,17.93000000,18.03000000,50587.06500000
1696636800000,18.03000000,18.27000000,17.96000000,18.13000000,26182.19300000
1696723200000,18.12000000,18.38000000,18.01000000,18.20000000,23603.14500000
1696809600000,18.20000000,18.36000000,16.63000000,17.20000000,57060.00200000
1696896000000,17.21000000,17.54000000,16.97000000,17.21000000,36586.47400000
1696982400000,17.22000000,17.40000000,16.56000000,17.13000000,149766.97700000
1697068800000,17.13000000,17.14000000,16.60000000,16.98000000,29624.43800000
1697155200000,16.98000000,17.15000000,16.79000000,17.01000000,35820.45200000
1697241600000,17.00000000,17.61000000,16.98000000,17.43000000,31277.64700000
1697328000000,17.43000000,17.73000000,17.29000000,17.61000000,34562.62800000
1697414400000,17.60000000,18.06000000,17.22000000,17.41000000,47019.18000000
1697500800000,17.42000000,17.59000000,16.70000000,16.86000000,32310.77100000
1697587200000,16.85000000,17.19000000,16.71000000,16.86000000,31584.29500000
1697673600000,16.86000000,16.95000000,16.53000000,16.83000000,41250.20800000
1697760000000,16.84000000,17.57000000,16.74000000,17.33000000,34193.57400000
1697846400000,17.31000000,18.34000000,17.27000000,18.05000000,31004.12300000
1697932800000,18.05000000,18.28000000,17.36000000,17.95000000,80598.89800000
1698019200000,17.95000000,19.50000000,17.76000000,18.99000000,234876.45600000
1698105600000,18.98000000,19.98000000,18.52000000,19.18000000,226004.21600000
1698192000000,19.17000000,19.83000000,18.34000000,19.58000000,131202.45200000
1698278400000,19.59000000,20.20000000,18.68000000,19.42000000,143604.33700000
1698364800000,19.45000000,19.53000000,18.75000000,19.12000000,71919.99900000
1698451200000,19.11000000,21.05000000,19.10000000,20.61000000,187288.58700000
1698537600000,20.62000000,22.39000000,20.22000000,22.04000000,197068.93800000
1698624000000,22.03000000,22.44000000,21.34000000,22.10000000,144630.93100000
1698710400000,22.09000000,22.38000000,20.77000000,21.39000000,66463.74400000
1698796800000,21.39000000,23.76000000,20.53000000,23.73000000,113462.61700000
1698883200000,23.73000000,24.33000000,22.15000000,23.05000000,126020.33600000
1698969600000,23.04000000,23.46000000,22.11000000,23.38000000,52274.94400000
1699056000000,23.37000000,23.68000000,22.66000000,23.34000000,42337.22800000
1699142400000,23.33000000,28.76000000,23.10000000,26.14000000,348228.40200000
1699228800000,26.14000000,28.00000000,25.40000000,26.13000000,277647.17900000
1699315200000,26.15000000,26.80000000,24.68000000,26.78000000,262968.48400000
1699401600000,26.80000000,28.30000000,25.98000000,27.24000000,120103.44700000
1699488000000,27.22000000,28.00000000,22.42000000,25.28000000,301659.23100000
1699574400000,25.27000000,26.65000000,24.32000000,26.44000000,130470.82200000
1699660800000,26.44000000,27.29000000,25.23000000,26.57000000,100653.39400000
1699747200000,26.58000000,28.92000000,25.34000000,27.95000000,189607.49200000
1699833600000,27.95000000,28.41000000,24.81000000,24.81000000,164155.35900000
1699920000000,24.83000000,25.57000000,23.28000000,24.39000000,122528.24500000
1700006400000,24.43000000,26.50000000,24.28000000,26.25000000,119184.71200000
1700092800000,26.25000000,26.75000000,24.38000000,24.79000000,117201.04100000
1700179200000,24.79000000,25.56000000,23.23000000,24.40000000,129507.59800000
1700265600000,24.35000000,24.35000000,22.92000000,24.02000000,62318.07000000
1700352000000,24.02000000,25.92000000,23.40000000,25.28000000,92707.97600000
1700438400000,25.29000000,25.83000000,24.20000000,24.48000000,110353.29500000
1700524800000,24.48000000,24.86000000,21.78000000,22.07000000,136507.42000000
1700611200000,22.06000000,24.11000000,21.96000000,23.80000000,62662.00600000
1700697600000,23.83000000,25.09000000,23.73000000,24.32000000,97134.87900000
1700784000000,24.33000000,25.23000000,24.21000000,25.05000000,85110.30500000
1700870400000,25.04000000,26.40000000,24.68000000,26.05000000,92405.22900000
1700956800000,26.06000000,27.19000000,24.00000000,24.97000000,173389.64600000
1701043200000,24.95000000,25.19000000,23.70000000,24.46000000,162070.96600000
1701129600000,24.43000000,24.89000000,23.74000000,24.40000000,97725.24200000
1701216000000,24.41000000,25.00000000,23.85000000,24.22000000,80462.10100000
1701302400000,24.22000000,25.90000000,24.05000000,25.86000000,132830.15200000
1701388800000,25.86000000,26.05000000,24.97000000,25.58000000,107880.61100000
1701475200000,25.57000000,26.23000000,25.00000000,26.04000000,85893.37000000
1701561600000,26.04000000,26.32000000,25.17000000,25.68000000,62057.79200000
1701648000000,25.65000000,26.69000000,24.81000000,26.39000000,135654.29600000
1701734400000,26.39000000,26.95000000,25.00000000,26.40000000,132402.24000000
1701820800000,26.40000000,27.48000000,25.41000000,26.67000000,131468.80000000
1701907200000,26.66000000,28.35000000,26.29000000,28.20000000,124018.26300000
1701993600000,28.19000000,30.55000000,27.87000000,30.07000000,170937.50400000
1702080000000,30.09000000,33.39000000,30.05000000,31.28000000,234084.48700000
1702166400000,31.28000000,32.23000000,30.21000000,32.18000000,84877.62700000
1702252800000,32.14000000,32.46000000,27.43000000,29.40000000,150702.71700000
1702339200000,29.39000000,30.73000000,28.30000000,29.06000000,152558.67900000
1702425600000,29.06000000,29.89000000,27.16000000,29.77000000,117967.03800000
1702512000000,29.80000000,30.90000000,28.00000000,30.02000000,125898.98500000
1702598400000,30.00000000,30.09000000,28.05000000,28.19000000,132289.83500000
1702684800000,28.21000000,31.53000000,28.09000000,31.25000000,141453.84200000
1702771200000,31.25000000,31.75000000,29.12000000,29.36000000,132709.73500000
1702857600000,29.36000000,30.05000000,27.01000000,29.47000000,154298.81800000
1702944000000,29.46000000,30.14000000,28.59000000,28.75000000,89382.04500000
1703030400000,28.75000000,30.33000000,28.39000000,29.59000000,116888.15000000
1703116800000,29.61000000,35.07000000,29.52000000,34.44000000,367161.56600000
1703203200000,34.48000000,35.76000000,32.57000000,33.39000000,225656.73700000
1703289600000,33.39000000,43.50000000,32.65000000,40.81000000,802742.99000000
1703376000000,40.82000000,64.50000000,38.65000000,51.56000000,2252187.11200000
1703462400000,51.55000000,64.35000000,49.05000000,58.54000000,1461298.62000000
1703548800000,58.57000000,64.49000000,52.30000000,56.10000000,856785.85700000
1703635200000,56.09000000,57.98000000,52.20000000,54.03000000,316192.65700000
1703721600000,54.01000000,55.07000000,49.47000000,49.56000000,261259.75000000
1703808000000,49.58000000,53.16000000,47.79000000,48.73000000,313280.60200000
1703894400000,48.72000000,49.14000000,46.40000000,47.76000000,169430.08500000
1703980800000,47.80000000,49.87000000,43.63000000,45.05000000,217256.26100000
1704067200000,45.10000000,52.74000000,43.97000000,51.21000000,258924.09800000
1704153600000,51.18000000,52.32000000,47.20000000,47.45000000,228189.92500000
1704240000000,47.44000000,50.29000000,35.00000000,44.22000000,383798.36000000
1704326400000,44.27000000,47.36000000,43.07000000,46.15000000,209118.45800000
1704412800000,46.16000000,47.11000000,40.61000000,42.99000000,188835.28600000
1704499200000,43.01000000,43.01000000,38.94000000,40.30000000,129357.41500000
1704585600000,40.27000000,42.04000000,37.00000000,37.75000000,137550.55200000
1704672000000,37.74000000,42.88000000,34.84000000,41.93000000,222625.15800000
1704758400000,41.90000000,42.19000000,37.88000000,39.47000000,201730.91200000
1704844800000,39.49000000,45.44000000,38.10000000,44.59000000,196372.31400000
1704931200000,44.61000000,47.14000000,42.73000000,46.63000000,263467.08300000
1705017600000,46.63000000,47.09000000,40.24000000,42.32000000,201172.82600000
1705104000000,42.34000000,43.70000000,40.67000000,43.04000000,92863.65400000
1705190400000,43.04000000,43.14000000,40.44000000,40.57000000,95076.82500000
1705276800000,40.65000000,42.64000000,40.57000000,41.49000000,83687.71800000
1705363200000,41.48000000,42.52000000,40.59000000,42.31000000,70581.38200000
1705449600000,42.30000000,43.34000000,41.11000000,41.69000000,100272.52800000
1705536000000,41.68000000,41.68000000,38.22000000,39.41000000,122190.68300000
1705622400000,39.42000000,40.21000000,36.41000000,38.72000000,149145.38800000
1705708800000,38.72000000,39.57000000,38.12000000,39.45000000,49336.77800000
1705795200000,39.44000000,40.30000000,38.91000000,39.28000000,47966.11900000
1705881600000,39.29000000,39.60000000,36.32000000,36.59000000,103081.87900000
1705968000000,36.58000000,37.46000000,33.63000000,36.48000000,115703.83300000
1706054400000,36.47000000,36.81000000,35.37000000,36.13000000,97931.92000000
1706140800000,36.13000000,36.50000000,35.13000000,35.97000000,43126.12800000
1706227200000,35.93000000,38.16000000,35.49000000,37.65000000,77488.30800000
1706313600000,37.65000000,39.84000000,37.21000000,39.06000000,72658.07700000
1706400000000,39.07000000,39.65000000,37.87000000,38.57000000,58316.52700000
1706486400000,38.57000000,40.47000000,38.33000000,40.23000000,96580.60400000
1706572800000,40.24000000,40.66000000,38.80000000,39.06000000,87171.90700000
1706659200000,39.08000000,40.45000000,37.66000000,37.84000000,111193.96000000
1706745600000,37.84000000,38.23000000,36.92000000,38.02000000,68129.05400000
1706832000000,38.02000000,39.16000000,37.89000000,39.14000000,46587.82600000
1706918400000,39.16000000,40.51000000,38.05000000,38.14000000,51588.34100000
1707004800000,38.16000000,38.41000000,37.27000000,37.43000000,41553.88600000
1707091200000,37.43000000,38.74000000,36.54000000,38.24000000,95949.84400000
1707177600000,38.20000000,39.88000000,37.79000000,38.35000000,96052.10800000
1707264000000,38.37000000,40.28000000,38.00000000,39.82000000,80984.30500000
1707350400000,39.82000000,41.80000000,39.60000000,40.57000000,117868.53700000
1707436800000,40.57000000,42.60000000,40.22000000,41.89000000,94463.04000000
1707523200000,41.90000000,42.66000000,41.20000000,41.33000000,73402.56700000
1707609600000,41.34000000,42.57000000,41.26000000,41.60000000,61603.78500000
1707696000000,41.63000000,44.74000000,40.56000000,43.78000000,176464.79400000
1707782400000,43.77000000,44.19000000,41.93000000,43.69000000,90787.30200000
1707868800000,43.66000000,45.67000000,43.03000000,45.30000000,99690.06100000
1707955200000,45.35000000,46.90000000,44.59000000,45.19000000,114206.92300000
1708041600000,45.17000000,46.43000000,44.10000000,45.48000000,82497.03000000
1708128000000,45.46000000,45.55000000,42.20000000,44.29000000,78578.59200000
1708214400000,44.30000000,45.72000000,43.76000000,45.46000000,55649.60300000
1708300800000,45.46000000,52.48000000,45.42000000,47.65000000,247238.14400000
1708387200000,47.64000000,47.96000000,43.94000000,46.66000000,128942.84400000
1708473600000,46.68000000,47.00000000,43.23000000,45.78000000,81458.64300000
1708560000000,45.86000000,47.58000000,44.61000000,45.86000000,58904.23800000
1708646400000,45.89000000,46.50000000,44.21000000,45.35000000,80319.97000000
1708732800000,45.35000000,47.49000000,44.18000000,47.21000000,61841.80700000
1708819200000,47.23000000,49.10000000,46.24000000,48.86000000,110525.05500000
1708905600000,48.85000000,49.49000000,47.07000000,49.47000000,118808.29700000
1708992000000,49.48000000,51.00000000,47.77000000,49.23000000,138993.48000000
1709078400000,49.22000000,52.37000000,43.68000000,48.98000000,224652.41600000
1709164800000,48.96000000,53.39000000,47.69000000,48.99000000,210496.99600000
1709251200000,49.01000000,51.26000000,49.00000000,50.79000000,138939.88700000
1709337600000,50.77000000,54.54000000,50.45000000,54.21000000,158215.38600000
1709424000000,54.20000000,57.32000000,48.46000000,54.88000000,267700.01400000
1709510400000,54.91000000,56.24000000,51.34000000,53.19000000,231413.89800000
1709596800000,53.20000000,56.40000000,44.00000000,49.88000000,461561.88400000
1709683200000,49.83000000,55.79000000,47.67000000,54.92000000,201001.48700000
1709769600000,54.94000000,57.36000000,53.30000000,53.81000000,226111.38400000
1709856000000,53.80000000,55.26000000,49.40000000,53.00000000,301862.23000000
1709942400000,53.01000000,54.00000000,52.21000000,52.68000000,125751.35600000
1710028800000,52.66000000,53.46000000,49.81000000,52.23000000,195010.89200000
1710115200000,52.22000000,55.99000000,49.25000000,55.29000000,263206.23500000
1710201600000,55.29000000,57.59000000,50.81000000,57.56000000,317354.41900000
1710288000000,57.58000000,61.21000000,56.83000000,60.00000000,373649.06000000
1710374400000,59.99000000,60.95000000,53.52000000,57.37000000,225308.78600000
1710460800000,57.37000000,58.70000000,49.00000000,53.12000000,294996.53100000
1710547200000,53.15000000,53.92000000,46.91000000,48.25000000,185666.72800000
1710633600000,48.25000000,50.79000000,45.71000000,50.12000000,145245.47700000
1710720000000,50.13000000,50.33000000,45.40000000,46.25000000,120268.35500000
1710806400000,46.25000000,46.89000000,39.64000000,40.76000000,254087.35900000
1710892800000,40.75000000,45.83000000,39.59000000,45.60000000,204123.32300000
1710979200000,45.60000000,46.20000000,43.54000000,45.09000000,128715.73100000
1711065600000,45.07000000,46.35000000,42.73000000,44.27000000,127489.04700000
1711152000000,44.26000000,45.78000000,43.63000000,44.06000000,89064.38900000
1711238400000,44.04000000,46.34000000,43.55000000,46.06000000,91752.45100000
1711324800000,46.07000000,49.15000000,45.79000000,48.95000000,131333.44800000
1711411200000,48.97000000,53.57000000,48.75000000,50.02000000,182652.63200000
1711497600000,50.02000000,50.95000000,47.58000000,48.32000000,124776.50100000
1711584000000,48.34000000,49.43000000,46.93000000,48.92000000,117026.76200000
1711670400000,48.92000000,51.71000000,47.32000000,50.32000000,202637.45700000
1711756800000,50.31000000,50.81000000,48.10000000,48.45000000,96786.75400000
1711843200000,48.44000000,49.43000000,47.94000000,48.43000000,62855.43700000
1711929600000,48.42000000,48.68000000,44.52000000,46.21000000,188179.01900000
1712016000000,46.22000000,46.34000000,41.38000000,42.46000000,174110.00000000
1712102400000,42.49000000,44.30000000,40.00000000,41.58000000,138811.67700000
1712188800000,41.56000000,43.58000000,40.62000000,42.44000000,73111.45800000
1712275200000,42.41000000,42.47000000,39.99000000,41.49000000,73919.90000000
1712361600000,41.48000000,42.63000000,41.24000000,42.09000000,43956.30200000
1712448000000,42.09000000,43.21000000,41.87000000,42.69000000,78941.07800000
1712534400000,42.69000000,44.62000000,41.75000000,44.27000000,97893.27100000
1712620800000,44.27000000,44.46000000,41.18000000,41.32000000,95241.80200000
1712707200000,41.31000000,41.58000000,38.34000000,40.57000000,123978.51900000
1712793600000,40.58000000,41.36000000,39.52000000,39.90000000,86008.77500000
1712880000000,39.89000000,40.51000000,29.90000000,33.57000000,299164.81700000
1712966400000,33.55000000,34.01000000,24.30000000,28.73000000,380449.73900000
1713052800000,28.71000000,31.95000000,27.75000000,31.70000000,175378.60200000
1713139200000,31.68000000,32.86000000,28.80000000,30.24000000,111438.68400000
1713225600000,30.24000000,31.31000000,28.96000000,30.82000000,84073.16400000
1713312000000,30.80000000,31.49000000,29.50000000,30.57000000,77664.35100000
1713398400000,30.51000000,32.48000000,29.57000000,31.19000000,82451.57000000
1713484800000,31.14000000,32.32000000,28.61000000,31.15000000,90018.27400000
1713571200000,31.16000000,33.84000000,30.83000000,33.53000000,52936.69500000
1713657600000,33.53000000,33.74000000,31.94000000,32.59000000,42710.42100000
1713744000000,32.60000000,33.86000000,32.41000000,33.50000000,67658.83700000
1713830400000,33.50000000,33.77000000,32.33000000,32.57000000,86162.36300000
1713916800000,32.56000000,32.78000000,29.24000000,29.62000000,295106.92400000
1714003200000,29.61000000,30.50000000,28.72000000,29.83000000,92461.54900000
1714089600000,29.82000000,29.93000000,28.72000000,28.94000000,128306.83900000
1714176000000,28.98000000,30.09000000,27.70000000,29.73000000,68203.05300000
1714262400000,29.74000000,30.56000000,29.41000000,29.57000000,63792.90200000
1714348800000,29.57000000,30.37000000,28.64000000,29.84000000,69905.91900000
1714435200000,29.86000000,30.05000000,27.01000000,28.71000000,108009.07900000
1714521600000,28.71000000,29.24000000,26.67000000,29.01000000,134881.18000000
1714608000000,29.04000000,30.39000000,28.07000000,29.93000000,86657.27600000
1714694400000,29.94000000,30.67000000,29.02000000,30.30000000,89156.75500000
1714780800000,30.30000000,30.44000000,28.70000000,28.75000000,120581.93600000
1714867200000,28.74000000,29.95000000,27.96000000,29.02000000,159465.01300000
1714953600000,29.02000000,30.20000000,27.85000000,27.99000000,147750.10900000
1715040000000,27.98000000,29.25000000,27.75000000,28.01000000,98082.19700000
1715126400000,28.00000000,31.00000000,27.43000000,28.57000000,158746.00900000
1715212800000,28.56000000,30.68000000,28.22000000,30.19000000,130309.00300000
1715299200000,30.18000000,30.92000000,28.30000000,28.68000000,136186.19900000
1715385600000,28.67000000,29.22000000,28.01000000,28.07000000,49354.14400000
1715472000000,28.07000000,28.84000000,27.72000000,27.77000000,41242.15600000
1715558400000,27.78000000,29.41000000,26.90000000,27.94000000,76763.01300000
1715644800000,27.93000000,28.62000000,26.94000000,27.10000000,66455.82500000
1715731200000,27.10000000,29.55000000,26.82000000,29.40000000,77494.73200000
1715817600000,29.41000000,29.56000000,28.33000000,28.98000000,84425.25900000
1715904000000,28.99000000,30.33000000,28.68000000,30.20000000,77934.23100000
1715990400000,30.19000000,30.93000000,28.71000000,30.49000000,73517.74800000
1716076800000,30.50000000,31.55000000,28.56000000,28.88000000,82135.86900000
1716163200000,28.88000000,32.58000000,28.32000000,32.28000000,136069.41400000
1716249600000,32.28000000,32.71000000,31.65000000,32.15000000,118295.59400000
1716336000000,32.18000000,32.53000000,31.06000000,31.47000000,70012.03300000
1716422400000,31.49000000,32.17000000,28.64000000,30.22000000,148468.77500000
1716508800000,30.22000000,32.33000000,29.91000000,31.96000000,80626.22400000
1716595200000,31.95000000,33.05000000,31.91000000,32.56000000,87123.12400000
1716681600000,32.53000000,33.30000000,32.02000000,32.27000000,51432.55200000
1716768000000,32.27000000,33.47000000,32.02000000,32.51000000,75900.59400000
1716854400000,32.51000000,32.88000000,31.50000000,32.16000000,79926.14000000
1716940800000,32.20000000,33.33000000,31.77000000,31.96000000,73114.32600000
1717027200000,31.95000000,32.44000000,30.14000000,30.73000000,94091.07300000
1717113600000,30.74000000,30.98000000,29.95000000,30.36000000,44885.73400000
1717200000000,30.36000000,30.62000000,30.01000000,30.35000000,24981.30900000
1717286400000,30.34000000,31.36000000,29.80000000,30.07000000,51873.31600000
1717372800000,30.06000000,31.92000000,29.83000000,31.23000000,56468.12600000
1717459200000,31.22000000,32.72000000,31.18000000,32.47000000,87321.13100000
1717545600000,32.49000000,32.78000000,31.75000000,32.64000000,58678.23000000
1717632000000,32.62000000,33.30000000,32.01000000,32.43000000,79110.67000000
1717718400000,32.42000000,33.46000000,27.64000000,30.15000000,144582.72000000
1717804800000,30.14000000,30.45000000,28.19000000,28.46000000,66271.62400000
1717891200000,28.46000000,28.95000000,28.17000000,28.84000000,37900.14600000
1717977600000,28.86000000,29.06000000,28.00000000,28.43000000,39240.21700000
1718064000000,28.43000000,28.73000000,26.90000000,27.51000000,98217.20300000
1718150400000,27.51000000,31.89000000,26.92000000,30.08000000,164483.16800000
1718236800000,30.09000000,30.28000000,27.68000000,27.92000000,72504.61500000
1718323200000,27.90000000,28.21000000,25.72000000,26.33000000,88957.10200000
1718409600000,26.30000000,26.78000000,25.93000000,26.53000000,42241.15300000
1718496000000,26.56000000,27.01000000,25.99000000,26.79000000,36123.44900000
1718582400000,26.79000000,26.94000000,23.77000000,24.73000000,101086.69700000
1718668800000,24.74000000,24.86000000,21.62000000,23.85000000,115403.54600000
1718755200000,23.85000000,25.04000000,23.62000000,24.01000000,141957.94700000
1718841600000,23.99000000,25.06000000,23.64000000,24.02000000,79067.60200000
1718928000000,24.02000000,24.42000000,23.39000000,24.01000000,43737.90300000
1719014400000,24.01000000,24.17000000,23.62000000,24.03000000,26566.04200000
1719100800000,24.02000000,24.29000000,23.01000000,23.09000000,21498.07500000
1719187200000,23.09000000,23.44000000,21.89000000,23.22000000,79359.40500000
1719273600000,23.22000000,24.53000000,23.15000000,23.86000000,43975.84800000
1719360000000,23.87000000,24.01000000,22.66000000,23.08000000,55356.77600000
1719446400000,23.08000000,24.34000000,22.59000000,24.18000000,53722.65400000
1719532800000,24.18000000,24.35000000,23.23000000,23.29000000,61804.43900000
1719619200000,23.29000000,23.63000000,23.05000000,23.12000000,26139.13800000
1719705600000,23.13000000,23.90000000,22.82000000,23.82000000,30364.22500000
1719792000000,23.80000000,24.33000000,23.66000000,23.70000000,51079.04300000
1719878400000,23.70000000,24.31000000,23.61000000,24.06000000,41491.11200000
1719964800000,24.05000000,24.46000000,22.68000000,22.82000000,97446.23200000
1720051200000,22.84000000,23.00000000,20.50000000,20.58000000,96899.70100000
1720137600000,20.60000000,20.80000000,17.93000000,20.39000000,202599.33700000
1720224000000,20.39000000,21.93000000,19.89000000,21.84000000,61642.63200000
1720310400000,21.84000000,21.84000000,20.07000000,20.16000000,38235.79200000
1720396800000,20.17000000,21.54000000,19.41000000,20.61000000,71479.08300000
1720483200000,20.62000000,21.48000000,20.51000000,21.05000000,40609.91900000
1720569600000,21.04000000,21.85000000,20.58000000,21.09000000,57834.37100000
1720656000000,21.10000000,21.77000000,20.72000000,20.89000000,35546.12300000
1720742400000,20.87000000,21.44000000,20.41000000,21.43000000,55777.55500000
1720828800000,21.43000000,21.99000000,21.22000000,21.78000000,59309.15300000
1720915200000,21.77000000,22.79000000,21.58000000,22.75000000,96909.07200000
1721001600000,22.75000000,23.67000000,22.69000000,23.49000000,127867.06900000
1721088000000,23.49000000,23.61000000,22.23000000,23.21000000,114554.80800000
1721174400000,23.21000000,23.76000000,22.38000000,22.65000000,117014.61700000
1721260800000,22.66000000,23.24000000,21.77000000,22.02000000,116704.02800000
1721347200000,22.02000000,22.61000000,21.53000000,22.53000000,142558.64800000
1721433600000,22.53000000,23.19000000,22.32000000,23.14000000,74425.64400000
1721520000000,23.15000000,23.82000000,22.26000000,23.50000000,112009.62100000
1721606400000,23.50000000,23.77000000,21.95000000,22.00000000,99938.94800000
1721692800000,21.99000000,22.33000000,20.82000000,21.13000000,132327.07900000
1721779200000,21.13000000,21.54000000,20.69000000,20.82000000,78684.62200000
1721865600000,20.83000000,20.96000000,19.78000000,20.54000000,112529.24300000
1721952000000,20.54000000,21.62000000,20.53000000,21.59000000,61793.92300000
1722038400000,21.59000000,22.15000000,21.25000000,21.83000000,112693.90500000
1722124800000,21.83000000,22.04000000,20.98000000,21.22000000,168529.78800000
1722211200000,21.22000000,22.30000000,20.96000000,21.11000000,243634.64900000
1722297600000,21.09000000,21.97000000,20.61000000,20.90000000,314752.59900000
1722384000000,20.91000000,21.34000000,20.46000000,20.50000000,215979.33800000
1722470400000,20.50000000,20.72000000,18.65000000,20.26000000,99589.31900000
1722556800000,20.26000000,20.36000000,18.51000000,18.86000000,121576.50400000
1722643200000,18.85000000,19.26000000,17.53000000,18.18000000,130455.73000000
1722729600000,18.20000000,18.83000000,16.73000000,17.59000000,182386.33300000
1722816000000,17.59000000,17.77000000,13.85000000,16.00000000,406564.20000000
1722902400000,15.98000000,17.42000000,15.97000000,16.83000000,163121.08700000
1722988800000,16.84000000,17.25000000,15.89000000,16.08000000,159718.82900000
1723075200000,16.09000000,18.08000000,15.74000000,18.01000000,92720.17300000
1723161600000,18.01000000,18.01000000,17.24000000,17.44000000,72650.73800000
1723248000000,17.44000000,18.15000000,17.13000000,18.03000000,49699.30200000
1723334400000,18.03000000,18.09000000,16.79000000,16.83000000,57615.47000000
1723420800000,16.85000000,17.98000000,16.83000000,17.58000000,100792.93800000
1723507200000,17.57000000,17.96000000,17.05000000,17.87000000,46845.44400000
1723593600000,17.85000000,17.92000000,17.08000000,17.34000000,68750.62300000
1723680000000,17.34000000,17.96000000,16.59000000,16.88000000,77509.79100000
1723766400000,16.88000000,17.22000000,16.33000000,16.80000000,52455.97200000
1723852800000,16.79000000,17.12000000,16.65000000,16.91000000,39231.21000000
1723939200000,16.90000000,17.70000000,16.68000000,17.27000000,52424.56900000
1724025600000,17.26000000,17.80000000,17.03000000,17.77000000,48497.71100000
1724112000000,17.77000000,18.24000000,17.45000000,18.18000000,66350.86100000
1724198400000,18.18000000,20.42000000,18.15000000,19.79000000,129612.85500000
1724284800000,19.79000000,21.36000000,19.50000000,20.78000000,107025.37200000
1724371200000,20.78000000,21.66000000,20.46000000,21.46000000,85469.40800000
1724457600000,21.46000000,22.75000000,21.13000000,22.30000000,78972.35000000
1724544000000,22.26000000,22.62000000,21.33000000,22.00000000,60788.78900000
1724630400000,21.98000000,22.26000000,20.64000000,20.72000000,49614.95900000
1724716800000,20.72000000,21.31000000,19.20000000,19.77000000,70384.67900000
1724803200000,19.77000000,20.63000000,18.88000000,19.16000000,75805.38000000
1724889600000,19.16000000,19.78000000,18.43000000,18.77000000,64120.11600000
1724976000000,18.77000000,19.05000000,17.93000000,18.58000000,57149.13200000
1725062400000,18.56000000,18.79000000,18.02000000,18.19000000,28799.71800000
1725148800000,18.18000000,18.32000000,17.24000000,17.45000000,49370.03700000
1725235200000,17.43000000,18.56000000,17.41000000,18.48000000,38819.04200000
1725321600000,18.48000000,18.65000000,17.42000000,17.45000000,44436.52300000
1725408000000,17.46000000,18.39000000,16.75000000,18.14000000,58684.50000000
1725494400000,18.14000000,18.23000000,17.22000000,17.43000000,58352.21300000
1725580800000,17.44000000,17.62000000,16.42000000,17.10000000,123368.99300000
1725667200000,17.09000000,18.06000000,16.95000000,17.64000000,35473.56000000
1725753600000,17.64000000,18.73000000,17.57000000,18.39000000,38857.24600000
1725840000000,18.39000000,20.16000000,18.30000000,19.97000000,235697.20200000
1725926400000,19.99000000,20.65000000,19.74000000,19.98000000,82359.77900000
1726012800000,20.00000000,20.29000000,19.35000000,19.88000000,77126.54800000
1726099200000,19.88000000,20.28000000,19.38000000,19.88000000,78759.27600000
1726185600000,19.89000000,20.20000000,19.08000000,19.94000000,96729.52200000
1726272000000,19.95000000,22.50000000,19.47000000,21.62000000,192037.89500000
1726358400000,21.62000000,21.88000000,20.13000000,20.38000000,202749.35100000
1726444800000,20.38000000,20.39000000,19.47000000,19.69000000,68317.25000000
1726531200000,19.69000000,20.42000000,19.38000000,20.21000000,80399.74300000
1726617600000,20.19000000,20.80000000,19.53000000,20.77000000,85291.82600000
1726704000000,20.79000000,21.28000000,20.69000000,20.85000000,85848.75800000
1726790400000,20.86000000,21.35000000,20.47000000,20.76000000,66245.36100000
1726876800000,20.75000000,21.41000000,20.28000000,21.32000000,59595.54700000
1726963200000,21.38000000,21.38000000,20.03000000,20.49000000,54725.32600000
1727049600000,20.52000000,21.32000000,20.09000000,20.94000000,91282.97500000
1727136000000,20.95000000,21.56000000,20.48000000,21.36000000,72117.47900000
1727222400000,21.34000000,22.45000000,21.25000000,21.59000000,88459.35000000
1727308800000,21.58000000,22.72000000,21.30000000,22.19000000,82239.37400000
1727395200000,22.20000000,22.77000000,22.03000000,22.48000000,89460.90500000
1727481600000,22.49000000,22.85000000,21.47000000,21.91000000,44860.76200000
1727568000000,21.91000000,22.17000000,21.04000000,21.81000000,46523.26200000
1727654400000,21.81000000,21.83000000,19.86000000,20.05000000,93395.87600000
1727740800000,20.05000000,20.71000000,18.00000000,18.54000000,142070.85100000
1727827200000,18.53000000,19.12000000,17.55000000,18.14000000,94402.25900000
1727913600000,18.12000000,18.45000000,17.29000000,17.92000000,62742.77500000
1728000000000,17.92000000,18.62000000,17.79000000,18.37000000,46031.62000000
1728086400000,18.38000000,18.61000000,17.90000000,18.32000000,37609.34600000
1728172800000,18.33000000,18.91000000,18.02000000,18.90000000,67055.89100000
1728259200000,18.87000000,19.25000000,18.17000000,18.25000000,92750.49400000
1728345600000,18.26000000,18.51000000,17.49000000,17.95000000,65956.95200000
1728432000000,17.95000000,18.19000000,17.31000000,17.59000000,68030.72300000
1728518400000,17.59000000,17.80000000,16.85000000,17.49000000,68975.08800000
1728604800000,17.49000000,18.45000000,17.49000000,18.42000000,56064.33900000
1728691200000,18.42000000,18.73000000,18.16000000,18.38000000,68728.22700000
1728777600000,18.38000000,18.54000000,17.72000000,18.33000000,61259.50100000
1728864000000,18.34000000,19.31000000,18.04000000,19.04000000,114784.27000000
1728950400000,19.06000000,19.18000000,17.84000000,18.52000000,140722.37700000
1729036800000,18.53000000,18.59000000,17.82000000,18.08000000,67704.72000000
1729123200000,18.11000000,18.30000000,17.05000000,17.62000000,314872.51700000
1729209600000,17.60000000,18.45000000,17.56000000,18.45000000,62153.42700000
1729296000000,18.45000000,18.71000000,18.19000000,18.40000000,40088.06300000
1729382400000,18.41000000,19.67000000,18.24000000,19.56000000,94315.49600000
1729468800000,19.56000000,19.93000000,18.82000000,19.05000000,104369.83000000
1729555200000,19.04000000,19.26000000,18.47000000,18.73000000,53550.20300000
1729641600000,18.73000000,18.79000000,17.48000000,18.16000000,83303.70700000
1729728000000,18.15000000,18.58000000,17.78000000,18.36000000,54119.79500000
1729814400000,18.39000000,18.49000000,15.88000000,16.60000000,94904.09100000
1729900800000,16.60000000,17.19000000,16.18000000,16.94000000,72627.82400000
1729987200000,16.94000000,17.66000000,16.72000000,17.37000000,43042.65800000
1730073600000,17.38000000,17.61000000,16.70000000,17.34000000,91101.81900000
1730160000000,17.35000000,18.04000000,17.32000000,17.76000000,126245.83800000
1730246400000,17.75000000,17.89000000,17.21000000,17.53000000,161845.70800000
1730332800000,17.51000000,17.56000000,16.33000000,16.61000000,64032.02600000
1730419200000,16.60000000,16.93000000,16.13000000,16.40000000,57840.03100000
1730505600000,16.41000000,16.64000000,15.80000000,16.01000000,77587.41600000
1730592000000,16.01000000,16.24000000,15.07000000,15.52000000,76133.39100000
1730678400000,15.51000000,15.71000000,14.71000000,14.96000000,71008.16900000
1730764800000,14.98000000,15.87000000,14.98000000,15.68000000,78803.60300000
1730851200000,15.68000000,17.45000000,15.68000000,17.28000000,145922.75500000
1730937600000,17.30000000,17.47000000,16.71000000,17.29000000,119172.86800000
1731024000000,17.30000000,17.90000000,17.02000000,17.67000000,175436.63300000
1731110400000,17.68000000,18.19000000,17.16000000,18.14000000,185222.16600000
1731196800000,18.14000000,20.67000000,17.78000000,19.43000000,411149.89800000
1731283200000,19.44000000,20.53000000,18.83000000,20.37000000,220527.88400000
1731369600000,20.38000000,21.14000000,18.73000000,19.53000000,337365.09600000
1731456000000,19.53000000,19.72000000,17.74000000,19.05000000,246502.41000000
1731542400000,19.04000000,19.44000000,17.93000000,18.31000000,154899.39700000
1731628800000,18.30000000,19.99000000,17.70000000,19.96000000,135089.86300000
1731715200000,19.97000000,22.19000000,19.85000000,22.03000000,274968.83700000
1731801600000,22.06000000,23.16000000,20.26000000,20.53000000,306263.59300000
1731888000000,20.53000000,22.56000000,20.43000000,22.03000000,246026.88200000
1731974400000,22.03000000,22.19000000,20.44000000,21.05000000,188130.73100000
1732060800000,21.05000000,21.39000000,19.63000000,20.01000000,166493.26400000
1732147200000,20.02000000,21.63000000,19.45000000,20.86000000,181158.70600000
1732233600000,20.87000000,23.47000000,20.54000000,23.42000000,330619.83000000
1732320000000,23.42000000,52.20000000,23.09000000,51.45000000,5628350.99200000
1732406400000,51.37000000,53.50000000,37.73000000,40.77000000,3696774.35400000
1732492800000,40.79000000,40.85000000,37.09000000,40.12000000,980862.41900000
1732579200000,40.12000000,47.30000000,34.37000000,36.20000000,1282477.79000000
1732665600000,36.20000000,38.64000000,35.37000000,37.45000000,568527.44600000
1732752000000,37.44000000,37.96000000,35.69000000,36.79000000,278049.69800000
1732838400000,36.80000000,44.28000000,36.64000000,42.17000000,872228.65500000
1732924800000,42.16000000,43.72000000,39.86000000,41.22000000,540252.70800000
1733011200000,41.24000000,44.07000000,40.01000000,41.61000000,458478.08800000
1733097600000,41.61000000,42.74000000,37.98000000,41.90000000,695402.05900000
1733184000000,41.93000000,45.72000000,40.23000000,44.99000000,1043591.91200000
1733270400000,45.00000000,49.99000000,43.41000000,45.57000000,724981.20500000
1733356800000,45.59000000,46.70000000,43.06000000,44.80000000,430819.44500000
1733443200000,44.83000000,48.00000000,43.81000000,47.30000000,354397.41100000
1733529600000,47.29000000,47.51000000,44.91000000,44.98000000,255055.39000000
1733616000000,44.96000000,46.05000000,43.55000000,45.47000000,182849.93300000
1733702400000,45.48000000,45.51000000,30.70000000,36.73000000,558650.81700000
1733788800000,36.75000000,37.37000000,31.90000000,35.62000000,518983.69500000
1733875200000,35.63000000,38.87000000,33.89000000,38.12000000,535630.50300000
1733961600000,38.13000000,41.12000000,37.80000000,39.39000000,319327.10300000
1734048000000,39.40000000,39.96000000,37.80000000,39.45000000,190249.90200000
1734134400000,39.45000000,39.91000000,36.63000000,37.44000000,119423.27000000
1734220800000,37.44000000,41.29000000,36.10000000,39.18000000,211648.18700000
1734307200000,39.18000000,39.75000000,36.37000000,38.10000000,184634.54900000
1734393600000,38.09000000,38.48000000,35.30000000,35.81000000,147993.45300000
1734480000000,35.83000000,36.51000000,32.00000000,32.39000000,236929.64600000
1734566400000,32.42000000,32.97000000,28.38000000,29.62000000,274438.79000000
1734652800000,29.63000000,32.33000000,25.03000000,31.65000000,434981.34000000
1734739200000,31.66000000,34.99000000,30.26000000,30.92000000,296742.77700000
1734825600000,30.94000000,32.01000000,29.60000000,30.25000000,144687.86500000
1734912000000,30.26000000,33.61000000,29.44000000,32.95000000,231664.82300000
1734998400000,32.94000000,37.35000000,32.03000000,36.71000000,278016.03900000
1735084800000,36.72000000,38.54000000,35.68000000,36.39000000,218062.79400000
1735171200000,36.38000000,36.76000000,33.28000000,34.12000000,125280.48000000
1735257600000,34.13000000,36.21000000,33.37000000,33.78000000,132428.98400000
1735344000000,33.78000000,35.81000000,33.07000000,35.30000000,90298.97300000
1735430400000,35.35000000,36.59000000,34.28000000,34.69000000,199779.90700000
1735516800000,34.68000000,36.34000000,32.65000000,34.33000000,164798.23300000
1735603200000,34.34000000,34.77000000,32.65000000,33.01000000,90864.46000000
1735689600000,33.01000000,34.55000000,31.51000000,34.32000000,165854.63400000
1735776000000,34.32000000,35.76000000,33.72000000,34.18000000,138084.01600000
1735862400000,34.21000000,37.02000000,33.86000000,36.66000000,136080.53600000
1735948800000,36.65000000,36.77000000,35.30000000,36.20000000,83341.73100000
1736035200000,36.21000000,36.69000000,35.34000000,36.30000000,59315.02500000
1736121600000,36.31000000,37.47000000,35.39000000,36.39000000,112262.73400000
1736208000000,36.39000000,36.68000000,32.50000000,32.52000000,158815.41500000
1736294400000,32.53000000,32.98000000,29.38000000,31.05000000,120003.47400000
1736380800000,31.06000000,31.55000000,29.46000000,30.14000000,100531.52000000
1736467200000,30.16000000,31.45000000,29.97000000,30.99000000,77858.68400000
1736553600000,30.98000000,31.64000000,30.16000000,30.75000000,55765.65400000
1736640000000,30.77000000,30.86000000,29.63000000,30.14000000,49543.07500000
1736726400000,30.14000000,31.04000000,27.17000000,29.54000000,139324.95200000
1736812800000,29.55000000,31.65000000,29.38000000,31.58000000,73208.35200000
1736899200000,31.63000000,32.99000000,30.60000000,32.91000000,137915.56200000
1736985600000,32.93000000,33.29000000,31.32000000,31.82000000,133938.19700000
1737072000000,31.85000000,34.46000000,31.85000000,34.21000000,142959.58600000
1737158400000,34.24000000,34.49000000,30.80000000,31.61000000,162070.99900000
1737244800000,31.61000000,32.47000000,26.46000000,26.96000000,425642.70800000
1737331200000,26.97000000,29.47000000,25.79000000,27.33000000,462956.93900000
1737417600000,27.32000000,29.05000000,25.99000000,28.35000000,134820.82600000
1737504000000,28.32000000,28.70000000,27.25000000,27.44000000,64489.22600000
1737590400000,27.43000000,28.01000000,26.53000000,27.48000000,117170.25100000
1737676800000,27.47000000,28.67000000,26.59000000,27.27000000,91600.60700000
1737763200000,27.27000000,27.62000000,26.70000000,27.37000000,49125.81800000
1737849600000,27.37000000,28.63000000,26.39000000,26.44000000,58633.77400000
1737936000000,26.43000000,26.43000000,23.67000000,25.96000000,158276.85400000
1738022400000,25.94000000,26.25000000,23.53000000,23.72000000,72227.43100000
1738108800000,23.71000000,25.44000000,23.60000000,24.46000000,95210.64800000
1738195200000,24.48000000,26.58000000,24.28000000,25.91000000,87860.31800000
1738281600000,25.94000000,27.08000000,25.58000000,26.15000000,79094.08600000
1738368000000,26.13000000,26.76000000,23.74000000,23.98000000,69856.98200000
1738454400000,23.98000000,24.57000000,19.19000000,20.48000000,269248.45500000
1738540800000,20.47000000,21.64000000,15.00000000,21.31000000,617708.25700000
1738627200000,21.31000000,21.45000000,19.07000000,19.93000000,139161.92400000
1738713600000,19.93000000,20.31000000,19.15000000,19.49000000,83477.75600000
1738800000000,19.47000000,20.22000000,18.42000000,18.63000000,106666.76500000
1738886400000,18.63000000,19.95000000,18.10000000,18.66000000,108878.02700000
1738972800000,18.65000000,19.48000000,18.32000000,19.37000000,76754.04300000
1739059200000,19.36000000,19.80000000,18.20000000,19.06000000,81322.04700000
1739145600000,19.05000000,19.50000000,18.43000000,19.43000000,71489.99100000
1739232000000,19.42000000,21.33000000,19.42000000,19.89000000,103401.56400000
1739318400000,19.87000000,21.40000000,19.24000000,21.17000000,109512.38500000
1739404800000,21.21000000,21.26000000,20.07000000,20.51000000,71975.59700000
1739491200000,20.52000000,21.57000000,20.46000000,20.84000000,62554.90500000
1739577600000,20.83000000,21.13000000,20.23000000,20.28000000,34226.70100000
1739664000000,20.28000000,20.73000000,19.95000000,20.21000000,40417.08500000
1739750400000,20.20000000,20.89000000,19.62000000,20.00000000,59050.13500000
1739836800000,20.00000000,20.13000000,18.37000000,18.97000000,77017.80200000
1739923200000,18.97000000,19.72000000,18.81000000,19.58000000,69818.36000000
1740009600000,19.58000000,20.30000000,19.50000000,20.01000000,64742.54400000
1740096000000,20.02000000,21.34000000,19.34000000,19.76000000,102423.29800000
1740182400000,19.75000000,20.66000000,19.63000000,20.36000000,130752.38700000
1740268800000,20.35000000,20.74000000,19.82000000,20.12000000,40324.90900000
1740355200000,20.13000000,20.73000000,17.85000000,18.11000000,253152.52100000
1740441600000,18.09000000,20.07000000,16.94000000,19.87000000,229402.53600000
1740528000000,19.87000000,21.69000000,19.25000000,20.08000000,291791.00300000
1740614400000,20.07000000,20.86000000,19.39000000,19.89000000,115599.09000000
1740700800000,19.89000000,19.95000000,18.05000000,19.65000000,190916.97900000
1740787200000,19.64000000,19.95000000,18.59000000,19.18000000,93542.69800000
1740873600000,19.18000000,21.11000000,18.55000000,21.07000000,157721.39700000
1740960000000,21.07000000,21.27000000,17.71000000,17.96000000,185882.88200000
1741046400000,17.95000000,18.15000000,16.26000000,17.79000000,180402.67900000
1741132800000,17.76000000,18.71000000,17.50000000,18.50000000,104967.48400000
1741219200000,18.48000000,18.91000000,17.87000000,18.19000000,99309.09100000
1741305600000,18.21000000,18.71000000,17.20000000,17.85000000,135889.91900000
1741392000000,17.84000000,17.95000000,17.10000000,17.52000000,77400.85100000
1741478400000,17.52000000,17.64000000,16.08000000,16.50000000,107475.11100000
1741564800000,16.55000000,17.50000000,15.33000000,15.67000000,186156.53000000
1741651200000,15.68000000,16.48000000,14.62000000,16.00000000,212226.50800000
1741737600000,16.00000000,16.39000000,15.28000000,16.00000000,127717.78000000
1741824000000,16.01000000,16.39000000,15.43000000,15.90000000,94871.94600000
1741910400000,15.92000000,16.73000000,15.82000000,16.48000000,85904.36400000
1741996800000,16.48000000,16.99000000,16.35000000,16.89000000,59606.15400000
1742083200000,16.88000000,17.06000000,16.24000000,16.39000000,64121.33800000
1742169600000,16.38000000,18.00000000,16.37000000,17.41000000,162439.41700000
1742256000000,17.42000000,17.70000000,16.94000000,17.51000000,72031.95900000
1742342400000,17.50000000,18.40000000,17.41000000,18.38000000,121803.54200000
1742428800000,18.38000000,18.46000000,17.13000000,17.28000000,59523.97400000
1742515200000,17.28000000,17.71000000,16.84000000,16.95000000,74843.38700000
1742601600000,16.95000000,17.34000000,16.83000000,16.95000000,46094.73900000
1742688000000,16.95000000,17.83000000,16.80000000,17.76000000,91465.63900000
1742774400000,17.75000000,19.04000000,17.30000000,18.24000000,156346.62600000
1742860800000,18.24000000,18.46000000,18.07000000,18.30000000,69300.65400000
1742947200000,18.28000000,18.74000000,17.87000000,18.08000000,73902.74300000
1743033600000,18.08000000,18.51000000,17.76000000,18.10000000,102299.50000000
1743120000000,18.11000000,18.16000000,16.45000000,16.75000000,76998.89900000
1743206400000,16.75000000,16.85000000,15.59000000,15.87000000,59748.87300000
1743292800000,15.88000000,16.16000000,15.65000000,15.88000000,42528.28100000
1743379200000,15.88000000,16.02000000,15.33000000,15.82000000,66160.28600000
1743465600000,15.79000000,16.84000000,15.78000000,16.00000000,91743.14800000
1743552000000,15.99000000,16.01000000,14.62000000,14.85000000,190527.52100000
1743638400000,14.83000000,15.52000000,14.48000000,15.01000000,73706.79800000
1743724800000,15.03000000,15.27000000,14.60000000,14.97000000,82589.03600000
1743811200000,14.99000000,15.20000000,14.64000000,14.91000000,36595.46600000
1743897600000,14.90000000,14.93000000,12.51000000,12.89000000,137001.89500000
1743984000000,12.89000000,13.42000000,11.35000000,12.76000000,354696.39600000
1744070400000,12.77000000,13.10000000,12.26000000,12.34000000,94976.76300000
1744156800000,12.35000000,13.90000000,11.90000000,13.65000000,176456.57900000
1744243200000,13.66000000,13.67000000,12.69000000,13.16000000,94713.53700000
1744329600000,13.17000000,13.63000000,13.06000000,13.39000000,78413.88100000
1744416000000,13.40000000,14.08000000,13.34000000,13.99000000,55051.40000000
1744502400000,13.99000000,14.10000000,13.09000000,13.32000000,81406.87900000
1744588800000,13.31000000,13.85000000,13.23000000,13.36000000,72245.01200000
1744675200000,13.37000000,13.39000000,12.70000000,12.78000000,147387.17800000
1744761600000,12.77000000,13.00000000,12.05000000,12.36000000,179217.61600000
1744848000000,12.36000000,12.62000000,12.13000000,12.46000000,96899.27700000
1744934400000,12.46000000,12.81000000,12.37000000,12.67000000,56881.31100000
1745020800000,12.67000000,13.53000000,12.67000000,13.43000000,67230.03000000
1745107200000,13.43000000,13.84000000,13.20000000,13.80000000,83534.19000000
1745193600000,13.80000000,14.31000000,13.70000000,13.89000000,94455.21700000
1745280000000,13.89000000,14.72000000,13.61000000,14.68000000,98581.67500000
1745366400000,14.69000000,15.70000000,14.61000000,15.40000000,116928.39600000
1745452800000,15.40000000,15.99000000,14.89000000,15.88000000,123401.35300000
1745539200000,15.88000000,16.48000000,15.71000000,16.32000000,161697.86800000
1745625600000,16.33000000,16.89000000,15.99000000,16.41000000,101468.26700000
1745712000000,16.42000000,16.53000000,15.71000000,15.84000000,62262.49200000
1745798400000,15.84000000,16.52000000,15.30000000,16.36000000,83200.24300000
1745884800000,16.37000000,16.61000000,15.72000000,15.90000000,70514.37000000
1745971200000,15.90000000,16.02000000,14.80000000,15.24000000,132940.24700000
1746057600000,15.26000000,16.09000000,15.23000000,15.83000000,112476.81000000
1746144000000,15.84000000,16.10000000,15.50000000,15.74000000,67646.86500000
1746230400000,15.72000000,15.74000000,14.84000000,15.01000000,55942.01800000
1746316800000,15.00000000,15.08000000,14.42000000,14.50000000,59416.38400000
1746403200000,14.50000000,14.86000000,14.39000000,14.61000000,54235.10000000
1746489600000,14.61000000,14.72000000,14.04000000,14.62000000,81318.30500000
1746576000000,14.64000000,14.89000000,14.33000000,14.72000000,74863.16400000
1746662400000,14.71000000,16.87000000,14.70000000,16.86000000,212725.40800000
1746748800000,16.86000000,18.09000000,16.82000000,18.05000000,290455.15800000
1746835200000,18.05000000,19.63000000,17.97000000,19.63000000,216489.34500000
1746921600000,19.61000000,19.65000000,18.30000000,18.83000000,148911.08200000
1747008000000,18.85000000,24.91000000,18.54000000,22.33000000,1296721.17100000
1747094400000,22.34000000,23.11000000,20.69000000,22.23000000,456937.77200000
1747180800000,22.22000000,22.58000000,20.92000000,21.06000000,177733.87900000
1747267200000,21.06000000,21.24000000,19.01000000,19.37000000,207601.55900000
1747353600000,19.36000000,20.10000000,18.64000000,18.92000000,112665.87600000
1747440000000,18.91000000,18.99000000,18.02000000,18.26000000,102587.07900000
1747526400000,18.26000000,20.02000000,18.18000000,19.41000000,125052.26400000
1747612800000,19.42000000,19.49000000,17.63000000,18.46000000,129908.49400000
1747699200000,18.46000000,19.26000000,18.06000000,18.62000000,91750.08000000
1747785600000,18.62000000,19.38000000,18.14000000,18.93000000,143971.92700000
1747872000000,18.94000000,20.18000000,18.91000000,20.09000000,137929.57300000
1747958400000,20.11000000,20.67000000,18.16000000,18.25000000,187207.98500000
1748044800000,18.24000000,18.64000000,18.05000000,18.20000000,65661.73900000
1748131200000,18.20000000,18.34000000,17.43000000,18.25000000,88110.18800000
1748217600000,18.26000000,18.68000000,18.03000000,18.12000000,46719.02600000
1748304000000,18.12000000,18.93000000,17.69000000,18.31000000,97391.01100000
1748390400000,18.29000000,19.45000000,17.81000000,19.26000000,125584.19700000
1748476800000,19.27000000,19.33000000,17.55000000,17.71000000,132325.21000000
1748563200000,17.71000000,17.79000000,15.75000000,15.96000000,151193.40700000
1748649600000,15.95000000,16.43000000,15.34000000,16.18000000,90749.65800000
1748736000000,16.18000000,16.22000000,15.52000000,16.14000000,65973.74400000
1748822400000,16.14000000,16.60000000,15.58000000,16.55000000,48590.50200000
1748908800000,16.54000000,17.03000000,16.50000000,16.59000000,57304.08000000
1748995200000,16.60000000,16.93000000,16.11000000,16.21000000,99160.09300000
1749081600000,16.20000000,16.48000000,14.84000000,15.17000000,107275.52500000
1749168000000,15.17000000,15.97000000,15.12000000,15.48000000,57690.92700000
1749254400000,15.47000000,16.53000000,15.44000000,16.25000000,36324.12300000
1749340800000,16.26000000,16.49000000,15.95000000,16.22000000,29196.20000000
1749427200000,16.22000000,16.81000000,15.87000000,16.78000000,47219.04800000
1749513600000,16.78000000,17.47000000,16.47000000,17.44000000,88563.85500000
1749600000000,17.42000000,17.50000000,16.57000000,16.74000000,71848.84000000
1749686400000,16.71000000,16.76000000,15.19000000,15.57000000,101712.66800000
1749772800000,15.56000000,15.56000000,14.34000000,15.18000000,121666.29900000
1749859200000,15.18000000,15.21000000,14.48000000,14.85000000,48978.30100000
1749945600000,14.85000000,14.96000000,14.39000000,14.77000000,43528.47400000
1750032000000,14.77000000,15.46000000,14.58000000,14.74000000,110942.32300000
1750118400000,14.76000000,14.97000000,13.83000000,14.22000000,109114.95500000
1750204800000,14.24000000,14.57000000,13.91000000,14.39000000,109498.79000000
1750291200000,14.40000000,14.53000000,13.96000000,14.21000000,56916.47300000
1750377600000,14.22000000,14.66000000,13.53000000,13.80000000,79979.40700000
1750464000000,13.80000000,14.08000000,12.78000000,13.13000000,79388.90400000
1750550400000,13.14000000,13.24000000,11.97000000,12.61000000,167707.20400000
1750636800000,12.62000000,14.04000000,12.53000000,14.00000000,112140.13600000
1750723200000,14.01000000,14.44000000,13.85000000,13.99000000,132656.49100000
1750809600000,13.99000000,14.09000000,12.99000000,13.12000000,202452.22600000
1750896000000,13.13000000,13.62000000,12.67000000,12.76000000,100734.34100000
1750982400000,12.76000000,13.17000000,12.62000000,13.01000000,69784.13000000
1751068800000,13.01000000,13.54000000,12.85000000,13.47000000,53504.07000000
1751155200000,13.48000000,13.97000000,13.04000000,13.82000000,75890.13300000
1751241600000,13.82000000,13.84000000,12.68000000,12.89000000,160804.28800000
1751328000000,12.89000000,12.93000000,12.22000000,12.30000000,121439.56500000
1751414400000,12.30000000,13.46000000,12.18000000,13.27000000,110895.82000000
1751500800000,13.27000000,13.58000000,13.05000000,13.27000000,102470.34400000
1751587200000,13.26000000,13.36000000,12.34000000,12.47000000,66663.61400000
1751673600000,12.46000000,12.79000000,12.34000000,12.66000000,48714.43800000
1751760000000,12.64000000,12.95000000,12.44000000,12.69000000,55579.46100000
1751846400000,12.69000000,12.89000000,12.38000000,12.56000000,95472.18300000
1751932800000,12.55000000,12.86000000,12.34000000,12.74000000,150370.32900000
1752019200000,12.75000000,13.63000000,12.61000000,13.53000000,117321.64300000
1752105600000,13.54000000,14.70000000,13.35000000,14.58000000,143897.77300000
1752192000000,14.59000000,15.21000000,14.22000000,14.54000000,152816.12600000
1752278400000,14.55000000,14.87000000,13.91000000,14.29000000,92849.82800000
1752364800000,14.31000000,15.01000000,14.18000000,14.72000000,81407.19300000
1752451200000,14.72000000,15.48000000,14.50000000,14.75000000,149503.61300000
1752537600000,14.72000000,15.14000000,14.16000000,15.09000000,110845.21200000
1752624000000,15.10000000,16.27000000,14.82000000,15.76000000,265697.83500000
1752710400000,15.79000000,16.20000000,15.31000000,16.04000000,178032.52300000
1752796800000,16.05000000,17.95000000,15.84000000,16.28000000,258938.87200000
1752883200000,16.28000000,16.84000000,15.90000000,16.52000000,94389.65800000
1752969600000,16.53000000,17.62000000,16.47000000,17.18000000,124095.80800000
1753056000000,17.18000000,18.03000000,16.87000000,17.25000000,161770.30100000
1753142400000,17.26000000,17.37000000,16.34000000,17.34000000,151728.28900000
1753228800000,17.34000000,17.35000000,15.32000000,15.75000000,159636.28100000
1753315200000,15.73000000,16.01000000,14.81000000,15.44000000,130391.48900000
1753401600000,15.44000000,16.12000000,14.89000000,15.95000000,116363.54300000
1753488000000,15.93000000,16.14000000,15.77000000,15.85000000,46923.91100000
1753574400000,15.86000000,16.37000000,15.82000000,16.32000000,52581.29000000
1753660800000,16.31000000,16.74000000,15.42000000,15.46000000,99288.67700000
1753747200000,15.50000000,16.00000000,14.99000000,15.25000000,109743.34500000
1753833600000,15.24000000,15.30000000,14.15000000,14.95000000,137366.94900000
1753920000000,14.95000000,15.16000000,13.99000000,14.07000000,94314.44200000
1754006400000,14.07000000,14.17000000,13.29000000,13.59000000,138830.40400000
1754092800000,13.58000000,13.82000000,13.03000000,13.39000000,78124.85700000
1754179200000,13.40000000,14.16000000,13.25000000,13.94000000,84109.02300000
1754265600000,13.94000000,14.39000000,13.87000000,14.29000000,88316.97800000
1754352000000,14.30000000,14.32000000,13.34000000,13.71000000,114242.93900000
1754438400000,13.70000000,14.06000000,13.39000000,13.95000000,87183.01500000
1754524800000,13.94000000,14.71000000,13.83000000,14.70000000,114174.48300000
1754611200000,14.71000000,15.22000000,14.47000000,15.14000000,201759.54300000
1754697600000,15.15000000,15.87000000,15.11000000,15.67000000,111085.94800000
1754784000000,15.67000000,16.21000000,15.12000000,15.55000000,188950.54300000
1754870400000,15.55000000,15.99000000,14.71000000,14.86000000,96501.27500000
1754956800000,14.86000000,16.08000000,14.63000000,15.89000000,125997.63700000
1755043200000,15.90000000,16.61000000,15.71000000,16.47000000,171163.77100000
1755129600000,16.47000000,16.86000000,14.80000000,15.09000000,221292.03400000
1755216000000,15.10000000,15.68000000,14.38000000,14.85000000,115376.40900000
1755302400000,14.84000000,15.32000000,14.70000000,15.25000000,59170.74800000
1755388800000,15.26000000,15.94000000,15.13000000,15.40000000,111024.37800000
1755475200000,15.39000000,15.42000000,14.46000000,14.67000000,97780.89800000
1755561600000,14.67000000,14.86000000,13.89000000,13.95000000,106516.60500000
1755648000000,13.94000000,14.76000000,13.85000000,14.67000000,77925.33100000
1755734400000,14.67000000,14.82000000,14.11000000,14.40000000,111110.16400000
1755820800000,14.41000000,16.22000000,13.93000000,16.06000000,176154.89500000
1755907200000,16.07000000,16.68000000,15.55000000,16.58000000,179188.89200000
1755993600000,16.57000000,16.83000000,15.65000000,15.99000000,223463.68200000
1756080000000,16.00000000,16.17000000,14.21000000,14.56000000,166505.37100000
1756166400000,14.56000000,15.28000000,14.41000000,15.18000000,99196.52400000
1756252800000,15.18000000,15.87000000,15.07000000,15.37000000,139747.39800000
1756339200000,15.37000000,15.81000000,15.21000000,15.63000000,85665.90800000
1756425600000,15.63000000,15.63000000,14.46000000,14.90000000,158171.71000000
1756512000000,14.90000000,16.55000000,14.59000000,16.29000000,359374.60000000
1756598400000,16.29000000,17.80000000,15.34000000,15.42000000,437339.96300000
1756684800000,15.42000000,15.61000000,14.41000000,14.71000000,180966.17300000
1756771200000,14.71000000,15.15000000,14.43000000,15.14000000,130780.12000000
1756857600000,15.14000000,15.48000000,15.05000000,15.29000000,114384.14100000
1756944000000,15.30000000,15.38000000,14.60000000,14.85000000,73972.68700000
1757030400000,14.84000000,15.39000000,14.84000000,15.21000000,79044.24500000
1757116800000,15.22000000,15.45000000,14.91000000,15.13000000,57938.22700000
1757203200000,15.12000000,15.77000000,15.11000000,15.36000000,88952.91500000
1757289600000,15.37000000,15.56000000,15.20000000,15.49000000,101052.69000000
1757376000000,15.48000000,15.83000000,15.07000000,15.52000000,121479.11000000
1757462400000,15.54000000,15.95000000,15.49000000,15.73000000,110554.08400000
1757548800000,15.73000000,15.92000000,15.44000000,15.77000000,86844.75000000
1757635200000,15.78000000,16.06000000,15.54000000,16.01000000,75228.98700000
1757721600000,16.00000000,17.24000000,15.95000000,16.67000000,214640.28700000
1757808000000,16.67000000,16.72000000,15.53000000,15.85000000,151414.14400000
1757894400000,15.86000000,16.06000000,15.06000000,15.28000000,135818.76900000
1757980800000,15.28000000,15.91000000,15.14000000,15.80000000,76663.34100000
1758067200000,15.80000000,16.21000000,15.41000000,16.04000000,118651.05700000
1758153600000,16.05000000,16.34000000,15.90000000,16.12000000,110858.64200000
1758240000000,16.12000000,16.94000000,15.54000000,15.68000000,197067.71700000
1758326400000,15.67000000,16.29000000,15.56000000,15.90000000,77096.02200000
1758412800000,15.91000000,16.05000000,15.33000000,15.37000000,82756.00500000
1758499200000,15.37000000,15.42000000,13.63000000,14.35000000,234319.88100000
1758585600000,14.36000000,14.55000000,13.96000000,14.16000000,85236.48200000
1758672000000,14.16000000,14.50000000,13.84000000,14.24000000,59584.51700000
1758758400000,14.23000000,14.23000000,13.02000000,13.15000000,202778.67500000
1758844800000,13.16000000,14.26000000,13.12000000,14.03000000,179705.66900000
1758931200000,14.02000000,14.06000000,13.80000000,13.99000000,43622.20300000
1759017600000,14.00000000,15.29000000,13.71000000,14.66000000,279856.11700000
1759104000000,14.67000000,14.69000000,14.03000000,14.34000000,96559.25000000
1759190400000,14.34000000,14.40000000,13.83000000,14.36000000,109830.89200000
1759276800000,14.36000000,15.10000000,14.16000000,15.08000000,109334.40000000
1759363200000,15.09000000,15.54000000,14.98000000,15.45000000,105430.29700000
1759449600000,15.47000000,15.59000000,14.94000000,15.37000000,111733.93400000
1759536000000,15.38000000,15.43000000,14.75000000,14.92000000,81142.12600000
1759622400000,14.94000000,15.64000000,14.83000000,15.00000000,101122.97800000
1759708800000,14.99000000,15.73000000,14.89000000,15.59000000,99203.57700000
1759795200000,15.59000000,15.81000000,14.63000000,14.83000000,151876.53400000
1759881600000,14.81000000,15.17000000,14.56000000,15.07000000,98952.35600000
1759968000000,15.07000000,15.11000000,14.30000000,14.75000000,233995.94500000
1760054400000,14.75000000,15.19000000,4.41000000,10.56000000,559760.95900000
1760140800000,10.57000000,11.70000000,10.00000000,10.40000000,393147.25900000
1760227200000,10.41000000,11.84000000,10.22000000,11.63000000,225104.21800000
1760313600000,11.63000000,12.34000000,11.46000000,12.26000000,377289.63000000
1760400000000,12.25000000,12.30000000,10.97000000,11.77000000,233924.04000000
1760486400000,11.77000000,11.97000000,10.99000000,11.25000000,155306.04100000
1760572800000,11.26000000,11.66000000,10.70000000,10.90000000,188341.68500000
1760659200000,10.90000000,11.12000000,10.14000000,10.50000000,207046.05400000
1760745600000,10.51000000,10.76000000,10.31000000,10.55000000,134479.13300000
1760832000000,10.55000000,11.16000000,10.39000000,10.95000000,130614.51500000
1760918400000,10.95000000,11.33000000,10.73000000,10.80000000,114602.00700000
1761004800000,10.80000000,11.31000000,10.34000000,10.52000000,158464.03800000
1761091200000,10.51000000,10.88000000,10.19000000,10.53000000,180078.91200000
1761177600000,10.53000000,11.00000000,10.47000000,10.68000000,119838.44400000
1761264000000,10.68000000,10.90000000,10.30000000,10.63000000,112626.23500000
1761350400000,10.62000000,10.63000000,10.38000000,10.57000000,38988.10400000
1761436800000,10.57000000,10.88000000,10.35000000,10.75000000,89708.32900000
1761523200000,10.75000000,10.92000000,10.38000000,10.49000000,121884.76700000
1761609600000,10.49000000,10.54000000,9.84000000,10.02000000,114391.57500000
1761696000000,10.01000000,10.39000000,9.91000000,10.05000000,88697.59600000
1761782400000,10.06000000,10.19000000,9.06000000,9.45000000,170400.60300000
1761868800000,9.44000000,9.72000000,9.26000000,9.46000000,84683.25600000
1761955200000,9.47000000,10.09000000,9.40000000,10.03000000,138165.98100000
1762041600000,10.05000000,11.60000000,9.98000000,11.02000000,659232.20900000
1762128000000,11.01000000,11.15000000,9.01000000,9.51000000,320604.26100000
1762214400000,9.51000000,9.94000000,8.67000000,9.14000000,273908.69700000
1762300800000,9.13000000,9.39000000,8.62000000,9.29000000,127643.43000000
1762387200000,9.28000000,10.03000000,8.93000000,9.64000000,272805.96900000
1762473600000,9.64000000,11.68000000,9.60000000,11.30000000,533645.18400000
1762560000000,11.31000000,17.36000000,10.92000000,13.64000000,1951207.02200000
1762646400000,13.61000000,15.24000000,12.03000000,12.20000000,982975.83500000
1762732800000,12.20000000,12.95000000,11.81000000,12.36000000,374807.19600000
1762819200000,12.37000000,12.49000000,11.39000000,11.40000000,210380.32200000
1762905600000,11.40000000,11.84000000,10.83000000,10.92000000,226019.56800000
1762992000000,10.91000000,11.27000000,10.23000000,10.53000000,146041.09500000
1763078400000,10.53000000,10.64000000,9.84000000,9.98000000,155167.50200000
1763164800000,9.98000000,10.55000000,9.96000000,10.24000000,115280.77500000
1763251200000,10.25000000,10.38000000,9.64000000,9.92000000,133078.56500000
1763337600000,9.92000000,10.22000000,9.60000000,9.76000000,121096.74100000
1763424000000,9.75000000,10.06000000,9.54000000,9.91000000,157352.78500000
1763510400000,9.91000000,9.99000000,9.29000000,9.80000000,127688.98400000
1763596800000,9.80000000,10.21000000,9.24000000,9.39000000,154787.71600000
1763683200000,9.40000000,9.59000000,8.28000000,8.61000000,212934.82500000
1763769600000,8.61000000,8.65000000,8.33000000,8.50000000,69421.58900000
1763856000000,8.51000000,8.69000000,8.44000000,8.46000000,56572.23000000
1763942400000,8.46000000,8.94000000,8.32000000,8.71000000,124330.42500000
1764028800000,8.72000000,8.77000000,8.42000000,8.72000000,81716.83500000
1764115200000,8.73000000,8.99000000,8.35000000,8.75000000,82684.12400000
1764201600000,8.74000000,9.33000000,8.71000000,8.94000000,138279.69700000
1764288000000,8.93000000,8.97000000,8.65000000,8.84000000,89717.19400000
1764374400000,8.83000000,9.02000000,8.69000000,8.75000000,76525.94000000
1764460800000,8.74000000,8.84000000,8.50000000,8.50000000,52219.38600000
1764547200000,8.52000000,8.54000000,7.72000000,7.96000000,157945.81000000
1764633600000,7.98000000,9.04000000,7.83000000,8.63000000,140521.94900000
1764720000000,8.65000000,8.88000000,8.52000000,8.80000000,113016.05200000
1764806400000,8.80000000,8.86000000,8.42000000,8.56000000,78428.55600000
1764892800000,8.55000000,8.66000000,8.07000000,8.19000000,103219.57200000
1764979200000,8.18000000,8.32000000,8.08000000,8.23000000,36745.20800000
1765065600000,8.23000000,8.32000000,7.88000000,8.07000000,84551.53800000
1765152000000,8.06000000,8.40000000,8.04000000,8.23000000,68291.83400000
1765238400000,8.22000000,8.89000000,8.04000000,8.59000000,98569.74600000
1765324800000,8.59000000,8.60000000,8.05000000,8.13000000,171182.53900000
1765411200000,8.12000000,8.16000000,7.61000000,7.80000000,171252.99400000
1765497600000,7.81000000,7.91000000,7.42000000,7.66000000,84946.03800000
1765584000000,7.67000000,7.84000000,7.66000000,7.79000000,38348.33500000
1765670400000,7.79000000,7.82000000,7.40000000,7.49000000,48134.09000000
1765756800000,7.50000000,7.87000000,6.97000000,7.19000000,121986.75000000
1765843200000,7.19000000,7.51000000,6.99000000,7.31000000,132049.07900000
1765929600000,7.31000000,7.42000000,6.73000000,6.79000000,104039.31400000
1766016000000,6.79000000,7.01000000,6.40000000,6.57000000,149895.67000000
1766102400000,6.57000000,7.19000000,6.47000000,7.09000000,125330.76700000
1766188800000,7.10000000,7.10000000,6.97000000,7.05000000,63477.33700000
1766275200000,7.04000000,8.29000000,6.84000000,6.92000000,846397.87400000
1766361600000,6.91000000,7.43000000,6.84000000,7.15000000,217823.33800000
1766448000000,7.14000000,7.21000000,6.87000000,7.06000000,98061.97300000
1766534400000,7.07000000,7.09000000,6.85000000,6.96000000,77080.69300000
1766620800000,6.96000000,7.09000000,6.76000000,6.79000000,61583.66600000
1766707200000,6.79000000,7.12000000,6.76000000,6.88000000,67154.16800000
1766793600000,6.88000000,7.32000000,6.86000000,7.23000000,126364.29200000
1766880000000,7.24000000,7.65000000,7.11000000,7.18000000,168292.50400000
1766966400000,7.19000000,7.30000000,7.07000000,7.13000000,87296.09200000
1767052800000,7.13000000,7.20000000,7.03000000,7.04000000,48936.14500000
1767139200000,7.05000000,7.06000000,6.72000000,6.83000000,74209.64900000
1767225600000,6.83000000,7.98000000,6.79000000,7.57000000,213896.90500000
1767312000000,7.57000000,7.90000000,7.43000000,7.87000000,154780.58500000
1767398400000,7.87000000,8.09000000,7.60000000,7.80000000,95509.66000000
1767484800000,7.81000000,7.92000000,7.74000000,7.86000000,54227.95500000
1767571200000,7.87000000,8.22000000,7.70000000,8.16000000,85123.60200000
1767657600000,8.15000000,8.79000000,8.04000000,8.43000000,139533.84800000
1767744000000,8.43000000,8.46000000,7.71000000,7.83000000,118896.57300000
1767830400000,7.84000000,7.94000000,7.53000000,7.74000000,108638.65800000
1767916800000,7.75000000,7.84000000,7.51000000,7.67000000,86377.79000000
1768003200000,7.68000000,8.14000000,7.53000000,7.81000000,147827.20900000
1768089600000,7.80000000,7.83000000,7.47000000,7.57000000,52581.67800000
1768176000000,7.57000000,7.76000000,7.25000000,7.28000000,60189.37600000
1768262400000,7.29000000,8.49000000,7.27000000,8.18000000,247142.84500000
1768348800000,8.19000000,8.21000000,7.87000000,7.98000000,102780.44500000
1768435200000,7.98000000,8.02000000,7.34000000,7.50000000,93826.68900000
1768521600000,7.50000000,7.63000000,7.37000000,7.60000000,69145.35800000
1768608000000,7.59000000,8.09000000,7.53000000,7.86000000,61536.95300000
1768694400000,7.86000000,7.94000000,7.30000000,7.30000000,48574.29600000
1768780800000,7.30000000,7.30000000,6.61000000,7.00000000,141854.88600000
1768867200000,7.00000000,7.01000000,6.55000000,6.64000000,85558.05200000
1768953600000,6.64000000,6.93000000,6.57000000,6.77000000,68187.90100000
1769040000000,6.78000000,6.90000000,6.62000000,6.69000000,41089.21100000
1769126400000,6.69000000,6.88000000,6.60000000,6.71000000,47411.30500000
1769212800000,6.72000000,6.86000000,6.67000000,6.75000000,74543.33600000
1769299200000,6.74000000,6.79000000,6.24000000,6.38000000,119304.06200000
1769385600000,6.37000000,6.83000000,6.37000000,6.74000000,101630.40000000
1769472000000,6.73000000,6.84000000,6.58000000,6.79000000,69689.12800000
1769558400000,6.80000000,6.85000000,6.64000000,6.80000000,80141.83300000
1769644800000,6.82000000,6.82000000,6.02000000,6.16000000,210105.05700000
1769731200000,6.16000000,6.23000000,5.94000000,6.11000000,245910.07500000
1769817600000,6.12000000,6.13000000,4.98000000,5.52000000,271370.80300000
1769904000000,5.52000000,5.60000000,5.23000000,5.33000000,134584.34400000
1769990400000,5.34000000,5.62000000,5.18000000,5.51000000,166059.31200000
1770076800000,5.51000000,5.52000000,4.91000000,5.10000000,189981.43300000
1770163200000,5.10000000,5.23000000,4.76000000,4.87000000,291412.56200000
1770249600000,4.87000000,4.94000000,4.11000000,4.15000000,375000.73300000
1770336000000,4.16000000,4.74000000,3.73000000,4.62000000,360041.76200000
1770422400000,4.62000000,4.66000000,4.36000000,4.54000000,176820.17800000
1770508800000,4.55000000,4.56000000,4.32000000,4.37000000,120055.53000000
1770595200000,4.36000000,4.49000000,4.21000000,4.41000000,141776.62900000
1770681600000,4.42000000,4.43000000,4.22000000,4.27000000,98745.44300000
1770768000000,4.28000000,4.47000000,4.11000000,4.37000000,165110.38200000
1770854400000,4.38000000,4.61000000,4.26000000,4.42000000,128812.81700000
1770940800000,4.42000000,4.60000000,4.34000000,4.56000000,96378.06500000
1771027200000,4.55000000,4.97000000,4.55000000,4.87000000,115723.99500000
1771113600000,4.88000000,4.89000000,4.56000000,4.67000000,97471.18500000
1771200000000,4.66000000,4.89000000,4.62000000,4.84000000,146890.77200000
1771286400000,4.83000000,4.92000000,4.74000000,4.80000000,132215.74800000
1771372800000,4.80000000,4.87000000,4.59000000,4.60000000,83876.06700000
1771459200000,4.60000000,4.64000000,4.45000000,4.54000000,99532.27100000
1771545600000,4.54000000,5.16000000,4.51000000,4.87000000,438575.57900000
1771632000000,4.87000000,5.30000000,4.83000000,4.96000000,377710.24900000
1771718400000,4.95000000,4.97000000,4.73000000,4.76000000,120247.53200000
1771804800000,4.75000000,4.79000000,4.52000000,4.60000000,214472.08500000
1771891200000,4.61000000,4.78000000,4.47000000,4.76000000,157499.93100000
1771977600000,4.76000000,5.62000000,4.73000000,5.35000000,735581.97000000
1772064000000,5.34000000,5.43000000,4.97000000,5.12000000,182994.35800000
1772150400000,5.12000000,5.25000000,4.93000000,4.98000000,111739.14900000
1772236800000,4.98000000,5.03000000,4.55000000,4.92000000,161547.34300000
1772323200000,4.91000000,5.11000000,4.64000000,4.71000000,119854.86200000
1772409600000,4.71000000,4.97000000,4.64000000,4.77000000,145573.82200000
1772496000000,4.77000000,4.78000000,4.43000000,4.63000000,181555.20900000
1772582400000,4.62000000,4.99000000,4.53000000,4.80000000,186954.48700000
1772668800000,4.80000000,4.87000000,4.63000000,4.68000000,127564.63500000
1772755200000,4.69000000,4.75000000,4.38000000,4.42000000,136670.44100000
1772841600000,4.42000000,4.84000000,4.38000000,4.42000000,451632.88800000
1772928000000,4.43000000,4.57000000,4.36000000,4.47000000,198288.68800000
1773014400000,4.47000000,4.78000000,4.45000000,4.63000000,145963.18700000
1773100800000,4.63000000,4.74000000,4.52000000,4.56000000,154914.24200000
1773187200000,4.56000000,4.64000000,4.48000000,4.58000000,122651.67500000
1773273600000,4.59000000,4.61000000,4.42000000,4.56000000,104558.33800000
1773360000000,4.56000000,4.78000000,4.47000000,4.51000000,161761.01300000
1773446400000,4.50000000,4.51000000,4.37000000,4.41000000,129885.31600000
1773532800000,4.42000000,4.55000000,4.39000000,4.53000000,113952.13100000
1773619200000,4.52000000,4.92000000,4.51000000,4.85000000,293684.10200000
1773705600000,4.85000000,4.87000000,4.68000000,4.76000000,128941.98500000
1773792000000,4.77000000,4.93000000,4.48000000,4.61000000,158862.87600000
1773878400000,4.60000000,4.64000000,4.46000000,4.53000000,101552.23700000
1773964800000,4.53000000,4.67000000,4.48000000,4.53000000,106738.16100000
1774051200000,4.53000000,4.70000000,4.37000000,4.41000000,82813.30900000
1774137600000,4.40000000,4.46000000,4.27000000,4.35000000,124183.98900000
1774224000000,4.36000000,4.58000000,4.32000000,4.48000000,144109.99400000
1774310400000,4.48000000,4.49000000,4.35000000,4.47000000,99002.90900000
1774396800000,4.47000000,4.49000000,4.36000000,4.40000000,112238.55100000
1774483200000,4.41000000,4.42000000,4.23000000,4.28000000,124588.46500000
1774569600000,4.28000000,4.33000000,4.10000000,4.14000000,154309.18200000
1774656000000,4.14000000,4.17000000,4.05000000,4.07000000,101241.85000000
1774742400000,4.06000000,4.18000000,4.02000000,4.10000000,153795.42100000
1774828800000,4.10000000,4.25000000,4.07000000,4.11000000,85402.54200000
1774915200000,4.11000000,4.22000000,4.08000000,4.19000000,124642.82200000
1775001600000,4.19000000,4.33000000,4.15000000,4.26000000,122902.89400000
1775088000000,4.27000000,4.32000000,4.04000000,4.24000000,162062.71500000
1775174400000,4.25000000,4.37000000,4.18000000,4.19000000,111957.89300000
1775260800000,4.19000000,4.23000000,4.14000000,4.17000000,67301.57600000
1775347200000,4.17000000,4.18000000,4.04000000,4.17000000,95590.82000000
1775433600000,4.17000000,4.25000000,4.05000000,4.08000000,103046.69200000
1775520000000,4.08000000,4.29000000,3.99000000,4.27000000,109350.76100000
1775606400000,4.27000000,4.30000000,4.17000000,4.17000000,78843.84100000
1775692800000,4.17000000,4.29000000,4.13000000,4.21000000,92538.99000000
1775779200000,4.21000000,4.37000000,4.17000000,4.31000000,116889.15900000
1775865600000,4.31000000,4.36000000,4.21000000,4.25000000,76521.66800000
1775952000000,4.25000000,4.26000000,4.10000000,4.12000000,79654.21500000
1776038400000,4.12000000,4.33000000,4.08000000,4.29000000,104823.25400000
1776124800000,4.30000000,4.31000000,4.12000000,4.14000000,137484.60800000
1776211200000,4.15000000,4.31000000,4.14000000,4.29000000,123236.94100000
1776297600000,4.30000000,4.80000000,4.29000000,4.70000000,335840.34300000
1776384000000,4.70000000,6.66000000,4.54000000,4.96000000,2958462.15700000
1776470400000,4.96000000,5.01000000,4.64000000,4.67000000,337620.06600000
1776556800000,4.66000000,5.07000000,4.59000000,4.63000000,479646.56200000
1776643200000,4.63000000,4.85000000,4.57000000,4.75000000,174383.00100000
1776729600000,4.76000000,4.84000000,4.65000000,4.79000000,112922.04700000
1776816000000,4.79000000,4.94000000,4.73000000,4.79000000,122150.72900000
1776902400000,4.79000000,5.18000000,4.70000000,4.96000000,404649.43000000
1776988800000,4.96000000,5.02000000,4.81000000,4.85000000,171223.58200000
1777075200000,4.85000000,4.92000000,4.69000000,4.73000000,116968.41300000
1777161600000,4.72000000,4.85000000,4.68000000,4.82000000,90834.52000000
1777248000000,4.83000000,4.90000000,4.66000000,4.76000000,86751.69200000
1777334400000,4.75000000,4.83000000,4.71000000,4.80000000,80692.76700000
1777420800000,4.80000000,4.93000000,4.62000000,4.73000000,141334.87500000
1777507200000,4.73000000,4.80000000,4.63000000,4.74000000,74311.19900000
1777593600000,4.75000000,4.79000000,4.69000000,4.71000000,68361.82100000
1777680000000,4.71000000,4.83000000,4.69000000,4.79000000,54563.71100000
1777766400000,4.80000000,4.91000000,4.72000000,4.89000000,81637.80700000
1777852800000,4.89000000,5.06000000,4.78000000,4.82000000,141178.17700000
1777939200000,4.83000000,4.95000000,4.80000000,4.90000000,104000.09000000
1778025600000,4.91000000,5.11000000,4.88000000,5.09000000,146213.06200000
1778112000000,5.10000000,7.70000000,5.00000000,5.66000000,3510305.23500000
1778198400000,5.65000000,6.09000000,5.54000000,5.99000000,567840.79800000
1778284800000,5.99000000,6.22000000,5.90000000,5.91000000,219590.61200000
1778371200000,5.90000000,6.00000000,5.76000000,5.91000000,110966.58300000
1778457600000,5.91000000,5.97000000,5.74000000,5.84000000,144386.66000000
1778544000000,5.83000000,5.84000000,5.53000000,5.62000000,87104.84500000
1778630400000,5.61000000,5.82000000,5.34000000,5.39000000,102120.80200000
1778716800000,5.40000000,5.54000000,5.33000000,5.43000000,86678.31000000
1778803200000,5.43000000,5.47000000,5.08000000,5.18000000,68505.23300000
1778889600000,5.18000000,5.23000000,4.97000000,5.07000000,50992.92600000
1778976000000,5.06000000,5.22000000,4.82000000,4.95000000,88861.52500000
1779062400000,4.95000000,5.03000000,4.89000000,5.00000000,95657.74600000
1779148800000,5.02000000,5.04000000,4.85000000,4.90000000,46605.64800000
1779235200000,4.90000000,5.03000000,4.87000000,4.99000000,45820.15000000
1779321600000,5.00000000,5.23000000,4.96000000,5.18000000,85900.67100000
1779408000000,5.18000000,5.22000000,4.88000000,4.90000000,85065.89800000
1779494400000,4.90000000,5.06000000,4.72000000,4.97000000,99928.36700000
1779580800000,4.97000000,4.99000000,4.70000000,4.80000000,78681.11700000
1779667200000,4.81000000,4.96000000,4.79000000,4.86000000,75263.21800000
1779753600000,4.85000000,4.87000000,4.58000000,4.64000000,119527.52400000
1779840000000,4.65000000,4.78000000,4.53000000,4.57000000,86112.91100000
1779926400000,4.56000000,4.60000000,4.35000000,4.49000000,93828.54100000
1780012800000,4.50000000,4.60000000,4.40000000,4.51000000,78220.05100000
1780099200000,4.52000000,4.61000000,4.49000000,4.55000000,61687.66500000
1780185600000,4.56000000,4.62000000,4.43000000,4.55000000,38936.61000000
1780272000000,4.56000000,4.65000000,4.46000000,4.53000000,118238.81800000
1780358400000,4.53000000,4.54000000,4.08000000,4.15000000,117594.50500000
1780444800000,4.17000000,4.29000000,4.07000000,4.13000000,87937.92000000
1780531200000,4.14000000,4.17000000,3.72000000,3.85000000,140541.68400000
1780617600000,3.85000000,3.88000000,3.46000000,3.61000000,182436.43900000
1780704000000,3.62000000,3.66000000,3.38000000,3.57000000,105804.43700000
1780790400000,3.58000000,3.78000000,3.56000000,3.69000000,83501.20400000
1780876800000,3.69000000,3.83000000,3.59000000,3.67000000,141445.70500000
1780963200000,3.67000000,3.68000000,3.50000000,3.59000000,79547.37400000
1781049600000,3.58000000,3.61000000,3.39000000,3.46000000,83553.53700000
1781136000000,3.47000000,3.85000000,3.47000000,3.65000000,146189.48900000
1781222400000,3.66000000,3.72000000,3.59000000,3.65000000,96440.84100000
1781308800000,3.65000000,3.76000000,3.64000000,3.69000000,65867.14900000
1781395200000,3.70000000,3.76000000,3.59000000,3.73000000,67702.39400000
1781481600000,3.72000000,3.90000000,3.70000000,3.77000000,86376.54900000
1781568000000,3.76000000,3.83000000,3.68000000,3.74000000,66528.50700000
1781654400000,3.74000000,3.85000000,3.68000000,3.74000000,59112.03700000
1781740800000,3.75000000,3.77000000,3.63000000,3.68000000,11032.20800000
