openTime,open,high,low,close,volume
1652054400000,2.81000000,3.89000000,1.80200000,2.00000000,14518671.25000000
1652140800000,2.00000000,2.37000000,1.69000000,2.00900000,10067540.92000000
1652227200000,2.01100000,2.03100000,1.38600000,1.52300000,4870441.58000000
1652313600000,1.52300000,1.69000000,1.19400000,1.40400000,2417717.54000000
1652400000000,1.40400000,1.80800000,1.36800000,1.49700000,2159664.64000000
1652486400000,1.49900000,1.55700000,1.33000000,1.48800000,1193189.14000000
1652572800000,1.48900000,1.53700000,1.33000000,1.46800000,954349.35000000
1652659200000,1.47000000,1.51400000,1.34000000,1.43200000,777194.07000000
1652745600000,1.43100000,1.56500000,1.38100000,1.53300000,1094170.04000000
1652832000000,1.52900000,1.63900000,1.36000000,1.36000000,935586.17000000
1652918400000,1.36300000,1.45000000,1.34900000,1.41900000,1384361.62000000
1653004800000,1.42000000,1.47800000,1.30100000,1.31300000,653338.11000000
1653091200000,1.31300000,1.35000000,1.26600000,1.33600000,664022.76000000
1653177600000,1.33600000,1.45000000,1.26800000,1.32000000,1023565.69000000
1653264000000,1.32000000,1.35500000,1.15200000,1.17000000,1602353.20000000
1653350400000,1.17100000,1.18400000,1.05600000,1.09900000,1372458.07000000
1653436800000,1.09900000,1.12700000,1.04600000,1.08300000,1299389.25000000
1653523200000,1.08700000,1.44600000,0.93300000,1.00100000,5742082.37000000
1653609600000,1.00100000,1.27500000,0.94900000,1.06900000,9935394.84000000
1653696000000,1.06900000,1.14700000,0.98800000,1.02800000,2719192.15000000
1653782400000,1.02800000,1.26000000,1.02300000,1.17400000,4437725.06000000
1653868800000,1.17400000,1.26100000,1.13400000,1.21700000,1585649.98000000
1653955200000,1.21700000,1.22500000,1.03500000,1.05500000,1533298.01000000
1654041600000,1.05500000,1.11300000,0.98000000,1.02100000,1533530.02000000
1654128000000,1.02000000,1.12600000,0.99800000,1.02300000,1122917.20000000
1654214400000,1.02300000,1.05700000,0.99600000,1.00700000,897554.73000000
1654300800000,1.00700000,1.02500000,0.99400000,1.02200000,445509.46000000
1654387200000,1.02200000,1.05400000,1.00300000,1.03300000,286885.80000000
1654473600000,1.03400000,1.10700000,1.03000000,1.05800000,628394.05000000
1654560000000,1.05800000,1.08200000,0.96200000,1.05600000,538638.02000000
1654646400000,1.05300000,1.08900000,1.00000000,1.00200000,404855.48000000
1654732800000,1.00200000,1.04800000,0.99100000,1.02300000,548113.92000000
1654819200000,1.02600000,1.03600000,0.99100000,1.00100000,915803.27000000
1654905600000,1.00000000,1.01000000,0.84400000,0.84600000,746651.82000000
1654992000000,0.84400000,0.86000000,0.78500000,0.80100000,597191.94000000
1655078400000,0.80100000,0.80200000,0.55100000,0.59100000,2798828.45000000
1655164800000,0.59200000,0.66800000,0.56500000,0.62200000,1635470.74000000
1655251200000,0.62100000,0.63400000,0.51200000,0.62100000,1826219.03000000
1655337600000,0.62300000,1.07200000,0.52800000,0.53200000,7047464.08000000
1655424000000,0.53200000,0.61200000,0.50000000,0.58200000,2853965.68000000
1655510400000,0.58100000,0.67200000,0.40000000,0.46400000,6049810.52000000
1655596800000,0.46500000,0.65000000,0.44000000,0.51700000,5623139.18000000
1655683200000,0.51700000,0.54900000,0.45000000,0.51600000,3555308.97000000
1655769600000,0.51600000,0.78600000,0.50600000,0.54400000,20499312.11000000
1655856000000,0.54400000,0.56900000,0.48600000,0.51300000,4443710.67000000
1655942400000,0.51400000,0.57500000,0.51300000,0.54700000,2355971.62000000
1656028800000,0.54500000,0.68900000,0.54200000,0.63100000,5874686.62000000
1656115200000,0.63200000,0.74000000,0.60700000,0.64200000,5900142.11000000
1656201600000,0.64300000,0.68000000,0.61000000,0.62000000,1895335.64000000
1656288000000,0.62000000,0.63700000,0.55400000,0.57600000,1302980.72000000
1656374400000,0.57500000,0.61500000,0.52000000,0.52000000,1346680.10000000
1656460800000,0.52100000,0.54200000,0.49300000,0.49900000,1617264.06000000
1656547200000,0.49900000,0.50200000,0.43300000,0.45300000,3206282.61000000
1656633600000,0.45200000,0.49300000,0.44500000,0.45300000,1783587.41000000
1656720000000,0.45300000,0.59800000,0.44400000,0.46700000,5876147.88000000
1656806400000,0.46700000,0.57500000,0.45900000,0.50600000,6167332.16000000
1656892800000,0.50500000,0.57500000,0.47000000,0.54000000,5276100.50000000
1656979200000,0.54000000,0.69200000,0.53800000,0.56400000,14638548.87000000
1657065600000,0.56300000,0.67500000,0.55000000,0.61600000,4356958.68000000
1657152000000,0.61600000,0.74500000,0.58900000,0.66400000,6376046.50000000
1657238400000,0.66600000,0.87900000,0.65600000,0.74000000,15543462.93000000
1657324800000,0.73900000,0.77900000,0.67200000,0.68000000,2953116.77000000
1657411200000,0.68200000,0.68600000,0.62000000,0.64000000,2256441.79000000
1657497600000,0.64000000,0.66000000,0.61000000,0.62300000,1803010.56000000
1657584000000,0.62600000,0.66600000,0.58300000,0.63900000,2006367.04000000
1657670400000,0.63600000,1.07000000,0.63000000,0.93600000,39807233.64000000
1657756800000,0.93600000,0.97500000,0.75900000,0.92100000,8113088.00000000
1657843200000,0.92400000,1.32500000,0.85900000,1.13900000,25577911.39000000
1657929600000,1.13900000,1.50000000,1.03000000,1.36400000,12329235.08000000
1658016000000,1.36500000,1.86500000,1.35100000,1.63300000,27594121.67000000
1658102400000,1.63300000,1.78600000,1.37500000,1.52800000,15281161.28000000
1658188800000,1.52800000,1.74800000,1.41000000,1.51200000,11157870.61000000
1658275200000,1.50900000,1.92000000,1.40000000,1.57100000,16701608.79000000
1658361600000,1.56800000,1.66200000,1.39400000,1.62800000,8596910.41000000
1658448000000,1.62900000,1.72300000,1.47200000,1.53100000,8039021.51000000
1658534400000,1.53100000,1.74900000,1.46200000,1.58000000,8515826.14000000
1658620800000,1.58100000,1.80500000,1.57800000,1.64500000,9378976.19000000
1658707200000,1.64600000,1.68000000,1.45000000,1.45100000,6916077.67000000
1658793600000,1.45100000,1.45400000,1.28800000,1.44500000,7530353.98000000
1658880000000,1.44600000,1.96700000,1.39200000,1.91600000,18099570.78000000
1658966400000,1.91600000,2.66200000,1.90200000,2.26100000,41362802.80000000
1659052800000,2.26000000,2.66600000,2.05400000,2.44600000,24816511.10000000
1659139200000,2.44900000,2.57900000,2.19500000,2.32800000,12584581.53000000
1659225600000,2.33000000,2.41800000,2.10700000,2.14900000,6426211.54000000
1659312000000,2.14600000,2.34400000,2.00000000,2.08500000,7578786.04000000
1659398400000,2.08300000,2.47700000,1.84900000,2.28900000,15230655.31000000
1659484800000,2.29000000,2.80000000,2.15700000,2.58800000,19956397.46000000
1659571200000,2.59000000,2.85000000,2.34800000,2.42800000,15633984.17000000
1659657600000,2.43000000,2.77800000,2.43000000,2.65900000,12207914.74000000
1659744000000,2.65900000,2.70200000,2.51000000,2.61200000,8269668.00000000
1659830400000,2.61200000,2.61400000,2.37300000,2.46800000,6170336.51000000
1659916800000,2.46600000,2.63500000,2.30000000,2.38400000,8901161.08000000
1660003200000,2.38300000,2.41700000,2.08800000,2.26700000,8540588.51000000
1660089600000,2.26600000,2.76400000,2.12500000,2.71000000,16207870.89000000
1660176000000,2.71400000,2.90000000,2.60000000,2.63500000,15883527.79000000
1660262400000,2.63400000,2.85000000,2.47400000,2.82300000,9530075.05000000
1660348800000,2.82400000,3.10000000,2.75800000,2.94100000,11509743.46000000
1660435200000,2.93900000,3.06600000,2.64800000,2.67500000,8473700.77000000
1660521600000,2.67400000,2.86100000,2.58200000,2.75200000,10877667.09000000
1660608000000,2.75200000,2.80700000,2.54200000,2.57400000,6550156.88000000
1660694400000,2.57100000,2.79900000,2.43300000,2.47400000,8076158.59000000
1660780800000,2.47500000,2.54100000,2.20300000,2.23900000,6026750.89000000
1660867200000,2.23900000,2.27200000,1.82300000,1.86100000,15175877.94000000
1660953600000,1.86000000,1.97200000,1.72900000,1.85900000,9827291.75000000
1661040000000,1.86000000,2.33300000,1.83000000,2.15900000,21343375.79000000
1661126400000,2.16000000,2.21000000,1.86500000,2.18800000,21687639.23000000
1661212800000,2.18800000,2.26800000,2.03600000,2.13600000,19900416.59000000
1661299200000,2.13600000,2.35000000,2.05100000,2.17200000,14444483.83000000
1661385600000,2.17100000,2.28300000,1.96700000,2.00800000,17518413.63000000
1661472000000,2.00700000,2.08800000,1.67900000,1.73600000,14982060.42000000
1661558400000,1.73600000,1.77800000,1.58100000,1.62900000,12819169.53000000
1661644800000,1.63000000,1.71600000,1.58500000,1.59000000,8285504.10000000
1661731200000,1.59000000,1.90100000,1.55000000,1.88200000,15924736.72000000
1661817600000,1.87900000,1.93900000,1.71300000,1.79200000,16680385.30000000
1661904000000,1.79300000,2.16000000,1.79300000,1.97900000,19469642.01000000
1661990400000,1.98000000,2.16800000,1.92800000,2.07500000,12733332.16000000
1662076800000,2.07600000,2.28100000,2.00900000,2.19100000,17999986.22000000
1662163200000,2.19000000,2.19000000,1.97700000,2.00700000,7442753.67000000
1662249600000,2.00600000,2.14000000,1.93900000,2.06200000,5634204.27000000
1662336000000,2.06100000,2.09100000,1.90600000,2.03000000,9359488.15000000
1662422400000,2.03000000,2.30700000,1.80400000,1.85300000,23060588.21000000
1662508800000,1.85500000,2.05100000,1.77900000,1.96000000,14935571.74000000
1662595200000,1.96000000,1.98500000,1.84700000,1.88500000,9141486.25000000
1662681600000,1.88400000,2.12800000,1.88000000,2.05800000,12718407.73000000
1662768000000,2.05900000,2.15000000,1.92700000,2.10500000,8536340.19000000
1662854400000,2.10500000,2.14400000,2.02200000,2.08800000,9835188.70000000
1662940800000,2.08800000,2.12500000,1.95800000,1.99300000,11585759.94000000
1663027200000,1.99300000,2.00600000,1.77300000,1.83500000,14586896.66000000
1663113600000,1.83500000,1.88800000,1.65000000,1.82800000,14173170.29000000
1663200000000,1.82600000,2.21900000,1.66100000,1.70000000,33613473.45000000
1663286400000,1.70100000,1.82200000,1.66900000,1.78000000,14358156.55000000
1663372800000,1.78000000,1.93400000,1.77700000,1.89700000,9628670.72000000
1663459200000,1.89700000,1.92600000,1.66600000,1.69100000,9805002.87000000
1663545600000,1.69200000,1.84500000,1.62500000,1.82100000,11938148.14000000
1663632000000,1.82000000,1.86200000,1.76100000,1.78900000,9903767.00000000
1663718400000,1.78900000,1.95300000,1.74000000,1.81800000,16046489.47000000
1663804800000,1.81800000,1.92800000,1.72900000,1.79600000,10664252.03000000
1663891200000,1.79700000,1.83900000,1.69600000,1.75300000,9637791.70000000
1663977600000,1.75500000,1.76900000,1.66300000,1.68500000,4481183.24000000
1664064000000,1.68500000,1.72800000,1.56300000,1.57700000,5715653.44000000
1664150400000,1.57600000,1.65400000,1.53800000,1.62800000,8050955.35000000
1664236800000,1.62700000,1.73200000,1.56700000,1.60100000,8581984.22000000
1664323200000,1.60000000,1.66200000,1.52000000,1.61700000,5917788.95000000
1664409600000,1.61800000,1.64900000,1.55200000,1.60400000,4295116.56000000
1664496000000,1.60400000,1.64900000,1.55500000,1.58100000,3938422.08000000
1664582400000,1.58100000,1.58200000,1.50000000,1.50900000,2682746.13000000
1664668800000,1.50900000,1.52400000,1.43200000,1.43500000,2470171.42000000
1664755200000,1.43600000,1.55600000,1.41400000,1.52700000,4818518.27000000
1664841600000,1.52700000,1.62700000,1.51400000,1.57900000,5004140.17000000
1664928000000,1.57900000,1.57900000,1.49200000,1.52900000,5142882.03000000
1665014400000,1.52900000,1.58000000,1.48000000,1.50000000,5234778.88000000
1665100800000,1.50000000,1.50800000,1.45500000,1.47800000,2507748.00000000
1665187200000,1.47800000,1.49800000,1.46300000,1.47400000,1470942.38000000
1665273600000,1.47500000,1.48500000,1.44300000,1.45600000,1142437.32000000
1665360000000,1.45600000,1.46800000,1.30700000,1.31000000,3393288.31000000
1665446400000,1.30900000,1.36300000,1.25800000,1.32300000,2700372.02000000
1665532800000,1.32300000,1.33300000,1.25900000,1.27000000,2391669.38000000
1665619200000,1.26900000,1.27200000,1.11100000,1.26400000,6121921.10000000
1665705600000,1.26300000,1.38400000,1.25800000,1.29100000,8357310.95000000
1665792000000,1.29100000,1.38500000,1.27900000,1.34200000,3466693.09000000
1665878400000,1.34200000,1.36400000,1.31300000,1.34800000,2071979.74000000
1665964800000,1.34700000,1.58200000,1.33800000,1.53200000,7873541.33000000
1666051200000,1.53400000,1.54800000,1.44400000,1.46200000,5948215.42000000
1666137600000,1.46400000,1.48800000,1.38100000,1.39900000,3990667.28000000
1666224000000,1.40000000,1.51200000,1.38300000,1.50600000,5667323.93000000
1666310400000,1.50600000,1.55900000,1.43700000,1.53100000,5799384.08000000
1666396800000,1.53100000,1.53600000,1.49200000,1.51500000,2592454.27000000
1666483200000,1.51500000,1.54000000,1.43500000,1.53900000,2956915.53000000
1666569600000,1.53900000,1.58500000,1.50100000,1.51000000,4967395.20000000
1666656000000,1.51100000,1.70000000,1.47900000,1.64300000,6250596.28000000
1666742400000,1.64400000,1.75100000,1.64400000,1.71200000,7913516.73000000
1666828800000,1.71200000,1.73000000,1.61400000,1.63200000,4698200.31000000
1666915200000,1.63100000,1.70200000,1.59300000,1.67300000,5785481.10000000
1667001600000,1.67300000,1.76000000,1.61600000,1.63400000,5674208.74000000
1667088000000,1.63400000,1.67900000,1.50800000,1.55700000,3854901.92000000
1667174400000,1.55500000,1.57500000,1.49500000,1.52800000,3908307.90000000
1667260800000,1.52800000,1.54200000,1.45900000,1.49300000,2320295.01000000
1667347200000,1.49300000,1.54900000,1.44400000,1.52900000,3608557.74000000
1667433600000,1.52800000,1.63000000,1.50100000,1.62200000,4498318.02000000
1667520000000,1.62100000,1.84900000,1.59500000,1.75000000,6958518.95000000
1667606400000,1.75000000,1.82400000,1.67000000,1.70200000,5106700.91000000
1667692800000,1.70200000,1.71000000,1.56700000,1.57600000,2729953.46000000
1667779200000,1.57600000,1.73600000,1.55400000,1.67700000,5749148.82000000
1667865600000,1.67700000,1.71200000,1.23000000,1.29800000,15637385.09000000
1667952000000,1.29800000,1.31900000,0.87200000,0.92600000,14611019.77000000
1668038400000,0.92400000,1.24300000,0.90300000,1.20200000,13195628.52000000
1668124800000,1.20200000,1.27100000,1.11500000,1.18300000,9664583.12000000
1668211200000,1.18300000,1.18700000,1.06200000,1.09400000,4988872.97000000
1668297600000,1.09500000,1.12900000,1.03900000,1.05600000,4642753.07000000
1668384000000,1.05600000,1.13900000,0.97600000,1.11900000,6431838.35000000
1668470400000,1.12000000,1.24100000,1.11700000,1.20200000,6567959.63000000
1668556800000,1.20300000,1.27200000,1.15600000,1.22000000,8580735.42000000
1668643200000,1.22000000,1.26200000,1.16300000,1.23200000,9037482.76000000
1668729600000,1.23200000,1.29500000,1.21900000,1.22200000,5132594.15000000
1668816000000,1.22100000,1.24100000,1.16800000,1.19700000,2614925.44000000
1668902400000,1.19500000,1.19800000,1.09300000,1.10800000,2571783.22000000
1668988800000,1.10800000,1.11700000,1.05000000,1.10800000,3247030.40000000
1669075200000,1.10700000,1.15700000,1.04800000,1.12400000,3642902.02000000
1669161600000,1.12300000,1.17900000,1.10600000,1.16200000,2503658.58000000
1669248000000,1.16200000,1.18800000,1.11800000,1.14000000,2079907.61000000
1669334400000,1.14000000,1.14600000,1.10700000,1.11300000,1570741.03000000
1669420800000,1.11300000,1.13400000,1.07900000,1.08000000,1933371.56000000
1669507200000,1.08200000,1.11200000,1.07300000,1.07500000,868205.90000000
1669593600000,1.07500000,1.08300000,1.01500000,1.08000000,2018657.55000000
1669680000000,1.08000000,1.12800000,1.06400000,1.09900000,2128185.52000000
1669766400000,1.09900000,1.16100000,1.09800000,1.13600000,2705383.33000000
1669852800000,1.13600000,1.15000000,1.09000000,1.10600000,2183314.72000000
1669939200000,1.10600000,1.12600000,1.07900000,1.12500000,2201815.92000000
1670025600000,1.12600000,1.12600000,1.08800000,1.09300000,1075244.08000000
1670112000000,1.09300000,1.12100000,1.08500000,1.10700000,1205693.53000000
1670198400000,1.10700000,1.14500000,1.06100000,1.07900000,2105011.76000000
1670284800000,1.07800000,1.08600000,1.05000000,1.06100000,981724.62000000
1670371200000,1.06100000,1.06500000,1.00300000,1.00600000,1929494.70000000
1670457600000,1.00700000,1.05400000,0.99800000,1.04800000,884262.06000000
1670544000000,1.04800000,1.06100000,1.02900000,1.04400000,1408572.40000000
1670630400000,1.04400000,1.05000000,1.02200000,1.02400000,527576.08000000
1670716800000,1.02400000,1.05000000,1.02200000,1.03000000,641510.76000000
1670803200000,1.03000000,1.06700000,0.98900000,1.06500000,1367586.78000000
1670889600000,1.06500000,1.13200000,1.03100000,1.12800000,3985535.70000000
1670976000000,1.12800000,1.16500000,1.11000000,1.13400000,2810800.01000000
1671062400000,1.13400000,1.15400000,1.10500000,1.14100000,2733305.06000000
1671148800000,1.14100000,1.15900000,0.99200000,1.01500000,4650393.35000000
1671235200000,1.01400000,1.02800000,0.96100000,0.99400000,2347407.42000000
1671321600000,0.99500000,1.00300000,0.96200000,0.98100000,843124.42000000
1671408000000,0.98200000,0.99900000,0.93700000,0.95000000,1130596.69000000
1671494400000,0.95100000,1.00300000,0.94800000,0.98900000,1226080.61000000
1671580800000,0.98900000,0.98900000,0.92700000,0.94000000,1504334.42000000
1671667200000,0.94000000,0.94000000,0.87600000,0.89600000,1975899.17000000
1671753600000,0.89600000,0.94300000,0.88400000,0.93800000,2459505.23000000
1671840000000,0.93700000,0.95800000,0.92600000,0.94600000,2332836.01000000
1671926400000,0.94500000,0.97500000,0.93800000,0.97000000,2921588.52000000
1672012800000,0.97000000,1.07000000,0.96900000,1.03900000,3711545.31000000
1672099200000,1.03700000,1.10400000,1.00600000,1.01200000,5973263.31000000
1672185600000,1.01200000,1.02000000,0.93400000,0.95400000,6747864.65000000
1672272000000,0.95400000,0.97200000,0.93300000,0.96100000,3569983.63000000
1672358400000,0.96100000,0.97200000,0.94500000,0.96400000,1962704.95000000
1672444800000,0.96400000,0.97000000,0.94700000,0.95300000,1149550.83000000
1672531200000,0.95400000,1.18600000,0.94600000,1.08000000,14838474.89000000
1672617600000,1.08000000,1.27000000,1.05700000,1.21000000,16486337.04000000
1672704000000,1.21000000,1.31100000,1.18800000,1.20300000,11701963.01000000
1672790400000,1.20300000,1.45400000,1.17500000,1.38000000,19215101.15000000
1672876800000,1.38000000,1.41100000,1.32600000,1.33900000,12795605.13000000
1672963200000,1.33900000,1.57400000,1.25800000,1.52000000,20468283.79000000
1673049600000,1.52000000,1.53900000,1.47000000,1.48800000,6601856.49000000
1673136000000,1.48800000,2.64000000,1.47300000,1.96900000,33941020.37000000
1673222400000,1.96900000,2.07500000,1.83900000,1.94000000,27307972.70000000
1673308800000,1.94100000,2.15500000,1.88800000,1.92800000,27497700.96000000
1673395200000,1.92800000,2.00000000,1.75600000,1.89500000,17905264.78000000
1673481600000,1.89600000,2.22900000,1.72900000,2.05200000,31521766.53000000
1673568000000,2.05100000,2.18900000,1.89900000,2.10100000,27564899.87000000
1673654400000,2.10200000,2.38300000,2.05200000,2.16300000,29882938.64000000
1673740800000,2.16300000,2.46600000,2.07700000,2.22100000,27443443.93000000
1673827200000,2.22100000,2.27100000,2.05000000,2.12200000,16498028.61000000
1673913600000,2.12300000,2.15800000,1.98400000,1.99800000,13506582.69000000
1674000000000,1.99900000,2.20500000,1.87900000,1.97500000,26014166.76000000
1674086400000,1.97300000,2.05700000,1.86300000,1.97000000,11323982.35000000
1674172800000,1.97000000,2.38900000,1.94000000,2.34800000,18216811.99000000
1674259200000,2.34900000,2.55000000,2.15800000,2.39600000,26602693.96000000
1674345600000,2.39600000,2.44100000,2.12900000,2.20700000,24281759.29000000
1674432000000,2.20900000,2.68500000,2.19400000,2.52500000,26912527.83000000
1674518400000,2.52400000,2.83700000,2.28500000,2.37400000,25798532.28000000
1674604800000,2.37400000,2.59300000,2.23700000,2.53300000,30040408.29000000
1674691200000,2.53300000,2.59100000,2.26800000,2.33000000,15779805.23000000
1674777600000,2.33000000,2.45900000,2.21900000,2.39000000,17864093.79000000
1674864000000,2.39000000,2.45000000,2.20400000,2.24000000,12221182.79000000
1674950400000,2.23800000,2.35000000,2.20300000,2.30000000,13455358.30000000
1675036800000,2.29900000,2.34500000,1.97600000,2.07100000,21384259.14000000
1675123200000,2.07000000,2.23500000,2.05200000,2.19900000,12846997.13000000
1675209600000,2.19900000,2.37400000,2.05700000,2.30700000,20909394.12000000
1675296000000,2.30800000,2.52700000,2.23500000,2.26600000,22968648.36000000
1675382400000,2.26900000,2.39900000,2.16100000,2.35500000,21438970.66000000
1675468800000,2.35500000,2.40000000,2.20000000,2.21000000,14132352.11000000
1675555200000,2.21100000,2.22000000,1.91800000,2.04900000,17588321.72000000
1675641600000,2.04800000,2.33400000,1.99300000,2.20100000,28653744.61000000
1675728000000,2.20200000,2.66700000,2.20100000,2.58100000,46365131.03000000
1675814400000,2.58100000,2.72000000,2.30000000,2.56100000,32893789.95000000
1675900800000,2.56100000,3.02800000,2.30700000,2.63300000,115251421.12000000
1675987200000,2.63400000,2.83800000,2.24000000,2.27900000,60522810.24000000
1676073600000,2.27900000,2.39900000,2.20800000,2.36900000,21977684.77000000
1676160000000,2.37000000,2.65000000,2.35300000,2.50700000,31553717.61000000
1676246400000,2.50800000,2.54000000,2.20000000,2.38800000,33998560.86000000
1676332800000,2.38900000,2.67800000,2.26200000,2.57000000,32782076.98000000
1676419200000,2.57000000,2.85800000,2.51200000,2.85400000,35330670.83000000
1676505600000,2.85500000,2.99500000,2.57400000,2.59600000,42144844.42000000
1676592000000,2.59600000,3.15000000,2.59600000,3.03100000,42354857.36000000
1676678400000,3.02900000,3.32800000,2.94600000,3.25000000,28455897.56000000
1676764800000,3.25000000,3.25300000,2.91000000,2.94200000,25451613.48000000
1676851200000,2.94200000,3.06800000,2.80700000,2.92600000,20289155.56000000
1676937600000,2.92800000,3.00600000,2.67600000,2.79400000,24665738.35000000
1677024000000,2.79500000,2.93800000,2.62400000,2.90700000,30114583.80000000
1677110400000,2.90900000,3.21000000,2.89400000,2.99600000,30763979.90000000
1677196800000,2.99600000,3.06500000,2.74300000,2.87100000,25331991.75000000
1677283200000,2.87000000,2.94000000,2.69300000,2.92900000,21359548.55000000
1677369600000,2.93000000,3.17900000,2.91500000,3.12000000,18167803.36000000
1677456000000,3.12200000,3.29900000,2.97600000,3.26800000,26398187.64000000
1677542400000,3.26800000,3.26800000,2.98500000,3.00300000,21558377.21000000
1677628800000,3.00400000,3.19900000,2.95100000,3.02100000,15183538.47000000
1677715200000,3.02000000,3.08000000,2.85300000,3.01900000,19387781.77000000
1677801600000,3.01800000,3.05600000,2.72800000,2.82000000,35522172.97000000
1677888000000,2.81900000,2.82900000,2.41600000,2.55300000,22040745.58000000
1677974400000,2.55200000,2.70000000,2.51400000,2.62400000,20171363.26000000
1678060800000,2.62400000,2.65900000,2.48900000,2.59000000,24320421.76000000
1678147200000,2.58900000,2.67200000,2.44800000,2.55300000,17899094.25000000
1678233600000,2.55200000,2.57800000,2.30800000,2.35900000,22146566.64000000
1678320000000,2.35900000,2.43700000,2.16900000,2.28000000,27485555.29000000
1678406400000,2.28000000,2.33100000,2.08000000,2.30700000,31809977.64000000
1678492800000,2.30800000,2.39000000,1.99100000,2.13000000,27059969.48000000
1678579200000,2.13100000,2.45000000,2.03800000,2.45000000,24510474.37000000
1678665600000,2.45000000,2.78500000,2.41000000,2.67100000,38606028.42000000
1678752000000,2.67100000,3.03900000,2.58700000,2.75400000,32767930.08000000
1678838400000,2.75300000,2.82300000,2.24000000,2.29900000,44714298.18000000
1678924800000,2.30000000,2.47800000,2.24400000,2.39100000,33782280.36000000
1679011200000,2.39100000,2.56800000,2.33300000,2.55200000,23524714.31000000
1679097600000,2.55100000,2.83800000,2.44900000,2.47600000,24671711.59000000
1679184000000,2.47600000,2.62700000,2.44700000,2.47100000,15002844.74000000
1679270400000,2.47200000,2.53400000,2.27400000,2.28500000,15282116.32000000
1679356800000,2.28500000,2.53800000,2.21900000,2.40600000,15410127.09000000
1679443200000,2.40600000,2.45100000,2.23000000,2.36600000,22745066.12000000
1679529600000,2.36700000,2.42800000,2.26400000,2.31400000,14078803.66000000
1679616000000,2.31600000,2.32000000,2.08700000,2.14200000,15766184.76000000
1679702400000,2.14100000,2.19700000,2.01500000,2.04100000,10222261.69000000
1679788800000,2.04000000,2.29500000,2.01400000,2.14900000,13394672.71000000
1679875200000,2.15000000,2.22600000,2.04300000,2.10100000,18879502.60000000
1679961600000,2.10000000,2.38300000,2.03000000,2.33200000,21326967.90000000
1680048000000,2.33300000,2.50000000,2.31500000,2.38000000,18906499.76000000
1680134400000,2.38100000,2.46300000,2.24600000,2.33000000,18960499.69000000
1680220800000,2.33000000,2.50000000,2.27200000,2.45300000,17525434.56000000
1680307200000,2.45400000,2.48700000,2.35900000,2.40600000,9668881.79000000
1680393600000,2.40600000,2.42900000,2.29400000,2.33700000,8935124.98000000
1680480000000,2.33800000,2.48800000,2.27300000,2.40100000,15471511.66000000
1680566400000,2.40100000,2.60000000,2.36200000,2.58300000,15809526.26000000
1680652800000,2.58200000,2.81600000,2.56500000,2.59500000,20318133.29000000
1680739200000,2.59300000,2.60000000,2.47600000,2.59600000,12685429.11000000
1680825600000,2.59600000,2.64000000,2.48000000,2.48600000,9097868.25000000
1680912000000,2.48500000,2.51900000,2.37300000,2.38400000,6874602.37000000
1680998400000,2.38400000,2.43300000,2.29000000,2.34500000,8610798.82000000
1681084800000,2.34400000,2.47300000,2.29300000,2.46300000,9524174.58000000
1681171200000,2.46200000,2.49100000,2.31700000,2.32900000,8666200.55000000
1681257600000,2.32800000,2.42000000,2.19200000,2.32600000,18103460.81000000
1681344000000,2.32700000,2.45700000,2.24200000,2.44600000,13424423.75000000
1681430400000,2.44600000,2.66400000,2.44000000,2.62700000,18731960.41000000
1681516800000,2.62700000,2.65300000,2.48800000,2.50300000,7659411.18000000
1681603200000,2.50300000,2.64800000,2.46700000,2.57200000,8588008.77000000
1681689600000,2.57000000,2.59500000,2.47500000,2.49200000,8779985.65000000
1681776000000,2.49200000,2.61800000,2.41700000,2.52600000,7139154.05000000
1681862400000,2.52600000,2.54000000,2.20700000,2.25700000,11097697.19000000
1681948800000,2.25600000,2.27400000,2.10100000,2.13900000,8081087.94000000
1682035200000,2.14000000,2.18900000,1.99800000,2.04500000,8072388.66000000
1682121600000,2.04400000,2.10900000,2.02500000,2.10200000,3504737.85000000
1682208000000,2.10100000,2.12000000,1.98400000,2.07700000,4623197.50000000
1682294400000,2.07600000,2.16500000,2.04600000,2.08200000,7150276.55000000
1682380800000,2.08200000,2.17600000,2.01400000,2.14500000,5180270.19000000
1682467200000,2.14600000,2.24400000,1.94600000,2.06300000,8757952.65000000
1682553600000,2.06300000,2.18400000,2.05100000,2.14200000,5570102.22000000
1682640000000,2.14200000,2.14500000,2.05200000,2.08600000,2898686.89000000
1682726400000,2.08600000,2.12400000,2.07000000,2.10200000,1867616.23000000
1682812800000,2.10300000,2.11000000,2.02200000,2.02600000,2289738.47000000
1682899200000,2.02700000,2.03900000,1.94200000,1.97400000,3661162.64000000
1682985600000,1.97200000,2.01000000,1.94800000,1.99100000,2714187.51000000
1683072000000,1.99000000,2.05000000,1.85600000,2.02400000,8188503.95000000
1683158400000,2.02400000,2.02400000,1.89500000,1.89700000,4103733.47000000
1683244800000,1.89600000,1.97500000,1.80600000,1.93400000,8667225.14000000
1683331200000,1.93500000,1.94800000,1.78300000,1.84200000,6770983.47000000
1683417600000,1.84200000,1.88000000,1.80800000,1.82800000,3407196.33000000
1683504000000,1.82700000,1.84900000,1.57200000,1.82800000,11249243.49000000
1683590400000,1.82800000,1.96000000,1.78400000,1.84600000,16989013.17000000
1683676800000,1.84600000,1.97200000,1.76500000,1.87300000,10584264.13000000
1683763200000,1.87400000,1.87400000,1.61200000,1.64900000,9731947.33000000
1683849600000,1.64800000,1.92200000,1.57900000,1.90400000,16096904.72000000
1683936000000,1.90400000,1.95000000,1.85600000,1.87900000,6171980.31000000
1684022400000,1.87800000,1.96000000,1.86000000,1.92700000,5647713.94000000
1684108800000,1.92800000,2.19900000,1.89500000,2.12100000,18706102.00000000
1684195200000,2.12100000,2.30100000,2.08300000,2.21100000,18837600.31000000
1684281600000,2.21000000,2.56400000,2.15400000,2.36000000,22751505.66000000
1684368000000,2.35900000,2.36000000,2.11400000,2.13300000,14181982.04000000
1684454400000,2.13300000,2.23300000,2.08400000,2.17500000,12082204.77000000
1684540800000,2.17600000,2.18400000,2.10900000,2.14900000,5342975.38000000
1684627200000,2.14800000,2.15900000,2.04500000,2.06900000,5847622.13000000
1684713600000,2.06900000,2.10000000,2.01600000,2.02700000,7271166.19000000
1684800000000,2.02600000,2.12000000,2.00200000,2.04000000,6247683.61000000
1684886400000,2.04000000,2.08500000,1.93000000,2.05200000,11061863.47000000
1684972800000,2.05300000,2.08500000,1.98900000,2.01200000,9823253.75000000
1685059200000,2.01100000,2.05800000,1.94100000,1.99000000,7608590.71000000
1685145600000,1.99000000,1.99900000,1.95100000,1.97300000,3342727.71000000
1685232000000,1.97300000,2.13100000,1.95900000,2.09700000,7996629.25000000
1685318400000,2.09700000,2.18700000,2.06800000,2.18100000,11125868.76000000
1685404800000,2.18100000,2.24900000,2.14500000,2.15600000,10359434.74000000
1685491200000,2.15700000,2.20800000,2.07000000,2.09200000,9448387.16000000
1685577600000,2.09200000,2.10500000,2.02600000,2.08200000,3608765.05000000
1685664000000,2.08200000,2.37400000,2.05400000,2.30300000,10588729.22000000
1685750400000,2.30300000,2.34800000,2.26600000,2.30800000,3910449.58000000
1685836800000,2.31000000,2.37700000,2.26300000,2.27300000,4181399.95000000
1685923200000,2.27400000,2.33000000,2.07000000,2.20900000,10077795.15000000
1686009600000,2.20800000,2.44800000,2.15600000,2.40600000,13133428.57000000
1686096000000,2.40600000,2.42800000,2.26800000,2.27300000,11202617.15000000
1686182400000,2.27400000,2.31700000,2.15100000,2.15400000,7626265.48000000
1686268800000,2.15300000,2.23700000,2.13700000,2.15700000,7032329.27000000
1686355200000,2.15800000,2.16000000,1.65000000,1.81300000,19532086.44000000
1686441600000,1.81500000,1.88700000,1.72800000,1.82800000,9329268.65000000
1686528000000,1.82800000,1.86000000,1.74400000,1.79200000,7250086.90000000
1686614400000,1.79300000,1.85900000,1.73500000,1.77600000,5842567.02000000
1686700800000,1.77700000,1.81200000,1.66500000,1.68100000,5463718.40000000
1686787200000,1.68000000,1.72000000,1.61500000,1.68400000,5981054.31000000
1686873600000,1.68400000,1.78700000,1.67100000,1.75400000,3978233.05000000
1686960000000,1.75500000,1.90700000,1.74300000,1.79100000,3766013.30000000
1687046400000,1.79100000,1.79300000,1.69700000,1.71300000,2471691.15000000
1687132800000,1.71200000,1.78500000,1.68800000,1.77400000,2823440.98000000
1687219200000,1.77400000,1.89600000,1.76300000,1.85900000,5570825.35000000
1687305600000,1.85800000,1.98300000,1.85100000,1.95700000,8216059.75000000
1687392000000,1.95700000,2.04300000,1.88300000,1.88900000,5809335.94000000
1687478400000,1.88800000,1.98500000,1.85000000,1.93100000,3751600.88000000
1687564800000,1.93200000,1.93900000,1.80800000,1.83000000,3249896.37000000
1687651200000,1.82900000,2.00900000,1.81900000,1.93600000,4992447.22000000
1687737600000,1.93500000,1.98000000,1.87200000,1.92400000,4232064.21000000
1687824000000,1.92500000,1.99500000,1.91300000,1.95500000,3780748.38000000
1687910400000,1.95500000,1.95700000,1.80000000,1.85600000,4468454.90000000
1687996800000,1.85700000,1.92300000,1.85400000,1.87500000,2672046.40000000
1688083200000,1.87600000,2.07300000,1.83000000,2.05300000,11087408.86000000
1688169600000,2.05300000,2.16400000,2.01400000,2.13700000,5273384.21000000
1688256000000,2.13800000,2.18200000,2.05200000,2.12400000,5007051.45000000
1688342400000,2.12400000,2.25000000,2.07600000,2.23800000,7045918.47000000
1688428800000,2.23700000,2.24300000,2.13300000,2.14900000,4271446.26000000
1688515200000,2.15000000,2.17200000,2.02200000,2.06500000,5041820.77000000
1688601600000,2.06500000,2.15700000,1.91100000,1.91300000,6992544.40000000
1688688000000,1.91200000,1.96000000,1.88800000,1.93300000,3915776.87000000
1688774400000,1.93300000,1.98000000,1.90100000,1.95500000,2906590.78000000
1688860800000,1.95500000,1.97400000,1.91800000,1.92400000,983112.88000000
1688947200000,1.92400000,2.01800000,1.86100000,1.95800000,4125068.12000000
1689033600000,1.95800000,1.96600000,1.89400000,1.91400000,2079758.19000000
1689120000000,1.91400000,1.93700000,1.86600000,1.88300000,1693904.23000000
1689206400000,1.88400000,2.34500000,1.86700000,2.28900000,12346971.74000000
1689292800000,2.29000000,2.52300000,2.16500000,2.34900000,21189054.07000000
1689379200000,2.34800000,2.49000000,2.30400000,2.31200000,8733180.62000000
1689465600000,2.31300000,2.34400000,2.16600000,2.17600000,7752848.44000000
1689552000000,2.17700000,2.22800000,1.98200000,2.06000000,9569937.57000000
1689638400000,2.06100000,2.08500000,1.98200000,2.03100000,6418844.90000000
1689724800000,2.03100000,2.10000000,2.00000000,2.08100000,6257041.97000000
1689811200000,2.08200000,2.18600000,2.02700000,2.05600000,6845780.62000000
1689897600000,2.05700000,2.08700000,2.01000000,2.02200000,3377679.11000000
1689984000000,2.02100000,2.05600000,1.97200000,1.99600000,2684228.23000000
1690070400000,1.99700000,2.08800000,1.98700000,2.04600000,3326845.44000000
1690156800000,2.04600000,2.05400000,1.90000000,1.97900000,5369899.11000000
1690243200000,1.97800000,2.06100000,1.93600000,1.95600000,7075004.00000000
1690329600000,1.95700000,1.96900000,1.89000000,1.92700000,5711329.56000000
1690416000000,1.92700000,1.96700000,1.89500000,1.91600000,3109651.27000000
1690502400000,1.91500000,1.94600000,1.89800000,1.92800000,3436539.00000000
1690588800000,1.92800000,1.95700000,1.92200000,1.94700000,1527178.42000000
1690675200000,1.94700000,1.95900000,1.83500000,1.89300000,3927006.77000000
1690761600000,1.89200000,1.91100000,1.82400000,1.84600000,3802176.89000000
1690848000000,1.84500000,1.94700000,1.77400000,1.94600000,7938595.37000000
1690934400000,1.94500000,1.95800000,1.80600000,1.85300000,4111687.41000000
1691020800000,1.85300000,1.92000000,1.83000000,1.86500000,3528718.86000000
1691107200000,1.86400000,1.89800000,1.80600000,1.83600000,2537825.45000000
1691193600000,1.83600000,1.85400000,1.82400000,1.85200000,1178869.30000000
1691280000000,1.85300000,1.87500000,1.82300000,1.83200000,1208985.04000000
1691366400000,1.83200000,1.86000000,1.77600000,1.84500000,2565825.10000000
1691452800000,1.84400000,1.88400000,1.83100000,1.85800000,3305589.26000000
1691539200000,1.85800000,1.90200000,1.84100000,1.88700000,3912108.50000000
1691625600000,1.88800000,1.94000000,1.85400000,1.86100000,3564807.83000000
1691712000000,1.86100000,1.86300000,1.82700000,1.85800000,1629159.11000000
1691798400000,1.85800000,1.86800000,1.83800000,1.84100000,934769.84000000
1691884800000,1.84100000,1.84600000,1.81300000,1.81800000,1421007.72000000
1691971200000,1.81700000,1.85800000,1.81000000,1.84800000,2398165.76000000
1692057600000,1.84800000,1.85500000,1.65200000,1.73100000,7027189.07000000
1692144000000,1.73100000,1.75400000,1.65000000,1.69600000,4466706.63000000
1692230400000,1.69700000,1.74000000,1.38000000,1.62400000,10347349.57000000
1692316800000,1.62400000,1.67700000,1.60500000,1.63400000,6385216.58000000
1692403200000,1.63400000,1.67300000,1.61000000,1.65000000,1944993.86000000
1692489600000,1.65100000,1.68600000,1.63700000,1.67100000,906778.71000000
1692576000000,1.67200000,1.68500000,1.56800000,1.62200000,3233491.26000000
1692662400000,1.62300000,1.65000000,1.53300000,1.63200000,5323009.74000000
1692748800000,1.63200000,1.73100000,1.62700000,1.68900000,3431469.01000000
1692835200000,1.68800000,1.70600000,1.61600000,1.63800000,1828541.47000000
1692921600000,1.63700000,1.63700000,1.50200000,1.55700000,5455153.03000000
1693008000000,1.55600000,1.60800000,1.54500000,1.59900000,1800093.14000000
1693094400000,1.59800000,1.61700000,1.57800000,1.58900000,1601903.46000000
1693180800000,1.59000000,1.62000000,1.55600000,1.58000000,2689215.42000000
1693267200000,1.58000000,1.69200000,1.53100000,1.67400000,5216231.42000000
1693353600000,1.67500000,1.68400000,1.61800000,1.63900000,2298280.32000000
1693440000000,1.63900000,1.64700000,1.53200000,1.56300000,3219004.48000000
1693526400000,1.56400000,1.57700000,1.50200000,1.53100000,1926986.86000000
1693612800000,1.53000000,1.54700000,1.51200000,1.52700000,1273359.09000000
1693699200000,1.52700000,1.54400000,1.51500000,1.52600000,1349369.26000000
1693785600000,1.52600000,1.56000000,1.51900000,1.55200000,1913152.34000000
1693872000000,1.55100000,1.59000000,1.52700000,1.56900000,1653076.21000000
1693958400000,1.56900000,1.62600000,1.55700000,1.57800000,2084982.17000000
1694044800000,1.57900000,1.62500000,1.55800000,1.60400000,1288507.16000000
1694131200000,1.60400000,1.61900000,1.54100000,1.54200000,1685918.18000000
1694217600000,1.54300000,1.54300000,1.51300000,1.53200000,1188779.95000000
1694304000000,1.53200000,1.53200000,1.45300000,1.48200000,3309637.75000000
1694390400000,1.48300000,1.49500000,1.42100000,1.45100000,3315026.90000000
1694476800000,1.45200000,1.53900000,1.44800000,1.46400000,3527524.62000000
1694563200000,1.46400000,1.50100000,1.45600000,1.48600000,2122781.69000000
1694649600000,1.48600000,1.52300000,1.48400000,1.50000000,2208954.73000000
1694736000000,1.49900000,1.53600000,1.47600000,1.53100000,3236204.93000000
1694822400000,1.53100000,1.59900000,1.51900000,1.53500000,2839371.17000000
1694908800000,1.53600000,1.53600000,1.48700000,1.51000000,1950872.65000000
1694995200000,1.51000000,1.58500000,1.49100000,1.54600000,3042009.61000000
1695081600000,1.54600000,1.60600000,1.53100000,1.57500000,3364390.18000000
1695168000000,1.57500000,1.58900000,1.54300000,1.56500000,1860879.97000000
1695254400000,1.56400000,1.58000000,1.47700000,1.48200000,2713981.53000000
1695340800000,1.48200000,1.50000000,1.46800000,1.49200000,1548032.63000000
1695427200000,1.49300000,1.49900000,1.47200000,1.49700000,869225.92000000
1695513600000,1.49700000,1.49800000,1.45100000,1.46500000,1257931.79000000
1695600000000,1.46400000,1.48600000,1.44800000,1.47400000,966562.42000000
1695686400000,1.47300000,1.48800000,1.43300000,1.46500000,1779911.07000000
1695772800000,1.46200000,1.49600000,1.45100000,1.47200000,1500706.56000000
1695859200000,1.47000000,1.62900000,1.46800000,1.60000000,5988328.15000000
1695945600000,1.60000000,1.66200000,1.57700000,1.63700000,3533502.25000000
1696032000000,1.63700000,1.73100000,1.63000000,1.71000000,4203024.35000000
1696118400000,1.70900000,1.71500000,1.64300000,1.69500000,4267577.44000000
1696204800000,1.69600000,1.70200000,1.52200000,1.56400000,6974536.16000000
1696291200000,1.56400000,1.59300000,1.54000000,1.57300000,3525451.12000000
1696377600000,1.57200000,1.61600000,1.52200000,1.58600000,3793264.56000000
1696464000000,1.58500000,1.60800000,1.51000000,1.53200000,3009494.56000000
1696550400000,1.53200000,1.57700000,1.52700000,1.56200000,2282051.39000000
1696636800000,1.56200000,1.58600000,1.54700000,1.56800000,1548744.74000000
1696723200000,1.56800000,1.61500000,1.55900000,1.59200000,2104382.13000000
1696809600000,1.59100000,1.62800000,1.46800000,1.52600000,4691094.52000000
1696896000000,1.52700000,1.55800000,1.51400000,1.54100000,2707627.15000000
1696982400000,1.54200000,1.57700000,1.52000000,1.52500000,3143476.26000000
1697068800000,1.52500000,1.53400000,1.48100000,1.50400000,2805501.94000000
1697155200000,1.50300000,1.58300000,1.50200000,1.56100000,3348996.96000000
1697241600000,1.56000000,1.61000000,1.55700000,1.59800000,2893952.90000000
1697328000000,1.59800000,1.61200000,1.58200000,1.60700000,1884978.69000000
1697414400000,1.60700000,1.68000000,1.57500000,1.60000000,4988795.51000000
1697500800000,1.59900000,1.60600000,1.52900000,1.54500000,2760332.83000000
1697587200000,1.54500000,1.56000000,1.48300000,1.49200000,4350509.36000000
1697673600000,1.49200000,1.50600000,1.45600000,1.47200000,4205955.94000000
1697760000000,1.47200000,1.54300000,1.46800000,1.53400000,3584068.85000000
1697846400000,1.53400000,1.66700000,1.53200000,1.63700000,6438105.59000000
1697932800000,1.63700000,1.72700000,1.61800000,1.71700000,6084815.49000000
1698019200000,1.71700000,1.86000000,1.71600000,1.79500000,10885659.26000000
1698105600000,1.79500000,1.90000000,1.68800000,1.84800000,13113733.98000000
1698192000000,1.84800000,1.93500000,1.79300000,1.87500000,7264266.30000000
1698278400000,1.87600000,1.98500000,1.78000000,1.85400000,6563892.11000000
1698364800000,1.85500000,1.85600000,1.74400000,1.81800000,3651611.90000000
1698451200000,1.81600000,1.87100000,1.78100000,1.78500000,3238227.78000000
1698537600000,1.78500000,1.85200000,1.76200000,1.82500000,2244367.92000000
1698624000000,1.82600000,1.87200000,1.78800000,1.83900000,3932831.84000000
1698710400000,1.84000000,1.86700000,1.71300000,1.82800000,4597076.05000000
1698796800000,1.82800000,1.93000000,1.74100000,1.88200000,6302632.95000000
1698883200000,1.88300000,1.92400000,1.71500000,1.75600000,8261618.89000000
1698969600000,1.75800000,1.92800000,1.70700000,1.92700000,7377911.51000000
1699056000000,1.92800000,2.07800000,1.90600000,2.03300000,8390439.10000000
1699142400000,2.03300000,2.05300000,1.96500000,2.01700000,5588635.12000000
1699228800000,2.01800000,2.09300000,1.96400000,2.02200000,7042369.98000000
1699315200000,2.02200000,2.03900000,1.90000000,1.96400000,6724449.39000000
1699401600000,1.96500000,1.98900000,1.91100000,1.94900000,5230350.28000000
1699488000000,1.94900000,2.36000000,1.89400000,2.32200000,39896212.25000000
1699574400000,2.32200000,2.49900000,2.20200000,2.29600000,22789234.74000000
1699660800000,2.29600000,2.37200000,2.19000000,2.24200000,13670535.02000000
1699747200000,2.24100000,2.33100000,2.12600000,2.27000000,12403154.26000000
1699833600000,2.27000000,2.47800000,2.20900000,2.22600000,22435406.44000000
1699920000000,2.22600000,2.40500000,2.03900000,2.36500000,21818795.13000000
1700006400000,2.36400000,2.52900000,2.30700000,2.44700000,17349323.93000000
1700092800000,2.44700000,2.59900000,2.23300000,2.25400000,19289331.33000000
1700179200000,2.25300000,2.32200000,2.08300000,2.21400000,14312924.71000000
1700265600000,2.21300000,2.29200000,2.06600000,2.24600000,9011126.76000000
1700352000000,2.24700000,2.37700000,2.20100000,2.37300000,7658607.93000000
1700438400000,2.37400000,2.59100000,2.34800000,2.41800000,17494283.43000000
1700524800000,2.41900000,2.46900000,2.18800000,2.20700000,12175198.74000000
1700611200000,2.20700000,2.65400000,2.20100000,2.61500000,10655596.72000000
1700697600000,2.61400000,2.63500000,2.47400000,2.47800000,6157704.47000000
1700784000000,2.47900000,2.65700000,2.45500000,2.49800000,9296909.84000000
1700870400000,2.49800000,2.54100000,2.43600000,2.50000000,4257243.87000000
1700956800000,2.49900000,2.55200000,2.39700000,2.49700000,8148636.59000000
1701043200000,2.49800000,2.57300000,2.28400000,2.36400000,6202613.34000000
1701129600000,2.36400000,2.39800000,2.28900000,2.33800000,4606216.04000000
1701216000000,2.33800000,2.35800000,2.22400000,2.26100000,7304740.07000000
1701302400000,2.26000000,2.35900000,2.24200000,2.35500000,4388551.30000000
1701388800000,2.35500000,2.42800000,2.33600000,2.38900000,5083723.23000000
1701475200000,2.38900000,2.47900000,2.34500000,2.42800000,5562363.47000000
1701561600000,2.42800000,2.48300000,2.37400000,2.43100000,4697116.88000000
1701648000000,2.43100000,2.51000000,2.32200000,2.38700000,9013993.30000000
1701734400000,2.38800000,2.49300000,2.31100000,2.40200000,7320050.63000000
1701820800000,2.40200000,2.45600000,2.25000000,2.26500000,7967633.47000000
1701907200000,2.26400000,2.58000000,2.22800000,2.50700000,16134100.01000000
1701993600000,2.50800000,2.52600000,2.40000000,2.44600000,6510382.74000000
1702080000000,2.44600000,2.53600000,2.30500000,2.34200000,7407473.30000000
1702166400000,2.34300000,2.43200000,2.33200000,2.38800000,3474520.30000000
1702252800000,2.38900000,2.40100000,2.10400000,2.25900000,9836773.35000000
1702339200000,2.25900000,2.32300000,2.17100000,2.23000000,7164135.12000000
1702425600000,2.23000000,2.32000000,2.13800000,2.30900000,6517251.82000000
1702512000000,2.31000000,2.38500000,2.25500000,2.35800000,7068068.46000000
1702598400000,2.35800000,2.36400000,2.11600000,2.13300000,5892758.35000000
1702684800000,2.13300000,2.21000000,2.11600000,2.16600000,3985256.39000000
1702771200000,2.16500000,2.17400000,2.06200000,2.08200000,4496647.67000000
1702857600000,2.08200000,2.14200000,1.97400000,2.13400000,5912267.36000000
1702944000000,2.13500000,2.16000000,2.01700000,2.05100000,3623834.39000000
1703030400000,2.05200000,2.16000000,2.03500000,2.10200000,5056556.96000000
1703116800000,2.10200000,2.26500000,2.07600000,2.15600000,9889612.97000000
1703203200000,2.15700000,2.45200000,2.13300000,2.43700000,22985087.22000000
1703289600000,2.43700000,2.46700000,2.29000000,2.36700000,8564790.26000000
1703376000000,2.36700000,2.45300000,2.33700000,2.42300000,10466673.59000000
1703462400000,2.42400000,2.70900000,2.42100000,2.55300000,20383805.91000000
1703548800000,2.55500000,2.67000000,2.30000000,2.42400000,11948717.94000000
1703635200000,2.42400000,2.87100000,2.33600000,2.82800000,18266546.46000000
1703721600000,2.82800000,3.00600000,2.69600000,2.70500000,19625211.36000000
1703808000000,2.70500000,2.92700000,2.58500000,2.92300000,13675079.85000000
1703894400000,2.92200000,2.99000000,2.72800000,2.72900000,12484975.90000000
1703980800000,2.73100000,2.81700000,2.55100000,2.64400000,5924289.45000000
1704067200000,2.64400000,2.93100000,2.63900000,2.91300000,7294239.54000000
1704153600000,2.91300000,3.18700000,2.84600000,2.85900000,12004196.34000000
1704240000000,2.85900000,3.48000000,2.40000000,3.06000000,39764605.45000000
1704326400000,3.06000000,3.50000000,2.93900000,3.12000000,20337217.86000000
1704412800000,3.12000000,3.56100000,3.00000000,3.55800000,20425359.11000000
1704499200000,3.55900000,3.61700000,3.02000000,3.08300000,22096589.54000000
1704585600000,3.08300000,3.24400000,2.89100000,2.92900000,16644646.12000000
1704672000000,2.92900000,3.21300000,2.75500000,3.12400000,16002643.44000000
1704758400000,3.12300000,3.78000000,3.04900000,3.63900000,24931709.38000000
1704844800000,3.63800000,4.03400000,3.60100000,3.79000000,30999006.06000000
1704931200000,3.79000000,4.03800000,3.51100000,3.63000000,20644565.39000000
1705017600000,3.62900000,3.84700000,3.35100000,3.47600000,14047624.73000000
1705104000000,3.47500000,3.49700000,3.34400000,3.35300000,6680935.56000000
1705190400000,3.35300000,3.37100000,3.21300000,3.23500000,8090598.78000000
1705276800000,3.23700000,3.44600000,3.21900000,3.24400000,7181066.32000000
1705363200000,3.24200000,3.54900000,3.23400000,3.43300000,8050676.06000000
1705449600000,3.43300000,3.48500000,3.12200000,3.20100000,10079493.12000000
1705536000000,3.20000000,3.22100000,2.94800000,3.02900000,10060460.98000000
1705622400000,3.03100000,3.11100000,2.82200000,2.95800000,7055005.08000000
1705708800000,2.96000000,2.96000000,2.84600000,2.89300000,3659684.68000000
1705795200000,2.89200000,2.95000000,2.83900000,2.86100000,3754776.10000000
1705881600000,2.86000000,3.00700000,2.69100000,2.71200000,12409442.85000000
1705968000000,2.71200000,2.84900000,2.55300000,2.69000000,9616348.00000000
1706054400000,2.68700000,2.89100000,2.63000000,2.88700000,6163188.20000000
1706140800000,2.88800000,3.00200000,2.75800000,2.98200000,6236541.81000000
1706227200000,2.98200000,3.09900000,2.95600000,3.07700000,6677191.02000000
1706313600000,3.07800000,3.09800000,2.97800000,3.06400000,2659632.77000000
1706400000000,3.06400000,3.22000000,3.05800000,3.15300000,4166035.11000000
1706486400000,3.15300000,3.22000000,3.02600000,3.15200000,6465767.42000000
1706572800000,3.15300000,3.17200000,2.97100000,3.02300000,8847365.30000000
1706659200000,3.02200000,3.03100000,2.79400000,2.83100000,4499239.01000000
1706745600000,2.83000000,2.85500000,2.75400000,2.83100000,3394461.63000000
1706832000000,2.83200000,2.88200000,2.77900000,2.81900000,3040616.79000000
1706918400000,2.81900000,2.85000000,2.72400000,2.76200000,4886009.28000000
1707004800000,2.76100000,2.78600000,2.65500000,2.67000000,2612811.27000000
1707091200000,2.67100000,2.85000000,2.62200000,2.69000000,5657953.82000000
1707177600000,2.69000000,2.83400000,2.67600000,2.78800000,7784553.90000000
1707264000000,2.79100000,3.12100000,2.75300000,2.89400000,12423811.76000000
1707350400000,2.89400000,2.92800000,2.82300000,2.86700000,5401435.43000000
1707436800000,2.86700000,3.01000000,2.86600000,2.97700000,5285155.94000000
1707523200000,2.97800000,3.03000000,2.90600000,2.96000000,4182746.32000000
1707609600000,2.96000000,3.04200000,2.86300000,2.88400000,3956651.16000000
1707696000000,2.88500000,3.13700000,2.82600000,3.12400000,7744658.28000000
1707782400000,3.12500000,3.18900000,3.02600000,3.10400000,7299988.07000000
1707868800000,3.10400000,3.32500000,3.05800000,3.27900000,8771929.87000000
1707955200000,3.28100000,3.35900000,3.13800000,3.22600000,8463588.39000000
1708041600000,3.22600000,3.35400000,3.11600000,3.24200000,6598847.46000000
1708128000000,3.24200000,3.25000000,3.07500000,3.12400000,3377621.94000000
1708214400000,3.12300000,3.35100000,3.07400000,3.33200000,5350353.37000000
1708300800000,3.33300000,3.46000000,3.27300000,3.40000000,7781061.63000000
1708387200000,3.40000000,3.41400000,3.04800000,3.25000000,10581130.33000000
1708473600000,3.25000000,3.35600000,2.94000000,3.07000000,8690218.37000000
1708560000000,3.06800000,3.16500000,2.95100000,2.95800000,7736409.94000000
1708646400000,2.95700000,3.22400000,2.92900000,3.09000000,11604041.43000000
1708732800000,3.09200000,3.33400000,3.01400000,3.28900000,6787344.50000000
1708819200000,3.28900000,3.43500000,3.25100000,3.38400000,6577667.92000000
1708905600000,3.38400000,3.69900000,3.28500000,3.62100000,10794071.99000000
1708992000000,3.62200000,3.63400000,3.44000000,3.46700000,7410544.59000000
1709078400000,3.46800000,3.53500000,3.10000000,3.41300000,12629757.65000000
1709164800000,3.41300000,3.64900000,3.28200000,3.36300000,10872846.58000000
1709251200000,3.36400000,3.50100000,3.28200000,3.35300000,5784630.12000000
1709337600000,3.35200000,3.44000000,3.31700000,3.43800000,6038932.46000000
1709424000000,3.43800000,3.52800000,3.16700000,3.31700000,9984413.24000000
1709510400000,3.31600000,3.40300000,3.15600000,3.28200000,9026793.67000000
1709596800000,3.28200000,3.75900000,2.65000000,3.11200000,20330402.69000000
1709683200000,3.10900000,3.41500000,3.00000000,3.40200000,10284942.88000000
1709769600000,3.40100000,3.52400000,3.28100000,3.45500000,8456633.90000000
1709856000000,3.45500000,3.59200000,3.29700000,3.41300000,8237211.92000000
1709942400000,3.41300000,3.45300000,3.34100000,3.35900000,5257711.89000000
1710028800000,3.36000000,3.41700000,3.18000000,3.28200000,5586231.97000000
1710115200000,3.28200000,3.42800000,3.15000000,3.37200000,8608922.50000000
1710201600000,3.37100000,3.39900000,3.09700000,3.31400000,8910657.23000000
1710288000000,3.31500000,3.64200000,3.31000000,3.43200000,11455313.61000000
1710374400000,3.43200000,3.43900000,3.03900000,3.18600000,10311266.39000000
1710460800000,3.18500000,3.21700000,2.80000000,2.94900000,11330262.28000000
1710547200000,2.94900000,2.99000000,2.65400000,2.71800000,11923920.63000000
1710633600000,2.71700000,2.76500000,2.55800000,2.72300000,8787159.22000000
1710720000000,2.72300000,2.74600000,2.43000000,2.50700000,18301406.61000000
1710806400000,2.50600000,2.55400000,2.22900000,2.30800000,14482478.50000000
1710892800000,2.30800000,2.61400000,2.23400000,2.60700000,13127515.85000000
1710979200000,2.60500000,2.95300000,2.56100000,2.86400000,11441554.09000000
1711065600000,2.86300000,3.01500000,2.67300000,2.75600000,14677895.82000000
1711152000000,2.75600000,3.00000000,2.71800000,2.91800000,9877907.59000000
1711238400000,2.91600000,3.19000000,2.86100000,3.13000000,9424623.56000000
1711324800000,3.13000000,3.40000000,3.09900000,3.30800000,13975322.81000000
1711411200000,3.30800000,3.37400000,3.09700000,3.13200000,9759637.46000000
1711497600000,3.13300000,3.30400000,2.94300000,2.95700000,13796421.66000000
1711584000000,2.95800000,2.98700000,2.82300000,2.88600000,8788712.82000000
1711670400000,2.88500000,2.91500000,2.78600000,2.80200000,6539698.60000000
1711756800000,2.80200000,2.89400000,2.75300000,2.78500000,5239522.33000000
1711843200000,2.78400000,2.97000000,2.77000000,2.96400000,7488417.79000000
1711929600000,2.96400000,2.97100000,2.70600000,2.83500000,11947933.48000000
1712016000000,2.83400000,2.85500000,2.56200000,2.59700000,9204575.60000000
1712102400000,2.59800000,2.68800000,2.46300000,2.54700000,8570884.64000000
1712188800000,2.54700000,2.69900000,2.51600000,2.56000000,8738233.94000000
1712275200000,2.55900000,2.69200000,2.36100000,2.61000000,14178724.10000000
1712361600000,2.60700000,2.63600000,2.49500000,2.53600000,4547474.98000000
1712448000000,2.53500000,2.71000000,2.51400000,2.69500000,7463239.41000000
1712534400000,2.69500000,3.04900000,2.67600000,2.95000000,15116654.57000000
1712620800000,2.95000000,3.01000000,2.67800000,2.68200000,13817080.08000000
1712707200000,2.68100000,2.73700000,2.56000000,2.62100000,8210364.41000000
1712793600000,2.62100000,2.63300000,2.47000000,2.55500000,8265173.05000000
1712880000000,2.55500000,2.58200000,1.84500000,2.11300000,21908299.30000000
1712966400000,2.11300000,2.14900000,1.50000000,1.84600000,22872685.82000000
1713052800000,1.84600000,2.17000000,1.77000000,2.11000000,12721056.80000000
1713139200000,2.11000000,2.15800000,1.95600000,2.04500000,12714449.06000000
1713225600000,2.04600000,2.08100000,1.89800000,2.00600000,5651432.84000000
1713312000000,2.00500000,2.03400000,1.86400000,1.89300000,4202187.58000000
1713398400000,1.89300000,2.01000000,1.84500000,1.98900000,3383092.60000000
1713484800000,1.99000000,2.05200000,1.83800000,1.98500000,4095438.83000000
1713571200000,1.98500000,2.11600000,1.95400000,2.10700000,3045767.02000000
1713657600000,2.10700000,2.14200000,2.05100000,2.08500000,2960303.31000000
1713744000000,2.08500000,2.17800000,2.07200000,2.14900000,3089048.17000000
1713830400000,2.14900000,2.18000000,2.09100000,2.10600000,2714113.60000000
1713916800000,2.10500000,2.18900000,1.98000000,2.00600000,4330965.88000000
1714003200000,2.00800000,2.07000000,1.94700000,2.03200000,3297653.13000000
1714089600000,2.03200000,2.03600000,1.93300000,1.94900000,2710919.39000000
1714176000000,1.95100000,2.10900000,1.87100000,2.05700000,4029076.89000000
1714262400000,2.05700000,2.17200000,2.04000000,2.12800000,6549296.18000000
1714348800000,2.12700000,2.25200000,2.02300000,2.19400000,13401563.40000000
1714435200000,2.19400000,2.20300000,1.81700000,1.87100000,11856357.55000000
1714521600000,1.87000000,1.98900000,1.81300000,1.94000000,9833984.70000000
1714608000000,1.94100000,1.99800000,1.87500000,1.97300000,3473613.09000000
1714694400000,1.97300000,2.18400000,1.96200000,2.12500000,5932597.43000000
1714780800000,2.12400000,2.13200000,2.05600000,2.06600000,3556400.83000000
1714867200000,2.06600000,2.07600000,2.00100000,2.02400000,3329140.73000000
1714953600000,2.02400000,2.08100000,1.93400000,1.93900000,6471625.73000000
1715040000000,1.94000000,2.00400000,1.90400000,1.97000000,4881608.09000000
1715126400000,1.96900000,2.01600000,1.84300000,1.85200000,9313897.24000000
1715212800000,1.85200000,1.94800000,1.84800000,1.90300000,6373088.19000000
1715299200000,1.90300000,1.91400000,1.75200000,1.75800000,10596552.84000000
1715385600000,1.75800000,1.81000000,1.74300000,1.76400000,3599175.64000000
1715472000000,1.76500000,1.79900000,1.76100000,1.78200000,1937601.42000000
1715558400000,1.78200000,1.80600000,1.65200000,1.66300000,8864733.58000000
1715644800000,1.66300000,1.70900000,1.59100000,1.60100000,8926285.86000000
1715731200000,1.60000000,1.68100000,1.56800000,1.65700000,7640137.96000000
1715817600000,1.65700000,1.66700000,1.50400000,1.64800000,16993848.42000000
1715904000000,1.64700000,1.86100000,1.62100000,1.79000000,17078102.44000000
1715990400000,1.79000000,1.84900000,1.75700000,1.77200000,7443843.89000000
1716076800000,1.77200000,1.79000000,1.71100000,1.72600000,6541971.62000000
1716163200000,1.72700000,2.16000000,1.68200000,2.09500000,28102444.42000000
1716249600000,2.09500000,2.41200000,2.02400000,2.22100000,45116195.15000000
1716336000000,2.22000000,2.24000000,2.04200000,2.09400000,21172964.06000000
1716422400000,2.09300000,2.27900000,1.98800000,2.13900000,38395304.22000000
1716508800000,2.13600000,2.49100000,2.10600000,2.36800000,38634784.56000000
1716595200000,2.36800000,2.62200000,2.33500000,2.42800000,18105285.18000000
1716681600000,2.42800000,2.72300000,2.40200000,2.56700000,22018331.25000000
1716768000000,2.56600000,2.68400000,2.46100000,2.48700000,17037539.21000000
1716854400000,2.48800000,2.55000000,2.33900000,2.35500000,14463959.47000000
1716940800000,2.35600000,2.43600000,2.29600000,2.31600000,15896470.65000000
1717027200000,2.31500000,2.40600000,2.20500000,2.38700000,12079876.65000000
1717113600000,2.38600000,2.56200000,2.31000000,2.52800000,16183821.43000000
1717200000000,2.52800000,2.59500000,2.42100000,2.43800000,8161095.47000000
1717286400000,2.43800000,2.48000000,2.32000000,2.34900000,8547308.72000000
1717372800000,2.34900000,2.43800000,2.28100000,2.30300000,9058963.72000000
1717459200000,2.30200000,2.34800000,2.26200000,2.32500000,6552088.10000000
1717545600000,2.32500000,2.36000000,2.23500000,2.26600000,11243193.66000000
1717632000000,2.26500000,2.28800000,2.14400000,2.19300000,9502102.93000000
1717718400000,2.19200000,2.28800000,1.80400000,2.03000000,20612753.50000000
1717804800000,2.03000000,2.06700000,1.90700000,1.93100000,7412349.45000000
1717891200000,1.93000000,1.97700000,1.85800000,1.88100000,7795614.10000000
1717977600000,1.88200000,1.94300000,1.85400000,1.86900000,7966554.44000000
1718064000000,1.86800000,1.87600000,1.75600000,1.83100000,15585321.09000000
1718150400000,1.83200000,2.05500000,1.76600000,2.00200000,12943435.45000000
1718236800000,2.00100000,2.01600000,1.84400000,1.86200000,10869614.74000000
1718323200000,1.86200000,2.01400000,1.81800000,1.98200000,17314786.57000000
1718409600000,1.98100000,2.10100000,1.97600000,2.07300000,11008125.78000000
1718496000000,2.07400000,2.24500000,1.97100000,2.15000000,13366170.15000000
1718582400000,2.15000000,2.20100000,1.97500000,1.98700000,22387636.54000000
1718668800000,1.98600000,2.19600000,1.72500000,2.18800000,35404815.85000000
1718755200000,2.18800000,2.41400000,2.15800000,2.33200000,37047942.20000000
1718841600000,2.33200000,2.38900000,2.17300000,2.31700000,24014069.86000000
1718928000000,2.31900000,2.38600000,2.18300000,2.26500000,14355835.26000000
1719014400000,2.26500000,2.27900000,2.14000000,2.15400000,6897157.56000000
1719100800000,2.15400000,2.26100000,2.03900000,2.07100000,12473299.91000000
1719187200000,2.07100000,2.47900000,1.99200000,2.38400000,31295830.00000000
1719273600000,2.38300000,2.46400000,2.27600000,2.33400000,16499599.70000000
1719360000000,2.33300000,2.50600000,2.26500000,2.43100000,15966384.69000000
1719446400000,2.43100000,2.47600000,2.30900000,2.34600000,10152116.20000000
1719532800000,2.34500000,2.44400000,1.86100000,1.87400000,38594978.74000000
1719619200000,1.87400000,2.00900000,1.85300000,1.92200000,18057320.41000000
1719705600000,1.92300000,2.00100000,1.89300000,1.97400000,12106838.92000000
1719792000000,1.97400000,2.09800000,1.94900000,2.00500000,13058344.53000000
1719878400000,2.00500000,2.05400000,1.88500000,1.90900000,12149204.85000000
1719964800000,1.91000000,1.92000000,1.69700000,1.72500000,22005165.12000000
1720051200000,1.72500000,1.78300000,1.60000000,1.61700000,25105841.83000000
1720137600000,1.61700000,1.65300000,1.39500000,1.58000000,25554117.68000000
1720224000000,1.58000000,1.65700000,1.54000000,1.63500000,12755371.57000000
1720310400000,1.63400000,1.64000000,1.50800000,1.56500000,6966903.02000000
1720396800000,1.56500000,1.69500000,1.50200000,1.56600000,14909754.01000000
1720483200000,1.56600000,1.64200000,1.52400000,1.59000000,8050947.88000000
1720569600000,1.59000000,1.71200000,1.52800000,1.68400000,18076915.46000000
1720656000000,1.68300000,1.69100000,1.58100000,1.58200000,10780834.70000000
1720742400000,1.58200000,1.72300000,1.55700000,1.70700000,10360037.10000000
1720828800000,1.70700000,1.74100000,1.65700000,1.66000000,6631387.21000000
1720915200000,1.66000000,1.76600000,1.65600000,1.75000000,8066245.27000000
1721001600000,1.75000000,1.82900000,1.72600000,1.81100000,11161353.47000000
1721088000000,1.81000000,1.87200000,1.71100000,1.82800000,11093075.44000000
1721174400000,1.82700000,2.05000000,1.82500000,1.93500000,24704221.06000000
1721260800000,1.93600000,2.03700000,1.86700000,1.91600000,14345128.17000000
1721347200000,1.91600000,1.97500000,1.84800000,1.95900000,8740438.53000000
1721433600000,1.95900000,1.97400000,1.89400000,1.92900000,4924377.64000000
1721520000000,1.92900000,1.96200000,1.82100000,1.94100000,6552753.60000000
1721606400000,1.94100000,1.97400000,1.75600000,1.78400000,7962836.19000000
1721692800000,1.78500000,1.89700000,1.71900000,1.75500000,17281412.54000000
1721779200000,1.75500000,1.77500000,1.61900000,1.62700000,8061181.04000000
1721865600000,1.62700000,1.63500000,1.47600000,1.52200000,19190353.28000000
1721952000000,1.52100000,1.62000000,1.51700000,1.57300000,8566052.73000000
1722038400000,1.57200000,1.70400000,1.55000000,1.63200000,9189384.06000000
1722124800000,1.63300000,1.63300000,1.55300000,1.57500000,4179357.73000000
1722211200000,1.57400000,1.65900000,1.57100000,1.60400000,6701550.89000000
1722297600000,1.60400000,1.64500000,1.56000000,1.58500000,5284257.09000000
1722384000000,1.58400000,1.68900000,1.56700000,1.61100000,8279039.34000000
1722470400000,1.61200000,1.63900000,1.42700000,1.56000000,8971791.29000000
1722556800000,1.56100000,1.59700000,1.40400000,1.45100000,9770569.25000000
1722643200000,1.45100000,1.45400000,1.27100000,1.29800000,9591954.02000000
1722729600000,1.29900000,1.35400000,1.18400000,1.21800000,9660689.86000000
1722816000000,1.21800000,1.23200000,0.89400000,1.03800000,50849053.61000000
1722902400000,1.03900000,1.17700000,1.03800000,1.12100000,14725803.53000000
1722988800000,1.12100000,1.17100000,0.99200000,1.00900000,18740811.29000000
1723075200000,1.00900000,1.18100000,0.99400000,1.16600000,15557340.86000000
1723161600000,1.16500000,1.16700000,1.07400000,1.09800000,10745141.12000000
1723248000000,1.09900000,1.12200000,1.08000000,1.10000000,7081154.27000000
1723334400000,1.10100000,1.13500000,1.01300000,1.02100000,8987020.60000000
1723420800000,1.02100000,1.12800000,1.01400000,1.08900000,10443192.69000000
1723507200000,1.08900000,1.09200000,1.03600000,1.07500000,6333491.62000000
1723593600000,1.07500000,1.10600000,1.04100000,1.06800000,5769140.43000000
1723680000000,1.06900000,1.08600000,0.97100000,1.00000000,8119800.55000000
1723766400000,1.00000000,1.02800000,0.96000000,1.00500000,8867543.37000000
1723852800000,1.00600000,1.07300000,0.99700000,1.07100000,3868745.07000000
1723939200000,1.07100000,1.11600000,1.05300000,1.05600000,6288133.04000000
1724025600000,1.05700000,1.07200000,1.02300000,1.05300000,8853917.00000000
1724112000000,1.05300000,1.10000000,1.03000000,1.09300000,7805087.78000000
1724198400000,1.09300000,1.12200000,1.03900000,1.10900000,7885770.90000000
1724284800000,1.11000000,1.14700000,1.09400000,1.12200000,4730451.66000000
1724371200000,1.12200000,1.31300000,1.12100000,1.29500000,15830016.74000000
1724457600000,1.29600000,1.35500000,1.25900000,1.29300000,10601855.25000000
1724544000000,1.29300000,1.29400000,1.20800000,1.23900000,6638221.39000000
1724630400000,1.23900000,1.25300000,1.17600000,1.17800000,6689730.62000000
1724716800000,1.17800000,1.20800000,1.05600000,1.07200000,7113898.87000000
1724803200000,1.07200000,1.11100000,1.01300000,1.04200000,8831883.08000000
1724889600000,1.04200000,1.10800000,1.02900000,1.05700000,6946531.73000000
1724976000000,1.05600000,1.07600000,1.01000000,1.06800000,5002272.42000000
1725062400000,1.06900000,1.07500000,1.04000000,1.05800000,2199820.11000000
1725148800000,1.05900000,1.07400000,0.99000000,1.00400000,4155818.65000000
1725235200000,1.00300000,1.08700000,0.99700000,1.07000000,6357372.49000000
1725321600000,1.07000000,1.08100000,0.98600000,0.98800000,6218256.88000000
1725408000000,0.98900000,1.05300000,0.92800000,1.01500000,9001893.61000000
1725494400000,1.01600000,1.02200000,0.95800000,0.96600000,6643830.82000000
1725580800000,0.96600000,0.99200000,0.87800000,0.91300000,10159162.02000000
1725667200000,0.91200000,0.93800000,0.90400000,0.91300000,6951034.92000000
1725753600000,0.91400000,0.96900000,0.90700000,0.94400000,6858616.71000000
1725840000000,0.94500000,1.02000000,0.94100000,1.00600000,6939450.70000000
1725926400000,1.00600000,1.03800000,0.99100000,1.02300000,5596579.81000000
1726012800000,1.02300000,1.03500000,0.96500000,1.01000000,6842892.27000000
1726099200000,1.01000000,1.03900000,1.00700000,1.03500000,4890983.72000000
1726185600000,1.03600000,1.08000000,1.01100000,1.06100000,4577799.68000000
1726272000000,1.06200000,1.06800000,1.01200000,1.02700000,2986890.06000000
1726358400000,1.02800000,1.04600000,0.98300000,0.99400000,4424268.13000000
1726444800000,0.99400000,1.01100000,0.95400000,0.97300000,4407472.75000000
1726531200000,0.97400000,1.01800000,0.95400000,0.99100000,5301353.74000000
1726617600000,0.99100000,1.03400000,0.94000000,1.03200000,12347734.68000000
1726704000000,1.03200000,1.07400000,1.03100000,1.04700000,9517997.81000000
1726790400000,1.04700000,1.16600000,1.02100000,1.11400000,20164663.42000000
1726876800000,1.11500000,1.15400000,1.08400000,1.14800000,10599510.20000000
1726963200000,1.14800000,1.18300000,1.07500000,1.11200000,15057787.23000000
1727049600000,1.11100000,1.21900000,1.08600000,1.21500000,9037801.54000000
1727136000000,1.21500000,1.26800000,1.17000000,1.25700000,10948847.15000000
1727222400000,1.25800000,1.29500000,1.22100000,1.23000000,9006113.04000000
1727308800000,1.23000000,1.28500000,1.20300000,1.25200000,6726729.48000000
1727395200000,1.25200000,1.39600000,1.23800000,1.35500000,11202490.21000000
1727481600000,1.35500000,1.38300000,1.30400000,1.33300000,6102198.69000000
1727568000000,1.33400000,1.35400000,1.29100000,1.32500000,4023814.11000000
1727654400000,1.32600000,1.34700000,1.26500000,1.28000000,8667851.08000000
1727740800000,1.28000000,1.50100000,1.10500000,1.13300000,16893633.87000000
1727827200000,1.13300000,1.17500000,1.01800000,1.03700000,14293521.21000000
1727913600000,1.03700000,1.06000000,0.98400000,1.01900000,13174616.13000000
1728000000000,1.01900000,1.07100000,0.99800000,1.05600000,12636983.61000000
1728086400000,1.05700000,1.08600000,1.02900000,1.05100000,6140881.90000000
1728172800000,1.05100000,1.08200000,1.04300000,1.08100000,3543280.68000000
1728259200000,1.08200000,1.14900000,1.06700000,1.06900000,11416940.64000000
1728345600000,1.07000000,1.09800000,1.05800000,1.07100000,7864547.23000000
1728432000000,1.07200000,1.09200000,1.01300000,1.02900000,9082309.07000000
1728518400000,1.03000000,1.05800000,1.00900000,1.03600000,8282956.22000000
1728604800000,1.03600000,1.09200000,1.02600000,1.07400000,7520376.81000000
1728691200000,1.07400000,1.09700000,1.06700000,1.07800000,5961608.71000000
1728777600000,1.07800000,1.08200000,1.01300000,1.04900000,6448559.51000000
1728864000000,1.04900000,1.19700000,1.03500000,1.18900000,16787539.80000000
1728950400000,1.18900000,1.20400000,1.10400000,1.14000000,13374307.34000000
1729036800000,1.14100000,1.15600000,1.09000000,1.11800000,8998988.90000000
1729123200000,1.11900000,1.13800000,1.06500000,1.08600000,8286052.70000000
1729209600000,1.08800000,1.13500000,1.08100000,1.13000000,5008002.80000000
1729296000000,1.13100000,1.14700000,1.10300000,1.13800000,3213961.74000000
1729382400000,1.13900000,1.22700000,1.11400000,1.21500000,10308294.55000000
1729468800000,1.21500000,1.22700000,1.14200000,1.15600000,8803550.57000000
1729555200000,1.15700000,1.17900000,1.12500000,1.14500000,7424754.07000000
1729641600000,1.14600000,1.14800000,1.06100000,1.09500000,6401090.02000000
1729728000000,1.09600000,1.11700000,1.08100000,1.10100000,4607967.15000000
1729814400000,1.10200000,1.10600000,0.97000000,1.00600000,13912808.30000000
1729900800000,1.00500000,1.02000000,0.98000000,1.01500000,6983325.84000000
1729987200000,1.01600000,1.05100000,1.00600000,1.03800000,3124957.10000000
1730073600000,1.03900000,1.05500000,0.98700000,1.04300000,7432374.30000000
1730160000000,1.04300000,1.10800000,1.04000000,1.08700000,8627162.34000000
1730246400000,1.08700000,1.17900000,1.07400000,1.12700000,11702872.32000000
1730332800000,1.12700000,1.13900000,1.02700000,1.04000000,8726685.52000000
1730419200000,1.04000000,1.06800000,1.01800000,1.03000000,8435917.06000000
1730505600000,1.02900000,1.04200000,0.98700000,0.99700000,3942229.84000000
1730592000000,0.99700000,1.00200000,0.92300000,0.95900000,8798442.66000000
1730678400000,0.95900000,0.99000000,0.91600000,0.93800000,7533032.57000000
1730764800000,0.93700000,0.99000000,0.93700000,0.97100000,6406633.56000000
1730851200000,0.97100000,1.41400000,0.97000000,1.34400000,56375872.83000000
1730937600000,1.34500000,1.44600000,1.26100000,1.28100000,41199776.83000000
1731024000000,1.28200000,1.32000000,1.22000000,1.27600000,24129235.61000000
1731110400000,1.27600000,1.37500000,1.23700000,1.29700000,23528375.09000000
1731196800000,1.29600000,1.48300000,1.21700000,1.28900000,52844014.74000000
1731283200000,1.29000000,1.33200000,1.22400000,1.29800000,42408950.16000000
1731369600000,1.29800000,1.31300000,1.12100000,1.19000000,39167731.66000000
1731456000000,1.19000000,1.21900000,1.07000000,1.16200000,35204029.00000000
1731542400000,1.16300000,1.20800000,1.09800000,1.11900000,19853771.17000000
1731628800000,1.11900000,1.18500000,1.07100000,1.17400000,22018787.18000000
1731715200000,1.17400000,1.25200000,1.16300000,1.21900000,18012110.52000000
1731801600000,1.22000000,1.24300000,1.13400000,1.15700000,18919377.22000000
1731888000000,1.15800000,1.27100000,1.15500000,1.26300000,27818016.43000000
1731974400000,1.26400000,1.27200000,1.15200000,1.18300000,17208213.85000000
1732060800000,1.18400000,1.19700000,1.08600000,1.11300000,18224397.21000000
1732147200000,1.11400000,1.26900000,1.07800000,1.21700000,38792397.09000000
1732233600000,1.21700000,1.26200000,1.18000000,1.25900000,24641356.85000000
1732320000000,1.26000000,1.41800000,1.24300000,1.35200000,48198508.75000000
1732406400000,1.35200000,1.49100000,1.27100000,1.45800000,46325933.82000000
1732492800000,1.45900000,1.78400000,1.40100000,1.64900000,71407064.58000000
1732579200000,1.64900000,1.69700000,1.51500000,1.61000000,35941919.19000000
1732665600000,1.61000000,1.85000000,1.57800000,1.79400000,43350362.13000000
1732752000000,1.79500000,1.85200000,1.63600000,1.71100000,26784350.63000000
1732838400000,1.71100000,1.77500000,1.69200000,1.74700000,14787515.85000000
1732924800000,1.74700000,1.88500000,1.73200000,1.82700000,19251805.29000000
1733011200000,1.82600000,1.85100000,1.74000000,1.82300000,17295284.93000000
1733097600000,1.82200000,1.86000000,1.65500000,1.86000000,32507981.95000000
1733184000000,1.86000000,2.08000000,1.80400000,2.01200000,41900280.30000000
1733270400000,2.01300000,2.25600000,2.00100000,2.08900000,34701093.32000000
1733356800000,2.09000000,2.26600000,1.96300000,2.05000000,30308583.22000000
1733443200000,2.05100000,2.37100000,2.03300000,2.25700000,26639086.21000000
1733529600000,2.25800000,2.30800000,2.13100000,2.16600000,15471940.34000000
1733616000000,2.16600000,2.18800000,2.08600000,2.16300000,8827638.53000000
1733702400000,2.16400000,2.17400000,1.43300000,1.82900000,33523601.91000000
1733788800000,1.83000000,1.90900000,1.65900000,1.84200000,24897786.99000000
1733875200000,1.84200000,1.93800000,1.75600000,1.90700000,13257156.97000000
1733961600000,1.90600000,2.37900000,1.89000000,2.25200000,45780411.04000000
1734048000000,2.25200000,2.35500000,2.14000000,2.20700000,21042369.49000000
1734134400000,2.20800000,2.33200000,2.15900000,2.21400000,18248023.45000000
1734220800000,2.21500000,2.43300000,2.15800000,2.38200000,24735978.88000000
1734307200000,2.38200000,2.49000000,2.17000000,2.23400000,28553470.18000000
1734393600000,2.23400000,2.31800000,2.05500000,2.09400000,19419497.72000000
1734480000000,2.09500000,2.10100000,1.85200000,1.87300000,23358523.67000000
1734566400000,1.87200000,1.91200000,1.52500000,1.60600000,43345747.48000000
1734652800000,1.60600000,1.74100000,1.39600000,1.73200000,33810159.94000000
1734739200000,1.73200000,1.85700000,1.64000000,1.67600000,15733561.01000000
1734825600000,1.67800000,1.77900000,1.64300000,1.71900000,11998910.93000000
1734912000000,1.71900000,1.85000000,1.66500000,1.80400000,16454463.12000000
1734998400000,1.80400000,2.01300000,1.76500000,1.95800000,14941699.36000000
1735084800000,1.95900000,1.97300000,1.85200000,1.92000000,8612100.80000000
1735171200000,1.92100000,1.93600000,1.74700000,1.77500000,11304875.65000000
1735257600000,1.77500000,2.00500000,1.75900000,1.90100000,17561503.80000000
1735344000000,1.90200000,1.94400000,1.80800000,1.89500000,8676111.52000000
1735430400000,1.89600000,1.91200000,1.75300000,1.78200000,6229444.60000000
1735516800000,1.78200000,1.94600000,1.77400000,1.87900000,14891065.99000000
1735603200000,1.88000000,1.90500000,1.73600000,1.74500000,14316538.40000000
1735689600000,1.74600000,1.85300000,1.71100000,1.80600000,9766378.08000000
1735776000000,1.80700000,1.95000000,1.80300000,1.88300000,10655303.90000000
1735862400000,1.88500000,2.01000000,1.81200000,2.01000000,10842291.00000000
1735948800000,2.00900000,2.09700000,1.97100000,2.06000000,10891303.05000000
1736035200000,2.06100000,2.14500000,2.00600000,2.09000000,8729641.57000000
1736121600000,2.09000000,2.11900000,2.00100000,2.01900000,11344863.08000000
1736208000000,2.01900000,2.03700000,1.76700000,1.76800000,16320057.46000000
1736294400000,1.76700000,1.79900000,1.57500000,1.65100000,17142979.81000000
1736380800000,1.65100000,1.68900000,1.55100000,1.58900000,11307232.31000000
1736467200000,1.58900000,1.70200000,1.56700000,1.62400000,10947267.36000000
1736553600000,1.62400000,1.63700000,1.57200000,1.59200000,4327375.58000000
1736640000000,1.59300000,1.60800000,1.53700000,1.56100000,5363848.88000000
1736726400000,1.56100000,1.65300000,1.40000000,1.62300000,24158686.74000000
1736812800000,1.62400000,1.88900000,1.61000000,1.84500000,16159376.75000000
1736899200000,1.84600000,2.10000000,1.78300000,2.08100000,16618595.73000000
1736985600000,2.08100000,2.13600000,1.93800000,1.96600000,16644874.07000000
1737072000000,1.96700000,2.03500000,1.95600000,1.99400000,8292380.94000000
1737158400000,1.99400000,2.02300000,1.71800000,1.77100000,14908468.85000000
1737244800000,1.77100000,1.83400000,1.57700000,1.62100000,33512374.76000000
1737331200000,1.62100000,1.95300000,1.55500000,1.82300000,45103237.03000000
1737417600000,1.82200000,1.99900000,1.72000000,1.90300000,29144984.66000000
1737504000000,1.90300000,2.04600000,1.83400000,1.85600000,22231006.90000000
1737590400000,1.85700000,1.86100000,1.71000000,1.82200000,16841630.42000000
1737676800000,1.82300000,2.11400000,1.79100000,2.00300000,34410550.28000000
1737763200000,2.00300000,2.03400000,1.91900000,1.99600000,11812112.94000000
1737849600000,1.99500000,2.22700000,1.98200000,2.08600000,24351404.76000000
1737936000000,2.08600000,2.11700000,1.81600000,1.91700000,31927864.98000000
1738022400000,1.91700000,1.97300000,1.75500000,1.77900000,15134980.01000000
1738108800000,1.78000000,2.00000000,1.76600000,1.89700000,15884398.89000000
1738195200000,1.89800000,2.18600000,1.85900000,2.09900000,23712920.15000000
1738281600000,2.09800000,2.45000000,2.02900000,2.30200000,43163274.34000000
1738368000000,2.30200000,2.34900000,2.03500000,2.03800000,22934003.68000000
1738454400000,2.03800000,2.09600000,1.78400000,1.90500000,50417070.25000000
1738540800000,1.90600000,1.94400000,1.49300000,1.85900000,101973709.71000000
1738627200000,1.85900000,1.92700000,1.62700000,1.70800000,46392518.81000000
1738713600000,1.70900000,1.85800000,1.66100000,1.69200000,33115100.05000000
1738800000000,1.69200000,1.88000000,1.65100000,1.67200000,29353066.66000000
1738886400000,1.67300000,1.79900000,1.51500000,1.56200000,30026144.71000000
1738972800000,1.56200000,1.59200000,1.46600000,1.52800000,20531051.16000000
1739059200000,1.52700000,1.60000000,1.41400000,1.50000000,23651474.29000000
1739145600000,1.49900000,1.60400000,1.45500000,1.58200000,19708888.16000000
1739232000000,1.58300000,1.69700000,1.55400000,1.58700000,21760390.81000000
1739318400000,1.58600000,1.82200000,1.46100000,1.74400000,31159434.55000000
1739404800000,1.74500000,1.84500000,1.63300000,1.68400000,27289820.64000000
1739491200000,1.68500000,1.92300000,1.67600000,1.85800000,22675586.23000000
1739577600000,1.85900000,1.89800000,1.78500000,1.81200000,10731772.15000000
1739664000000,1.81200000,1.86400000,1.76200000,1.78500000,7363764.24000000
1739750400000,1.78500000,1.95900000,1.77800000,1.86700000,22657254.79000000
1739836800000,1.86700000,1.91600000,1.68900000,1.74900000,21366517.15000000
1739923200000,1.74900000,1.82600000,1.69400000,1.71900000,17547970.80000000
1740009600000,1.71900000,1.81600000,1.68700000,1.77900000,23913312.02000000
1740096000000,1.77900000,1.87500000,1.56300000,1.60600000,35047418.76000000
1740182400000,1.60500000,1.75800000,1.58600000,1.68900000,17250367.61000000
1740268800000,1.68900000,1.73200000,1.65600000,1.69800000,9434476.24000000
1740355200000,1.69900000,1.72600000,1.39600000,1.41100000,22393016.35000000
1740441600000,1.41100000,1.45100000,1.28100000,1.40900000,35229033.06000000
1740528000000,1.40900000,1.43600000,1.28400000,1.34900000,21421804.62000000
1740614400000,1.34900000,1.41300000,1.30400000,1.35100000,14066218.17000000
1740700800000,1.35100000,1.35600000,1.17100000,1.27000000,30848904.40000000
1740787200000,1.27100000,1.28200000,1.18600000,1.24900000,11897193.78000000
1740873600000,1.25000000,1.40300000,1.20800000,1.37400000,25333258.63000000
1740960000000,1.37500000,1.37700000,1.09600000,1.10000000,25339022.83000000
1741046400000,1.10100000,1.11200000,0.96200000,1.08200000,39894561.28000000
1741132800000,1.08200000,1.18700000,1.07800000,1.17700000,13824225.70000000
1741219200000,1.17600000,1.22900000,1.14700000,1.14900000,11329809.79000000
1741305600000,1.14900000,1.17500000,1.06200000,1.06900000,20282529.75000000
1741392000000,1.06900000,1.08700000,1.03200000,1.07000000,9764637.15000000
1741478400000,1.06900000,1.07600000,0.98200000,0.99000000,13688168.05000000
1741564800000,0.99100000,1.05600000,0.87000000,0.89400000,24520529.54000000
1741651200000,0.89400000,0.97600000,0.81100000,0.92400000,50393440.71000000
1741737600000,0.92400000,0.96000000,0.87200000,0.92000000,25773832.29000000
1741824000000,0.92100000,0.92700000,0.86000000,0.90100000,15036532.67000000
1741910400000,0.90100000,0.96200000,0.89900000,0.95200000,16113151.69000000
1741996800000,0.95200000,0.97900000,0.94100000,0.96300000,6522200.70000000
1742083200000,0.96300000,0.96400000,0.90300000,0.92200000,7031944.71000000
1742169600000,0.92200000,0.99800000,0.92100000,0.96200000,14620836.32000000
1742256000000,0.96200000,0.96400000,0.89800000,0.94900000,10950731.23000000
1742342400000,0.95000000,1.06500000,0.94100000,1.03900000,23480397.54000000
1742428800000,1.03900000,1.04400000,0.98800000,1.02000000,10862844.37000000
1742515200000,1.02000000,1.03000000,0.97500000,0.99200000,5766762.47000000
1742601600000,0.99200000,1.03900000,0.99000000,1.01500000,5929089.24000000
1742688000000,1.01500000,1.05700000,1.01100000,1.04000000,5774918.60000000
1742774400000,1.03900000,1.09000000,1.01600000,1.07400000,10331965.41000000
1742860800000,1.07400000,1.10000000,1.04600000,1.06000000,8517413.26000000
1742947200000,1.06000000,1.08900000,1.00400000,1.02200000,8999679.61000000
1743033600000,1.02300000,1.06400000,1.01200000,1.01500000,6286860.79000000
1743120000000,1.01400000,1.03000000,0.90600000,0.92800000,10937098.86000000
1743206400000,0.92800000,0.95600000,0.85500000,0.87300000,11245890.13000000
1743292800000,0.87300000,0.88400000,0.84300000,0.85800000,6365419.95000000
1743379200000,0.85900000,0.88200000,0.83800000,0.87400000,8787698.78000000
1743465600000,0.87300000,0.92000000,0.87100000,0.89900000,8911202.49000000
1743552000000,0.90000000,0.90600000,0.80400000,0.81100000,13609677.37000000
1743638400000,0.81000000,0.84600000,0.77700000,0.83300000,10309812.21000000
1743724800000,0.83300000,0.85800000,0.80100000,0.83800000,10878175.73000000
1743811200000,0.83800000,0.84800000,0.81500000,0.82600000,3190810.93000000
1743897600000,0.82600000,0.82900000,0.67100000,0.69300000,14690950.68000000
1743984000000,0.69400000,0.74300000,0.61700000,0.69300000,33959572.55000000
1744070400000,0.69300000,0.71600000,0.61600000,0.63000000,22513990.07000000
1744156800000,0.63000000,0.74100000,0.61100000,0.74000000,29247907.97000000
1744243200000,0.74000000,0.74100000,0.68900000,0.71300000,12144383.10000000
1744329600000,0.71300000,0.74100000,0.70500000,0.73200000,9820627.92000000
1744416000000,0.73100000,0.77000000,0.72000000,0.75700000,6979036.46000000
1744502400000,0.75700000,0.77500000,0.70300000,0.72100000,11912708.20000000
1744588800000,0.72100000,0.79000000,0.70200000,0.70600000,17317779.91000000
1744675200000,0.70700000,0.73200000,0.67700000,0.68500000,12754874.81000000
1744761600000,0.68500000,0.70000000,0.65600000,0.68600000,12442830.25000000
1744848000000,0.68500000,0.71000000,0.67000000,0.68300000,7324595.53000000
1744934400000,0.68300000,0.70100000,0.67400000,0.69900000,4971723.33000000
1745020800000,0.69900000,0.72100000,0.69200000,0.71000000,5564520.79000000
1745107200000,0.71000000,0.72700000,0.69900000,0.71600000,5673224.25000000
1745193600000,0.71600000,0.75200000,0.70400000,0.71300000,12685045.80000000
1745280000000,0.71300000,0.78700000,0.69400000,0.78300000,16693209.84000000
1745366400000,0.78300000,0.82800000,0.77900000,0.81300000,19573653.75000000
1745452800000,0.81200000,0.85200000,0.78300000,0.83700000,14705149.93000000
1745539200000,0.83700000,0.86800000,0.81200000,0.85400000,14554744.81000000
1745625600000,0.85400000,0.88700000,0.84000000,0.87000000,10550415.45000000
1745712000000,0.86900000,0.90100000,0.83200000,0.83500000,9763662.55000000
1745798400000,0.83600000,0.87600000,0.81200000,0.83900000,13588105.41000000
1745884800000,0.83900000,0.86800000,0.81500000,0.82700000,10143606.77000000
1745971200000,0.82700000,0.84900000,0.79000000,0.83000000,8591830.11000000
1746057600000,0.83100000,0.87500000,0.83000000,0.85800000,9383061.51000000
1746144000000,0.85700000,0.87800000,0.84100000,0.86000000,8531164.41000000
1746230400000,0.86000000,0.86200000,0.80200000,0.82200000,6349283.10000000
1746316800000,0.82300000,0.83300000,0.79400000,0.79900000,7397912.92000000
1746403200000,0.79900000,0.82800000,0.77300000,0.78500000,7707153.64000000
1746489600000,0.78500000,0.78900000,0.74100000,0.77800000,12176587.77000000
1746576000000,0.77800000,0.80100000,0.75400000,0.78000000,10829318.92000000
1746662400000,0.78000000,0.96700000,0.78000000,0.96500000,21440107.28000000
1746748800000,0.96500000,1.07000000,0.95000000,1.03100000,27495130.06000000
1746835200000,1.03100000,1.17900000,1.01400000,1.16400000,17330174.60000000
1746921600000,1.16400000,1.17900000,1.07300000,1.09800000,12850802.97000000
1747008000000,1.09800000,1.16600000,1.02700000,1.07900000,20046401.23000000
1747094400000,1.07900000,1.16900000,1.01000000,1.15200000,18518643.12000000
1747180800000,1.15100000,1.17700000,1.05100000,1.06100000,14524343.21000000
1747267200000,1.06100000,1.07800000,0.95900000,0.98800000,15223780.81000000
1747353600000,0.98700000,1.01600000,0.95100000,0.96200000,8361706.47000000
1747440000000,0.96100000,0.96400000,0.90200000,0.91200000,8054135.76000000
1747526400000,0.91200000,0.97900000,0.85900000,0.94300000,16097686.84000000
1747612800000,0.94300000,0.95200000,0.85900000,0.90000000,12774841.13000000
1747699200000,0.90000000,0.92700000,0.84800000,0.86900000,14918815.75000000
1747785600000,0.86900000,0.94300000,0.86300000,0.90000000,20894600.89000000
1747872000000,0.90000000,0.98500000,0.89900000,0.96600000,17248116.14000000
1747958400000,0.96600000,1.01400000,0.85400000,0.85900000,26207164.40000000
1748044800000,0.85900000,0.87900000,0.85300000,0.87300000,8247654.81000000
1748131200000,0.87200000,0.87700000,0.82900000,0.87500000,8235528.75000000
1748217600000,0.87500000,0.90100000,0.86400000,0.88500000,12609656.84000000
1748304000000,0.88500000,0.95000000,0.85800000,0.91000000,16421478.76000000
1748390400000,0.91000000,0.94300000,0.87900000,0.93600000,14325941.48000000
1748476800000,0.93600000,1.01200000,0.89600000,0.90300000,35578017.74000000
1748563200000,0.90300000,1.02000000,0.80500000,0.81500000,73713182.68000000
1748649600000,0.81500000,0.86000000,0.77800000,0.83100000,27840008.10000000
1748736000000,0.83200000,0.87500000,0.81500000,0.85600000,13349302.48000000
1748822400000,0.85500000,0.89500000,0.81400000,0.87100000,16790691.98000000
1748908800000,0.87200000,0.89600000,0.84000000,0.84600000,24640078.94000000
1748995200000,0.84500000,0.93900000,0.84100000,0.88500000,32002346.46000000
1749081600000,0.88500000,0.89600000,0.74300000,0.76000000,39869768.44000000
1749168000000,0.76100000,0.80000000,0.75300000,0.77100000,27312537.45000000
1749254400000,0.77200000,0.83400000,0.77100000,0.83100000,10215008.99000000
1749340800000,0.83200000,0.83300000,0.80200000,0.81200000,8131999.46000000
1749427200000,0.81200000,0.88200000,0.80100000,0.87900000,13925333.49000000
1749513600000,0.88000000,0.98400000,0.86000000,0.98400000,37599906.82000000
1749600000000,0.98400000,1.00800000,0.94100000,0.96000000,25831707.85000000
1749686400000,0.96000000,0.97900000,0.86100000,0.86100000,19874656.85000000
1749772800000,0.86200000,0.86300000,0.78400000,0.83000000,29691907.03000000
1749859200000,0.83000000,0.83000000,0.78800000,0.80800000,8467608.79000000
1749945600000,0.80800000,0.82700000,0.79300000,0.81500000,7767132.94000000
1750032000000,0.81500000,0.88000000,0.80400000,0.82100000,17872434.77000000
1750118400000,0.82100000,0.84600000,0.76200000,0.77600000,15624641.22000000
1750204800000,0.77600000,0.79500000,0.74000000,0.78100000,12612766.36000000
1750291200000,0.78000000,0.79300000,0.75900000,0.77700000,7369556.65000000
1750377600000,0.77700000,0.79100000,0.72100000,0.72900000,13034238.95000000
1750464000000,0.73000000,0.74500000,0.65900000,0.68000000,19721552.60000000
1750550400000,0.68100000,0.69400000,0.61800000,0.65500000,21571292.76000000
1750636800000,0.65400000,0.71500000,0.62700000,0.70900000,20866032.53000000
1750723200000,0.71000000,0.73400000,0.70100000,0.72300000,18216494.12000000
1750809600000,0.72300000,0.72900000,0.68900000,0.69800000,12635375.38000000
1750896000000,0.69800000,0.72900000,0.67800000,0.69000000,12155709.58000000
1750982400000,0.69000000,0.71100000,0.68100000,0.69700000,10004241.94000000
1751068800000,0.69700000,0.72500000,0.69400000,0.72100000,5066326.30000000
1751155200000,0.72100000,0.77600000,0.71400000,0.76800000,8312856.83000000
1751241600000,0.76800000,0.77600000,0.72800000,0.74200000,12457144.00000000
1751328000000,0.74200000,0.75000000,0.69400000,0.69800000,8542499.19000000
1751414400000,0.69800000,0.78300000,0.69000000,0.76400000,15759278.67000000
1751500800000,0.76500000,0.79300000,0.76000000,0.77200000,14393453.33000000
1751587200000,0.77200000,0.78000000,0.71400000,0.72400000,10077822.64000000
1751673600000,0.72400000,0.73200000,0.70600000,0.72500000,5138104.34000000
1751760000000,0.72500000,0.75900000,0.71600000,0.74400000,8675670.15000000
1751846400000,0.74400000,0.75900000,0.72200000,0.72900000,9373333.21000000
1751932800000,0.72800000,0.73600000,0.70300000,0.72500000,14233640.81000000
1752019200000,0.72500000,0.80500000,0.70900000,0.79700000,23549530.49000000
1752105600000,0.79700000,0.85300000,0.76200000,0.84500000,26623174.70000000
1752192000000,0.84600000,0.88400000,0.69000000,0.83500000,27466154.52000000
1752278400000,0.83500000,0.84900000,0.79300000,0.80800000,10899545.07000000
1752364800000,0.80800000,0.85500000,0.80100000,0.83800000,12501251.62000000
1752451200000,0.83900000,0.89700000,0.83500000,0.86100000,23962411.01000000
1752537600000,0.86100000,0.90900000,0.82600000,0.90700000,19792784.30000000
1752624000000,0.90800000,0.95200000,0.88200000,0.92800000,29089869.13000000
1752710400000,0.92800000,1.07300000,0.90400000,1.04000000,76400211.02000000
1752796800000,1.04000000,1.15600000,1.02900000,1.05400000,63114408.69000000
1752883200000,1.05500000,1.12900000,1.02800000,1.11000000,20485803.36000000
1752969600000,1.11000000,1.29100000,1.09100000,1.19000000,60231437.05000000
1753056000000,1.19100000,1.27900000,1.17200000,1.20300000,36295092.27000000
1753142400000,1.20300000,1.22100000,1.12400000,1.21900000,30114889.86000000
1753228800000,1.21800000,1.22000000,1.04700000,1.09300000,24828702.92000000
1753315200000,1.09300000,1.13300000,1.02400000,1.07300000,21617381.90000000
1753401600000,1.07400000,1.11200000,1.03100000,1.09600000,20738774.50000000
1753488000000,1.09600000,1.10800000,1.07200000,1.07800000,10169181.41000000
1753574400000,1.07900000,1.15300000,1.07400000,1.14100000,16003494.34000000
1753660800000,1.14100000,1.19300000,1.05900000,1.07300000,25244990.45000000
1753747200000,1.07400000,1.12000000,1.01100000,1.04200000,27901194.46000000
1753833600000,1.04300000,1.05200000,0.96900000,1.01500000,18033580.76000000
1753920000000,1.01500000,1.05100000,0.94600000,0.95100000,13188586.62000000
1754006400000,0.95100000,0.96000000,0.86900000,0.89900000,24013712.65000000
1754092800000,0.89900000,0.90800000,0.85100000,0.87000000,11714668.94000000
1754179200000,0.87000000,0.92600000,0.85600000,0.91900000,7642521.21000000
1754265600000,0.92000000,0.95900000,0.91800000,0.95500000,9121805.31000000
1754352000000,0.95400000,0.95900000,0.88700000,0.91000000,17552541.79000000
1754438400000,0.91100000,0.94900000,0.88600000,0.94000000,8976945.59000000
1754524800000,0.94100000,1.06300000,0.92900000,1.05800000,24122028.85000000
1754611200000,1.05800000,1.14500000,1.03500000,1.11900000,38910648.59000000
1754697600000,1.12000000,1.36800000,1.11900000,1.32500000,46166548.53000000
1754784000000,1.32600000,1.45400000,1.22500000,1.44100000,60506139.24000000
1754870400000,1.44000000,1.62300000,1.40500000,1.49500000,84618326.71000000
1754956800000,1.49500000,1.62800000,1.45700000,1.54200000,79282740.81000000
1755043200000,1.54200000,1.57000000,1.45700000,1.50200000,39553071.98000000
1755129600000,1.50200000,1.52100000,1.31800000,1.38600000,60744005.19000000
1755216000000,1.38700000,1.44400000,1.32200000,1.38300000,30883726.29000000
1755302400000,1.38400000,1.43800000,1.35700000,1.41000000,15612254.42000000
1755388800000,1.40900000,1.44700000,1.35400000,1.36600000,22352162.17000000
1755475200000,1.36600000,1.37700000,1.27700000,1.28600000,20966224.65000000
1755561600000,1.28600000,1.32900000,1.26100000,1.27500000,19421986.30000000
1755648000000,1.27600000,1.36200000,1.27100000,1.30900000,24220930.61000000
1755734400000,1.30800000,1.31400000,1.24710000,1.27730000,15101126.87000000
1755820800000,1.27730000,1.55000000,1.26710000,1.53990000,53955639.00000000
1755907200000,1.53970000,1.57870000,1.48100000,1.53200000,22747668.76000000
1755993600000,1.53200000,1.54400000,1.37710000,1.43590000,27450363.58000000
1756080000000,1.43600000,1.44770000,1.24440000,1.26510000,32810994.93000000
1756166400000,1.26510000,1.31260000,1.25450000,1.30650000,16267220.17000000
1756252800000,1.30650000,1.30660000,1.24230000,1.25490000,17798707.46000000
1756339200000,1.25500000,1.29040000,1.23290000,1.26700000,12518103.83000000
1756425600000,1.26700000,1.27180000,1.18660000,1.21370000,25396859.36000000
1756512000000,1.21330000,1.23930000,1.19140000,1.20800000,6589146.19000000
1756598400000,1.20810000,1.24700000,1.18880000,1.19080000,10704625.75000000
1756684800000,1.19070000,1.21210000,1.12850000,1.15980000,18410942.55000000
1756771200000,1.15980000,1.20270000,1.13040000,1.19920000,13864163.12000000
1756857600000,1.19930000,1.25420000,1.18770000,1.23830000,13439629.20000000
1756944000000,1.23840000,1.24740000,1.15160000,1.15650000,17079374.43000000
1757030400000,1.15630000,1.23420000,1.15590000,1.18140000,17310399.21000000
1757116800000,1.18140000,1.19700000,1.14610000,1.15630000,7438224.72000000
1757203200000,1.15620000,1.20510000,1.15560000,1.19930000,8048780.36000000
1757289600000,1.19920000,1.23060000,1.18120000,1.19860000,15806891.65000000
1757376000000,1.19850000,1.26900000,1.16360000,1.18360000,22161957.88000000
1757462400000,1.18370000,1.25740000,1.17390000,1.23870000,16353327.83000000
1757548800000,1.23860000,1.29580000,1.23050000,1.29380000,18329007.68000000
1757635200000,1.29370000,1.31200000,1.25630000,1.30410000,14788685.80000000
1757721600000,1.30410000,1.33190000,1.26260000,1.29590000,14156961.45000000
1757808000000,1.29580000,1.29860000,1.21340000,1.23070000,12822416.13000000
1757894400000,1.23070000,1.26100000,1.16390000,1.17710000,10644122.28000000
1757980800000,1.17700000,1.21430000,1.14800000,1.20190000,10651332.47000000
1758067200000,1.20190000,1.32660000,1.17520000,1.30760000,18177726.05000000
1758153600000,1.30760000,1.35280000,1.29110000,1.33740000,21429537.18000000
1758240000000,1.33730000,1.35680000,1.24190000,1.25410000,16160427.00000000
1758326400000,1.25400000,1.30530000,1.23830000,1.26820000,7875411.09000000
1758412800000,1.26810000,1.27740000,1.24280000,1.24760000,7076330.16000000
1758499200000,1.24750000,1.25520000,1.09000000,1.11120000,31075159.79000000
1758585600000,1.11140000,1.13820000,1.08630000,1.10940000,16805267.01000000
1758672000000,1.10940000,1.13910000,1.08660000,1.10990000,7973571.42000000
1758758400000,1.11000000,1.11380000,1.04000000,1.05850000,24443940.29000000
1758844800000,1.05860000,1.10560000,1.02500000,1.09680000,18370701.54000000
1758931200000,1.09670000,1.10250000,1.07740000,1.09170000,4627516.16000000
1759017600000,1.09170000,1.12330000,1.05680000,1.11770000,5541517.94000000
1759104000000,1.11770000,1.18700000,1.09280000,1.17720000,12586825.69000000
1759190400000,1.17710000,1.20930000,1.07510000,1.08740000,22950170.87000000
1759276800000,1.08750000,1.20770000,1.07880000,1.19260000,18904375.79000000
1759363200000,1.19250000,1.34200000,1.18690000,1.30050000,23594644.12000000
1759449600000,1.30040000,1.30100000,1.22280000,1.23230000,21766171.42000000
1759536000000,1.23240000,1.23670000,1.18130000,1.20220000,8861610.40000000
1759622400000,1.20230000,1.24550000,1.15870000,1.16370000,14291714.18000000
1759708800000,1.16370000,1.29360000,1.15810000,1.25330000,23155779.24000000
1759795200000,1.25350000,1.26120000,1.17320000,1.18530000,20221054.28000000
1759881600000,1.18540000,1.22270000,1.16340000,1.19890000,12551350.60000000
1759968000000,1.19890000,1.20480000,1.11760000,1.16190000,16174487.87000000
1760054400000,1.16200000,1.20190000,0.23140000,0.82960000,67324830.32000000
1760140800000,0.82930000,0.88360000,0.77570000,0.80730000,47913214.82000000
1760227200000,0.80720000,0.94640000,0.78970000,0.91600000,31229427.05000000
1760313600000,0.91610000,1.03060000,0.89630000,1.02170000,35135053.50000000
1760400000000,1.02180000,1.03010000,0.88030000,0.97330000,31938518.33000000
1760486400000,0.97320000,1.09680000,0.89600000,0.91040000,38615828.41000000
1760572800000,0.91030000,0.93810000,0.87000000,0.89490000,25765556.51000000
1760659200000,0.89490000,0.91370000,0.80160000,0.86760000,36611894.08000000
1760745600000,0.86770000,0.88930000,0.86140000,0.87440000,8946200.40000000
1760832000000,0.87430000,0.92540000,0.85660000,0.90150000,14649874.09000000
1760918400000,0.90150000,0.94340000,0.87940000,0.91600000,17145962.68000000
1761004800000,0.91610000,0.96890000,0.87160000,0.90050000,20604670.36000000
1761091200000,0.90050000,0.90590000,0.83000000,0.86340000,17856005.83000000
1761177600000,0.86350000,0.92000000,0.86040000,0.90460000,10711270.80000000
1761264000000,0.90470000,0.94370000,0.89690000,0.92490000,10652566.32000000
1761350400000,0.92480000,0.93090000,0.90690000,0.92470000,5181921.85000000
1761436800000,0.92470000,0.98060000,0.90960000,0.96890000,9593574.92000000
1761523200000,0.96890000,0.98290000,0.93160000,0.94080000,12991066.13000000
1761609600000,0.94070000,0.95720000,0.88370000,0.90150000,11047711.84000000
1761696000000,0.90140000,0.95870000,0.89840000,0.92420000,15679076.76000000
1761782400000,0.92430000,0.93110000,0.80420000,0.83800000,22776921.76000000
1761868800000,0.83810000,0.88490000,0.83720000,0.87160000,11657593.79000000
1761955200000,0.87160000,0.89360000,0.86320000,0.88590000,5960799.44000000
1762041600000,0.88590000,0.89450000,0.85840000,0.88080000,5639988.05000000
1762128000000,0.88090000,0.88580000,0.72800000,0.74020000,20362453.03000000
1762214400000,0.74030000,0.76820000,0.66870000,0.72460000,31364328.86000000
1762300800000,0.72470000,0.77490000,0.68500000,0.76740000,13878873.06000000
1762387200000,0.76740000,0.77870000,0.71500000,0.73690000,11369069.76000000
1762473600000,0.73690000,0.84970000,0.72780000,0.83490000,22056999.76000000
1762560000000,0.83500000,0.85010000,0.78710000,0.80810000,12412901.88000000
1762646400000,0.80820000,0.85400000,0.77830000,0.84160000,10744562.62000000
1762732800000,0.84170000,0.92700000,0.82590000,0.88250000,24037583.03000000
1762819200000,0.88260000,0.91160000,0.79810000,0.80350000,23151191.82000000
1762905600000,0.80360000,0.86470000,0.77750000,0.79340000,19636180.91000000
1762992000000,0.79340000,0.85120000,0.74400000,0.77520000,19222859.98000000
1763078400000,0.77520000,0.79060000,0.73240000,0.75180000,19292067.16000000
1763164800000,0.75170000,0.77520000,0.74730000,0.75440000,6179794.78000000
1763251200000,0.75450000,0.77030000,0.70730000,0.73110000,8381440.60000000
1763337600000,0.73100000,0.75980000,0.67730000,0.67990000,14416488.95000000
1763424000000,0.67990000,0.74210000,0.67190000,0.73440000,10679861.61000000
1763510400000,0.73440000,0.73820000,0.67720000,0.71350000,16525536.72000000
1763596800000,0.71340000,0.75250000,0.65950000,0.67020000,18085151.56000000
1763683200000,0.67010000,0.69130000,0.58860000,0.61450000,33663734.55000000
1763769600000,0.61450000,0.63380000,0.60080000,0.62490000,8981851.48000000
1763856000000,0.62480000,0.64270000,0.61610000,0.61750000,8516393.62000000
1763942400000,0.61740000,0.67670000,0.60930000,0.66360000,12801663.17000000
1764028800000,0.66350000,0.68000000,0.63690000,0.67250000,6837437.65000000
1764115200000,0.67270000,0.68350000,0.64350000,0.66740000,9835887.77000000
1764201600000,0.66730000,0.68290000,0.65790000,0.66790000,5473373.01000000
1764288000000,0.66780000,0.68380000,0.65260000,0.66320000,5095439.70000000
1764374400000,0.66310000,0.67120000,0.64610000,0.64910000,3243043.35000000
1764460800000,0.64910000,0.66240000,0.64180000,0.64260000,3513156.61000000
1764547200000,0.64260000,0.64370000,0.56250000,0.57470000,13847318.15000000
1764633600000,0.57470000,0.63810000,0.55360000,0.61610000,13694778.51000000
1764720000000,0.61620000,0.66200000,0.61600000,0.65420000,9591835.70000000
1764806400000,0.65410000,0.66270000,0.61880000,0.62910000,7273410.13000000
1764892800000,0.62910000,0.63450000,0.56520000,0.57080000,12109793.50000000
1764979200000,0.57090000,0.58350000,0.56370000,0.57640000,6025066.04000000
1765065600000,0.57630000,0.60280000,0.55660000,0.57240000,8166283.14000000
1765152000000,0.57250000,0.61120000,0.56930000,0.59880000,10017889.98000000
1765238400000,0.59880000,0.66030000,0.59100000,0.63600000,11768687.09000000
1765324800000,0.63590000,0.66040000,0.61680000,0.62000000,10431469.53000000
1765411200000,0.61990000,0.62060000,0.57530000,0.60080000,10836647.67000000
1765497600000,0.60080000,0.62990000,0.57540000,0.58970000,10516997.45000000
1765584000000,0.58970000,0.60400000,0.58780000,0.59990000,2899787.55000000
1765670400000,0.59980000,0.60450000,0.57540000,0.58280000,5068413.90000000
1765756800000,0.58290000,0.60990000,0.53660000,0.54820000,10184864.03000000
1765843200000,0.54820000,0.56680000,0.53430000,0.55590000,7878310.36000000
1765929600000,0.55580000,0.57050000,0.50950000,0.51350000,10037048.56000000
1766016000000,0.51360000,0.55090000,0.49130000,0.50580000,13243088.63000000
1766102400000,0.50600000,0.56350000,0.50030000,0.55430000,10296314.50000000
1766188800000,0.55430000,0.55750000,0.53850000,0.54200000,5231326.68000000
1766275200000,0.54200000,0.54620000,0.52560000,0.53510000,4377470.27000000
1766361600000,0.53500000,0.55730000,0.53260000,0.54740000,7134079.87000000
1766448000000,0.54730000,0.55310000,0.52030000,0.53620000,5285095.23000000
1766534400000,0.53630000,0.54180000,0.51490000,0.53930000,4994149.67000000
1766620800000,0.53930000,0.56660000,0.53760000,0.54220000,7096687.76000000
1766707200000,0.54200000,0.57410000,0.54060000,0.56210000,7079775.88000000
1766793600000,0.56200000,0.57870000,0.56150000,0.57690000,3206517.09000000
1766880000000,0.57690000,0.59100000,0.57430000,0.58990000,4123821.71000000
1766966400000,0.58980000,0.61790000,0.57740000,0.58360000,9015231.63000000
1767052800000,0.58350000,0.59630000,0.58060000,0.58910000,5591742.18000000
1767139200000,0.58900000,0.59510000,0.56470000,0.57640000,6917208.87000000
1767225600000,0.57640000,0.61090000,0.57600000,0.60770000,5310080.60000000
1767312000000,0.60780000,0.63090000,0.60250000,0.62340000,7916994.91000000
1767398400000,0.62330000,0.62600000,0.60270000,0.61610000,4424949.89000000
1767484800000,0.61600000,0.64730000,0.61540000,0.63300000,7495306.08000000
1767571200000,0.63290000,0.66950000,0.62410000,0.66020000,9702742.06000000
1767657600000,0.66020000,0.68080000,0.63120000,0.66060000,8840010.39000000
1767744000000,0.66070000,0.66070000,0.62710000,0.63890000,7908703.28000000
1767830400000,0.63900000,0.64290000,0.61090000,0.62820000,7332352.35000000
1767916800000,0.62840000,0.65500000,0.62490000,0.63890000,7723466.40000000
1768003200000,0.63890000,0.64880000,0.62710000,0.63150000,2071016.52000000
1768089600000,0.63160000,0.64570000,0.62170000,0.63100000,3871953.34000000
1768176000000,0.63110000,0.65200000,0.60430000,0.60810000,6193360.76000000
1768262400000,0.60810000,0.67430000,0.60810000,0.66510000,10394741.36000000
1768348800000,0.66520000,0.67840000,0.63710000,0.64860000,9123080.68000000
1768435200000,0.64870000,0.65080000,0.60750000,0.61810000,6437671.48000000
1768521600000,0.61820000,0.62100000,0.59260000,0.60810000,5662418.60000000
1768608000000,0.60820000,0.61920000,0.60170000,0.60770000,3058490.63000000
1768694400000,0.60760000,0.61530000,0.57820000,0.57910000,5284610.57000000
1768780800000,0.57900000,0.57930000,0.51520000,0.55820000,14240982.04000000
1768867200000,0.55830000,0.55960000,0.51500000,0.52070000,10838590.83000000
1768953600000,0.52080000,0.54320000,0.50820000,0.52850000,8956417.84000000
1769040000000,0.52860000,0.54180000,0.51540000,0.52320000,4604754.84000000
1769126400000,0.52330000,0.53780000,0.51140000,0.52440000,4643457.67000000
1769212800000,0.52440000,0.52870000,0.51550000,0.52010000,2277153.10000000
1769299200000,0.52000000,0.52210000,0.48560000,0.49570000,8047471.34000000
1769385600000,0.49570000,0.52860000,0.49480000,0.51600000,7408044.81000000
1769472000000,0.51610000,0.53020000,0.50810000,0.52550000,5584249.63000000
1769558400000,0.52560000,0.52960000,0.51460000,0.52370000,6060361.71000000
1769644800000,0.52380000,0.52540000,0.46560000,0.48010000,11286016.43000000
1769731200000,0.48020000,0.48280000,0.45810000,0.47080000,10846230.93000000
1769817600000,0.47090000,0.47140000,0.38390000,0.42330000,24048117.14000000
1769904000000,0.42320000,0.42750000,0.39680000,0.40800000,10950535.43000000
1769990400000,0.40810000,0.43360000,0.39680000,0.42240000,16081383.73000000
1770076800000,0.42250000,0.43120000,0.39080000,0.41070000,13792977.06000000
1770163200000,0.41060000,0.42250000,0.39210000,0.40320000,14442796.35000000
1770249600000,0.40330000,0.40930000,0.32150000,0.32260000,40842151.86000000
1770336000000,0.32270000,0.36750000,0.28520000,0.36300000,39096936.64000000
1770422400000,0.36300000,0.37050000,0.34660000,0.36330000,17243258.74000000
1770508800000,0.36330000,0.36460000,0.34790000,0.35250000,7004198.65000000
1770595200000,0.35240000,0.36090000,0.33750000,0.35390000,7592045.26000000
1770681600000,0.35400000,0.35600000,0.33560000,0.33980000,6752910.31000000
1770768000000,0.33980000,0.34240000,0.31970000,0.32950000,9294908.43000000
1770854400000,0.32960000,0.34260000,0.32370000,0.33790000,7158137.96000000
1770940800000,0.33780000,0.35500000,0.32980000,0.35030000,5357656.94000000
1771027200000,0.35030000,0.36560000,0.34890000,0.36110000,5917263.64000000
1771113600000,0.36090000,0.36190000,0.33310000,0.33930000,8136405.83000000
1771200000000,0.33930000,0.34880000,0.33240000,0.34630000,7043806.53000000
1771286400000,0.34640000,0.34660000,0.33530000,0.34040000,5138597.19000000
1771372800000,0.34030000,0.34680000,0.32680000,0.32950000,4385761.12000000
1771459200000,0.32940000,0.33350000,0.31450000,0.32310000,4997692.12000000
1771545600000,0.32310000,0.33320000,0.31630000,0.33010000,7852953.39000000
1771632000000,0.33020000,0.33780000,0.32730000,0.32760000,4177691.05000000
1771718400000,0.32750000,0.32760000,0.30490000,0.30800000,7461563.87000000
1771804800000,0.30800000,0.31330000,0.29040000,0.29880000,11335398.97000000
1771891200000,0.29890000,0.30300000,0.29230000,0.29950000,5361051.77000000
1771977600000,0.29960000,0.34440000,0.29830000,0.32840000,9422557.17000000
1772064000000,0.32830000,0.33000000,0.30570000,0.31250000,9516909.40000000
1772150400000,0.31250000,0.32000000,0.29330000,0.30080000,8903621.22000000
1772236800000,0.30080000,0.30900000,0.28090000,0.30650000,11521279.07000000
1772323200000,0.30660000,0.32080000,0.29330000,0.30000000,10071466.18000000
1772409600000,0.30010000,0.32040000,0.29560000,0.30680000,12007849.90000000
1772496000000,0.30690000,0.31160000,0.29590000,0.30350000,9996683.29000000
1772582400000,0.30350000,0.32720000,0.29990000,0.31750000,9681779.23000000
1772668800000,0.31740000,0.32140000,0.30490000,0.31230000,6976176.16000000
1772755200000,0.31240000,0.31650000,0.29180000,0.29730000,6863090.97000000
1772841600000,0.29720000,0.29810000,0.28200000,0.28350000,7023982.89000000
1772928000000,0.28360000,0.28740000,0.27040000,0.28000000,9861904.82000000
1773014400000,0.27990000,0.29650000,0.27990000,0.28340000,9745439.38000000
1773100800000,0.28330000,0.29630000,0.28080000,0.29360000,10486723.98000000
1773187200000,0.29370000,0.30380000,0.28690000,0.29760000,5895569.81000000
1773273600000,0.29770000,0.30200000,0.29050000,0.29940000,5159688.77000000
1773360000000,0.29940000,0.31230000,0.29650000,0.29870000,7090166.03000000
1773446400000,0.29860000,0.30150000,0.28950000,0.30100000,5351092.56000000
1773532800000,0.30090000,0.31150000,0.29930000,0.30900000,4956108.48000000
1773619200000,0.30910000,0.33140000,0.30800000,0.32760000,10320891.17000000
1773705600000,0.32760000,0.32860000,0.31880000,0.32040000,5656597.27000000
1773792000000,0.32030000,0.32520000,0.29740000,0.30370000,6798030.78000000
1773878400000,0.30370000,0.30790000,0.29180000,0.29780000,5086227.81000000
1773964800000,0.29780000,0.30240000,0.29390000,0.29860000,3425644.69000000
1774051200000,0.29870000,0.30120000,0.28610000,0.28850000,2322378.77000000
1774137600000,0.28830000,0.29220000,0.27910000,0.28240000,4176901.38000000
1774224000000,0.28270000,0.29630000,0.27720000,0.29410000,7093868.40000000
1774310400000,0.29420000,0.29640000,0.28720000,0.29480000,3579847.85000000
1774396800000,0.29510000,0.30540000,0.29390000,0.30080000,4745580.47000000
1774483200000,0.30080000,0.30110000,0.28280000,0.28740000,4656199.97000000
1774569600000,0.28730000,0.30760000,0.27370000,0.29940000,22254795.69000000
1774656000000,0.29950000,0.31640000,0.29240000,0.30600000,15245168.50000000
1774742400000,0.30600000,0.31230000,0.29440000,0.30130000,8347230.73000000
1774828800000,0.30140000,0.32590000,0.30070000,0.31810000,12140101.01000000
1774915200000,0.31820000,0.34050000,0.31710000,0.32960000,12738041.26000000
1775001600000,0.32940000,0.34330000,0.32790000,0.33460000,7770866.30000000
1775088000000,0.33470000,0.33800000,0.30870000,0.31420000,10023440.12000000
1775174400000,0.31420000,0.32310000,0.31280000,0.31360000,5575602.24000000
1775260800000,0.31350000,0.31860000,0.31260000,0.31520000,2610655.28000000
1775347200000,0.31520000,0.31770000,0.30500000,0.31680000,3812086.33000000
1775433600000,0.31710000,0.32720000,0.30610000,0.30900000,5401651.30000000
1775520000000,0.30890000,0.33880000,0.30460000,0.33550000,8925089.13000000
1775606400000,0.33550000,0.33770000,0.31620000,0.31750000,7390064.13000000
1775692800000,0.31740000,0.32850000,0.31090000,0.31800000,6355314.07000000
1775779200000,0.31800000,0.33900000,0.31570000,0.33360000,6821939.39000000
1775865600000,0.33360000,0.34240000,0.32710000,0.33430000,4487763.40000000
1775952000000,0.33430000,0.33620000,0.31110000,0.31350000,4660935.61000000
1776038400000,0.31360000,0.35220000,0.30250000,0.35190000,15846463.86000000
1776124800000,0.35200000,0.37670000,0.34090000,0.35010000,30235473.42000000
1776211200000,0.35010000,0.39130000,0.34810000,0.37710000,15485650.48000000
1776297600000,0.37720000,0.45270000,0.37400000,0.43680000,31229827.45000000
1776384000000,0.43690000,0.44580000,0.41460000,0.42410000,17931485.83000000
1776470400000,0.42400000,0.43480000,0.38760000,0.38790000,8598566.05000000
1776556800000,0.38790000,0.38810000,0.35770000,0.35860000,12949121.02000000
1776643200000,0.35870000,0.37850000,0.34380000,0.36750000,12758355.05000000
1776729600000,0.36760000,0.39990000,0.35850000,0.38100000,19443934.96000000
1776816000000,0.38110000,0.40750000,0.37740000,0.37820000,11866806.21000000
1776902400000,0.37830000,0.39540000,0.37120000,0.38820000,8119701.24000000
1776988800000,0.38820000,0.39130000,0.37220000,0.38030000,5585271.60000000
1777075200000,0.38020000,0.38480000,0.37300000,0.37460000,3604336.61000000
1777161600000,0.37470000,0.47000000,0.36550000,0.44740000,73564763.88000000
1777248000000,0.44740000,0.46470000,0.38010000,0.40910000,47534708.48000000
1777334400000,0.40920000,0.41630000,0.38430000,0.38720000,15200663.80000000
1777420800000,0.38720000,0.40060000,0.36380000,0.37320000,14319509.00000000
1777507200000,0.37330000,0.37720000,0.36260000,0.36560000,5474128.56000000
1777593600000,0.36560000,0.37870000,0.36420000,0.37130000,7334500.45000000
1777680000000,0.37140000,0.37820000,0.36870000,0.37340000,3708355.17000000
1777766400000,0.37340000,0.37360000,0.36360000,0.36520000,4863554.52000000
1777852800000,0.36500000,0.38000000,0.35820000,0.37190000,12141932.15000000
1777939200000,0.37200000,0.37940000,0.37120000,0.37320000,8300081.90000000
1778025600000,0.37310000,0.39600000,0.37210000,0.39060000,13756116.94000000
1778112000000,0.39050000,0.39500000,0.37350000,0.38510000,8317067.41000000
1778198400000,0.38530000,0.41400000,0.38210000,0.40700000,10502677.88000000
1778284800000,0.40690000,0.41170000,0.39120000,0.39880000,5994465.20000000
1778371200000,0.39860000,0.42560000,0.39130000,0.41370000,9203460.38000000
1778457600000,0.41370000,0.45180000,0.38700000,0.40910000,52924516.10000000
1778544000000,0.40910000,0.41200000,0.38700000,0.39460000,10222628.89000000
1778630400000,0.39460000,0.42000000,0.38450000,0.38810000,11363269.04000000
1778716800000,0.38800000,0.39810000,0.37560000,0.38890000,14394096.96000000
1778803200000,0.38890000,0.39280000,0.36000000,0.36370000,14093377.90000000
1778889600000,0.36360000,0.36460000,0.34360000,0.35400000,9200776.35000000
1778976000000,0.35390000,0.36120000,0.33650000,0.34900000,9206242.94000000
1779062400000,0.34900000,0.35880000,0.34370000,0.35540000,11948832.59000000
1779148800000,0.35550000,0.36040000,0.34960000,0.35160000,4504477.88000000
1779235200000,0.35160000,0.36480000,0.34960000,0.35860000,4773056.25000000
1779321600000,0.35870000,0.36400000,0.35140000,0.35790000,5554599.63000000
1779408000000,0.35790000,0.36620000,0.33880000,0.34080000,11509090.90000000
1779494400000,0.34090000,0.35870000,0.32530000,0.35080000,6654658.38000000
1779580800000,0.35080000,0.35270000,0.33480000,0.34180000,7761820.38000000
1779667200000,0.34170000,0.35370000,0.34150000,0.34640000,5263443.79000000
1779753600000,0.34640000,0.35780000,0.33800000,0.34190000,8056024.93000000
1779840000000,0.34190000,0.34590000,0.32940000,0.33180000,7485397.86000000
1779926400000,0.33170000,0.33270000,0.31200000,0.32540000,10725701.11000000
1780012800000,0.32540000,0.33010000,0.31360000,0.31930000,8776340.77000000
1780099200000,0.31940000,0.32860000,0.31810000,0.32430000,5470470.50000000
1780185600000,0.32430000,0.33230000,0.31770000,0.32790000,5761534.19000000
1780272000000,0.32790000,0.33500000,0.31800000,0.33310000,9329926.03000000
1780358400000,0.33320000,0.33340000,0.29230000,0.30240000,13006300.02000000
1780444800000,0.30240000,0.31500000,0.29160000,0.29700000,16565593.71000000
1780531200000,0.29690000,0.29930000,0.26620000,0.27680000,20405118.55000000
1780617600000,0.27680000,0.27820000,0.24800000,0.25840000,27088119.34000000
1780704000000,0.25830000,0.26250000,0.24220000,0.25690000,9139884.64000000
1780790400000,0.25690000,0.28080000,0.25600000,0.27200000,9829477.00000000
1780876800000,0.27200000,0.27600000,0.26350000,0.26630000,7402294.12000000
1780963200000,0.26630000,0.26800000,0.25440000,0.26040000,7324987.99000000
1781049600000,0.26040000,0.26590000,0.25060000,0.25550000,7167651.63000000
1781136000000,0.25550000,0.27220000,0.25550000,0.26690000,7304463.01000000
1781222400000,0.26700000,0.26810000,0.26020000,0.26140000,5582202.83000000
1781308800000,0.26150000,0.26700000,0.25700000,0.26330000,6034767.86000000
1781395200000,0.26330000,0.27000000,0.25610000,0.26900000,8716793.48000000
1781481600000,0.26900000,0.28640000,0.26630000,0.27390000,14397168.21000000
1781568000000,0.27380000,0.28400000,0.26800000,0.27750000,9911938.62000000
1781654400000,0.27750000,0.30050000,0.27150000,0.27740000,30398913.90000000
1781740800000,0.27750000,0.28390000,0.27250000,0.28090000,5373019.70000000
