openTime,open,high,low,close,volume
1577836800000,8.67400000,9.00000000,8.63200000,8.85000000,105961.47200000
1577923200000,8.84600000,8.84900000,8.44600000,8.46200000,145283.85300000
1578009600000,8.46300000,9.01800000,8.32100000,8.88800000,190855.56300000
1578096000000,8.88500000,9.10000000,8.77900000,9.07700000,112615.86500000
1578182400000,9.08500000,9.24500000,8.96400000,9.02000000,126171.54100000
1578268800000,9.00800000,9.80000000,8.98800000,9.75700000,410209.61300000
1578355200000,9.77100000,9.94300000,9.36300000,9.80100000,306075.52400000
1578441600000,9.80500000,10.19800000,9.30000000,9.44800000,327148.53000000
1578528000000,9.46500000,9.52100000,9.31000000,9.38700000,127109.13200000
1578614400000,9.36800000,9.89900000,9.04200000,9.86200000,240215.05200000
1578700800000,9.87400000,10.04900000,9.57600000,9.69600000,223678.48700000
1578787200000,9.68700000,10.44000000,9.61600000,10.27100000,364017.40800000
1578873600000,10.26600000,10.30100000,9.80500000,10.00000000,196036.19000000
1578960000000,10.00800000,11.69000000,10.00800000,11.20400000,890609.33700000
1579046400000,11.20300000,12.00000000,10.71400000,11.41200000,708069.87700000
1579132800000,11.41500000,11.59800000,10.72500000,11.27100000,472913.20000000
1579219200000,11.28800000,11.95500000,11.12500000,11.84800000,491456.57400000
1579305600000,11.83500000,12.33900000,11.28900000,11.87600000,523426.44200000
1579392000000,11.87900000,12.21900000,10.76800000,11.24500000,487727.55800000
1579478400000,11.24300000,11.31700000,10.81000000,11.11400000,202813.26800000
1579564800000,11.11800000,11.31300000,10.83000000,11.22600000,167960.87500000
1579651200000,11.23000000,11.38500000,11.13500000,11.24700000,145795.18300000
1579737600000,11.26100000,11.27500000,10.38800000,10.62100000,274533.90400000
1579824000000,10.60700000,10.69200000,10.13600000,10.51100000,227104.98400000
1579910400000,10.51000000,10.51200000,10.19000000,10.35000000,89165.88600000
1579996800000,10.33800000,10.80600000,10.26300000,10.79700000,151116.81200000
1580083200000,10.79700000,11.29700000,10.68700000,11.08200000,297004.24700000
1580169600000,11.10300000,11.41900000,11.02800000,11.36000000,272951.56500000
1580256000000,11.35900000,11.69700000,11.11400000,11.20100000,370792.44300000
1580342400000,11.19700000,11.81200000,10.87300000,11.73500000,402914.10400000
1580428800000,11.72300000,11.73900000,11.09000000,11.45300000,316918.97700000
1580515200000,11.46500000,11.63700000,11.15600000,11.42200000,226389.34400000
1580601600000,11.42300000,12.57800000,11.22000000,12.01600000,817053.49600000
1580688000000,12.01600000,12.34800000,11.70300000,11.88000000,444079.07700000
1580774400000,11.88000000,12.32300000,11.51500000,12.17700000,465527.93800000
1580860800000,12.17700000,12.91200000,12.07900000,12.76200000,739128.23500000
1580947200000,12.75700000,13.20600000,12.41200000,12.91400000,651321.39500000
1581033600000,12.91600000,13.29000000,12.68700000,12.79200000,654253.84400000
1581120000000,12.79300000,13.05000000,12.11400000,12.68800000,523713.73900000
1581206400000,12.66700000,14.20900000,12.66600000,14.20100000,1007857.17400000
1581292800000,14.20800000,14.28500000,13.20000000,13.55100000,863876.56600000
1581379200000,13.55800000,13.98900000,12.95000000,13.79100000,871095.86100000
1581465600000,13.82200000,15.32200000,13.81100000,14.82200000,1103343.55100000
1581552000000,14.81300000,15.84500000,14.47600000,15.14100000,1131448.78300000
1581638400000,15.14200000,16.75000000,14.82900000,16.67600000,875126.84800000
1581724800000,16.69100000,16.74000000,14.54800000,15.12700000,1191209.78300000
1581811200000,15.11300000,15.87200000,13.41300000,14.62500000,1524731.28100000
1581897600000,14.61800000,15.17300000,13.37500000,15.02700000,1441268.61100000
1581984000000,15.03800000,15.65700000,14.25500000,15.50000000,1151642.88100000
1582070400000,15.50800000,15.53600000,13.70000000,14.04300000,790599.36600000
1582156800000,14.03700000,14.39800000,13.40000000,14.03000000,782044.00400000
1582243200000,14.03500000,14.33000000,13.70500000,14.01700000,540433.80400000
1582329600000,14.01700000,14.07900000,13.50000000,13.72000000,388715.70100000
1582416000000,13.71400000,14.47300000,13.70500000,14.29400000,471023.83800000
1582502400000,14.29200000,14.44200000,12.98800000,13.36100000,732592.70800000
1582588800000,13.36900000,13.50300000,12.30600000,12.39300000,695342.22500000
1582675200000,12.37800000,12.53300000,10.76000000,11.00700000,1528773.39000000
1582761600000,10.98300000,11.70600000,10.40000000,11.51000000,844120.08000000
1582848000000,11.50400000,11.66300000,10.63100000,11.31100000,767804.60700000
1582934400000,11.30500000,11.53100000,10.91100000,11.10300000,491078.45500000
1583020800000,11.08700000,11.86800000,11.05200000,11.31000000,779451.21900000
1583107200000,11.30800000,12.21100000,11.18300000,12.08800000,621793.68800000
1583193600000,12.08800000,12.09200000,11.34900000,11.55600000,559593.48400000
1583280000000,11.55700000,12.05500000,11.49000000,11.75500000,351169.44600000
1583366400000,11.76000000,12.38700000,11.75400000,12.07300000,509714.21100000
1583452800000,12.05500000,12.38500000,11.92700000,12.37700000,374988.04000000
1583539200000,12.37300000,12.45000000,11.54900000,11.58900000,475034.73600000
1583625600000,11.59200000,11.59200000,9.88400000,10.05000000,824820.01800000
1583712000000,10.05300000,10.34500000,9.38900000,9.90200000,1065184.46100000
1583798400000,9.90100000,10.19000000,9.58200000,9.87000000,730960.30900000
1583884800000,9.85800000,9.99800000,8.77000000,9.43000000,902242.97700000
1583971200000,9.43600000,9.58500000,5.43000000,5.70600000,2939317.59200000
1584057600000,5.68700000,6.77300000,3.89000000,6.21600000,2717799.35900000
1584144000000,6.23000000,6.26900000,5.65100000,5.75200000,592554.21800000
1584230400000,5.75300000,6.40000000,5.67400000,5.97900000,698520.26700000
1584316800000,5.97900000,5.97900000,4.90400000,5.39400000,1244540.96700000
1584403200000,5.39900000,5.89500000,5.31900000,5.62600000,647732.84900000
1584489600000,5.63100000,5.74200000,5.34000000,5.72600000,640712.05100000
1584576000000,5.71800000,6.82000000,5.67100000,6.47200000,1340815.00300000
1584662400000,6.46200000,7.20000000,5.70100000,6.27300000,1871897.66000000
1584748800000,6.27800000,6.44100000,5.86200000,6.23600000,932710.15400000
1584835200000,6.22600000,6.46800000,5.86200000,5.94700000,802111.59200000
1584921600000,5.94200000,6.69300000,5.83200000,6.68300000,945219.24600000
1585008000000,6.67800000,6.97800000,6.52500000,6.89700000,884719.43600000
1585094400000,6.89000000,7.09400000,6.60900000,6.93000000,654530.31300000
1585180800000,6.93600000,7.05000000,6.72000000,7.03000000,347307.66100000
1585267200000,7.03000000,7.16300000,6.42100000,6.50300000,366841.81800000
1585353600000,6.50200000,6.70700000,6.22500000,6.62800000,592612.67100000
1585440000000,6.62300000,6.67900000,6.13000000,6.17900000,410248.69300000
1585526400000,6.19200000,6.75400000,6.17100000,6.56800000,405132.85700000
1585612800000,6.58000000,6.95000000,6.51400000,6.77200000,496543.31500000
1585699200000,6.77400000,6.84000000,6.40100000,6.81200000,584161.48000000
1585785600000,6.82400000,7.35000000,6.76800000,6.97600000,883506.77500000
1585872000000,6.97800000,7.23600000,6.86000000,7.02000000,415225.98000000
1585958400000,7.01800000,7.29000000,6.86600000,7.18800000,391297.51200000
1586044800000,7.19800000,7.24300000,6.89000000,7.01700000,271886.83200000
1586131200000,7.01800000,7.84600000,7.00700000,7.82300000,721498.39600000
1586217600000,7.81800000,8.16000000,7.45800000,7.72100000,898272.85200000
1586304000000,7.72000000,8.03000000,7.65100000,7.99500000,475242.68900000
1586390400000,8.00100000,8.15100000,7.79200000,8.01900000,448120.61700000
1586476800000,8.02500000,8.02500000,7.10000000,7.29900000,640460.97200000
1586563200000,7.30200000,7.53600000,7.13900000,7.30600000,282561.58600000
1586649600000,7.29700000,7.73200000,7.17700000,7.35600000,367512.29800000
1586736000000,7.36100000,7.36100000,7.00700000,7.28100000,365451.70000000
1586822400000,7.28500000,7.43100000,7.14200000,7.25700000,327038.20100000
1586908800000,7.25200000,7.37600000,6.96500000,6.99300000,319211.36100000
1586995200000,6.98800000,7.70600000,6.81300000,7.61600000,766669.27900000
1587081600000,7.61700000,7.66400000,7.42800000,7.46800000,276405.07000000
1587168000000,7.45900000,7.93900000,7.45600000,7.87700000,383653.22000000
1587254400000,7.87900000,7.91000000,7.45000000,7.61400000,449485.13400000
1587340800000,7.60800000,7.81700000,7.11800000,7.20500000,586309.21500000
1587427200000,7.20700000,7.35000000,7.13600000,7.22700000,258030.00700000
1587513600000,7.22700000,7.63100000,7.20100000,7.53400000,420138.45800000
1587600000000,7.53600000,8.02000000,7.40400000,7.85400000,674723.31400000
1587686400000,7.84700000,8.29800000,7.82700000,8.07000000,692939.47600000
1587772800000,8.07400000,8.61500000,7.91400000,8.42800000,724063.73900000
1587859200000,8.43100000,8.68700000,8.29500000,8.63100000,509487.02000000
1587945600000,8.63100000,8.67600000,8.14500000,8.42600000,380481.38000000
1588032000000,8.42700000,8.60000000,8.25200000,8.45700000,320153.24700000
1588118400000,8.45900000,9.38000000,8.45900000,9.20700000,928595.89700000
1588204800000,9.20400000,9.64100000,8.61700000,8.89700000,919550.85800000
1588291200000,8.89600000,9.39800000,8.88300000,9.01100000,486684.58400000
1588377600000,9.01000000,9.26500000,8.92800000,9.22500000,300686.56500000
1588464000000,9.23300000,9.31900000,8.69700000,9.06900000,457269.97100000
1588550400000,9.07800000,9.13400000,8.61000000,9.00500000,446498.17500000
1588636800000,9.00000000,9.18500000,8.84500000,9.10100000,307640.71600000
1588723200000,9.11100000,9.48800000,8.99000000,9.14800000,637971.44700000
1588809600000,9.15000000,9.94000000,9.00100000,9.89100000,920851.29900000
1588896000000,9.89100000,11.82800000,9.78500000,11.30100000,1453862.31500000
1588982400000,11.29400000,11.65000000,10.72000000,10.99400000,1513657.85000000
1589068800000,10.98400000,11.06000000,9.36200000,9.72500000,1800078.22000000
1589155200000,9.70800000,10.21600000,9.25600000,9.62900000,955644.81400000
1589241600000,9.60200000,10.19900000,9.56700000,10.00100000,566131.99900000
1589328000000,10.00100000,10.47700000,9.81200000,10.28500000,543025.43800000
1589414400000,10.28500000,10.56200000,9.91000000,10.18600000,623168.73900000
1589500800000,10.19000000,10.25400000,9.80000000,10.03300000,391920.19200000
1589587200000,10.02600000,10.17300000,9.87500000,10.00800000,314474.53100000
1589673600000,10.00500000,10.43300000,9.96700000,10.15600000,458253.97700000
1589760000000,10.14900000,10.54000000,10.14900000,10.24500000,515636.61200000
1589846400000,10.24600000,10.33300000,9.94000000,10.32800000,374564.91900000
1589932800000,10.31400000,10.41300000,9.95100000,10.14000000,327109.43700000
1590019200000,10.13500000,10.20300000,9.20100000,9.53700000,433911.10600000
1590105600000,9.53800000,10.64400000,9.38200000,10.38800000,956846.13600000
1590192000000,10.38000000,10.49900000,10.10400000,10.20300000,452774.50300000
1590278400000,10.19400000,10.32200000,9.61300000,9.63100000,508818.39100000
1590364800000,9.63100000,9.96700000,9.54600000,9.92300000,372364.98500000
1590451200000,9.91200000,10.15500000,9.57700000,9.93500000,565348.15600000
1590537600000,9.93400000,10.24000000,9.85800000,10.00900000,387313.90500000
1590624000000,10.02000000,10.43900000,9.90800000,10.42900000,465146.57900000
1590710400000,10.42100000,10.48700000,10.05300000,10.24200000,334535.74400000
1590796800000,10.23400000,11.15000000,10.14000000,11.03000000,799316.80600000
1590883200000,11.03400000,11.85000000,10.50400000,10.94500000,1344438.36500000
1590969600000,10.94400000,12.71500000,10.87100000,12.41300000,1975864.76700000
1591056000000,12.40600000,13.20000000,11.25500000,12.13500000,2017869.82300000
1591142400000,12.10300000,12.52800000,11.67100000,12.39300000,730048.04400000
1591228800000,12.39300000,12.47700000,11.73900000,12.16400000,698462.43600000
1591315200000,12.16700000,12.25100000,11.79500000,11.80300000,302340.37200000
1591401600000,11.80200000,11.92500000,11.48500000,11.81300000,336430.90000000
1591488000000,11.79900000,11.98200000,11.27000000,11.77600000,376839.56700000
1591574400000,11.77300000,11.82000000,11.50100000,11.65600000,203374.44300000
1591660800000,11.64000000,12.18600000,11.44300000,12.02600000,438707.15200000
1591747200000,12.03800000,12.28000000,11.75000000,11.93500000,441173.61100000
1591833600000,11.93600000,11.99600000,10.37400000,10.67900000,983798.20400000
1591920000000,10.68100000,11.21900000,10.51000000,10.91700000,443221.16300000
1592006400000,10.92100000,11.12200000,10.74400000,11.08000000,306550.78200000
1592092800000,11.07800000,11.08900000,10.44600000,10.61500000,275271.02700000
1592179200000,10.61100000,10.64100000,9.71800000,10.43000000,732171.95700000
1592265600000,10.43000000,10.66800000,10.36300000,10.56000000,315546.21000000
1592352000000,10.58600000,10.89000000,10.27700000,10.58800000,380844.13400000
1592438400000,10.58800000,10.63300000,10.23400000,10.41300000,265533.41300000
1592524800000,10.40400000,10.45300000,10.13400000,10.26800000,265460.75500000
1592611200000,10.26500000,10.36400000,10.03600000,10.26400000,257832.85100000
1592697600000,10.26600000,10.62000000,10.18000000,10.29800000,359397.30800000
1592784000000,10.29600000,10.86200000,10.25000000,10.80000000,462273.52900000
1592870400000,10.79500000,11.30000000,10.61600000,10.94100000,574854.45000000
1592956800000,10.94100000,11.20700000,10.25900000,10.49100000,673476.16800000
1593043200000,10.47000000,10.52700000,9.90300000,10.33500000,397649.02400000
1593129600000,10.33400000,10.39000000,9.97800000,10.19600000,391454.32000000
1593216000000,10.19200000,10.31000000,9.30900000,9.70300000,356137.48600000
1593302400000,9.70300000,10.22100000,9.58000000,10.04500000,293127.45600000
1593388800000,10.05000000,10.29300000,9.91400000,10.21300000,289510.14900000
1593475200000,10.22100000,10.26200000,9.98200000,10.03400000,183471.05500000
1593561600000,10.03400000,10.26000000,9.90700000,10.13800000,283396.91100000
1593648000000,10.15000000,10.29700000,9.66000000,9.92200000,399810.85000000
1593734400000,9.92400000,10.02500000,9.73200000,9.78000000,212150.97800000
1593820800000,9.77200000,10.00400000,9.75300000,9.97300000,237696.20300000
1593907200000,9.96400000,10.14200000,9.61400000,10.07000000,385945.66200000
1593993600000,10.06800000,10.59900000,10.05800000,10.57500000,616865.70400000
1594080000000,10.57900000,10.66600000,10.25700000,10.56000000,533419.57600000
1594166400000,10.57100000,11.29800000,10.45000000,11.08000000,1128242.03100000
1594252800000,11.07500000,11.29800000,10.40200000,10.76800000,792500.12800000
1594339200000,10.76800000,10.77000000,10.30400000,10.49900000,680467.89900000
1594425600000,10.50800000,10.92200000,10.38800000,10.74100000,679243.56000000
1594512000000,10.73700000,10.95000000,10.44400000,10.79700000,501296.65800000
1594598400000,10.80100000,11.25200000,10.30000000,10.67700000,824056.27700000
1594684800000,10.66500000,11.02000000,10.33000000,10.83000000,559168.39600000
1594771200000,10.82400000,11.38200000,10.82300000,10.98900000,752224.65600000
1594857600000,11.00400000,11.04300000,10.31800000,10.69400000,682079.14300000
1594944000000,10.70000000,10.77600000,10.51100000,10.59100000,241254.77900000
1595030400000,10.58100000,10.69400000,10.46800000,10.54500000,262911.64200000
1595116800000,10.54500000,10.66700000,10.40600000,10.65100000,240426.86100000
1595203200000,10.65300000,10.71000000,10.32000000,10.38600000,263481.99100000
1595289600000,10.37800000,11.48000000,10.32500000,11.18400000,1007967.04400000
1595376000000,11.17500000,11.71300000,11.00000000,11.55900000,705713.61200000
1595462400000,11.56600000,11.71200000,11.33000000,11.43200000,501776.30200000
1595548800000,11.44000000,11.44000000,11.00000000,11.10100000,536352.06300000
1595635200000,11.09200000,11.66400000,11.07600000,11.60800000,623304.44400000
1595721600000,11.60100000,11.92500000,11.42000000,11.62000000,645150.56500000
1595808000000,11.62000000,11.86000000,10.76000000,11.61900000,1355198.68300000
1595894400000,11.62900000,12.05000000,11.30100000,11.73800000,1001908.27400000
1595980800000,11.73400000,12.26700000,11.60500000,11.67000000,800589.32000000
1596067200000,11.66500000,11.89900000,11.46500000,11.77400000,491197.97000000
1596153600000,11.77500000,12.72200000,11.57900000,12.24500000,639269.07800000
1596240000000,12.24700000,13.49600000,11.00000000,13.39600000,1691990.79500000
1596326400000,13.39400000,13.76500000,11.10000000,12.16000000,1346651.43300000
1596412800000,12.16400000,12.77100000,12.01200000,12.40000000,797852.10900000
1596499200000,12.39100000,12.78500000,12.30000000,12.56100000,511142.90000000
1596585600000,12.56100000,12.95000000,12.37900000,12.86800000,622996.06900000
1596672000000,12.86600000,13.27000000,12.73600000,12.95100000,744463.32800000
1596758400000,12.95300000,13.50000000,12.50000000,12.85600000,869896.40700000
1596844800000,12.85000000,13.15500000,12.68000000,13.12300000,338992.34900000
1596931200000,13.12300000,13.36900000,12.76000000,12.99700000,410367.39800000
1597017600000,12.99700000,15.40000000,12.99700000,14.52600000,1862106.07500000
1597104000000,14.53200000,14.63400000,13.27200000,13.68600000,898260.80700000
1597190400000,13.68600000,14.62400000,13.31500000,14.34400000,848679.33900000
1597276800000,14.32900000,14.98900000,13.49800000,14.54500000,1101419.71300000
1597363200000,14.54500000,15.85000000,14.23300000,14.81300000,1039169.96600000
1597449600000,14.81300000,15.53100000,14.73200000,15.10300000,658525.60400000
1597536000000,15.10100000,15.74900000,14.61500000,15.49000000,710473.53200000
1597622400000,15.49900000,16.95600000,15.22800000,16.56000000,1297237.30900000
1597708800000,16.56000000,17.57800000,16.01000000,16.12000000,968575.52300000
1597795200000,16.11900000,17.08000000,15.46500000,15.83400000,987213.08500000
1597881600000,15.82500000,17.94900000,15.80700000,17.84200000,915874.78800000
1597968000000,17.84200000,19.85400000,16.36100000,16.38700000,2428489.23100000
1598054400000,16.36800000,19.19100000,15.62300000,18.93600000,1969925.06900000
1598140800000,18.93500000,19.75700000,17.71500000,18.17000000,1223037.34400000
1598227200000,18.18700000,19.46700000,17.90000000,18.07400000,835648.51800000
1598313600000,18.06800000,18.26100000,16.13200000,17.02300000,1116590.64400000
1598400000000,17.02300000,18.04000000,16.83700000,17.32200000,1003044.73600000
1598486400000,17.32400000,18.20000000,16.42000000,17.64900000,1141649.07900000
1598572800000,17.66600000,18.58700000,17.36500000,18.29400000,972130.79200000
1598659200000,18.29400000,21.95000000,17.96400000,21.14100000,2233868.47600000
1598745600000,21.13500000,22.90000000,20.32300000,20.66200000,2135153.47300000
1598832000000,20.65800000,21.57000000,20.21100000,20.44300000,1189764.70500000
1598918400000,20.43900000,22.49900000,20.13200000,21.51700000,1267078.49300000
1599004800000,21.50300000,21.72000000,19.33700000,20.33000000,1138657.51600000
1599091200000,20.32600000,20.64700000,17.03400000,17.72500000,1269445.98300000
1599177600000,17.70900000,19.79500000,17.16400000,18.90400000,1229546.89300000
1599264000000,18.89600000,19.35000000,16.25700000,16.96400000,1453733.95100000
1599350400000,16.93900000,17.74500000,16.22100000,17.15600000,705606.10700000
1599436800000,17.16700000,18.31600000,15.86700000,18.20400000,1145075.82800000
1599523200000,18.23700000,18.65400000,16.50800000,17.12200000,875602.07500000
1599609600000,17.12100000,17.95000000,16.60900000,17.28200000,456944.17900000
1599696000000,17.26600000,18.64500000,17.26600000,18.46200000,574038.94100000
1599782400000,18.46200000,20.60700000,18.10000000,20.31900000,1434744.69200000
1599868800000,20.31400000,21.80000000,19.71700000,21.72500000,1037780.96100000
1599955200000,21.71700000,22.04300000,19.24000000,20.33900000,1074863.18900000
1600041600000,20.33200000,22.53700000,19.50500000,22.01800000,1123797.10500000
1600128000000,22.01900000,22.49400000,20.10100000,20.27000000,1020793.04200000
1600214400000,20.26300000,21.79900000,19.40900000,20.99700000,947308.54100000
1600300800000,20.98000000,24.32000000,20.64200000,23.83300000,1670456.61000000
1600387200000,23.83800000,25.85900000,22.86900000,25.30700000,1643193.13400000
1600473600000,25.30700000,25.32900000,23.60000000,24.50000000,738057.87400000
1600560000000,24.50000000,25.60200000,22.77600000,23.57900000,1162067.35400000
1600646400000,23.60000000,24.42000000,19.43000000,20.11200000,2706347.15200000
1600732800000,20.11200000,20.71100000,18.60400000,20.20500000,1603517.31800000
1600819200000,20.19100000,21.83700000,18.76600000,19.68500000,2344128.21300000
1600905600000,19.67500000,22.02200000,19.34900000,21.81300000,1474635.72500000
1600992000000,21.82200000,23.19800000,20.82500000,21.31100000,2731507.30100000
1601078400000,21.32000000,22.48200000,20.50100000,21.00400000,1156657.06900000
1601164800000,21.00000000,22.03000000,20.45900000,21.14700000,944074.67500000
1601251200000,21.14700000,21.58200000,19.79200000,20.11000000,1374841.94500000
1601337600000,20.12300000,20.32800000,19.01900000,19.69100000,871022.41400000
1601424000000,19.67900000,20.20000000,18.72700000,19.07800000,1090627.64600000
1601510400000,19.10300000,20.36600000,18.14300000,18.78600000,1059234.82800000
1601596800000,18.77800000,19.09600000,17.23500000,18.08900000,741400.94200000
1601683200000,18.10100000,18.29000000,17.69700000,17.80600000,389839.83300000
1601769600000,17.80600000,18.17500000,17.39700000,18.12500000,377074.04700000
1601856000000,18.11500000,18.26200000,17.50100000,17.66400000,592836.82900000
1601942400000,17.67200000,17.78700000,16.37800000,16.56900000,1040141.65100000
1602028800000,16.56000000,16.97600000,16.00000000,16.76400000,633652.30600000
1602115200000,16.76500000,17.28200000,16.10200000,17.01900000,707598.74900000
1602201600000,17.01200000,17.62400000,16.83400000,17.39000000,599629.37400000
1602288000000,17.39100000,18.33500000,17.36300000,17.53400000,662826.54800000
1602374400000,17.53200000,18.00700000,17.33100000,17.78700000,419301.40300000
1602460800000,17.78600000,18.50000000,17.42200000,17.98300000,764147.87000000
1602547200000,17.98200000,18.12900000,17.20000000,17.59100000,650443.55400000
1602633600000,17.58900000,17.77700000,16.79900000,16.95900000,688944.93600000
1602720000000,16.95700000,17.35600000,16.85000000,17.24000000,541376.63500000
1602806400000,17.23900000,17.32400000,16.69500000,17.02100000,453893.09000000
1602892800000,17.02100000,17.27800000,16.90700000,17.19100000,316563.54500000
1602979200000,17.19200000,18.11000000,17.15200000,17.42800000,541886.65000000
1603065600000,17.42600000,17.66600000,17.08300000,17.56900000,875396.17700000
1603152000000,17.57200000,18.03000000,16.87700000,16.94800000,771951.74500000
1603238400000,16.95400000,18.81600000,16.89600000,18.33200000,849989.24100000
1603324800000,18.32000000,19.17900000,18.24900000,18.65300000,544112.95200000
1603411200000,18.65400000,18.66000000,17.81400000,18.13600000,401195.86500000
1603497600000,18.12200000,18.46600000,17.96000000,18.31200000,244688.95800000
1603584000000,18.30400000,18.46100000,17.60300000,17.86500000,293708.58100000
1603670400000,17.85200000,18.14500000,16.60900000,17.08400000,413992.42800000
1603756800000,17.07800000,17.43700000,16.85300000,17.00700000,337382.87700000
1603843200000,16.99900000,17.13300000,15.70000000,15.87000000,601156.71000000
1603929600000,15.86900000,16.08300000,14.94500000,15.27600000,484396.14100000
1604016000000,15.28600000,15.49400000,13.97400000,14.78800000,652024.82800000
1604102400000,14.78700000,15.18600000,14.56000000,14.70200000,430595.93300000
1604188800000,14.71200000,15.04300000,14.54100000,14.94100000,279497.20800000
1604275200000,14.94900000,15.83000000,14.94500000,15.21500000,744506.87800000
1604361600000,15.22700000,15.49300000,14.11800000,14.67600000,664268.97000000
1604448000000,14.68800000,14.69700000,13.45700000,14.04900000,826887.89700000
1604534400000,14.05800000,14.64400000,13.81400000,14.40100000,740857.82600000
1604620800000,14.40100000,16.00000000,14.33500000,15.71200000,1023297.29100000
1604707200000,15.71600000,16.64100000,14.53400000,14.81300000,1555065.04700000
1604793600000,14.82300000,15.70000000,14.65000000,15.45000000,569881.28200000
1604880000000,15.43900000,15.58800000,14.81200000,15.37800000,551163.96500000
1604966400000,15.38600000,15.83900000,15.13800000,15.58500000,427628.25900000
1605052800000,15.59000000,15.98200000,15.38800000,15.39100000,390521.05600000
1605139200000,15.39800000,15.98800000,15.17900000,15.45600000,419161.78100000
1605225600000,15.44200000,16.15000000,15.34600000,16.00700000,446932.36200000
1605312000000,16.01600000,16.28000000,15.39000000,15.68400000,346307.81200000
1605398400000,15.68400000,15.95700000,14.98700000,15.31700000,507385.41000000
1605484800000,15.31700000,15.88700000,15.13900000,15.72000000,419532.81500000
1605571200000,15.72500000,16.66700000,15.65700000,16.15000000,907880.61400000
1605657600000,16.15000000,16.34900000,15.20000000,15.71800000,745015.38900000
1605744000000,15.72200000,16.27000000,15.39200000,16.09500000,474683.48700000
1605830400000,16.10000000,16.83400000,16.07600000,16.44400000,831601.11100000
1605916800000,16.43600000,18.35000000,16.40900000,18.32000000,1547983.59100000
1606003200000,18.30300000,18.59800000,16.37700000,17.18000000,1360985.08700000
1606089600000,17.18700000,19.14300000,16.90700000,19.09300000,1448335.81300000
1606176000000,19.10000000,21.30000000,18.27100000,20.49900000,2941025.20200000
1606262400000,20.49900000,21.82900000,18.64800000,19.71100000,2685891.02600000
1606348800000,19.67900000,20.37800000,15.80900000,17.19200000,3183700.15100000
1606435200000,17.18500000,17.63200000,16.21100000,17.12000000,906713.15100000
1606521600000,17.10700000,18.05000000,16.52300000,17.53300000,811904.99700000
1606608000000,17.52100000,17.99900000,16.87500000,17.68400000,828445.31300000
1606694400000,17.69700000,18.77100000,17.32000000,18.57700000,1114885.09900000
1606780800000,18.58000000,19.32000000,17.00000000,17.53000000,1575122.63100000
1606867200000,17.52000000,18.43900000,17.20800000,18.02600000,772171.62900000
1606953600000,18.01100000,19.20000000,17.85600000,18.85300000,947432.42500000
1607040000000,18.84400000,19.01200000,17.09100000,17.29800000,840181.06100000
1607126400000,17.29500000,17.99200000,17.01000000,17.97500000,356080.25100000
1607212800000,17.97500000,18.13900000,17.53100000,17.89000000,354925.73000000
1607299200000,17.90100000,17.92800000,17.23500000,17.44200000,330806.51200000
1607385600000,17.45000000,17.52300000,16.07500000,16.45600000,599020.29300000
1607472000000,16.44700000,17.03000000,15.64700000,16.89900000,667827.64400000
1607558400000,16.89200000,16.96500000,16.02000000,16.23800000,356264.07700000
1607644800000,16.24600000,16.32100000,15.50300000,15.89800000,426595.31200000
1607731200000,15.91800000,16.66000000,15.86600000,16.46300000,340269.21300000
1607817600000,16.47400000,17.73300000,16.38000000,17.26100000,594834.86200000
1607904000000,17.27100000,17.66100000,16.96400000,17.39800000,323675.46700000
1607990400000,17.39800000,17.55400000,16.71600000,17.10300000,473394.68300000
1608076800000,17.09900000,17.96600000,16.64100000,17.95200000,680260.18200000
1608163200000,17.94300000,18.74900000,17.37700000,17.77300000,1216502.86900000
1608249600000,17.76600000,18.32000000,17.34100000,17.91800000,577286.56100000
1608336000000,17.91000000,18.44400000,17.63000000,17.83500000,500480.47500000
1608422400000,17.84200000,18.49000000,17.00000000,17.54100000,797274.85300000
1608508800000,17.54000000,17.84200000,16.07000000,16.51400000,933078.23700000
1608595200000,16.52600000,16.92100000,15.75600000,16.51600000,601766.41800000
1608681600000,16.51100000,16.63800000,12.21600000,13.45600000,1397498.27200000
1608768000000,13.45200000,15.30000000,13.06600000,15.26900000,1083876.94000000
1608854400000,15.26300000,15.88800000,14.50700000,15.17300000,789360.30300000
1608940800000,15.17300000,15.70000000,14.24400000,14.98400000,861681.56200000
1609027200000,14.97800000,15.95000000,14.07000000,15.11200000,1197262.78000000
1609113600000,15.11900000,16.27400000,15.00000000,15.63000000,875918.69000000
1609200000000,15.62100000,15.94500000,14.40500000,15.05400000,926145.21900000
1609286400000,15.06500000,15.21900000,14.50200000,14.72200000,433452.60100000
1609372800000,14.72400000,14.73100000,13.94500000,14.25600000,430603.01100000
1609459200000,14.26200000,14.94800000,14.11800000,14.46100000,507187.68100000
1609545600000,14.45900000,14.79900000,14.08100000,14.42600000,746152.93700000
1609632000000,14.42200000,16.33300000,14.00000000,16.02400000,1998180.26600000
1609718400000,16.02400000,17.73600000,14.57000000,16.37200000,2317015.70000000
1609804800000,16.35300000,17.31900000,15.40000000,16.86800000,1787942.79200000
1609891200000,16.87200000,20.65000000,16.52600000,19.53500000,3365659.53900000
1609977600000,19.55200000,22.88000000,18.70000000,20.88900000,4229907.79200000
1610064000000,20.90600000,21.50000000,18.52400000,19.72400000,2417082.73500000
1610150400000,19.74400000,21.67500000,19.00000000,21.33800000,2236328.50700000
1610236800000,21.35000000,26.61000000,20.20100000,24.92100000,5397520.94300000
1610323200000,24.90600000,26.71500000,20.20000000,23.65800000,8039159.59000000
1610409600000,23.66600000,24.69400000,21.50000000,22.14800000,2471050.88900000
1610496000000,22.16500000,24.00000000,20.70000000,23.22900000,1901747.51800000
1610582400000,23.20700000,23.97000000,22.10800000,23.10400000,1567905.67700000
1610668800000,23.10400000,25.48600000,21.50000000,23.49300000,3099708.46600000
1610755200000,23.42600000,24.55000000,22.80200000,23.58000000,1747739.78200000
1610841600000,23.60500000,24.70000000,22.20400000,23.84100000,1457405.58600000
1610928000000,23.83100000,28.34900000,23.04300000,27.05500000,3720730.13600000
1611014400000,27.08300000,28.86800000,26.22200000,26.27300000,2500772.97100000
1611100800000,26.26800000,26.82000000,23.81100000,26.07200000,2245161.95700000
1611187200000,26.08000000,26.24000000,21.96400000,22.09600000,2010814.49800000
1611273600000,22.10300000,24.51800000,20.77000000,23.46900000,1718725.20300000
1611360000000,23.43500000,25.43000000,23.02500000,24.42500000,1594383.34900000
1611446400000,24.40900000,25.61400000,23.59700000,24.40100000,1183062.31300000
1611532800000,24.40800000,25.24900000,23.09300000,23.31300000,986933.82200000
1611619200000,23.30900000,24.00000000,22.31700000,23.15800000,894487.54300000
1611705600000,23.14000000,23.19100000,20.33300000,21.03300000,1084209.79300000
1611792000000,21.02200000,22.93600000,20.65200000,22.24500000,948203.36200000
1611878400000,22.24100000,23.88800000,21.83200000,22.54900000,1604427.23200000
1611964800000,22.56600000,22.90000000,21.81000000,22.86400000,877622.07300000
1612051200000,22.86400000,24.81900000,21.55400000,22.27600000,1404507.66400000
1612137600000,22.27700000,23.98800000,21.78800000,23.11900000,1692486.64800000
1612224000000,23.09200000,23.85600000,22.47300000,23.74000000,979287.40700000
1612310400000,23.74200000,24.97200000,23.46900000,24.66200000,1320450.69900000
1612396800000,24.66900000,25.05100000,22.92200000,23.75000000,1314825.18100000
1612483200000,23.73100000,26.46000000,23.58900000,26.07000000,1861334.64900000
1612569600000,26.07900000,26.30000000,24.36000000,24.83400000,1418905.25800000
1612656000000,24.83800000,25.62900000,23.37100000,24.52600000,1455011.62600000
1612742400000,24.51200000,27.77700000,23.96500000,27.38000000,2156817.58500000
1612828800000,27.38500000,32.08800000,26.43200000,31.06500000,4176764.19500000
1612915200000,31.07900000,36.50000000,29.61000000,33.39000000,5022362.53400000
1613001600000,33.43400000,38.80000000,32.71000000,36.29700000,3315072.80100000
1613088000000,36.27400000,38.40000000,35.01200000,37.57200000,2105044.82500000
1613174400000,37.57100000,43.60000000,35.50000000,42.41500000,3470052.64300000
1613260800000,42.45800000,47.44400000,40.40000000,43.94200000,3460516.77500000
1613347200000,43.93500000,45.47400000,36.30000000,41.57500000,3477834.17300000
1613433600000,41.60200000,44.86000000,39.40900000,40.94500000,1873093.20700000
1613520000000,40.94600000,43.95100000,38.64200000,42.55100000,1525803.75000000
1613606400000,42.54700000,44.97700000,41.01000000,43.78300000,1536870.81700000
1613692800000,43.80800000,49.78000000,41.65400000,47.84700000,2520631.54900000
1613779200000,47.82400000,49.89200000,40.87700000,43.86600000,2216943.88700000
1613865600000,43.86600000,54.98400000,42.70000000,54.90000000,4091562.13000000
1613952000000,54.85700000,55.44400000,40.42500000,46.87900000,3908613.86300000
1614038400000,46.90700000,47.54800000,31.30100000,38.65000000,4544604.37600000
1614124800000,38.70800000,44.28900000,36.84100000,40.61900000,2410810.09500000
1614211200000,40.66000000,43.00000000,38.02200000,38.54100000,1463229.35000000
1614297600000,38.46900000,39.90200000,35.16800000,37.68000000,1891468.34400000
1614384000000,37.66000000,39.56900000,36.34900000,37.28000000,1063358.92000000
1614470400000,37.25800000,37.50000000,31.85800000,35.26100000,1742859.09000000
1614556800000,35.22900000,38.74600000,35.00900000,38.12000000,1272291.54600000
1614643200000,38.12000000,39.45200000,36.08400000,37.73300000,1189195.27100000
1614729600000,37.71600000,41.39600000,37.33500000,39.60000000,1478286.73900000
1614816000000,39.60000000,41.10000000,36.73300000,37.82700000,1147760.27400000
1614902400000,37.83300000,38.12000000,35.70100000,37.40800000,898071.55800000
1614988800000,37.40400000,38.58800000,36.56400000,38.07900000,585585.34100000
1615075200000,38.10000000,39.39000000,38.02600000,39.27900000,616873.28900000
1615161600000,39.27900000,40.15700000,37.82500000,40.11300000,892016.51500000
1615248000000,40.11700000,43.07900000,39.64000000,42.58700000,1274584.31000000
1615334400000,42.58600000,43.07900000,39.82400000,40.86700000,1195824.04400000
1615420800000,40.86800000,42.66200000,39.01500000,41.93700000,1087173.78600000
1615507200000,41.96700000,42.06400000,38.43000000,39.89500000,1004438.47200000
1615593600000,39.88800000,42.50000000,38.36000000,42.04400000,1043969.71600000
1615680000000,42.08000000,42.93900000,39.55000000,39.61600000,815769.69800000
1615766400000,39.56100000,40.96000000,37.23300000,38.59700000,1158234.06200000
1615852800000,38.59600000,40.94500000,37.43000000,40.79300000,949922.23000000
1615939200000,40.81300000,46.56300000,40.12000000,46.42800000,2522575.52600000
1616025600000,46.42800000,48.00100000,43.09000000,43.64300000,1440993.50400000
1616112000000,43.64500000,45.63000000,42.41300000,44.02300000,735221.00500000
1616198400000,44.01200000,45.46500000,42.85000000,43.08000000,841664.29600000
1616284800000,43.07200000,43.55000000,41.07200000,42.42100000,798237.91800000
1616371200000,42.45200000,44.22200000,40.14300000,40.69500000,1018378.36800000
1616457600000,40.70000000,42.35000000,40.06200000,41.08100000,899444.10700000
1616544000000,41.05300000,45.39400000,37.76300000,39.52900000,2026420.52600000
1616630400000,39.53800000,40.94800000,37.42100000,38.63200000,1584310.55500000
1616716800000,38.63300000,41.98300000,38.62100000,41.65200000,921573.76300000
1616803200000,41.68400000,42.70000000,40.33500000,41.10600000,766260.92200000
1616889600000,41.11300000,45.00000000,40.80100000,44.76300000,1890169.29600000
1616976000000,44.75300000,46.52300000,43.37200000,45.49900000,1316310.55300000
1617062400000,45.49600000,46.09800000,44.20200000,44.94700000,824951.51500000
1617148800000,44.97000000,52.22000000,42.46600000,50.77800000,2591126.52900000
1617235200000,50.77800000,53.85300000,50.25000000,52.32600000,2146651.45600000
1617321600000,52.36400000,55.27200000,50.93700000,52.95800000,1249746.53000000
1617408000000,52.96100000,56.96000000,50.42200000,50.70900000,1693789.38000000
1617494400000,50.73300000,54.61600000,49.61000000,54.56700000,967603.06300000
1617580800000,54.56600000,59.69000000,51.61800000,59.06800000,1771998.19700000
1617667200000,59.09200000,64.75000000,57.52000000,63.03600000,2811251.81400000
1617753600000,63.03600000,68.50000000,56.35400000,59.77800000,3129801.64600000
1617840000000,59.78400000,63.36900000,58.04900000,63.35100000,1164107.37100000
1617926400000,63.31900000,63.42200000,60.10000000,60.80100000,835889.10200000
1618012800000,60.79900000,63.38900000,59.39100000,61.68500000,999466.92100000
1618099200000,61.69100000,66.80000000,60.90000000,63.92200000,1483054.84000000
1618185600000,63.88700000,64.99200000,60.71400000,64.65000000,1154656.33700000
1618272000000,64.60100000,68.40000000,62.15300000,66.58700000,1428317.47700000
1618358400000,66.64300000,70.94300000,63.50500000,69.12000000,1882780.33300000
1618444800000,69.15800000,75.00000000,66.46200000,74.82900000,1332624.75300000
1618531200000,74.81300000,88.18900000,74.09900000,86.83300000,3930844.84000000
1618617600000,86.92100000,105.77000000,85.93300000,93.96000000,4331271.23600000
1618704000000,93.95600000,120.98900000,73.00000000,119.84100000,6366966.96200000
1618790400000,119.84000000,133.83700000,102.69200000,109.12900000,7982318.41100000
1618876800000,109.00700000,118.00000000,97.65200000,108.13800000,4124037.80500000
1618963200000,108.13800000,109.24100000,93.99800000,96.84600000,2180548.75100000
1619049600000,96.82300000,105.18100000,85.00000000,89.82800000,3119238.21600000
1619136000000,89.76500000,91.63900000,73.33600000,86.09600000,3580640.09700000
1619222400000,86.10200000,90.50000000,78.73400000,79.54400000,2115519.94700000
1619308800000,79.50100000,88.20000000,74.11100000,79.59600000,1754821.19400000
1619395200000,79.59500000,91.50000000,78.80000000,90.20600000,1865354.39700000
1619481600000,90.15800000,95.71400000,88.66900000,94.11700000,1384690.05000000
1619568000000,94.11700000,97.95000000,86.44400000,91.79500000,1354291.12500000
1619654400000,91.83900000,93.34800000,86.12600000,89.44800000,870863.16500000
1619740800000,89.44800000,99.73000000,87.92100000,96.96500000,1349684.32000000
1619827200000,96.96900000,104.01700000,93.60000000,102.20000000,1178695.16300000
1619913600000,102.20300000,110.00000000,98.65200000,106.81700000,1879354.95900000
1620000000000,106.81700000,114.09400000,105.33900000,107.04600000,1378038.33800000
1620086400000,107.07800000,107.44100000,93.61000000,96.46800000,2062765.47800000
1620172800000,96.46800000,116.86800000,95.22200000,114.88300000,2297326.64800000
1620259200000,114.88300000,128.00000000,109.51100000,122.79400000,3970508.93700000
1620345600000,122.82500000,141.00000000,110.30000000,117.78400000,4003658.17700000
1620432000000,117.71600000,121.43300000,111.52400000,116.47300000,1386749.83100000
1620518400000,116.36600000,122.56000000,110.25900000,119.59900000,1459595.44300000
1620604800000,119.59900000,122.00000000,96.14600000,104.94300000,1637967.49700000
1620691200000,104.76000000,116.66500000,100.18600000,115.72400000,1439359.15000000
1620777600000,115.69500000,116.50000000,92.00000000,94.28600000,1633828.36900000
1620864000000,94.03700000,102.13800000,88.23000000,96.68600000,1718237.34000000
1620950400000,96.55900000,103.69400000,94.98400000,100.86200000,897730.79800000
1621036800000,100.78200000,102.00000000,91.15300000,92.73500000,925963.32300000
1621123200000,92.61200000,101.37500000,86.50800000,92.91100000,1211720.54800000
1621209600000,92.90000000,92.95800000,79.77700000,85.63400000,1686361.26100000
1621296000000,85.64400000,92.23700000,84.21600000,87.42100000,927305.70000000
1621382400000,87.45800000,89.16800000,40.00000000,55.12400000,4061913.64000000
1621468800000,55.15500000,72.52000000,49.13600000,71.70500000,2288224.68700000
1621555200000,71.57000000,73.30000000,50.03000000,57.85100000,2462209.31800000
1621641600000,57.91800000,58.35200000,49.16600000,51.38500000,1670948.60500000
1621728000000,51.39400000,56.95000000,35.46200000,43.10300000,3326567.92100000
1621814400000,43.12500000,54.47000000,41.33600000,54.04000000,2166900.47600000
1621900800000,54.04600000,59.61700000,50.93800000,56.59900000,2234507.27300000
1621987200000,56.52200000,63.50000000,55.03300000,62.50000000,1280535.60600000
1622073600000,62.49600000,66.68200000,56.69700000,62.94700000,1561098.76100000
1622160000000,62.92400000,63.20000000,52.29600000,54.42100000,1357195.08100000
1622246400000,54.41100000,56.88700000,47.98300000,50.09200000,865195.36500000
1622332800000,50.15600000,53.57700000,46.83100000,51.57900000,735255.53300000
1622419200000,51.51400000,56.00000000,49.33000000,55.86500000,678376.73300000
1622505600000,55.86800000,56.79900000,52.20000000,53.95100000,648192.68800000
1622592000000,53.95900000,60.35400000,52.50100000,57.80000000,971493.57500000
1622678400000,57.75700000,62.70000000,57.47700000,61.32100000,1335133.85700000
1622764800000,61.33200000,62.57300000,53.13100000,56.25000000,1009496.42300000
1622851200000,56.24200000,60.67700000,53.92400000,55.63500000,791473.31300000
1622937600000,55.56300000,57.88600000,55.04700000,56.70000000,505841.87700000
1623024000000,56.69400000,58.36900000,50.58000000,51.08000000,643273.36300000
1623110400000,51.11200000,51.99500000,44.64300000,48.73500000,1075127.49900000
1623196800000,48.73200000,51.32900000,45.92200000,51.29700000,743161.40600000
1623283200000,51.32600000,54.99000000,49.60900000,50.56100000,1021835.87200000
1623369600000,50.54700000,51.00000000,46.59500000,47.44300000,565691.36600000
1623456000000,47.43000000,47.44400000,43.92300000,46.25000000,534805.63700000
1623542400000,46.24800000,49.55500000,44.57100000,49.20100000,459539.88700000
1623628800000,49.18700000,51.74400000,48.35500000,50.73500000,664071.27000000
1623715200000,50.75200000,52.00000000,49.12200000,50.13900000,551787.67500000
1623801600000,50.16600000,51.25000000,47.53300000,48.63900000,562499.89800000
1623888000000,48.65200000,50.67800000,47.69200000,48.62300000,408062.04500000
1623974400000,48.66800000,48.66800000,44.06300000,45.42200000,468756.71100000
1624060800000,45.44700000,46.55200000,44.31000000,44.44500000,273147.11000000
1624147200000,44.45500000,45.32600000,40.76100000,44.67900000,584767.76800000
1624233600000,44.70100000,44.94900000,31.85000000,32.04600000,1866102.05400000
1624320000000,32.04700000,34.41800000,25.90800000,30.11500000,3224149.73000000
1624406400000,30.12700000,35.06200000,28.61400000,33.45300000,1534060.69900000
1624492800000,33.47200000,35.50000000,31.54200000,34.97800000,735845.23700000
1624579200000,35.02700000,35.95000000,30.65300000,31.22900000,995422.63900000
1624665600000,31.21900000,32.65100000,29.31900000,31.16700000,960066.35400000
1624752000000,31.17000000,32.40300000,29.57100000,31.96100000,1204091.30200000
1624838400000,31.97200000,33.34700000,30.52100000,33.17100000,1195341.98900000
1624924800000,33.17300000,36.93900000,32.99900000,35.14800000,1495720.34800000
1625011200000,35.12600000,37.79700000,33.44400000,36.64800000,1798183.24500000
1625097600000,36.64800000,36.67500000,33.37500000,34.09700000,800890.52700000
1625184000000,34.09400000,35.52100000,33.36900000,35.43800000,817010.79200000
1625270400000,35.43900000,37.55600000,34.95600000,36.34800000,665897.65800000
1625356800000,36.33500000,38.75500000,35.48100000,37.54500000,703392.48900000
1625443200000,37.51800000,37.52000000,35.16200000,35.91600000,775188.84900000
1625529600000,35.96200000,37.98700000,35.83800000,36.88000000,510398.43700000
1625616000000,36.86400000,38.45100000,36.48200000,36.99800000,469757.28300000
1625702400000,37.01800000,37.05200000,33.17900000,34.01800000,745638.52900000
1625788800000,34.01400000,35.22700000,32.22200000,34.67400000,550068.03600000
1625875200000,34.69000000,35.44600000,33.19300000,34.06200000,395251.18700000
1625961600000,34.08400000,34.73500000,33.41700000,34.20300000,269254.34100000
1626048000000,34.22000000,35.24200000,32.70400000,33.74700000,526780.71200000
1626134400000,33.75500000,34.18100000,32.45000000,33.46300000,492492.71600000
1626220800000,33.48400000,33.59600000,30.78100000,32.83900000,537077.08000000
1626307200000,32.82900000,33.25900000,30.75000000,31.40600000,429366.71600000
1626393600000,31.40700000,31.91800000,29.54300000,29.66500000,538317.06700000
1626480000000,29.68000000,30.37100000,28.94800000,29.58900000,396060.75500000
1626566400000,29.59100000,30.78200000,28.98600000,29.73300000,409000.52700000
1626652800000,29.71800000,29.92800000,27.60100000,27.70200000,432757.35800000
1626739200000,27.70700000,28.21000000,25.02300000,25.84500000,759531.28300000
1626825600000,25.84900000,28.89300000,25.22800000,27.90700000,851131.60800000
1626912000000,27.90700000,29.48200000,27.34100000,28.93000000,592681.71200000
1626998400000,28.92500000,29.74500000,27.90400000,29.56800000,542722.14800000
1627084800000,29.58000000,31.25300000,29.12700000,30.71200000,724652.62800000
1627171200000,30.69700000,31.11800000,29.56100000,30.75900000,454504.15300000
1627257600000,30.75600000,35.59600000,30.54800000,32.45100000,1681426.40000000
1627344000000,32.45000000,34.25200000,31.36300000,34.07200000,747489.57200000
1627430400000,34.03200000,34.82300000,32.91600000,34.55500000,739357.90300000
1627516800000,34.54800000,35.55000000,33.54000000,35.23100000,448415.45700000
1627603200000,35.23800000,42.56700000,33.62600000,41.66000000,2267609.18700000
1627689600000,41.66100000,48.50000000,40.50900000,45.81000000,3374040.02100000
1627776000000,45.82700000,45.91400000,41.25300000,42.10200000,1393554.14200000
1627862400000,42.11300000,46.74000000,41.09100000,43.38900000,1361259.45500000
1627948800000,43.38900000,43.92000000,40.71300000,41.47300000,584770.19100000
1628035200000,41.49000000,44.78200000,40.82200000,43.64000000,699085.42400000
1628121600000,43.65700000,44.39900000,41.38400000,43.89100000,684350.15100000
1628208000000,43.89700000,45.50000000,42.98300000,44.47300000,855640.15700000
1628294400000,44.46800000,48.37700000,44.00800000,46.95400000,1281371.27700000
1628380800000,46.93000000,48.20000000,43.89000000,45.05100000,915999.55500000
1628467200000,45.07500000,46.93700000,43.44400000,46.50100000,657587.77000000
1628553600000,46.49100000,47.66700000,44.46600000,46.68100000,1018350.88000000
1628640000000,46.69400000,50.98800000,46.69400000,48.74100000,1158531.57200000
1628726400000,48.69800000,52.96900000,46.25500000,48.61100000,1174406.30000000
1628812800000,48.64300000,56.00000000,47.98600000,55.42400000,1102349.72500000
1628899200000,55.41800000,57.00000000,52.68800000,55.80900000,1163267.10900000
1628985600000,55.80800000,59.90000000,52.70000000,58.91300000,1153964.56100000
1629072000000,58.92200000,60.18400000,55.50000000,56.34000000,1267615.88300000
1629158400000,56.33800000,58.14700000,51.36400000,51.86300000,1031807.17800000
1629244800000,51.81300000,53.43900000,48.60000000,51.55600000,1030835.34600000
1629331200000,51.58800000,54.43200000,49.11600000,54.33400000,832499.72000000
1629417600000,54.33000000,56.71000000,53.94700000,56.54200000,805751.41400000
1629504000000,56.53300000,57.35500000,54.91300000,55.36800000,693200.45300000
1629590400000,55.38000000,56.90000000,53.42600000,55.49500000,703899.53400000
1629676800000,55.46200000,62.00000000,55.02100000,60.76300000,2200964.23900000
1629763200000,60.76000000,62.98000000,54.61500000,55.52800000,1670306.48500000
1629849600000,55.52700000,57.16700000,52.40900000,56.30400000,1234576.85000000
1629936000000,56.31300000,58.92400000,51.03000000,51.39000000,888416.52800000
1630022400000,51.35000000,55.79000000,49.54000000,55.52000000,888631.98100000
1630108800000,55.47000000,56.16000000,53.26000000,54.51000000,456160.65500000
1630195200000,54.53000000,57.18000000,53.67000000,54.45000000,582784.31600000
1630281600000,54.44000000,54.56000000,51.05000000,51.58000000,580788.20000000
1630368000000,51.56000000,54.40000000,51.00000000,52.09000000,758648.07000000
1630454400000,52.12000000,55.45000000,50.26000000,55.19000000,1016035.08000000
1630540800000,55.20000000,57.00000000,54.37000000,55.41000000,773031.50000000
1630627200000,55.41000000,59.27000000,54.01000000,57.27000000,1104992.28900000
1630713600000,57.29000000,58.87000000,56.90000000,57.95000000,837922.54000000
1630800000000,57.97000000,66.28000000,57.50000000,65.78000000,2015207.27400000
1630886400000,65.78000000,66.83900000,61.03000000,63.62000000,1588677.44900000
1630972800000,63.66000000,64.25000000,43.48000000,49.84000000,2556545.43200000
1631059200000,49.88000000,51.42000000,44.25000000,49.14000000,1360420.95000000
1631145600000,49.11000000,52.31000000,48.23000000,50.62000000,845103.63000000
1631232000000,50.63000000,53.29000000,46.46000000,48.09000000,1047838.67000000
1631318400000,48.08000000,50.13000000,47.25000000,49.03000000,410215.37000000
1631404800000,49.02000000,51.98000000,47.58000000,51.56000000,603922.40000000
1631491200000,51.55000000,51.77000000,45.67000000,48.43000000,979063.00000000
1631577600000,48.42000000,52.17000000,47.85000000,51.83000000,928840.04000000
1631664000000,51.77000000,52.89000000,50.82000000,52.79000000,483661.87000000
1631750400000,52.78000000,53.10000000,49.17000000,50.62000000,601286.16000000
1631836800000,50.62000000,51.21000000,48.10000000,48.77000000,473503.59000000
1631923200000,48.77000000,50.76000000,48.08000000,49.65000000,451808.42000000
1632009600000,49.67000000,50.43000000,47.30000000,48.16000000,373237.11000000
1632096000000,48.14000000,48.26000000,40.74000000,41.57000000,893840.05200000
1632182400000,41.55000000,42.20000000,36.68000000,37.49000000,845146.66900000
1632268800000,37.49000000,43.47000000,36.59000000,42.93000000,657555.91000000
1632355200000,42.93000000,44.31000000,41.61000000,43.90000000,495637.72000000
1632441600000,43.90000000,44.14000000,37.65000000,39.74000000,752131.01000000
1632528000000,39.74000000,40.48000000,38.09000000,39.01000000,428780.74000000
1632614400000,39.01000000,39.85000000,35.82000000,38.72000000,631103.96500000
1632700800000,38.71000000,39.96000000,37.43000000,37.45000000,383235.90000000
1632787200000,37.45000000,38.12000000,35.74000000,35.93000000,378222.26000000
1632873600000,35.92000000,39.10000000,35.57000000,37.08000000,536794.19300000
1632960000000,37.09000000,39.31000000,36.88000000,39.25000000,445317.00000000
1633046400000,39.23000000,42.46000000,38.88000000,42.37000000,612956.66000000
1633132800000,42.36000000,43.58000000,41.63000000,42.33000000,449701.53000000
1633219200000,42.34000000,46.06000000,41.31000000,44.47000000,765653.41000000
1633305600000,44.47000000,45.02000000,41.42000000,43.01000000,490461.03000000
1633392000000,43.02000000,48.01000000,42.77000000,46.81000000,1136199.06000000
1633478400000,46.83000000,48.12000000,43.55000000,46.32000000,874521.74000000
1633564800000,46.32000000,47.40000000,44.91000000,46.08000000,554980.93000000
1633651200000,46.08000000,48.11000000,45.39000000,46.82000000,498656.42000000
1633737600000,46.83000000,50.00000000,46.20000000,48.74000000,694695.33000000
1633824000000,48.71000000,48.73000000,45.12000000,45.31000000,385177.53000000
1633910400000,45.29000000,47.04000000,43.82000000,45.12000000,381943.87000000
1633996800000,45.12000000,45.13000000,41.95000000,44.28000000,432329.86000000
1634083200000,44.31000000,44.96000000,42.93000000,44.83000000,373868.40000000
1634169600000,44.88000000,45.97000000,44.33000000,44.91000000,334141.69000000
1634256000000,44.91000000,45.69000000,43.29000000,44.73000000,467520.93000000
1634342400000,44.72000000,45.59000000,44.03000000,44.49000000,281576.87000000
1634428800000,44.49000000,44.79000000,41.53000000,43.26000000,320617.32000000
1634515200000,43.26000000,43.62000000,42.00000000,42.94000000,277418.65000000
1634601600000,42.94000000,43.74000000,42.44000000,42.91000000,259046.72000000
1634688000000,42.94000000,45.98000000,42.52000000,45.51000000,541541.95000000
1634774400000,45.51000000,47.35000000,43.94000000,45.01000000,551417.66000000
1634860800000,45.03000000,46.18000000,43.54000000,44.40000000,375800.50000000
1634947200000,44.44000000,45.19000000,43.71000000,44.74000000,244953.54000000
1635033600000,44.74000000,45.15000000,42.72000000,43.79000000,299592.20000000
1635120000000,43.77000000,45.00000000,43.47000000,44.55000000,300866.70000000
1635206400000,44.55000000,45.39000000,43.90000000,44.37000000,416247.74000000
1635292800000,44.39000000,45.24000000,36.91000000,39.23000000,953876.04000000
1635379200000,39.25000000,42.31000000,39.11000000,41.33000000,476136.85000000
1635465600000,41.36000000,43.28000000,40.98000000,43.28000000,328046.23000000
1635552000000,43.24000000,43.36000000,41.24000000,42.57000000,349466.50000000
1635638400000,42.58000000,46.60000000,42.34000000,44.67000000,912995.92000000
1635724800000,44.70000000,48.00000000,42.13000000,45.18000000,914739.54000000
1635811200000,45.21000000,46.64000000,44.78000000,46.39000000,468773.12000000
1635897600000,46.39000000,47.55000000,44.55000000,46.99000000,665616.10000000
1635984000000,46.99000000,47.98000000,45.05000000,46.40000000,498194.47000000
1636070400000,46.40000000,46.45000000,44.66000000,45.17000000,318537.76000000
1636156800000,45.16000000,45.65000000,42.55000000,45.00000000,382743.48000000
1636243200000,45.00000000,46.35000000,44.66000000,46.33000000,335557.29000000
1636329600000,46.34000000,50.88000000,45.78000000,50.59000000,1079625.43000000
1636416000000,50.63000000,53.50000000,49.96000000,52.54000000,1332611.60000000
1636502400000,52.57000000,53.13000000,45.30000000,48.22000000,1157109.48000000
1636588800000,48.18000000,50.11000000,47.21000000,48.52000000,588882.98000000
1636675200000,48.54000000,48.99000000,45.63000000,47.31000000,504107.79000000
1636761600000,47.31000000,49.82000000,46.67000000,49.05000000,408224.26000000
1636848000000,49.09000000,49.50000000,47.14000000,48.48000000,271460.41000000
1636934400000,48.51000000,49.19000000,46.80000000,47.07000000,383132.69000000
1637020800000,47.08000000,47.10000000,40.36000000,42.83000000,863435.88000000
1637107200000,42.81000000,43.60000000,41.16000000,43.28000000,410910.53000000
1637193600000,43.25000000,43.65000000,38.37000000,39.84000000,534548.74000000
1637280000000,39.82000000,41.75000000,39.27000000,41.51000000,314662.71000000
1637366400000,41.52000000,42.34000000,40.28000000,42.08000000,313557.90000000
1637452800000,42.08000000,42.78000000,41.28000000,41.57000000,305851.24000000
1637539200000,41.57000000,41.90000000,39.55000000,40.23000000,412060.64000000
1637625600000,40.23000000,40.72000000,39.26000000,40.28000000,348857.15000000
1637712000000,40.31000000,40.85000000,38.26000000,39.15000000,355840.80000000
1637798400000,39.15000000,41.58000000,38.82000000,41.14000000,410870.80000000
1637884800000,41.16000000,41.29000000,36.15000000,37.14000000,702754.17000000
1637971200000,37.16000000,38.47000000,36.98000000,37.53000000,280070.17000000
1638057600000,37.52000000,38.04000000,35.11000000,38.04000000,354906.77000000
1638144000000,38.01000000,38.58000000,37.06000000,38.39000000,293759.30000000
1638230400000,38.38000000,38.99000000,37.32000000,37.50000000,422834.02000000
1638316800000,37.52000000,38.38000000,36.78000000,37.36000000,367668.50000000
1638403200000,37.34000000,37.37000000,35.80000000,36.53000000,308038.25000000
1638489600000,36.55000000,38.30000000,33.66000000,35.04000000,646134.13300000
1638576000000,35.02000000,35.07000000,23.00000000,29.63000000,1827380.31400000
1638662400000,29.61000000,30.62000000,27.21000000,28.22000000,802304.16000000
1638748800000,28.21000000,29.59000000,25.98000000,29.37000000,876932.84000000
1638835200000,29.38000000,30.52000000,29.01000000,29.67000000,451817.64000000
1638921600000,29.69000000,31.63000000,29.13000000,31.14000000,761737.20000000
1639008000000,31.13000000,31.22000000,27.91000000,27.95000000,496391.41000000
1639094400000,27.93000000,28.82000000,26.68000000,26.76000000,514761.18000000
1639180800000,26.76000000,28.14000000,26.35000000,28.03000000,346831.83000000
1639267200000,28.05000000,28.46000000,27.27000000,28.13000000,250077.47000000
1639353600000,28.13000000,28.26000000,24.81000000,25.32000000,469965.74000000
1639440000000,25.29000000,26.73000000,24.87000000,26.34000000,441974.88000000
1639526400000,26.32000000,27.51000000,24.87000000,27.14000000,455766.00000000
1639612800000,27.14000000,28.95000000,26.33000000,26.43000000,576118.23000000
1639699200000,26.42000000,27.08000000,24.72000000,25.40000000,472289.08000000
1639785600000,25.40000000,26.24000000,24.93000000,25.86000000,242180.70000000
1639872000000,25.84000000,26.40000000,25.25000000,25.31000000,229411.90000000
1639958400000,25.29000000,25.84000000,24.04000000,25.65000000,479390.42000000
1640044800000,25.65000000,26.62000000,25.42000000,26.38000000,321992.59000000
1640131200000,26.38000000,27.99000000,26.24000000,27.30000000,383364.24000000
1640217600000,27.30000000,29.88000000,26.97000000,29.69000000,539796.43000000
1640304000000,29.70000000,29.88000000,28.66000000,28.95000000,352790.75000000
1640390400000,28.96000000,30.12000000,28.83000000,29.45000000,276962.14000000
1640476800000,29.45000000,29.64000000,28.62000000,29.52000000,248900.18000000
1640563200000,29.54000000,30.58000000,29.41000000,29.58000000,313178.37000000
1640649600000,29.57000000,29.57000000,26.58000000,27.00000000,455990.40000000
1640736000000,27.00000000,27.24000000,25.87000000,26.06000000,314933.70000000
1640822400000,26.06000000,26.75000000,25.22000000,26.14000000,334145.89000000
1640908800000,26.13000000,26.88000000,24.98000000,25.69000000,317180.89000000
1640995200000,25.67000000,26.54000000,25.67000000,26.38000000,212078.03000000
1641081600000,26.38000000,27.31000000,26.08000000,27.01000000,302251.16000000
1641168000000,27.00000000,27.33000000,25.96000000,26.63000000,320062.77000000
1641254400000,26.63000000,26.94000000,25.90000000,26.03000000,409667.74000000
1641340800000,26.02000000,27.22000000,23.53000000,24.44000000,568643.60000000
1641427200000,24.44000000,24.89000000,23.69000000,24.75000000,401818.58000000
1641513600000,24.73000000,24.80000000,22.75000000,23.65000000,534908.38700000
1641600000000,23.67000000,25.00000000,22.48000000,23.07000000,448333.40400000
1641686400000,23.08000000,24.12000000,22.91000000,23.66000000,251764.81000000
1641772800000,23.66000000,24.26000000,21.83000000,22.68000000,468268.78300000
1641859200000,22.66000000,23.88000000,22.56000000,23.82000000,281865.63000000
1641945600000,23.83000000,25.01000000,23.76000000,24.76000000,294437.06000000
1642032000000,24.74000000,24.91000000,23.42000000,23.53000000,243952.81000000
1642118400000,23.51000000,25.09000000,23.32000000,24.86000000,338884.12000000
1642204800000,24.88000000,25.97000000,24.82000000,25.32000000,361988.05000000
1642291200000,25.31000000,25.44000000,24.68000000,25.16000000,180513.89000000
1642377600000,25.16000000,25.23000000,23.48000000,23.95000000,249091.37000000
1642464000000,23.95000000,25.89000000,23.43000000,25.42000000,819299.26000000
1642550400000,25.41000000,26.07000000,23.64000000,23.83000000,607334.27000000
1642636800000,23.86000000,24.67000000,22.56000000,22.71000000,322255.57000000
1642723200000,22.71000000,22.94000000,19.21000000,19.56000000,795151.34800000
1642809600000,19.57000000,20.04000000,16.22000000,17.84000000,1178087.49900000
1642896000000,17.84000000,18.91000000,17.65000000,18.61000000,454327.01000000
1642982400000,18.59000000,18.60000000,16.11000000,18.11000000,840943.25000000
1643068800000,18.12000000,18.37000000,17.57000000,18.24000000,417506.20000000
1643155200000,18.25000000,19.85000000,17.70000000,18.14000000,619714.92000000
1643241600000,18.14000000,18.49000000,17.21000000,18.08000000,415447.46000000
1643328000000,18.07000000,19.09000000,17.79000000,19.04000000,295590.97000000
1643414400000,19.04000000,19.67000000,18.95000000,19.33000000,281554.99000000
1643500800000,19.34000000,20.21000000,19.00000000,19.57000000,244423.81000000
1643587200000,19.58000000,19.77000000,18.57000000,19.71000000,288736.10000000
1643673600000,19.71000000,20.45000000,19.61000000,19.88000000,244327.03000000
1643760000000,19.88000000,21.66000000,19.86000000,20.12000000,688518.48000000
1643846400000,20.14000000,20.43000000,19.26000000,20.21000000,311088.18000000
1643932800000,20.19000000,22.49000000,20.09000000,22.41000000,790933.82000000
1644019200000,22.40000000,22.98000000,21.78000000,22.10000000,448387.81000000
1644105600000,22.10000000,22.62000000,21.52000000,22.55000000,219718.07000000
1644192000000,22.55000000,23.86000000,22.15000000,23.74000000,416689.49000000
1644278400000,23.73000000,24.11000000,21.84000000,23.02000000,513512.96000000
1644364800000,23.02000000,24.10000000,22.43000000,24.02000000,365048.88000000
1644451200000,24.02000000,25.50000000,23.50000000,23.78000000,956463.34000000
1644537600000,23.79000000,25.67000000,21.75000000,22.21000000,611142.82000000
1644624000000,22.21000000,22.36000000,21.10000000,21.52000000,486402.56000000
1644710400000,21.52000000,22.22000000,20.89000000,21.74000000,309934.55000000
1644796800000,21.75000000,21.81000000,20.67000000,21.29000000,329175.04000000
1644883200000,21.30000000,22.80000000,21.26000000,22.66000000,283961.88000000
1644969600000,22.66000000,26.11000000,22.40000000,25.69000000,1943434.77000000
1645056000000,25.68000000,25.90000000,23.27000000,23.65000000,1067668.08000000
1645142400000,23.66000000,27.21000000,23.39000000,26.19000000,3040666.76000000
1645228800000,26.20000000,27.43000000,24.46000000,24.98000000,1608184.76000000
1645315200000,24.98000000,26.27000000,22.65000000,23.06000000,1249805.50000000
1645401600000,23.07000000,24.17000000,19.93000000,20.15000000,1458860.43000000
1645488000000,20.15000000,20.77000000,19.22000000,20.59000000,1085119.53000000
1645574400000,20.58000000,21.06000000,19.34000000,19.50000000,824264.10000000
1645660800000,19.50000000,21.45000000,16.97000000,21.31000000,1808369.28000000
1645747200000,21.31000000,21.74000000,19.84000000,21.52000000,1172481.28000000
1645833600000,21.52000000,22.17000000,20.60000000,20.98000000,553435.85000000
1645920000000,20.99000000,21.18000000,19.43000000,19.90000000,589838.46000000
1646006400000,19.90000000,23.17000000,19.53000000,23.07000000,998921.91000000
1646092800000,23.07000000,25.30000000,23.02000000,24.21000000,1349543.83000000
1646179200000,24.21000000,24.63000000,23.29000000,23.95000000,654350.47000000
1646265600000,23.95000000,25.41000000,22.93000000,23.62000000,858094.60000000
1646352000000,23.61000000,23.61000000,21.10000000,21.52000000,486300.90000000
1646438400000,21.53000000,21.94000000,20.66000000,21.75000000,277902.09000000
1646524800000,21.75000000,21.91000000,20.39000000,20.48000000,279554.53000000
1646611200000,20.48000000,21.06000000,19.50000000,20.30000000,399165.40000000
1646697600000,20.30000000,20.79000000,20.07000000,20.51000000,317195.69000000
1646784000000,20.50000000,21.82000000,20.49000000,21.27000000,451608.39000000
1646870400000,21.30000000,21.45000000,19.70000000,20.68000000,566087.47000000
1646956800000,20.68000000,21.25000000,19.94000000,20.04000000,519722.01000000
1647043200000,20.04000000,20.55000000,19.93000000,20.03000000,208459.44000000
1647129600000,20.02000000,20.37000000,18.94000000,19.03000000,287562.32000000
1647216000000,19.03000000,19.62000000,18.76000000,19.59000000,286825.89000000
1647302400000,19.59000000,19.68000000,18.78000000,19.48000000,275687.51000000
1647388800000,19.48000000,20.72000000,19.28000000,20.63000000,465509.76000000
1647475200000,20.63000000,21.18000000,20.46000000,20.67000000,325494.57000000
1647561600000,20.66000000,21.12000000,20.03000000,21.06000000,245058.05000000
1647648000000,21.07000000,22.20000000,21.06000000,22.04000000,290961.17000000
1647734400000,22.03000000,23.79000000,21.85000000,22.70000000,1082546.32000000
1647820800000,22.70000000,23.18000000,21.89000000,22.59000000,577757.07000000
1647907200000,22.59000000,24.04000000,22.49000000,23.87000000,669885.25000000
1647993600000,23.86000000,25.04000000,23.86000000,24.34000000,855004.19000000
1648080000000,24.33000000,24.50000000,23.53000000,24.40000000,511854.11000000
1648166400000,24.40000000,25.30000000,23.51000000,24.16000000,574437.44000000
1648252800000,24.16000000,24.77000000,24.02000000,24.73000000,318070.35000000
1648339200000,24.74000000,26.39000000,23.96000000,26.05000000,818044.83000000
1648425600000,26.05000000,26.99000000,25.07000000,25.33000000,706303.50000000
1648512000000,25.32000000,29.34000000,25.26000000,26.84000000,1589114.04000000
1648598400000,26.84000000,29.39000000,25.89000000,28.36000000,1307665.82000000
1648684800000,28.36000000,29.63000000,26.49000000,26.90000000,1003848.59000000
1648771200000,26.91000000,28.21000000,25.55000000,28.03000000,585339.38000000
1648857600000,28.03000000,28.82000000,27.32000000,27.53000000,490065.12000000
1648944000000,27.54000000,28.60000000,26.82000000,28.00000000,349444.95000000
1649030400000,28.00000000,28.03000000,26.10000000,27.18000000,393206.70000000
1649116800000,27.18000000,27.43000000,25.70000000,25.76000000,334269.97000000
1649203200000,25.74000000,25.75000000,22.37000000,22.46000000,760789.58000000
1649289600000,22.45000000,23.44000000,22.19000000,23.27000000,419996.72000000
1649376000000,23.24000000,23.52000000,21.61000000,21.85000000,391530.08000000
1649462400000,21.83000000,22.58000000,21.82000000,22.54000000,211439.00000000
1649548800000,22.54000000,22.84000000,21.54000000,21.58000000,207782.91000000
1649635200000,21.58000000,21.78000000,19.26000000,19.69000000,610602.92000000
1649721600000,19.70000000,20.74000000,19.55000000,20.39000000,347208.39000000
1649808000000,20.39000000,21.35000000,20.13000000,21.26000000,336049.44000000
1649894400000,21.28000000,21.53000000,20.23000000,20.60000000,294443.43000000
1649980800000,20.60000000,21.34000000,20.48000000,21.09000000,231393.79000000
1650067200000,21.09000000,21.80000000,20.97000000,21.57000000,298966.50000000
1650153600000,21.57000000,22.05000000,20.39000000,20.50000000,291105.24000000
1650240000000,20.50000000,21.43000000,19.78000000,21.30000000,414562.58000000
1650326400000,21.30000000,22.14000000,21.07000000,22.10000000,225480.80000000
1650412800000,22.10000000,22.19000000,21.17000000,21.51000000,316121.64000000
1650499200000,21.49000000,22.62000000,20.44000000,20.82000000,425518.79000000
1650585600000,20.82000000,21.37000000,20.72000000,21.10000000,317965.50000000
1650672000000,21.10000000,21.43000000,20.67000000,20.92000000,172586.57000000
1650758400000,20.93000000,21.08000000,20.17000000,20.20000000,173333.13000000
1650844800000,20.19000000,20.26000000,18.71000000,20.03000000,401755.81000000
1650931200000,20.03000000,20.45000000,18.25000000,18.59000000,394422.01000000
1651017600000,18.57000000,19.20000000,18.40000000,19.03000000,244938.03000000
1651104000000,19.03000000,19.35000000,18.65000000,18.83000000,254411.52000000
1651190400000,18.83000000,19.05000000,17.64000000,17.94000000,339274.23000000
1651276800000,17.96000000,18.59000000,16.52000000,16.75000000,474204.74000000
1651363200000,16.73000000,17.81000000,16.42000000,17.66000000,365986.57000000
1651449600000,17.66000000,18.05000000,16.92000000,17.58000000,309571.11000000
1651536000000,17.59000000,18.37000000,17.15000000,17.58000000,297952.34000000
1651622400000,17.59000000,19.57000000,17.51000000,19.37000000,492868.14000000
1651708800000,19.36000000,19.58000000,16.77000000,17.19000000,587097.47000000
1651795200000,17.19000000,17.27000000,16.51000000,16.92000000,407358.59000000
1651881600000,16.92000000,17.04000000,15.92000000,16.29000000,270603.63700000
1651968000000,16.29000000,19.99000000,15.69000000,15.92000000,447320.73000000
1652054400000,15.93000000,16.35000000,13.22000000,13.30000000,917358.90100000
1652140800000,13.29000000,15.02000000,12.91000000,13.82000000,971716.17700000
1652227200000,13.82000000,14.10000000,9.96000000,10.56000000,2282912.48400000
1652313600000,10.56000000,11.12000000,8.44000000,9.80000000,2937187.93100000
1652400000000,9.80000000,11.29000000,9.66000000,10.23000000,1038096.06000000
1652486400000,10.23000000,10.77000000,9.61000000,10.68000000,625335.68000000
1652572800000,10.67000000,11.04000000,10.23000000,11.03000000,459582.74000000
1652659200000,11.02000000,11.02000000,9.89000000,10.26000000,565464.48000000
1652745600000,10.27000000,11.20000000,10.26000000,10.99000000,612469.45000000
1652832000000,10.98000000,11.19000000,9.84000000,9.89000000,659669.30000000
1652918400000,9.89000000,10.66000000,9.55000000,10.51000000,664270.85000000
1653004800000,10.51000000,10.80000000,9.88000000,10.13000000,466263.56000000
1653091200000,10.13000000,10.62000000,9.96000000,10.37000000,309483.99000000
1653177600000,10.36000000,10.95000000,10.23000000,10.87000000,327586.64000000
1653264000000,10.86000000,12.65000000,10.82000000,11.38000000,2337189.14000000
1653350400000,11.38000000,11.41000000,10.42000000,11.27000000,878406.62000000
1653436800000,11.26000000,12.00000000,11.25000000,11.66000000,1014853.15000000
1653523200000,11.65000000,12.24000000,10.13000000,10.71000000,1208663.27000000
1653609600000,10.71000000,11.34000000,10.16000000,10.29000000,1422835.89000000
1653696000000,10.28000000,10.66000000,10.10000000,10.47000000,495201.78000000
1653782400000,10.48000000,10.64000000,10.13000000,10.64000000,362745.67000000
1653868800000,10.64000000,11.83000000,10.57000000,11.78000000,722112.29000000
1653955200000,11.78000000,11.89000000,11.20000000,11.57000000,540766.84000000
1654041600000,11.57000000,12.40000000,10.87000000,11.14000000,1227148.46000000
1654128000000,11.14000000,11.52000000,10.86000000,11.40000000,448905.02000000
1654214400000,11.41000000,11.77000000,10.90000000,11.16000000,384108.23000000
1654300800000,11.16000000,11.34000000,10.94000000,11.31000000,200062.42000000
1654387200000,11.31000000,11.99000000,11.06000000,11.46000000,635632.15000000
1654473600000,11.45000000,13.40000000,11.45000000,12.15000000,1339639.09000000
1654560000000,12.15000000,12.17000000,11.22000000,11.86000000,618195.74000000
1654646400000,11.85000000,12.86000000,11.47000000,12.01000000,1046973.07000000
1654732800000,12.02000000,12.40000000,11.75000000,12.04000000,383162.05000000
1654819200000,12.04000000,12.05000000,10.93000000,11.41000000,520014.35000000
1654905600000,11.43000000,11.71000000,10.50000000,10.94000000,674690.65000000
1654992000000,10.95000000,13.34000000,10.05000000,11.63000000,3513751.28000000
1655078400000,11.62000000,12.27000000,9.39000000,9.85000000,3345701.91000000
1655164800000,9.85000000,9.99000000,8.96000000,9.70000000,1414799.01000000
1655251200000,9.69000000,10.02000000,8.43000000,10.00000000,1995351.56000000
1655337600000,10.00000000,10.19000000,8.68000000,8.84000000,875997.74000000
1655424000000,8.83000000,9.32000000,8.77000000,9.05000000,427179.74000000
1655510400000,9.06000000,9.21000000,7.94000000,8.52000000,851290.15000000
1655596800000,8.52000000,9.19000000,8.15000000,9.08000000,687757.85000000
1655683200000,9.08000000,9.45000000,8.69000000,9.15000000,579631.55000000
1655769600000,9.14000000,9.70000000,9.01000000,9.22000000,541554.99000000
1655856000000,9.22000000,9.27000000,8.78000000,8.88000000,452136.42000000
1655942400000,8.89000000,9.39000000,8.87000000,9.31000000,385421.50000000
1656028800000,9.30000000,9.81000000,9.29000000,9.65000000,410988.65000000
1656115200000,9.65000000,9.91000000,9.27000000,9.74000000,352635.23000000
1656201600000,9.73000000,10.20000000,9.45000000,9.49000000,422090.36000000
1656288000000,9.48000000,9.92000000,9.38000000,9.50000000,374583.37000000
1656374400000,9.51000000,9.66000000,8.88000000,8.93000000,377236.10000000
1656460800000,8.94000000,9.04000000,8.47000000,8.63000000,578144.66000000
1656547200000,8.63000000,8.66000000,7.96000000,8.47000000,474927.49000000
1656633600000,8.47000000,8.74000000,8.08000000,8.21000000,571228.84000000
1656720000000,8.22000000,8.36000000,8.03000000,8.25000000,286775.43000000
1656806400000,8.25000000,8.39000000,8.04000000,8.30000000,320549.75000000
1656892800000,8.30000000,8.63000000,8.05000000,8.59000000,365999.04000000
1656979200000,8.60000000,8.66000000,8.09000000,8.38000000,483368.92000000
1657065600000,8.38000000,8.60000000,8.21000000,8.53000000,282284.75000000
1657152000000,8.53000000,9.39000000,8.46000000,9.27000000,520113.90000000
1657238400000,9.27000000,9.58000000,9.01000000,9.13000000,400778.45000000
1657324800000,9.14000000,9.59000000,9.12000000,9.37000000,311017.76000000
1657411200000,9.37000000,9.37000000,8.90000000,9.26000000,253289.30000000
1657497600000,9.25000000,9.27000000,8.29000000,8.36000000,314349.37000000
1657584000000,8.34000000,8.42000000,8.04000000,8.07000000,314184.86000000
1657670400000,8.08000000,8.58000000,7.81000000,8.56000000,515755.89000000
1657756800000,8.56000000,8.85000000,8.14000000,8.71000000,611097.55000000
1657843200000,8.70000000,9.08000000,8.68000000,8.85000000,393153.29000000
1657929600000,8.85000000,9.34000000,8.66000000,9.26000000,462994.93000000
1658016000000,9.27000000,9.63000000,9.12000000,9.32000000,402075.32000000
1658102400000,9.33000000,10.52000000,9.28000000,10.39000000,730300.55000000
1658188800000,10.39000000,10.68000000,9.96000000,10.50000000,647244.57000000
1658275200000,10.50000000,10.72000000,9.66000000,9.75000000,596920.08000000
1658361600000,9.74000000,9.92000000,9.31000000,9.87000000,426581.82000000
1658448000000,9.87000000,11.38000000,9.78000000,10.53000000,1299187.44000000
1658534400000,10.53000000,10.99000000,9.72000000,10.05000000,806749.83000000
1658620800000,10.04000000,10.61000000,9.91000000,10.26000000,602144.16000000
1658707200000,10.26000000,10.42000000,9.21000000,9.22000000,758870.26000000
1658793600000,9.23000000,9.30000000,8.82000000,9.28000000,513543.54000000
1658880000000,9.28000000,10.06000000,9.09000000,10.05000000,609906.45000000
1658966400000,10.06000000,11.27000000,10.05000000,11.01000000,1226589.75000000
1659052800000,11.00000000,12.08000000,11.00000000,11.30000000,1194436.34000000
1659139200000,11.30000000,11.97000000,11.06000000,11.35000000,930140.11000000
1659225600000,11.35000000,11.59000000,10.82000000,10.98000000,534415.38000000
1659312000000,10.98000000,11.63000000,10.92000000,11.16000000,737117.48000000
1659398400000,11.16000000,11.33000000,10.50000000,10.96000000,599065.60000000
1659484800000,10.97000000,11.18000000,10.60000000,10.73000000,376996.76000000
1659571200000,10.74000000,11.14000000,10.58000000,10.81000000,358428.64000000
1659657600000,10.82000000,11.95000000,10.78000000,11.81000000,732849.10000000
1659744000000,11.81000000,11.82000000,11.37000000,11.43000000,250809.02000000
1659830400000,11.44000000,11.62000000,11.20000000,11.46000000,210126.60000000
1659916800000,11.47000000,12.00000000,11.37000000,11.67000000,401527.19000000
1660003200000,11.67000000,11.74000000,10.88000000,11.01000000,388956.59000000
1660089600000,11.00000000,11.70000000,10.74000000,11.69000000,442277.43000000
1660176000000,11.68000000,12.57000000,11.66000000,11.72000000,660223.68000000
1660262400000,11.72000000,12.07000000,11.55000000,12.03000000,302399.41000000
1660348800000,12.03000000,12.23000000,11.86000000,12.00000000,241331.05000000
1660435200000,12.00000000,12.23000000,11.40000000,11.50000000,325717.42000000
1660521600000,11.52000000,11.81000000,11.04000000,11.28000000,444657.87000000
1660608000000,11.27000000,11.36000000,11.04000000,11.16000000,264289.46000000
1660694400000,11.16000000,11.88000000,10.84000000,10.96000000,598697.16000000
1660780800000,10.97000000,11.07000000,10.26000000,10.44000000,325901.63000000
1660867200000,10.43000000,10.44000000,9.40000000,9.54000000,701295.62000000
1660953600000,9.54000000,9.86000000,9.31000000,9.57000000,337326.34000000
1661040000000,9.57000000,10.01000000,9.50000000,9.89000000,172982.23000000
1661126400000,9.89000000,9.89000000,9.21000000,9.68000000,285041.74000000
1661212800000,9.68000000,10.03000000,9.39000000,9.95000000,312650.97000000
1661299200000,9.96000000,10.31000000,9.66000000,9.93000000,436183.20000000
1661385600000,9.93000000,10.25000000,9.86000000,9.99000000,269378.23000000
1661472000000,9.99000000,10.02000000,8.93000000,9.00000000,522888.71000000
1661558400000,9.02000000,9.24000000,8.87000000,9.13000000,321484.98000000
1661644800000,9.14000000,9.32000000,8.84000000,8.88000000,221975.43000000
1661731200000,8.88000000,9.43000000,8.79000000,9.39000000,260775.43000000
1661817600000,9.38000000,9.59000000,8.93000000,9.07000000,362640.90000000
1661904000000,9.08000000,9.36000000,8.99000000,9.03000000,262817.53000000
1661990400000,9.04000000,9.18000000,8.76000000,9.15000000,440392.80000000
1662076800000,9.15000000,9.35000000,8.94000000,9.04000000,352280.46000000
1662163200000,9.03000000,9.17000000,8.96000000,9.16000000,143184.04000000
1662249600000,9.16000000,9.56000000,9.07000000,9.50000000,246199.18000000
1662336000000,9.50000000,9.59000000,9.06000000,9.36000000,226330.02000000
1662422400000,9.35000000,9.56000000,8.52000000,8.54000000,551364.00000000
1662508800000,8.54000000,8.96000000,8.35000000,8.88000000,417344.00000000
1662595200000,8.88000000,9.59000000,8.71000000,9.44000000,535114.44000000
1662681600000,9.45000000,9.95000000,9.35000000,9.87000000,539444.43000000
1662768000000,9.87000000,10.11000000,9.71000000,9.89000000,446968.42000000
1662854400000,9.90000000,10.02000000,9.61000000,9.81000000,278713.29000000
1662940800000,9.81000000,10.26000000,9.64000000,9.91000000,663621.29000000
1663027200000,9.91000000,9.96000000,8.89000000,8.91000000,713029.10000000
1663113600000,8.90000000,9.15000000,8.84000000,9.10000000,266426.64000000
1663200000000,9.09000000,9.33000000,8.73000000,9.13000000,738804.23000000
1663286400000,9.14000000,9.26000000,8.74000000,8.99000000,512928.48000000
1663372800000,8.99000000,9.11000000,8.85000000,9.08000000,249064.87000000
1663459200000,9.07000000,9.12000000,8.13000000,8.24000000,385657.01000000
1663545600000,8.24000000,8.44000000,8.03000000,8.38000000,509361.87000000
1663632000000,8.38000000,8.51000000,8.19000000,8.34000000,446210.41000000
1663718400000,8.33000000,8.72000000,7.96000000,8.04000000,608396.73000000
1663804800000,8.04000000,8.51000000,8.03000000,8.44000000,337714.86000000
1663891200000,8.45000000,8.65000000,8.17000000,8.57000000,379176.76000000
1663977600000,8.57000000,8.68000000,8.37000000,8.41000000,214279.89000000
1664064000000,8.40000000,8.55000000,8.18000000,8.28000000,207624.51000000
1664150400000,8.27000000,8.41000000,8.08000000,8.40000000,293226.41000000
1664236800000,8.41000000,9.65000000,8.38000000,8.87000000,1298344.05000000
1664323200000,8.87000000,8.90000000,8.32000000,8.62000000,473638.86000000
1664409600000,8.62000000,8.80000000,8.43000000,8.78000000,271938.90000000
1664496000000,8.78000000,8.99000000,8.67000000,8.84000000,358534.26000000
1664582400000,8.85000000,8.93000000,8.72000000,8.77000000,130865.15000000
1664668800000,8.78000000,8.84000000,8.48000000,8.51000000,192865.92000000
1664755200000,8.51000000,8.79000000,8.42000000,8.73000000,245760.92000000
1664841600000,8.72000000,9.00000000,8.67000000,8.92000000,301355.97000000
1664928000000,8.93000000,8.93000000,8.59000000,8.74000000,170349.23000000
1665014400000,8.74000000,8.90000000,8.53000000,8.56000000,222886.65000000
1665100800000,8.56000000,8.59000000,8.38000000,8.50000000,184590.48000000
1665187200000,8.49000000,8.67000000,8.42000000,8.50000000,359598.48000000
1665273600000,8.50000000,8.57000000,8.44000000,8.53000000,83493.16000000
1665360000000,8.52000000,8.63000000,8.15000000,8.18000000,164150.66000000
1665446400000,8.19000000,8.19000000,7.93000000,8.03000000,192456.05000000
1665532800000,8.04000000,8.12000000,7.97000000,8.02000000,105824.30000000
1665619200000,8.02000000,8.04000000,7.31000000,7.89000000,469641.60000000
1665705600000,7.89000000,8.14000000,7.67000000,7.74000000,181013.35000000
1665792000000,7.74000000,7.85000000,7.67000000,7.72000000,99589.08000000
1665878400000,7.72000000,7.94000000,7.72000000,7.88000000,120258.06000000
1665964800000,7.88000000,8.07000000,7.80000000,8.04000000,124068.00000000
1666051200000,8.05000000,8.12000000,7.77000000,7.90000000,197200.09000000
1666137600000,7.90000000,7.93000000,7.61000000,7.69000000,166211.39000000
1666224000000,7.70000000,7.97000000,7.62000000,7.76000000,192625.37000000
1666310400000,7.75000000,7.87000000,7.53000000,7.85000000,144815.34000000
1666396800000,7.85000000,8.04000000,7.78000000,8.02000000,98025.59000000
1666483200000,8.04000000,8.71000000,7.88000000,8.54000000,1058108.86000000
1666569600000,8.54000000,8.59000000,8.14000000,8.21000000,388754.90000000
1666656000000,8.21000000,8.66000000,8.19000000,8.51000000,353097.46000000
1666742400000,8.51000000,8.65000000,8.42000000,8.58000000,344939.53000000
1666828800000,8.57000000,8.91000000,8.37000000,8.43000000,404643.83000000
1666915200000,8.43000000,8.72000000,8.35000000,8.63000000,270377.92000000
1667001600000,8.63000000,8.98000000,8.59000000,8.82000000,497043.60000000
1667088000000,8.82000000,8.92000000,8.47000000,8.59000000,252542.60000000
1667174400000,8.58000000,8.84000000,8.40000000,8.51000000,528557.33000000
1667260800000,8.51000000,8.61000000,8.36000000,8.43000000,187023.83000000
1667347200000,8.43000000,8.58000000,8.07000000,8.20000000,412711.83000000
1667433600000,8.21000000,8.55000000,8.18000000,8.36000000,262195.03000000
1667520000000,8.36000000,9.02000000,8.31000000,8.98000000,416126.30000000
1667606400000,8.97000000,9.19000000,8.88000000,9.04000000,344353.40000000
1667692800000,9.05000000,9.10000000,8.54000000,8.55000000,330102.17000000
1667779200000,8.56000000,8.83000000,8.37000000,8.64000000,267459.34000000
1667865600000,8.63000000,8.72000000,6.62000000,7.42000000,1230948.52200000
1667952000000,7.42000000,7.47000000,6.00000000,6.19000000,1270316.48800000
1668038400000,6.18000000,7.36000000,6.11000000,7.15000000,904401.15000000
1668124800000,7.16000000,7.22000000,6.52000000,6.82000000,842342.06000000
1668211200000,6.81000000,6.83000000,6.45000000,6.57000000,225406.64000000
1668297600000,6.57000000,8.17000000,6.29000000,6.65000000,1997307.78000000
1668384000000,6.65000000,6.81000000,6.19000000,6.74000000,1277125.79000000
1668470400000,6.73000000,6.99000000,6.63000000,6.80000000,540918.18000000
1668556800000,6.79000000,6.86000000,6.53000000,6.64000000,321045.59000000
1668643200000,6.64000000,6.72000000,6.52000000,6.58000000,263959.83000000
1668729600000,6.59000000,6.73000000,6.56000000,6.64000000,188282.78000000
1668816000000,6.65000000,6.80000000,6.55000000,6.79000000,148911.95000000
1668902400000,6.78000000,6.91000000,6.45000000,6.47000000,328638.44000000
1668988800000,6.47000000,6.67000000,6.27000000,6.43000000,760950.59000000
1669075200000,6.43000000,6.68000000,6.23000000,6.66000000,336656.00000000
1669161600000,6.65000000,7.01000000,6.61000000,6.99000000,407615.25000000
1669248000000,6.99000000,7.06000000,6.78000000,6.86000000,479090.80000000
1669334400000,6.86000000,6.93000000,6.67000000,6.87000000,267383.51000000
1669420800000,6.87000000,7.08000000,6.87000000,6.99000000,387750.30000000
1669507200000,7.00000000,7.04000000,6.81000000,6.84000000,139275.46000000
1669593600000,6.83000000,6.90000000,6.49000000,6.61000000,487135.33000000
1669680000000,6.62000000,6.80000000,6.52000000,6.68000000,762127.66000000
1669766400000,6.69000000,7.03000000,6.69000000,7.00000000,279018.04000000
1669852800000,7.00000000,7.02000000,6.74000000,6.79000000,187507.63000000
1669939200000,6.79000000,7.04000000,6.69000000,7.00000000,346006.60000000
1670025600000,6.99000000,7.03000000,6.79000000,6.81000000,559439.52000000
1670112000000,6.81000000,7.03000000,6.80000000,6.90000000,512911.72000000
1670198400000,6.91000000,7.05000000,6.83000000,6.94000000,221642.74000000
1670284800000,6.93000000,7.18000000,6.93000000,7.14000000,497225.06000000
1670371200000,7.14000000,7.15000000,6.71000000,6.85000000,410482.13000000
1670457600000,6.85000000,7.10000000,6.83000000,7.08000000,324585.92000000
1670544000000,7.09000000,7.15000000,6.99000000,7.04000000,275272.04000000
1670630400000,7.04000000,7.41000000,7.02000000,7.16000000,521539.15000000
1670716800000,7.15000000,7.37000000,7.15000000,7.23000000,353247.13000000
1670803200000,7.22000000,7.50000000,7.02000000,7.46000000,713789.42000000
1670889600000,7.45000000,7.47000000,7.08000000,7.30000000,721178.17000000
1670976000000,7.30000000,7.36000000,7.10000000,7.18000000,392591.23000000
1671062400000,7.17000000,7.33000000,7.03000000,7.29000000,411108.79000000
1671148800000,7.29000000,7.48000000,6.63000000,6.72000000,849699.56000000
1671235200000,6.72000000,6.72000000,6.40000000,6.69000000,406087.90000000
1671321600000,6.70000000,6.80000000,6.61000000,6.73000000,195030.13000000
1671408000000,6.74000000,6.81000000,6.13000000,6.30000000,303236.16000000
1671494400000,6.30000000,6.58000000,6.26000000,6.55000000,167486.83000000
1671580800000,6.55000000,6.55000000,6.38000000,6.46000000,112822.18000000
1671667200000,6.46000000,6.49000000,6.26000000,6.45000000,148800.31000000
1671753600000,6.45000000,6.53000000,6.39000000,6.42000000,120524.48000000
1671840000000,6.42000000,6.44000000,6.35000000,6.39000000,54068.86000000
1671926400000,6.39000000,6.41000000,6.19000000,6.26000000,129652.12000000
1672012800000,6.26000000,6.30000000,6.16000000,6.25000000,135924.89000000
1672099200000,6.25000000,6.31000000,6.14000000,6.20000000,166126.37000000
1672185600000,6.20000000,6.24000000,5.97000000,6.06000000,311274.11000000
1672272000000,6.07000000,6.22000000,5.97000000,6.17000000,221098.27000000
1672358400000,6.16000000,6.19000000,5.94000000,6.09000000,230424.42000000
1672444800000,6.09000000,6.20000000,6.07000000,6.14000000,81627.38000000
1672531200000,6.13000000,6.44000000,6.12000000,6.40000000,420267.15000000
1672617600000,6.39000000,6.55000000,6.30000000,6.53000000,216792.43000000
1672704000000,6.53000000,6.59000000,6.38000000,6.43000000,293997.82000000
1672790400000,6.43000000,6.65000000,6.40000000,6.59000000,312624.20000000
1672876800000,6.60000000,6.79000000,6.49000000,6.52000000,281049.12000000
1672963200000,6.52000000,6.59000000,6.31000000,6.56000000,229300.14000000
1673049600000,6.56000000,6.61000000,6.52000000,6.56000000,93357.91000000
1673136000000,6.56000000,6.77000000,6.46000000,6.74000000,161221.49000000
1673222400000,6.74000000,7.15000000,6.72000000,6.83000000,561397.84000000
1673308800000,6.83000000,6.95000000,6.69000000,6.88000000,302593.88000000
1673395200000,6.88000000,7.05000000,6.68000000,7.03000000,234569.25000000
1673481600000,7.03000000,7.20000000,6.73000000,7.18000000,501587.13000000
1673568000000,7.18000000,7.56000000,7.08000000,7.47000000,357035.56000000
1673654400000,7.47000000,8.08000000,7.29000000,7.68000000,676848.90000000
1673740800000,7.68000000,7.84000000,7.39000000,7.74000000,374578.38000000
1673827200000,7.73000000,8.00000000,7.32000000,7.60000000,413394.43000000
1673913600000,7.59000000,7.77000000,7.50000000,7.60000000,315014.07000000
1674000000000,7.60000000,7.81000000,7.09000000,7.18000000,588416.99000000
1674086400000,7.17000000,7.49000000,7.16000000,7.47000000,236250.19000000
1674172800000,7.46000000,7.95000000,7.37000000,7.94000000,243479.77000000
1674259200000,7.94000000,8.19000000,7.79000000,7.85000000,422912.25000000
1674345600000,7.86000000,8.21000000,7.84000000,8.00000000,361147.97000000
1674432000000,8.00000000,8.19000000,7.91000000,8.09000000,356847.75000000
1674518400000,8.08000000,8.45000000,7.69000000,7.76000000,519849.23000000
1674604800000,7.76000000,8.19000000,7.54000000,8.01000000,392898.10000000
1674691200000,8.02000000,8.40000000,7.99000000,8.22000000,569630.83000000
1674777600000,8.21000000,8.39000000,7.94000000,8.28000000,441007.56000000
1674864000000,8.28000000,8.49000000,8.08000000,8.25000000,243839.97000000
1674950400000,8.24000000,8.48000000,8.17000000,8.40000000,261515.19000000
1675036800000,8.39000000,8.47000000,7.89000000,8.06000000,834496.23000000
1675123200000,8.06000000,8.24000000,7.92000000,8.18000000,315502.02000000
1675209600000,8.17000000,8.46000000,7.85000000,8.43000000,435127.06000000
1675296000000,8.43000000,9.40000000,8.43000000,8.85000000,1432316.67000000
1675382400000,8.85000000,9.01000000,8.66000000,8.93000000,618083.07000000
1675468800000,8.94000000,9.19000000,8.76000000,8.85000000,359483.20000000
1675555200000,8.85000000,9.21000000,8.44000000,8.86000000,1039705.15000000
1675641600000,8.85000000,8.92000000,8.59000000,8.69000000,427017.56000000
1675728000000,8.69000000,9.15000000,8.65000000,9.12000000,467113.33000000
1675814400000,9.13000000,9.35000000,8.63000000,9.18000000,758978.31000000
1675900800000,9.18000000,10.75000000,8.72000000,8.93000000,3527991.33000000
1675987200000,8.93000000,10.00000000,8.89000000,9.03000000,2391959.52000000
1676073600000,9.04000000,9.05000000,8.73000000,8.92000000,520881.39000000
1676160000000,8.92000000,8.97000000,8.48000000,8.60000000,606728.67000000
1676246400000,8.59000000,8.63000000,8.08000000,8.40000000,587370.28000000
1676332800000,8.40000000,8.71000000,8.24000000,8.69000000,478823.08000000
1676419200000,8.69000000,9.29000000,8.60000000,9.28000000,352715.25000000
1676505600000,9.28000000,9.62000000,8.80000000,8.82000000,667950.76000000
1676592000000,8.82000000,9.92000000,8.80000000,9.57000000,823120.37000000
1676678400000,9.56000000,10.02000000,9.56000000,9.73000000,741644.66000000
1676764800000,9.73000000,11.26000000,9.58000000,10.42000000,1990238.27000000
1676851200000,10.41000000,14.84000000,10.23000000,14.67000000,7208752.83000000
1676937600000,14.66000000,15.80000000,13.18000000,13.40000000,4211417.02000000
1677024000000,13.40000000,14.29000000,12.78000000,13.52000000,2838794.87000000
1677110400000,13.52000000,13.88000000,12.64000000,12.79000000,1085161.01000000
1677196800000,12.78000000,12.81000000,11.39000000,11.64000000,1382541.92000000
1677283200000,11.64000000,12.10000000,11.04000000,11.38000000,1037935.02000000
1677369600000,11.38000000,12.73000000,11.24000000,12.45000000,1674882.52000000
1677456000000,12.44000000,13.86000000,12.37000000,13.22000000,2598098.22000000
1677542400000,13.22000000,13.27000000,11.94000000,11.98000000,991464.64000000
1677628800000,11.97000000,13.28000000,11.90000000,12.76000000,1211198.05000000
1677715200000,12.76000000,12.77000000,11.93000000,12.34000000,714464.86000000
1677801600000,12.34000000,12.53000000,11.00000000,11.67000000,833690.88000000
1677888000000,11.66000000,12.55000000,11.56000000,11.98000000,1507608.20000000
1677974400000,11.98000000,12.55000000,11.73000000,12.06000000,855471.49000000
1678060800000,12.05000000,12.07000000,11.51000000,11.79000000,518077.32000000
1678147200000,11.80000000,12.41000000,11.25000000,11.56000000,940208.77000000
1678233600000,11.56000000,11.56000000,10.32000000,10.51000000,698976.00000000
1678320000000,10.50000000,10.99000000,9.68000000,9.89000000,890325.78000000
1678406400000,9.89000000,9.94000000,9.15000000,9.81000000,965415.47000000
1678492800000,9.81000000,10.12000000,9.08000000,9.53000000,613590.87000000
1678579200000,9.53000000,10.33000000,9.16000000,10.31000000,779609.26000000
1678665600000,10.30000000,11.45000000,10.10000000,11.07000000,1558148.32000000
1678752000000,11.07000000,12.22000000,10.66000000,11.52000000,1124868.43000000
1678838400000,11.52000000,11.89000000,10.26000000,10.43000000,1042070.55000000
1678924800000,10.43000000,10.92000000,10.24000000,10.86000000,712747.14000000
1679011200000,10.85000000,12.65000000,10.83000000,12.60000000,1744161.90000000
1679097600000,12.60000000,13.01000000,11.64000000,11.83000000,1269459.38000000
1679184000000,11.83000000,13.58000000,11.70000000,13.33000000,2172463.37000000
1679270400000,13.33000000,13.74000000,12.20000000,12.24000000,1411526.40000000
1679356800000,12.24000000,12.64000000,11.83000000,12.44000000,800960.63000000
1679443200000,12.44000000,12.44000000,11.20000000,11.62000000,731449.08000000
1679529600000,11.62000000,12.63000000,11.61000000,12.57000000,804906.54000000
1679616000000,12.56000000,13.50000000,12.12000000,12.38000000,1208503.80000000
1679702400000,12.38000000,12.44000000,11.73000000,12.04000000,465926.64000000
1679788800000,12.04000000,12.42000000,11.82000000,12.31000000,357247.51000000
1679875200000,12.31000000,12.96000000,11.86000000,12.58000000,1301436.45000000
1679961600000,12.57000000,12.86000000,12.00000000,12.72000000,799730.08000000
1680048000000,12.72000000,13.29000000,12.51000000,13.22000000,721926.91000000
1680134400000,13.22000000,13.22000000,12.27000000,12.51000000,540290.39000000
1680220800000,12.51000000,12.66000000,12.01000000,12.61000000,655974.58000000
1680307200000,12.62000000,12.65000000,12.14000000,12.46000000,360018.19000000
1680393600000,12.46000000,12.60000000,11.86000000,12.11000000,339195.73000000
1680480000000,12.12000000,12.27000000,11.61000000,11.98000000,518396.71000000
1680566400000,11.97000000,12.11000000,11.77000000,12.02000000,268505.63000000
1680652800000,12.02000000,12.22000000,11.73000000,12.03000000,410561.51000000
1680739200000,12.03000000,13.02000000,11.72000000,12.40000000,1659171.84000000
1680825600000,12.40000000,12.46000000,11.90000000,12.15000000,420779.47000000
1680912000000,12.15000000,12.59000000,12.15000000,12.28000000,486518.74000000
1680998400000,12.28000000,12.45000000,11.98000000,12.21000000,333415.52000000
1681084800000,12.21000000,12.52000000,11.99000000,12.44000000,390031.47000000
1681171200000,12.45000000,12.91000000,12.33000000,12.51000000,553297.59000000
1681257600000,12.51000000,12.58000000,11.94000000,12.19000000,388357.13000000
1681344000000,12.19000000,12.47000000,12.07000000,12.46000000,284615.88000000
1681430400000,12.47000000,13.09000000,12.40000000,12.97000000,634375.64000000
1681516800000,12.96000000,13.11000000,12.70000000,12.96000000,353557.51000000
1681603200000,12.96000000,14.20000000,12.72000000,13.58000000,1675238.05000000
1681689600000,13.58000000,13.73000000,12.81000000,12.92000000,713905.31000000
1681776000000,12.92000000,13.22000000,12.67000000,13.04000000,439843.40000000
1681862400000,13.04000000,13.05000000,11.58000000,11.82000000,820349.86000000
1681948800000,11.81000000,12.15000000,11.55000000,11.73000000,495369.92000000
1682035200000,11.73000000,11.83000000,10.81000000,11.02000000,403127.53000000
1682121600000,11.01000000,11.46000000,10.92000000,11.41000000,207134.05000000
1682208000000,11.41000000,11.41000000,10.96000000,11.28000000,162721.26000000
1682294400000,11.27000000,11.31000000,10.57000000,10.82000000,1317708.89000000
1682380800000,10.82000000,11.04000000,10.37000000,10.93000000,369985.17000000
1682467200000,10.94000000,11.43000000,10.10000000,10.74000000,666158.72000000
1682553600000,10.73000000,11.08000000,10.67000000,10.87000000,589928.83000000
1682640000000,10.87000000,10.89000000,10.55000000,10.82000000,341431.02000000
1682726400000,10.81000000,10.94000000,10.77000000,10.89000000,176839.84000000
1682812800000,10.89000000,11.00000000,10.46000000,10.60000000,558962.77000000
1682899200000,10.60000000,10.69000000,10.13000000,10.29000000,378488.37000000
1682985600000,10.28000000,10.52000000,10.14000000,10.30000000,785671.97000000
1683072000000,10.30000000,10.41000000,9.78000000,10.31000000,716600.39000000
1683158400000,10.30000000,10.33000000,9.95000000,10.07000000,258357.54000000
1683244800000,10.08000000,10.46000000,10.05000000,10.45000000,489866.60000000
1683331200000,10.44000000,10.47000000,9.65000000,10.01000000,366629.89000000
1683417600000,10.01000000,10.07000000,9.84000000,9.88000000,229428.40000000
1683504000000,9.87000000,9.93000000,8.83000000,9.13000000,653451.19000000
1683590400000,9.12000000,9.48000000,9.03000000,9.26000000,582198.53000000
1683676800000,9.26000000,9.80000000,9.20000000,9.64000000,1245531.89000000
1683763200000,9.64000000,9.66000000,8.97000000,9.15000000,554008.59000000
1683849600000,9.14000000,9.18000000,8.67000000,9.17000000,520649.73000000
1683936000000,9.16000000,9.18000000,8.97000000,9.06000000,176403.21000000
1684022400000,9.06000000,9.17000000,8.92000000,9.09000000,172846.51000000
1684108800000,9.09000000,9.43000000,8.92000000,9.31000000,446936.82000000
1684195200000,9.31000000,9.37000000,9.15000000,9.33000000,230389.15000000
1684281600000,9.34000000,9.55000000,9.25000000,9.54000000,298973.37000000
1684368000000,9.54000000,9.55000000,9.30000000,9.44000000,184495.24000000
1684454400000,9.44000000,9.53000000,9.31000000,9.48000000,170686.03000000
1684540800000,9.49000000,9.49000000,9.36000000,9.42000000,70875.51000000
1684627200000,9.41000000,9.45000000,9.10000000,9.11000000,196496.09000000
1684713600000,9.10000000,9.92000000,9.04000000,9.86000000,1429574.39000000
1684800000000,9.85000000,10.49000000,9.69000000,10.18000000,1245103.52000000
1684886400000,10.18000000,10.78000000,10.02000000,10.57000000,1443318.87000000
1684972800000,10.57000000,10.77000000,9.77000000,9.89000000,1113387.92000000
1685059200000,9.89000000,9.89000000,9.61000000,9.75000000,392384.07000000
1685145600000,9.75000000,10.66000000,9.69000000,10.65000000,764208.64000000
1685232000000,10.65000000,10.95000000,10.56000000,10.87000000,1150459.69000000
1685318400000,10.87000000,11.54000000,10.70000000,10.81000000,892769.33000000
1685404800000,10.80000000,11.15000000,10.57000000,10.71000000,737828.08000000
1685491200000,10.70000000,10.79000000,10.22000000,10.49000000,492357.90000000
1685577600000,10.49000000,10.56000000,10.05000000,10.11000000,401820.84000000
1685664000000,10.10000000,10.49000000,9.90000000,10.26000000,435518.67000000
1685750400000,10.25000000,10.74000000,10.19000000,10.52000000,559406.42000000
1685836800000,10.51000000,10.56000000,10.33000000,10.37000000,232166.04000000
1685923200000,10.37000000,10.39000000,9.00000000,9.28000000,769347.55000000
1686009600000,9.28000000,9.72000000,9.09000000,9.69000000,514869.45000000
1686096000000,9.68000000,9.69000000,8.84000000,8.96000000,417523.31000000
1686182400000,8.95000000,9.14000000,8.77000000,9.03000000,261206.64000000
1686268800000,9.03000000,9.25000000,8.92000000,8.99000000,211434.03000000
1686355200000,8.99000000,9.01000000,6.82000000,7.67000000,1243609.94000000
1686441600000,7.67000000,7.86000000,7.52000000,7.77000000,238811.83000000
1686528000000,7.78000000,7.85000000,7.41000000,7.80000000,281025.74000000
1686614400000,7.80000000,8.08000000,7.69000000,7.87000000,343896.38000000
1686700800000,7.87000000,7.97000000,7.32000000,7.48000000,353115.89000000
1686787200000,7.48000000,7.98000000,7.44000000,7.91000000,682477.32000000
1686873600000,7.91000000,7.92000000,7.59000000,7.84000000,344338.07000000
1686960000000,7.84000000,8.01000000,7.74000000,7.82000000,371261.76000000
1687046400000,7.83000000,7.92000000,7.67000000,7.69000000,202502.51000000
1687132800000,7.69000000,7.85000000,7.64000000,7.77000000,190027.01000000
1687219200000,7.78000000,8.15000000,7.59000000,8.11000000,357068.12000000
1687305600000,8.12000000,9.60000000,8.06000000,8.94000000,1391273.00000000
1687392000000,8.94000000,9.35000000,8.50000000,8.56000000,834175.04000000
1687478400000,8.56000000,9.38000000,8.56000000,9.16000000,924127.78000000
1687564800000,9.16000000,9.37000000,8.80000000,9.16000000,603901.55000000
1687651200000,9.16000000,9.38000000,9.01000000,9.12000000,444543.45000000
1687737600000,9.12000000,9.25000000,8.62000000,8.88000000,544292.91000000
1687824000000,8.87000000,9.32000000,8.76000000,9.10000000,430651.16000000
1687910400000,9.10000000,9.10000000,8.22000000,8.42000000,544917.18000000
1687996800000,8.43000000,9.01000000,8.41000000,8.70000000,455870.90000000
1688083200000,8.71000000,9.89000000,8.59000000,9.57000000,1651992.84000000
1688169600000,9.57000000,10.79000000,9.56000000,9.90000000,3217973.01000000
1688256000000,9.90000000,9.92000000,9.41000000,9.63000000,932054.13000000
1688342400000,9.62000000,9.65000000,9.33000000,9.44000000,700179.38000000
1688428800000,9.44000000,9.85000000,9.09000000,9.30000000,966849.59000000
1688515200000,9.29000000,9.37000000,8.82000000,9.11000000,562875.60000000
1688601600000,9.11000000,9.60000000,8.91000000,8.95000000,876999.86000000
1688688000000,8.94000000,9.16000000,8.85000000,9.07000000,396965.32000000
1688774400000,9.08000000,9.17000000,8.76000000,8.96000000,386853.51000000
1688860800000,8.95000000,9.13000000,8.90000000,8.94000000,255839.65000000
1688947200000,8.95000000,9.12000000,8.66000000,8.96000000,448011.37000000
1689033600000,8.97000000,9.18000000,8.85000000,9.15000000,605933.80000000
1689120000000,9.16000000,9.22000000,8.90000000,9.10000000,417155.91000000
1689206400000,9.10000000,9.65000000,8.93000000,9.61000000,627418.37000000
1689292800000,9.62000000,9.81000000,9.00000000,9.25000000,761440.37000000
1689379200000,9.25000000,9.48000000,9.14000000,9.33000000,223863.59000000
1689465600000,9.33000000,9.37000000,9.04000000,9.09000000,220536.50000000
1689552000000,9.09000000,9.28000000,8.86000000,9.11000000,337188.04000000
1689638400000,9.10000000,9.22000000,8.80000000,8.96000000,244117.85000000
1689724800000,8.95000000,9.14000000,8.88000000,8.93000000,211412.81000000
1689811200000,8.94000000,9.37000000,8.90000000,9.11000000,327017.97000000
1689897600000,9.11000000,9.24000000,9.02000000,9.19000000,142685.02000000
1689984000000,9.20000000,9.69000000,9.07000000,9.15000000,562396.39000000
1690070400000,9.14000000,9.20000000,9.04000000,9.09000000,156091.58000000
1690156800000,9.09000000,9.11000000,8.52000000,8.69000000,354760.23000000
1690243200000,8.68000000,8.70000000,8.56000000,8.65000000,142946.08000000
1690329600000,8.66000000,8.84000000,8.40000000,8.75000000,255297.43000000
1690416000000,8.75000000,8.84000000,8.62000000,8.75000000,157064.83000000
1690502400000,8.75000000,8.82000000,8.65000000,8.77000000,120059.06000000
1690588800000,8.77000000,8.92000000,8.69000000,8.84000000,203129.03000000
1690675200000,8.83000000,9.07000000,8.63000000,8.86000000,422156.73000000
1690761600000,8.87000000,8.91000000,8.61000000,8.71000000,148260.58000000
1690848000000,8.71000000,8.96000000,8.42000000,8.88000000,310110.87000000
1690934400000,8.89000000,9.02000000,8.50000000,8.61000000,287242.45000000
1691020800000,8.60000000,8.67000000,8.43000000,8.48000000,166816.40000000
1691107200000,8.48000000,8.55000000,8.34000000,8.40000000,117514.33000000
1691193600000,8.41000000,8.45000000,8.26000000,8.44000000,121011.66000000
1691280000000,8.44000000,8.56000000,8.38000000,8.49000000,158782.25000000
1691366400000,8.49000000,8.59000000,8.25000000,8.42000000,245329.21000000
1691452800000,8.42000000,8.65000000,8.33000000,8.55000000,188447.18000000
1691539200000,8.55000000,8.57000000,8.40000000,8.49000000,192089.10000000
1691625600000,8.49000000,8.53000000,8.40000000,8.49000000,136308.29000000
1691712000000,8.49000000,8.56000000,8.43000000,8.48000000,125827.04000000
1691798400000,8.49000000,8.57000000,8.47000000,8.50000000,109120.91000000
1691884800000,8.50000000,8.57000000,8.42000000,8.47000000,139855.85000000
1691971200000,8.46000000,8.61000000,8.38000000,8.53000000,143902.60000000
1692057600000,8.54000000,8.56000000,7.71000000,8.06000000,337224.66000000
1692144000000,8.05000000,8.38000000,7.57000000,7.70000000,462200.40000000
1692230400000,7.70000000,7.82000000,6.38000000,6.92000000,729472.86000000
1692316800000,6.91000000,7.07000000,6.84000000,7.00000000,508694.36000000
1692403200000,7.00000000,7.21000000,6.97000000,7.17000000,200546.87000000
1692489600000,7.17000000,7.27000000,7.10000000,7.20000000,107083.90000000
1692576000000,7.21000000,7.22000000,6.92000000,7.10000000,186398.07000000
1692662400000,7.11000000,7.13000000,6.75000000,7.06000000,230807.64000000
1692748800000,7.05000000,7.35000000,7.05000000,7.25000000,256105.34000000
1692835200000,7.25000000,7.41000000,7.08000000,7.13000000,267403.13000000
1692921600000,7.13000000,7.19000000,6.95000000,7.19000000,248718.25000000
1693008000000,7.19000000,7.24000000,7.14000000,7.20000000,89694.79000000
1693094400000,7.20000000,7.36000000,7.11000000,7.24000000,194379.30000000
1693180800000,7.24000000,7.26000000,6.99000000,7.23000000,172106.40000000
1693267200000,7.23000000,7.53000000,7.02000000,7.48000000,307624.08000000
1693353600000,7.49000000,7.51000000,7.29000000,7.38000000,157692.10000000
1693440000000,7.38000000,7.43000000,6.95000000,7.07000000,276334.77000000
1693526400000,7.07000000,7.11000000,6.86000000,6.94000000,199199.24000000
1693612800000,6.93000000,7.00000000,6.83000000,6.98000000,150798.30000000
1693699200000,6.98000000,7.11000000,6.92000000,7.00000000,132130.43000000
1693785600000,7.01000000,7.25000000,6.91000000,7.09000000,332571.32000000
1693872000000,7.09000000,8.16000000,7.05000000,7.52000000,2149001.72000000
1693958400000,7.51000000,7.69000000,7.17000000,7.43000000,664912.10000000
1694044800000,7.42000000,7.48000000,7.29000000,7.47000000,258273.69000000
1694131200000,7.46000000,7.50000000,7.21000000,7.38000000,430731.02000000
1694217600000,7.38000000,7.44000000,7.24000000,7.29000000,219954.12000000
1694304000000,7.29000000,7.30000000,6.88000000,7.13000000,368931.35000000
1694390400000,7.12000000,7.16000000,6.81000000,6.93000000,351872.77000000
1694476800000,6.93000000,7.26000000,6.91000000,7.04000000,249161.13000000
1694563200000,7.05000000,7.32000000,7.04000000,7.28000000,235100.21000000
1694649600000,7.28000000,7.41000000,7.22000000,7.30000000,210185.32000000
1694736000000,7.31000000,7.43000000,7.22000000,7.39000000,177202.51000000
1694822400000,7.39000000,7.48000000,7.24000000,7.29000000,262826.49000000
1694908800000,7.28000000,7.29000000,7.04000000,7.16000000,239102.03000000
1694995200000,7.16000000,7.65000000,7.09000000,7.35000000,311863.22000000
1695081600000,7.34000000,7.72000000,7.31000000,7.70000000,342381.77000000
1695168000000,7.69000000,7.77000000,7.40000000,7.53000000,400417.80000000
1695254400000,7.52000000,7.74000000,7.25000000,7.36000000,360838.34000000
1695340800000,7.37000000,7.64000000,7.37000000,7.57000000,658721.20000000
1695427200000,7.57000000,7.72000000,7.36000000,7.43000000,483200.92000000
1695513600000,7.44000000,7.45000000,7.21000000,7.25000000,148180.98000000
1695600000000,7.25000000,7.40000000,7.19000000,7.27000000,244741.03000000
1695686400000,7.27000000,7.28000000,7.08000000,7.19000000,200062.39000000
1695772800000,7.20000000,7.34000000,7.11000000,7.19000000,256885.33000000
1695859200000,7.18000000,7.37000000,7.18000000,7.33000000,202181.43000000
1695945600000,7.33000000,7.41000000,7.23000000,7.33000000,203265.96000000
1696032000000,7.34000000,7.40000000,7.22000000,7.34000000,293606.43000000
1696118400000,7.34000000,7.67000000,7.33000000,7.60000000,266145.80000000
1696204800000,7.60000000,7.65000000,7.15000000,7.35000000,553246.99000000
1696291200000,7.34000000,7.51000000,7.15000000,7.18000000,775305.99000000
1696377600000,7.18000000,7.18000000,6.90000000,7.14000000,430023.41000000
1696464000000,7.14000000,7.17000000,7.00000000,7.04000000,173125.48000000
1696550400000,7.04000000,7.18000000,7.00000000,7.14000000,131410.23000000
1696636800000,7.14000000,7.21000000,7.11000000,7.20000000,106750.70000000
1696723200000,7.20000000,7.24000000,7.08000000,7.17000000,95374.43000000
1696809600000,7.17000000,7.17000000,6.56000000,6.87000000,281322.58000000
1696896000000,6.87000000,6.90000000,6.74000000,6.78000000,138255.41000000
1696982400000,6.78000000,6.81000000,6.60000000,6.71000000,150826.23000000
1697068800000,6.71000000,6.78000000,6.62000000,6.75000000,120111.77000000
1697155200000,6.75000000,6.88000000,6.72000000,6.80000000,105800.21000000
1697241600000,6.80000000,6.92000000,6.80000000,6.88000000,70754.20000000
1697328000000,6.87000000,6.95000000,6.85000000,6.88000000,141000.17000000
1697414400000,6.88000000,7.33000000,6.88000000,7.06000000,256100.58000000
1697500800000,7.06000000,7.07000000,6.75000000,6.90000000,323260.55000000
1697587200000,6.90000000,6.98000000,6.72000000,6.72000000,224640.10000000
1697673600000,6.73000000,6.77000000,6.48000000,6.61000000,389686.02000000
1697760000000,6.61000000,6.90000000,6.59000000,6.80000000,201141.39000000
1697846400000,6.80000000,7.10000000,6.78000000,7.02000000,259871.29000000
1697932800000,7.02000000,7.20000000,6.92000000,7.20000000,212838.23000000
1698019200000,7.19000000,7.80000000,7.18000000,7.70000000,1685783.78000000
1698105600000,7.70000000,8.05000000,7.41000000,7.79000000,1153693.82000000
1698192000000,7.78000000,7.95000000,7.51000000,7.77000000,541244.48000000
1698278400000,7.77000000,8.39000000,7.37000000,8.31000000,994670.01000000
1698364800000,8.31000000,9.21000000,8.09000000,8.79000000,3361081.54000000
1698451200000,8.79000000,9.83000000,8.77000000,9.34000000,1778533.85000000
1698537600000,9.33000000,9.41000000,9.01000000,9.13000000,697681.32000000
1698624000000,9.13000000,9.40000000,8.88000000,9.04000000,1319465.84000000
1698710400000,9.04000000,9.58000000,8.39000000,9.56000000,1054672.05000000
1698796800000,9.55000000,10.22000000,9.10000000,10.20000000,1347419.85000000
1698883200000,10.20000000,10.69000000,9.37000000,9.57000000,1195962.43000000
1698969600000,9.56000000,10.27000000,9.02000000,10.03000000,1316332.91000000
1699056000000,10.02000000,11.55000000,10.01000000,11.35000000,3081858.61000000
1699142400000,11.35000000,15.48000000,11.09000000,13.18000000,7263375.95000000
1699228800000,13.17000000,14.18000000,12.74000000,13.13000000,3448239.39000000
1699315200000,13.12000000,13.31000000,12.14000000,12.57000000,1671789.90000000
1699401600000,12.57000000,13.23000000,12.06000000,13.15000000,1572361.08000000
1699488000000,13.16000000,15.13000000,11.13000000,12.78000000,7738571.17000000
1699574400000,12.78000000,15.05000000,12.51000000,13.69000000,5144444.42000000
1699660800000,13.69000000,14.43000000,12.50000000,12.86000000,2281602.22000000
1699747200000,12.86000000,12.92000000,12.14000000,12.53000000,1409102.56000000
1699833600000,12.54000000,12.89000000,11.53000000,11.61000000,1139956.28000000
1699920000000,11.61000000,11.98000000,10.88000000,11.45000000,1239785.50000000
1700006400000,11.45000000,12.12000000,11.28000000,12.05000000,1188047.80000000
1700092800000,12.05000000,12.19000000,11.16000000,11.43000000,976274.94000000
1700179200000,11.42000000,11.77000000,10.50000000,11.14000000,1065286.99000000
1700265600000,11.14000000,11.15000000,10.44000000,11.06000000,492857.90000000
1700352000000,11.05000000,11.39000000,10.76000000,11.31000000,466039.01000000
1700438400000,11.32000000,11.37000000,10.84000000,11.03000000,634682.93000000
1700524800000,11.02000000,11.40000000,10.02000000,10.08000000,1288311.36000000
1700611200000,10.08000000,10.83000000,10.06000000,10.68000000,787044.87000000
1700697600000,10.68000000,11.14000000,10.60000000,10.98000000,1206361.54000000
1700784000000,10.97000000,11.35000000,10.94000000,11.03000000,666641.69000000
1700870400000,11.03000000,11.32000000,10.94000000,11.30000000,423646.50000000
1700956800000,11.31000000,11.45000000,10.63000000,10.88000000,575955.13000000
1701043200000,10.89000000,11.00000000,10.46000000,10.74000000,574775.95000000
1701129600000,10.73000000,10.99000000,10.48000000,10.92000000,403738.36000000
1701216000000,10.92000000,11.13000000,10.65000000,10.83000000,366085.29000000
1701302400000,10.83000000,11.24000000,10.75000000,11.13000000,491546.08000000
1701388800000,11.14000000,11.24000000,10.93000000,11.22000000,443112.66000000
1701475200000,11.22000000,12.06000000,11.20000000,11.77000000,814079.31000000
1701561600000,11.77000000,12.75000000,11.70000000,12.21000000,2914787.08000000
1701648000000,12.20000000,12.49000000,11.73000000,12.09000000,1347250.07000000
1701734400000,12.09000000,12.27000000,11.76000000,12.20000000,943840.93000000
1701820800000,12.20000000,12.59000000,11.60000000,11.83000000,1195326.46000000
1701907200000,11.83000000,12.16000000,11.68000000,12.14000000,860237.87000000
1701993600000,12.13000000,12.68000000,11.97000000,12.65000000,866147.19000000
1702080000000,12.65000000,13.40000000,12.62000000,12.76000000,1287723.27000000
1702166400000,12.77000000,13.36000000,12.56000000,12.99000000,768397.70000000
1702252800000,13.00000000,13.09000000,11.20000000,11.75000000,1103112.77000000
1702339200000,11.75000000,12.31000000,11.70000000,12.17000000,671551.23000000
1702425600000,12.17000000,12.99000000,11.97000000,12.83000000,1887438.50000000
1702512000000,12.83000000,13.25000000,12.35000000,13.07000000,828550.92000000
1702598400000,13.07000000,13.75000000,12.72000000,12.99000000,1287530.90000000
1702684800000,12.98000000,13.60000000,12.84000000,13.08000000,848993.47000000
1702771200000,13.09000000,13.33000000,12.57000000,12.83000000,675805.26000000
1702857600000,12.82000000,13.17000000,11.74000000,12.51000000,795839.71000000
1702944000000,12.52000000,12.90000000,12.40000000,12.54000000,772725.84000000
1703030400000,12.54000000,14.06000000,12.46000000,13.42000000,1205071.29000000
1703116800000,13.42000000,14.91000000,13.29000000,14.54000000,2356575.50000000
1703203200000,14.54000000,14.79000000,13.67000000,14.08000000,904115.72000000
1703289600000,14.08000000,14.42000000,13.57000000,14.24000000,570231.68000000
1703376000000,14.23000000,14.24000000,13.23000000,13.65000000,721076.90000000
1703462400000,13.65000000,14.77000000,13.53000000,14.55000000,1136987.72000000
1703548800000,14.56000000,14.90000000,12.81000000,13.76000000,1261408.43000000
1703635200000,13.77000000,14.36000000,13.04000000,14.35000000,697273.26000000
1703721600000,14.36000000,14.50000000,13.46000000,13.64000000,700219.83000000
1703808000000,13.65000000,14.06000000,13.15000000,13.84000000,597227.74000000
1703894400000,13.84000000,14.07000000,13.42000000,13.47000000,448920.84000000
1703980800000,13.47000000,14.48000000,13.44000000,13.95000000,991447.48000000
1704067200000,13.96000000,14.85000000,13.83000000,14.22000000,1041612.76000000
1704153600000,14.23000000,14.46000000,13.69000000,13.90000000,761171.66000000
1704240000000,13.90000000,14.10000000,11.35000000,12.42000000,1083218.82000000
1704326400000,12.42000000,13.05000000,12.12000000,12.87000000,912723.86000000
1704412800000,12.87000000,12.93000000,11.66000000,12.30000000,596288.26000000
1704499200000,12.30000000,12.30000000,11.56000000,12.06000000,362090.73000000
1704585600000,12.06000000,12.21000000,11.10000000,11.28000000,404400.43000000
1704672000000,11.29000000,12.05000000,10.51000000,12.01000000,722054.52000000
1704758400000,12.00000000,12.05000000,11.13000000,11.61000000,544896.14000000
1704844800000,11.61000000,12.60000000,11.00000000,12.37000000,718084.78000000
1704931200000,12.37000000,13.18000000,12.23000000,12.98000000,1030415.82000000
1705017600000,12.98000000,13.36000000,11.80000000,12.33000000,901759.59000000
1705104000000,12.33000000,12.46000000,11.89000000,12.34000000,232720.93000000
1705190400000,12.33000000,12.50000000,11.86000000,11.89000000,290736.04000000
1705276800000,11.89000000,12.22000000,11.83000000,11.94000000,229803.60000000
1705363200000,11.94000000,12.26000000,11.78000000,12.15000000,268219.66000000
1705449600000,12.15000000,12.65000000,11.75000000,11.90000000,472488.01000000
1705536000000,11.91000000,12.30000000,11.33000000,11.53000000,621815.08000000
1705622400000,11.53000000,11.62000000,10.80000000,11.47000000,338964.77000000
1705708800000,11.46000000,11.71000000,11.31000000,11.70000000,155212.99000000
1705795200000,11.70000000,11.89000000,11.58000000,11.61000000,240017.82000000
1705881600000,11.61000000,11.76000000,10.56000000,10.61000000,662712.43000000
1705968000000,10.62000000,10.74000000,9.80000000,10.44000000,903011.88000000
1706054400000,10.44000000,10.60000000,10.21000000,10.58000000,209610.64000000
1706140800000,10.57000000,10.72000000,10.30000000,10.59000000,182198.27000000
1706227200000,10.59000000,11.00000000,10.46000000,10.90000000,208152.21000000
1706313600000,10.90000000,11.04000000,10.79000000,11.01000000,166501.07000000
1706400000000,11.00000000,11.14000000,10.72000000,10.81000000,175266.41000000
1706486400000,10.82000000,11.26000000,10.75000000,11.25000000,272315.35000000
1706572800000,11.25000000,11.41000000,11.05000000,11.13000000,294928.90000000
1706659200000,11.13000000,12.50000000,10.70000000,10.82000000,2626145.30000000
1706745600000,10.83000000,11.36000000,10.70000000,11.15000000,917375.09000000
1706832000000,11.15000000,11.24000000,10.89000000,11.08000000,292864.15000000
1706918400000,11.09000000,11.31000000,11.00000000,11.20000000,424981.25000000
1707004800000,11.20000000,11.21000000,10.79000000,10.84000000,346744.57000000
1707091200000,10.84000000,11.07000000,10.62000000,10.93000000,235555.16000000
1707177600000,10.93000000,11.25000000,10.90000000,11.17000000,186899.73000000
1707264000000,11.18000000,11.56000000,11.09000000,11.47000000,453406.04000000
1707350400000,11.48000000,11.67000000,11.44000000,11.60000000,206180.38000000
1707436800000,11.60000000,11.87000000,11.55000000,11.84000000,391317.90000000
1707523200000,11.85000000,11.95000000,11.53000000,11.80000000,258103.48000000
1707609600000,11.81000000,11.98000000,11.61000000,11.73000000,172529.60000000
1707696000000,11.73000000,12.18000000,11.54000000,12.13000000,338857.24000000
1707782400000,12.13000000,12.21000000,11.53000000,11.91000000,425588.30000000
1707868800000,11.92000000,12.26000000,11.88000000,12.18000000,442769.09000000
1707955200000,12.18000000,13.70000000,12.08000000,13.08000000,2135934.22000000
1708041600000,13.07000000,13.40000000,12.63000000,12.99000000,704999.47000000
1708128000000,12.99000000,13.01000000,12.21000000,12.70000000,530782.39000000
1708214400000,12.69000000,13.08000000,12.65000000,12.90000000,512543.94000000
1708300800000,12.90000000,13.07000000,12.67000000,12.96000000,437259.23000000
1708387200000,12.95000000,13.05000000,12.10000000,12.72000000,632894.15000000
1708473600000,12.72000000,12.76000000,11.88000000,12.35000000,380944.71000000
1708560000000,12.34000000,12.74000000,12.06000000,12.50000000,368190.39000000
1708646400000,12.51000000,12.78000000,12.13000000,12.44000000,431427.03000000
1708732800000,12.45000000,12.84000000,12.24000000,12.73000000,337347.52000000
1708819200000,12.73000000,13.00000000,12.54000000,12.84000000,430114.64000000
1708905600000,12.84000000,13.16000000,12.38000000,13.13000000,612418.25000000
1708992000000,13.13000000,13.59000000,12.90000000,13.26000000,938174.70000000
1709078400000,13.27000000,14.30000000,12.10000000,13.38000000,2156506.79000000
1709164800000,13.37000000,15.69000000,13.37000000,14.24000000,2583853.20000000
1709251200000,14.24000000,16.43000000,14.13000000,15.43000000,2574241.12000000
1709337600000,15.44000000,17.06000000,15.40000000,16.98000000,2071196.22000000
1709424000000,16.98000000,17.57000000,15.00000000,16.40000000,1946725.89000000
1709510400000,16.41000000,19.24000000,15.93000000,18.09000000,3680965.67000000
1709596800000,18.08000000,19.06000000,14.23000000,16.35000000,2964029.59000000
1709683200000,16.35000000,17.26000000,15.49000000,17.22000000,855167.12000000
1709769600000,17.21000000,17.77000000,16.50000000,17.52000000,832821.10000000
1709856000000,17.52000000,17.86000000,16.41000000,17.28000000,684628.28000000
1709942400000,17.27000000,17.59000000,16.93000000,17.34000000,465063.95000000
1710028800000,17.35000000,17.76000000,16.52000000,16.98000000,556600.46000000
1710115200000,16.98000000,18.25000000,16.05000000,18.18000000,1049739.58000000
1710201600000,18.18000000,18.22000000,16.27000000,17.77000000,979701.86000000
1710288000000,17.78000000,18.48000000,17.51000000,18.13000000,849282.86000000
1710374400000,18.12000000,18.22000000,16.26000000,17.26000000,987586.21000000
1710460800000,17.26000000,17.50000000,14.92000000,16.20000000,1309655.27000000
1710547200000,16.21000000,16.30000000,14.50000000,14.87000000,564324.43000000
1710633600000,14.87000000,15.60000000,14.05000000,15.46000000,510761.46000000
1710720000000,15.45000000,15.51000000,14.45000000,14.86000000,498741.86000000
1710806400000,14.86000000,15.02000000,13.05000000,13.35000000,911195.24000000
1710892800000,13.35000000,14.76000000,12.82000000,14.75000000,658736.26000000
1710979200000,14.76000000,15.17000000,14.28000000,14.91000000,461289.17000000
1711065600000,14.90000000,15.09000000,13.97000000,14.41000000,523304.50000000
1711152000000,14.41000000,14.93000000,14.20000000,14.61000000,288187.51000000
1711238400000,14.62000000,15.25000000,14.55000000,15.18000000,429129.70000000
1711324800000,15.19000000,15.99000000,15.04000000,15.71000000,418755.85000000
1711411200000,15.71000000,16.46000000,15.70000000,16.22000000,551123.87000000
1711497600000,16.23000000,16.55000000,15.35000000,15.74000000,549905.80000000
1711584000000,15.74000000,16.32000000,15.35000000,16.25000000,350920.32000000
1711670400000,16.24000000,17.00000000,15.60000000,16.82000000,653833.58000000
1711756800000,16.81000000,16.84000000,16.01000000,16.15000000,316088.96000000
1711843200000,16.15000000,16.73000000,15.96000000,16.54000000,356661.29000000
1711929600000,16.54000000,16.80000000,15.14000000,15.60000000,548975.95000000
1712016000000,15.60000000,15.70000000,14.19000000,14.46000000,409873.86000000
1712102400000,14.46000000,14.79000000,13.93000000,14.26000000,347112.30000000
1712188800000,14.26000000,15.20000000,14.03000000,14.93000000,266817.15000000
1712275200000,14.93000000,15.77000000,14.43000000,15.25000000,447057.64000000
1712361600000,15.25000000,15.57000000,15.09000000,15.36000000,256277.99000000
1712448000000,15.36000000,15.56000000,15.17000000,15.39000000,256259.46000000
1712534400000,15.39000000,21.93000000,15.08000000,21.72000000,7095572.42000000
1712620800000,21.72000000,22.47000000,18.71000000,18.78000000,4247237.80000000
1712707200000,18.78000000,21.90000000,18.56000000,21.78000000,3100854.75000000
1712793600000,21.78000000,23.82000000,21.19000000,22.02000000,4391219.19000000
1712880000000,22.01000000,23.46000000,19.00000000,19.72000000,3504825.11000000
1712966400000,19.71000000,20.58000000,14.71000000,16.88000000,3367797.05000000
1713052800000,16.88000000,21.13000000,15.36000000,20.98000000,2832409.56000000
1713139200000,20.99000000,23.35000000,18.62000000,20.29000000,4168499.28000000
1713225600000,20.28000000,20.63000000,18.32000000,19.33000000,2264102.53000000
1713312000000,19.34000000,19.87000000,17.18000000,17.42000000,1887434.85000000
1713398400000,17.41000000,18.90000000,16.27000000,18.50000000,1846344.66000000
1713484800000,18.49000000,20.08000000,17.07000000,18.28000000,2956562.66000000
1713571200000,18.28000000,18.98000000,17.82000000,18.96000000,772148.66000000
1713657600000,18.96000000,20.25000000,18.31000000,19.24000000,1125041.13000000
1713744000000,19.24000000,20.32000000,19.23000000,19.81000000,963709.54000000
1713830400000,19.81000000,20.60000000,18.69000000,18.77000000,976143.24000000
1713916800000,18.78000000,18.97000000,17.80000000,18.18000000,993017.99000000
1714003200000,18.17000000,18.36000000,17.33000000,17.68000000,579776.32000000
1714089600000,17.67000000,19.03000000,17.00000000,18.31000000,1084646.99000000
1714176000000,18.31000000,18.37000000,17.24000000,17.78000000,567598.68000000
1714262400000,17.78000000,19.29000000,17.54000000,18.20000000,1020355.57000000
1714348800000,18.20000000,19.27000000,17.57000000,19.17000000,752032.79000000
1714435200000,19.17000000,19.48000000,16.50000000,16.99000000,1037415.71000000
1714521600000,16.99000000,17.07000000,15.32000000,16.23000000,1166956.01000000
1714608000000,16.22000000,16.30000000,15.41000000,15.93000000,536636.69000000
1714694400000,15.93000000,16.90000000,15.69000000,16.56000000,473226.13000000
1714780800000,16.56000000,17.18000000,16.43000000,16.67000000,341615.27000000
1714867200000,16.67000000,17.10000000,16.37000000,16.72000000,312162.29000000
1714953600000,16.72000000,17.26000000,15.98000000,16.03000000,562540.10000000
1715040000000,16.02000000,16.29000000,15.59000000,15.63000000,366195.18000000
1715126400000,15.63000000,15.78000000,15.07000000,15.23000000,389919.93000000
1715212800000,15.23000000,15.62000000,14.88000000,15.50000000,283976.11000000
1715299200000,15.49000000,16.08000000,14.73000000,14.96000000,458737.60000000
1715385600000,14.96000000,15.36000000,14.95000000,15.24000000,205790.54000000
1715472000000,15.23000000,15.67000000,15.20000000,15.25000000,236362.94000000
1715558400000,15.26000000,15.41000000,14.32000000,15.08000000,482454.46000000
1715644800000,15.07000000,15.23000000,14.34000000,14.39000000,361493.51000000
1715731200000,14.39000000,15.55000000,14.24000000,15.40000000,411225.55000000
1715817600000,15.40000000,15.63000000,14.92000000,15.21000000,320124.16000000
1715904000000,15.20000000,15.74000000,14.97000000,15.56000000,197097.25000000
1715990400000,15.55000000,15.82000000,15.39000000,15.50000000,171948.14000000
1716076800000,15.51000000,15.61000000,14.63000000,14.78000000,253361.47000000
1716163200000,14.77000000,16.89000000,14.53000000,16.34000000,661902.35000000
1716249600000,16.34000000,16.59000000,15.64000000,15.96000000,516871.49000000
1716336000000,15.96000000,16.04000000,15.37000000,15.63000000,282977.99000000
1716422400000,15.64000000,15.83000000,14.40000000,15.15000000,606173.97000000
1716508800000,15.15000000,15.46000000,14.68000000,15.24000000,396522.06000000
1716595200000,15.24000000,15.57000000,15.23000000,15.55000000,230757.66000000
1716681600000,15.56000000,15.64000000,15.19000000,15.35000000,186875.40000000
1716768000000,15.35000000,16.11000000,15.12000000,15.88000000,246173.84000000
1716854400000,15.89000000,15.92000000,15.16000000,15.30000000,307104.35000000
1716940800000,15.30000000,15.51000000,14.86000000,14.87000000,252351.89000000
1717027200000,14.86000000,15.13000000,14.50000000,14.76000000,253405.32000000
1717113600000,14.75000000,14.94000000,14.37000000,14.59000000,143968.91000000
1717200000000,14.59000000,14.69000000,14.47000000,14.55000000,109764.51000000
1717286400000,14.56000000,14.88000000,14.41000000,14.46000000,192494.12000000
1717372800000,14.46000000,14.99000000,14.28000000,14.67000000,180300.87000000
1717459200000,14.66000000,15.07000000,14.59000000,15.02000000,156532.84000000
1717545600000,15.03000000,15.37000000,14.99000000,15.28000000,201337.01000000
1717632000000,15.29000000,15.31000000,14.68000000,14.89000000,282479.23000000
1717718400000,14.89000000,15.26000000,12.46000000,14.07000000,1272334.16000000
1717804800000,14.08000000,14.22000000,13.24000000,13.40000000,279054.42000000
1717891200000,13.39000000,13.56000000,13.17000000,13.50000000,292309.73000000
1717977600000,13.50000000,13.64000000,13.19000000,13.39000000,232716.71000000
1718064000000,13.40000000,13.45000000,12.55000000,12.92000000,397310.88000000
1718150400000,12.91000000,13.84000000,12.59000000,13.56000000,339672.48000000
1718236800000,13.57000000,13.78000000,12.96000000,13.04000000,221152.35000000
1718323200000,13.05000000,13.20000000,12.18000000,12.44000000,287906.57000000
1718409600000,12.44000000,12.72000000,12.35000000,12.67000000,82295.39000000
1718496000000,12.68000000,12.86000000,12.48000000,12.75000000,134325.11000000
1718582400000,12.75000000,13.75000000,11.20000000,11.77000000,853708.59000000
1718668800000,11.77000000,12.02000000,10.21000000,10.98000000,685225.24000000
1718755200000,10.98000000,11.49000000,10.86000000,11.27000000,189520.26000000
1718841600000,11.26000000,11.84000000,11.18000000,11.28000000,279671.36000000
1718928000000,11.28000000,11.59000000,11.08000000,11.35000000,253458.47000000
1719014400000,11.36000000,11.44000000,11.23000000,11.32000000,119561.12000000
1719100800000,11.32000000,11.49000000,10.89000000,10.93000000,132377.24000000
1719187200000,10.92000000,11.14000000,10.50000000,11.12000000,316119.67000000
1719273600000,11.12000000,11.62000000,11.07000000,11.49000000,155224.83000000
1719360000000,11.48000000,11.61000000,11.18000000,11.34000000,149470.79000000
1719446400000,11.34000000,11.66000000,11.22000000,11.62000000,130800.29000000
1719532800000,11.63000000,11.92000000,11.37000000,11.40000000,185421.87000000
1719619200000,11.40000000,11.63000000,11.20000000,11.25000000,108338.90000000
1719705600000,11.24000000,11.65000000,11.13000000,11.61000000,110904.19000000
1719792000000,11.61000000,11.72000000,11.37000000,11.41000000,126546.46000000
1719878400000,11.41000000,11.77000000,11.35000000,11.54000000,180934.09000000
1719964800000,11.54000000,11.56000000,10.90000000,11.02000000,157120.66000000
1720051200000,11.03000000,11.07000000,9.67000000,9.70000000,383070.21000000
1720137600000,9.70000000,9.71000000,8.47000000,9.40000000,886819.26000000
1720224000000,9.40000000,10.06000000,9.30000000,10.04000000,186903.46000000
1720310400000,10.03000000,10.06000000,9.23000000,9.27000000,191815.87000000
1720396800000,9.27000000,9.88000000,8.80000000,9.60000000,306059.82000000
1720483200000,9.59000000,9.87000000,9.51000000,9.81000000,173693.90000000
1720569600000,9.81000000,10.07000000,9.67000000,9.86000000,173687.53000000
1720656000000,9.86000000,10.42000000,9.69000000,9.73000000,265506.52000000
1720742400000,9.73000000,10.02000000,9.62000000,10.00000000,193899.28000000
1720828800000,9.99000000,10.52000000,9.95000000,10.40000000,243881.20000000
1720915200000,10.41000000,11.18000000,10.40000000,10.77000000,542467.45000000
1721001600000,10.77000000,11.45000000,10.75000000,11.41000000,311025.85000000
1721088000000,11.41000000,11.51000000,10.83000000,11.34000000,198020.73000000
1721174400000,11.34000000,11.99000000,11.33000000,11.49000000,312184.19000000
1721260800000,11.49000000,11.96000000,11.14000000,11.39000000,251560.72000000
1721347200000,11.39000000,11.85000000,11.13000000,11.80000000,267918.34000000
1721433600000,11.78000000,11.94000000,11.56000000,11.79000000,128100.41000000
1721520000000,11.80000000,12.12000000,11.34000000,12.03000000,248686.18000000
1721606400000,12.03000000,12.14000000,11.43000000,11.50000000,150996.09000000
1721692800000,11.50000000,11.70000000,11.07000000,11.37000000,174580.85000000
1721779200000,11.38000000,11.80000000,11.29000000,11.44000000,199513.71000000
1721865600000,11.44000000,11.45000000,10.69000000,11.08000000,304267.36000000
1721952000000,11.09000000,11.67000000,11.07000000,11.66000000,167279.35000000
1722038400000,11.67000000,11.92000000,11.59000000,11.75000000,181115.62000000
1722124800000,11.75000000,11.78000000,11.41000000,11.55000000,148720.94000000
1722211200000,11.55000000,11.99000000,11.50000000,11.54000000,199235.66000000
1722297600000,11.53000000,11.66000000,11.20000000,11.38000000,136047.03000000
1722384000000,11.38000000,11.51000000,10.95000000,10.97000000,173029.35000000
1722470400000,10.97000000,11.00000000,9.97000000,10.66000000,275559.30000000
1722556800000,10.66000000,10.70000000,9.90000000,10.09000000,219157.58000000
1722643200000,10.08000000,10.19000000,9.38000000,9.58000000,226826.30000000
1722729600000,9.58000000,9.73000000,8.89000000,9.15000000,288239.00000000
1722816000000,9.15000000,9.25000000,7.51000000,8.53000000,1293193.93000000
1722902400000,8.53000000,9.10000000,8.51000000,8.95000000,201867.20000000
1722988800000,8.94000000,9.22000000,8.68000000,8.84000000,217765.32000000
1723075200000,8.84000000,9.76000000,8.71000000,9.71000000,221219.95000000
1723161600000,9.71000000,9.76000000,9.44000000,9.64000000,196891.73000000
1723248000000,9.65000000,9.89000000,9.50000000,9.87000000,156398.93000000
1723334400000,9.86000000,10.02000000,9.26000000,9.34000000,221586.87000000
1723420800000,9.34000000,9.81000000,9.23000000,9.57000000,458897.68000000
1723507200000,9.58000000,9.90000000,9.29000000,9.80000000,148672.65000000
1723593600000,9.81000000,10.16000000,9.55000000,9.63000000,245271.52000000
1723680000000,9.63000000,9.77000000,9.06000000,9.23000000,216108.23000000
1723766400000,9.22000000,9.40000000,9.01000000,9.29000000,129136.71000000
1723852800000,9.29000000,9.36000000,9.24000000,9.28000000,56653.01000000
1723939200000,9.27000000,9.46000000,9.17000000,9.20000000,105116.78000000
1724025600000,9.20000000,10.07000000,9.17000000,9.75000000,517086.13000000
1724112000000,9.74000000,10.62000000,9.74000000,10.16000000,720996.12000000
1724198400000,10.16000000,10.32000000,9.88000000,10.21000000,271964.20000000
1724284800000,10.22000000,10.38000000,10.05000000,10.38000000,168280.27000000
1724371200000,10.37000000,11.14000000,10.36000000,11.01000000,345119.82000000
1724457600000,11.01000000,11.17000000,10.76000000,10.92000000,197078.91000000
1724544000000,10.92000000,10.97000000,10.41000000,10.72000000,328122.53000000
1724630400000,10.74000000,10.82000000,10.30000000,10.36000000,172053.88000000
1724716800000,10.37000000,10.63000000,9.62000000,9.79000000,198646.16000000
1724803200000,9.78000000,10.03000000,9.41000000,9.67000000,223571.65000000
1724889600000,9.67000000,10.10000000,9.57000000,9.96000000,256678.48000000
1724976000000,9.96000000,10.35000000,9.55000000,10.23000000,473589.46000000
1725062400000,10.22000000,10.47000000,9.78000000,9.86000000,180511.35000000
1725148800000,9.86000000,9.86000000,9.13000000,9.19000000,212830.68000000
1725235200000,9.18000000,9.80000000,9.17000000,9.71000000,196324.19000000
1725321600000,9.71000000,9.99000000,9.33000000,9.35000000,196898.95000000
1725408000000,9.36000000,9.72000000,8.89000000,9.61000000,199727.72000000
1725494400000,9.60000000,9.71000000,9.30000000,9.37000000,163300.12000000
1725580800000,9.36000000,9.56000000,8.67000000,8.96000000,254440.56000000
1725667200000,8.96000000,9.29000000,8.95000000,9.09000000,114975.37000000
1725753600000,9.08000000,9.47000000,9.05000000,9.35000000,116800.10000000
1725840000000,9.35000000,9.62000000,9.28000000,9.49000000,250614.78000000
1725926400000,9.50000000,9.68000000,9.26000000,9.62000000,257356.50000000
1726012800000,9.62000000,9.63000000,9.18000000,9.47000000,182956.48000000
1726099200000,9.46000000,9.67000000,9.32000000,9.66000000,185013.54000000
1726185600000,9.67000000,9.85000000,9.42000000,9.78000000,133043.01000000
1726272000000,9.79000000,9.81000000,9.56000000,9.66000000,91437.82000000
1726358400000,9.65000000,9.70000000,9.19000000,9.28000000,144027.37000000
1726444800000,9.27000000,9.40000000,9.03000000,9.20000000,108829.54000000
1726531200000,9.19000000,9.53000000,9.06000000,9.28000000,131169.70000000
1726617600000,9.28000000,9.54000000,8.94000000,9.54000000,279568.91000000
1726704000000,9.54000000,9.82000000,9.52000000,9.75000000,221675.63000000
1726790400000,9.76000000,10.50000000,9.65000000,10.11000000,478904.90000000
1726876800000,10.10000000,10.61000000,10.07000000,10.44000000,492062.19000000
1726963200000,10.43000000,10.47000000,9.79000000,10.08000000,214580.73000000
1727049600000,10.08000000,10.29000000,9.86000000,10.04000000,291062.16000000
1727136000000,10.05000000,10.80000000,9.96000000,10.57000000,574905.43000000
1727222400000,10.58000000,10.64000000,10.23000000,10.32000000,264335.71000000
1727308800000,10.32000000,10.96000000,10.10000000,10.92000000,314326.98000000
1727395200000,10.91000000,11.17000000,10.87000000,10.94000000,377502.50000000
1727481600000,10.95000000,11.21000000,10.68000000,10.88000000,303214.81000000
1727568000000,10.88000000,11.00000000,10.62000000,10.82000000,203453.02000000
1727654400000,10.83000000,11.73000000,10.51000000,10.61000000,1133799.76000000
1727740800000,10.61000000,10.90000000,9.48000000,9.83000000,597246.19000000
1727827200000,9.82000000,10.46000000,9.55000000,9.67000000,597830.96000000
1727913600000,9.66000000,9.82000000,9.35000000,9.65000000,315435.76000000
1728000000000,9.65000000,9.99000000,9.53000000,9.97000000,188812.00000000
1728086400000,9.97000000,10.09000000,9.77000000,9.93000000,104123.23000000
1728172800000,9.94000000,10.36000000,9.91000000,10.36000000,278188.21000000
1728259200000,10.35000000,10.60000000,10.17000000,10.18000000,222634.83000000
1728345600000,10.20000000,10.57000000,10.06000000,10.28000000,321392.90000000
1728432000000,10.29000000,10.44000000,9.85000000,10.00000000,176810.13000000
1728518400000,10.00000000,10.37000000,9.88000000,10.16000000,293328.28000000
1728604800000,10.16000000,10.70000000,10.16000000,10.70000000,187899.30000000
1728691200000,10.69000000,11.01000000,10.58000000,10.61000000,266502.82000000
1728777600000,10.62000000,10.68000000,10.23000000,10.42000000,173709.18000000
1728864000000,10.42000000,10.89000000,10.26000000,10.82000000,264236.13000000
1728950400000,10.83000000,10.89000000,10.27000000,10.69000000,388169.79000000
1729036800000,10.69000000,10.81000000,10.47000000,10.62000000,231133.71000000
1729123200000,10.62000000,10.73000000,10.27000000,10.38000000,199770.88000000
1729209600000,10.37000000,10.59000000,10.31000000,10.57000000,118282.94000000
1729296000000,10.57000000,10.79000000,10.49000000,10.65000000,193329.74000000
1729382400000,10.65000000,10.99000000,10.48000000,10.97000000,265027.43000000
1729468800000,10.98000000,11.09000000,10.47000000,10.56000000,269653.61000000
1729555200000,10.55000000,10.68000000,10.33000000,10.46000000,268296.88000000
1729641600000,10.47000000,10.49000000,9.87000000,10.11000000,234170.93000000
1729728000000,10.11000000,10.24000000,9.93000000,10.14000000,190149.04000000
1729814400000,10.14000000,10.18000000,9.07000000,9.42000000,307281.30000000
1729900800000,9.41000000,9.56000000,9.23000000,9.40000000,195484.66000000
1729987200000,9.41000000,9.62000000,9.39000000,9.56000000,102050.34000000
1730073600000,9.55000000,9.74000000,9.33000000,9.71000000,189952.94000000
1730160000000,9.70000000,10.25000000,9.69000000,10.23000000,268240.43000000
1730246400000,10.23000000,10.28000000,10.01000000,10.04000000,201169.77000000
1730332800000,10.05000000,10.07000000,9.43000000,9.53000000,287497.61000000
1730419200000,9.52000000,9.62000000,9.23000000,9.35000000,224300.29000000
1730505600000,9.37000000,9.49000000,9.18000000,9.28000000,141482.45000000
1730592000000,9.27000000,9.32000000,8.81000000,9.06000000,413015.60000000
1730678400000,9.06000000,9.18000000,8.62000000,8.82000000,220745.87000000
1730764800000,8.84000000,9.31000000,8.83000000,9.26000000,233164.39000000
1730851200000,9.26000000,10.08000000,9.24000000,10.04000000,568255.56000000
1730937600000,10.03000000,10.39000000,9.99000000,10.31000000,385354.09000000
1731024000000,10.31000000,10.44000000,10.05000000,10.35000000,279865.60000000
1731110400000,10.34000000,10.69000000,10.13000000,10.67000000,374262.43000000
1731196800000,10.68000000,11.92000000,10.48000000,11.48000000,1230950.53000000
1731283200000,11.49000000,12.39000000,11.30000000,12.35000000,982277.10000000
1731369600000,12.34000000,12.72000000,11.04000000,11.49000000,1501224.35000000
1731456000000,11.48000000,11.70000000,10.56000000,11.22000000,816485.20000000
1731542400000,11.23000000,11.99000000,10.73000000,11.09000000,1340903.51000000
1731628800000,11.09000000,11.62000000,10.81000000,11.61000000,625255.16000000
1731715200000,11.62000000,13.14000000,11.53000000,12.93000000,1359758.70000000
1731801600000,12.93000000,13.43000000,11.80000000,12.06000000,830531.22000000
1731888000000,12.07000000,13.09000000,11.98000000,12.98000000,716009.40000000
1731974400000,12.97000000,13.86000000,12.41000000,12.79000000,919862.83000000
1732060800000,12.79000000,12.83000000,12.05000000,12.29000000,537984.70000000
1732147200000,12.29000000,14.03000000,11.92000000,13.26000000,1610838.49000000
1732233600000,13.26000000,13.86000000,12.93000000,13.85000000,1091193.67000000
1732320000000,13.86000000,15.23000000,13.71000000,14.40000000,1781965.36000000
1732406400000,14.39000000,16.08000000,13.65000000,15.40000000,2257515.88000000
1732492800000,15.40000000,15.49000000,13.96000000,14.32000000,1132801.73000000
1732579200000,14.31000000,14.68000000,13.25000000,14.13000000,924238.13000000
1732665600000,14.12000000,15.12000000,13.80000000,15.11000000,611027.69000000
1732752000000,15.10000000,15.35000000,14.34000000,14.80000000,688950.75000000
1732838400000,14.80000000,15.94000000,14.43000000,15.71000000,849406.17000000
1732924800000,15.71000000,16.33000000,15.46000000,16.01000000,1214532.41000000
1733011200000,16.00000000,16.54000000,15.47000000,16.33000000,800765.57000000
1733097600000,16.32000000,18.84000000,15.72000000,18.04000000,3781021.10000000
1733184000000,18.03000000,26.21000000,17.81000000,26.09000000,7517706.42000000
1733270400000,26.09000000,26.13000000,21.29000000,22.03000000,4744074.20000000
1733356800000,22.03000000,22.46000000,20.00000000,21.08000000,2145769.54000000
1733443200000,21.09000000,21.75000000,19.89000000,21.52000000,1636332.66000000
1733529600000,21.52000000,22.31000000,20.53000000,21.20000000,958139.76000000
1733616000000,21.20000000,21.52000000,20.41000000,21.28000000,584162.10000000
1733702400000,21.28000000,21.49000000,14.66000000,17.15000000,2067322.96000000
1733788800000,17.16000000,17.65000000,15.29000000,16.88000000,1609254.68000000
1733875200000,16.88000000,18.63000000,16.05000000,18.19000000,1046124.10000000
1733961600000,18.20000000,19.68000000,17.80000000,18.54000000,1167065.79000000
1734048000000,18.54000000,19.07000000,17.91000000,18.79000000,710959.07000000
1734134400000,18.81000000,18.89000000,17.30000000,17.83000000,537116.73000000
1734220800000,17.82000000,18.55000000,17.23000000,18.48000000,449679.54000000
1734307200000,18.49000000,18.94000000,17.05000000,17.92000000,579400.07000000
1734393600000,17.92000000,18.38000000,16.95000000,17.22000000,606560.43000000
1734480000000,17.23000000,17.33000000,15.21000000,15.47000000,886940.52000000
1734566400000,15.46000000,15.81000000,13.62000000,14.05000000,1209780.32000000
1734652800000,14.06000000,14.84000000,12.55000000,14.62000000,1254797.02000000
1734739200000,14.61000000,15.49000000,13.58000000,13.75000000,580324.41000000
1734825600000,13.75000000,14.68000000,13.51000000,13.98000000,517063.60000000
1734912000000,13.99000000,15.09000000,13.55000000,14.90000000,481882.22000000
1734998400000,14.89000000,15.75000000,14.57000000,15.37000000,452846.89000000
1735084800000,15.37000000,15.60000000,14.64000000,14.84000000,440723.37000000
1735171200000,14.84000000,14.99000000,13.69000000,13.88000000,353223.47000000
1735257600000,13.89000000,14.66000000,13.75000000,13.94000000,367288.10000000
1735344000000,13.94000000,14.83000000,13.83000000,14.77000000,369024.03000000
1735430400000,14.77000000,14.77000000,13.82000000,14.00000000,317790.55000000
1735516800000,14.00000000,14.43000000,13.52000000,13.90000000,376362.57000000
1735603200000,13.91000000,14.20000000,13.36000000,13.55000000,349387.74000000
1735689600000,13.55000000,14.68000000,13.28000000,14.36000000,513733.23000000
1735776000000,14.36000000,14.80000000,14.34000000,14.62000000,441656.43000000
1735862400000,14.62000000,16.39000000,14.37000000,16.15000000,633477.17000000
1735948800000,16.15000000,16.39000000,15.71000000,15.92000000,367832.80000000
1736035200000,15.92000000,16.08000000,15.57000000,15.96000000,280000.50000000
1736121600000,15.97000000,17.10000000,15.69000000,16.52000000,557326.29000000
1736208000000,16.51000000,16.51000000,14.69000000,14.74000000,678464.96000000
1736294400000,14.74000000,14.96000000,13.79000000,14.58000000,845021.14000000
1736380800000,14.57000000,15.30000000,14.32000000,14.91000000,1366735.63000000
1736467200000,14.90000000,15.49000000,14.43000000,15.14000000,811169.02000000
1736553600000,15.15000000,15.94000000,14.73000000,15.30000000,588564.12000000
1736640000000,15.30000000,15.41000000,14.53000000,14.81000000,358936.01000000
1736726400000,14.81000000,15.94000000,13.24000000,14.37000000,1434329.19000000
1736812800000,14.39000000,15.06000000,14.21000000,14.88000000,700879.42000000
1736899200000,14.88000000,16.29000000,14.70000000,16.13000000,784315.53000000
1736985600000,16.13000000,16.74000000,15.81000000,16.13000000,875751.24000000
1737072000000,16.15000000,17.29000000,16.14000000,16.94000000,800269.49000000
1737158400000,16.96000000,17.08000000,15.45000000,15.78000000,685920.83000000
1737244800000,15.77000000,16.08000000,13.94000000,14.15000000,1298545.37000000
1737331200000,14.16000000,15.73000000,13.74000000,14.38000000,1200087.09000000
1737417600000,14.40000000,15.15000000,13.78000000,14.57000000,764180.15000000
1737504000000,14.57000000,14.82000000,14.09000000,14.19000000,309415.53000000
1737590400000,14.19000000,14.39000000,13.66000000,14.14000000,488453.91000000
1737676800000,14.13000000,14.50000000,13.66000000,13.75000000,404242.78000000
1737763200000,13.75000000,14.12000000,13.58000000,13.97000000,226318.97000000
1737849600000,13.96000000,14.46000000,13.63000000,13.64000000,310813.08000000
1737936000000,13.65000000,13.77000000,12.46000000,13.62000000,729556.88000000
1738022400000,13.62000000,13.75000000,12.56000000,12.68000000,369188.41000000
1738108800000,12.66000000,13.53000000,12.61000000,13.06000000,432712.13000000
1738195200000,13.07000000,14.26000000,12.94000000,13.81000000,397897.69000000
1738281600000,13.81000000,15.16000000,13.51000000,14.34000000,1043962.04000000
1738368000000,14.33000000,15.42000000,13.36000000,13.48000000,2102253.53000000
1738454400000,13.48000000,13.75000000,10.72000000,11.47000000,1404093.73000000
1738540800000,11.47000000,11.80000000,8.56000000,11.65000000,2743468.27000000
1738627200000,11.65000000,11.98000000,10.64000000,11.07000000,1436849.97000000
1738713600000,11.07000000,11.35000000,10.64000000,10.78000000,573431.42000000
1738800000000,10.78000000,11.14000000,10.24000000,10.41000000,693481.49000000
1738886400000,10.41000000,11.03000000,10.03000000,10.40000000,707770.61000000
1738972800000,10.42000000,10.83000000,10.24000000,10.80000000,424094.35000000
1739059200000,10.80000000,11.05000000,10.03000000,10.48000000,575362.51000000
1739145600000,10.47000000,11.09000000,10.21000000,11.05000000,583003.62000000
1739232000000,11.05000000,11.62000000,10.80000000,10.89000000,699299.14000000
1739318400000,10.88000000,11.81000000,10.56000000,11.63000000,766771.93000000
1739404800000,11.64000000,11.71000000,11.14000000,11.32000000,420462.59000000
1739491200000,11.33000000,11.77000000,11.21000000,11.43000000,465274.28000000
1739577600000,11.43000000,11.56000000,10.90000000,10.99000000,291040.42000000
1739664000000,10.99000000,11.33000000,10.80000000,10.88000000,272417.85000000
1739750400000,10.89000000,11.31000000,10.63000000,10.89000000,377570.51000000
1739836800000,10.88000000,10.93000000,10.11000000,10.48000000,400136.73000000
1739923200000,10.48000000,10.73000000,10.34000000,10.64000000,367383.35000000
1740009600000,10.64000000,11.00000000,10.63000000,10.96000000,251713.18000000
1740096000000,10.97000000,11.29000000,10.25000000,10.41000000,503497.28000000
1740182400000,10.42000000,10.86000000,10.36000000,10.77000000,197985.18000000
1740268800000,10.77000000,10.86000000,10.43000000,10.60000000,233902.01000000
1740355200000,10.60000000,10.68000000,9.25000000,9.40000000,605958.07000000
1740441600000,9.40000000,9.67000000,8.87000000,9.56000000,918780.71000000
1740528000000,9.56000000,9.69000000,9.10000000,9.46000000,503284.23000000
1740614400000,9.46000000,9.78000000,9.30000000,9.53000000,402898.16000000
1740700800000,9.53000000,9.69000000,8.70000000,9.60000000,721210.01000000
1740787200000,9.60000000,9.69000000,9.27000000,9.62000000,271649.16000000
1740873600000,9.61000000,10.43000000,9.33000000,10.27000000,883609.52000000
1740960000000,10.27000000,10.29000000,8.58000000,8.72000000,827289.16000000
1741046400000,8.72000000,8.86000000,8.13000000,8.75000000,721001.36000000
1741132800000,8.74000000,9.22000000,8.66000000,9.17000000,352640.34000000
1741219200000,9.17000000,9.37000000,8.91000000,8.98000000,296523.51000000
1741305600000,8.97000000,9.29000000,8.52000000,8.89000000,475494.84000000
1741392000000,8.88000000,8.95000000,8.62000000,8.74000000,232306.93000000
1741478400000,8.74000000,8.79000000,7.85000000,7.96000000,365810.71000000
1741564800000,7.95000000,8.41000000,7.37000000,7.43000000,691087.41000000
1741651200000,7.43000000,7.94000000,6.93000000,7.73000000,877262.73000000
1741737600000,7.74000000,8.06000000,7.50000000,7.90000000,425095.22000000
1741824000000,7.90000000,8.04000000,7.48000000,7.69000000,320964.41000000
1741910400000,7.69000000,8.14000000,7.67000000,7.99000000,279736.29000000
1741996800000,8.00000000,8.21000000,7.94000000,8.17000000,191987.90000000
1742083200000,8.18000000,8.23000000,7.73000000,7.76000000,274611.38000000
1742169600000,7.77000000,8.43000000,7.77000000,8.17000000,451873.35000000
1742256000000,8.17000000,8.39000000,7.83000000,8.36000000,354396.56000000
1742342400000,8.35000000,8.78000000,8.30000000,8.55000000,791828.37000000
1742428800000,8.55000000,8.62000000,8.18000000,8.24000000,317483.78000000
1742515200000,8.25000000,8.30000000,8.02000000,8.05000000,301832.13000000
1742601600000,8.05000000,8.25000000,8.02000000,8.11000000,180278.86000000
1742688000000,8.10000000,8.21000000,7.94000000,8.09000000,177709.09000000
1742774400000,8.07000000,8.45000000,7.97000000,8.21000000,1126808.45000000
1742860800000,8.21000000,8.21000000,7.88000000,8.00000000,1171139.42000000
1742947200000,7.99000000,8.02000000,7.60000000,7.70000000,1707388.28000000
1743033600000,7.69000000,7.81000000,7.34000000,7.43000000,1483177.88000000
1743120000000,7.42000000,7.43000000,6.55000000,6.79000000,2159893.44000000
1743206400000,6.79000000,6.81000000,6.30000000,6.40000000,1700388.53000000
1743292800000,6.41000000,6.50000000,5.83000000,5.92000000,2708456.01000000
1743379200000,5.91000000,5.94000000,4.83000000,5.32000000,9379725.12000000
1743465600000,5.32000000,6.01000000,5.17000000,5.50000000,4706115.11000000
1743552000000,5.51000000,5.53000000,4.40000000,4.60000000,9915599.72000000
1743638400000,4.60000000,4.83000000,4.45000000,4.75000000,3696968.40000000
1743724800000,4.75000000,4.97000000,4.52000000,4.84000000,3292907.20000000
1743811200000,4.84000000,4.89000000,4.64000000,4.76000000,991220.09000000
1743897600000,4.75000000,5.16000000,4.67000000,4.73000000,3834061.83000000
1743984000000,4.74000000,5.03000000,4.31000000,4.79000000,3068664.92000000
1744070400000,4.80000000,5.29000000,4.73000000,5.19000000,3625119.03000000
1744156800000,5.19000000,5.96000000,5.14000000,5.59000000,4695267.63000000
1744243200000,5.59000000,5.94000000,5.22000000,5.31000000,2998325.51000000
1744329600000,5.31000000,5.63000000,5.16000000,5.50000000,1584433.48000000
1744416000000,5.50000000,5.69000000,5.31000000,5.59000000,1547567.81000000
1744502400000,5.59000000,5.86000000,5.16000000,5.25000000,1434165.00000000
1744588800000,5.25000000,5.45000000,5.20000000,5.20000000,820711.50000000
1744675200000,5.21000000,5.44000000,5.05000000,5.33000000,1257794.87000000
1744761600000,5.32000000,5.65000000,5.24000000,5.53000000,1271084.07000000
1744848000000,5.53000000,5.56000000,5.33000000,5.46000000,719446.60000000
1744934400000,5.47000000,5.65000000,5.42000000,5.53000000,609546.21000000
1745020800000,5.52000000,5.66000000,5.48000000,5.61000000,380040.08000000
1745107200000,5.61000000,5.81000000,5.46000000,5.57000000,720768.17000000
1745193600000,5.58000000,5.77000000,5.48000000,5.51000000,636047.04000000
1745280000000,5.51000000,5.89000000,5.33000000,5.87000000,1129123.45000000
1745366400000,5.87000000,6.10000000,5.80000000,6.04000000,1281010.26000000
1745452800000,6.05000000,6.29000000,5.85000000,6.27000000,1833179.01000000
1745539200000,6.28000000,6.60000000,6.23000000,6.48000000,1663301.73000000
1745625600000,6.48000000,6.56000000,6.24000000,6.44000000,708347.47000000
1745712000000,6.45000000,6.70000000,6.18000000,6.20000000,1451380.36000000
1745798400000,6.20000000,6.41000000,5.97000000,6.31000000,978977.59000000
1745884800000,6.31000000,6.34000000,6.03000000,6.11000000,924495.75000000
1745971200000,6.11000000,6.21000000,5.78000000,6.04000000,1078587.04000000
1746057600000,6.05000000,6.27000000,6.01000000,6.21000000,786148.22000000
1746144000000,6.22000000,6.29000000,6.10000000,6.15000000,513161.71000000
1746230400000,6.15000000,6.16000000,5.77000000,5.85000000,613642.62000000
1746316800000,5.84000000,5.88000000,5.54000000,5.60000000,502848.68000000
1746403200000,5.60000000,5.81000000,5.58000000,5.70000000,516468.71000000
1746489600000,5.70000000,5.72000000,5.13000000,5.37000000,2330529.00000000
1746576000000,5.37000000,5.69000000,5.36000000,5.65000000,880929.14000000
1746662400000,5.65000000,6.36000000,5.65000000,6.30000000,1655826.25000000
1746748800000,6.30000000,6.70000000,6.25000000,6.55000000,2944628.10000000
1746835200000,6.54000000,7.14000000,6.49000000,7.12000000,2096040.80000000
1746921600000,7.12000000,7.65000000,6.84000000,7.11000000,3279089.78000000
1747008000000,7.11000000,8.35000000,6.90000000,7.29000000,4635380.44000000
1747094400000,7.29000000,7.51000000,6.94000000,7.38000000,1951754.02000000
1747180800000,7.38000000,7.48000000,6.98000000,7.04000000,935256.34000000
1747267200000,7.04000000,7.11000000,6.55000000,6.70000000,1164271.71000000
1747353600000,6.70000000,6.88000000,6.57000000,6.62000000,625183.36000000
1747440000000,6.62000000,6.66000000,6.34000000,6.44000000,714120.76000000
1747526400000,6.44000000,6.83000000,6.27000000,6.69000000,661295.23000000
1747612800000,6.70000000,6.72000000,6.14000000,6.48000000,895783.25000000
1747699200000,6.48000000,6.63000000,6.31000000,6.57000000,634205.52000000
1747785600000,6.58000000,6.78000000,6.38000000,6.68000000,1131653.34000000
1747872000000,6.68000000,7.14000000,6.66000000,7.03000000,1012629.27000000
1747958400000,7.04000000,7.19000000,6.43000000,6.47000000,1327485.81000000
1748044800000,6.46000000,6.66000000,6.44000000,6.50000000,518310.32000000
1748131200000,6.51000000,6.55000000,6.23000000,6.52000000,650245.60000000
1748217600000,6.52000000,6.67000000,6.44000000,6.48000000,527191.00000000
1748304000000,6.48000000,6.76000000,6.34000000,6.66000000,626853.73000000
1748390400000,6.67000000,6.77000000,6.41000000,6.55000000,608727.20000000
1748476800000,6.56000000,6.72000000,6.40000000,6.43000000,658753.08000000
1748563200000,6.44000000,6.48000000,5.77000000,5.78000000,1442779.03000000
1748649600000,5.79000000,5.96000000,5.53000000,5.88000000,1074129.67000000
1748736000000,5.88000000,6.00000000,5.71000000,5.97000000,612589.03000000
1748822400000,5.98000000,6.16000000,5.81000000,6.14000000,726010.71000000
1748908800000,6.13000000,6.28000000,6.08000000,6.17000000,614742.51000000
1748995200000,6.17000000,6.26000000,5.96000000,6.03000000,617774.23000000
1749081600000,6.03000000,6.10000000,5.55000000,5.65000000,828595.77000000
1749168000000,5.65000000,5.99000000,5.65000000,5.81000000,660547.92000000
1749254400000,5.82000000,6.10000000,5.80000000,6.04000000,388811.99000000
1749340800000,6.05000000,6.06000000,5.94000000,5.96000000,304078.53000000
1749427200000,5.96000000,6.31000000,5.80000000,6.28000000,771969.13000000
1749513600000,6.29000000,6.47000000,6.18000000,6.46000000,1058828.89000000
1749600000000,6.47000000,6.47000000,6.15000000,6.23000000,677233.29000000
1749686400000,6.23000000,6.25000000,5.80000000,5.81000000,696133.11000000
1749772800000,5.81000000,5.81000000,5.40000000,5.71000000,1201625.97000000
1749859200000,5.72000000,5.79000000,5.45000000,5.57000000,804544.78000000
1749945600000,5.57000000,5.63000000,5.42000000,5.56000000,454061.71000000
1750032000000,5.56000000,5.91000000,5.52000000,5.65000000,682308.30000000
1750118400000,5.65000000,5.74000000,5.36000000,5.43000000,657313.93000000
1750204800000,5.43000000,5.56000000,5.28000000,5.51000000,777392.63000000
1750291200000,5.51000000,5.66000000,5.44000000,5.58000000,579556.11000000
1750377600000,5.58000000,5.72000000,5.28000000,5.40000000,622155.82000000
1750464000000,5.40000000,5.47000000,4.99000000,5.13000000,845314.35000000
1750550400000,5.14000000,5.21000000,4.73000000,5.02000000,938970.60000000
1750636800000,5.01000000,5.61000000,5.00000000,5.57000000,1079591.32000000
1750723200000,5.57000000,5.69000000,5.52000000,5.64000000,632553.81000000
1750809600000,5.64000000,5.65000000,5.43000000,5.45000000,516012.24000000
1750896000000,5.45000000,5.63000000,5.32000000,5.33000000,436821.65000000
1750982400000,5.33000000,5.45000000,5.23000000,5.36000000,622114.25000000
1751068800000,5.36000000,5.52000000,5.30000000,5.50000000,271989.35000000
1751155200000,5.51000000,5.78000000,5.44000000,5.69000000,305663.02000000
1751241600000,5.69000000,5.74000000,5.39000000,5.46000000,488322.79000000
1751328000000,5.46000000,5.49000000,5.19000000,5.22000000,409585.28000000
1751414400000,5.22000000,5.80000000,5.18000000,5.70000000,729659.19000000
1751500800000,5.69000000,5.80000000,5.60000000,5.68000000,418247.75000000
1751587200000,5.68000000,5.71000000,5.35000000,5.41000000,362028.63000000
1751673600000,5.42000000,5.45000000,5.29000000,5.40000000,300605.27000000
1751760000000,5.40000000,5.52000000,5.31000000,5.45000000,261369.11000000
1751846400000,5.46000000,5.54000000,5.35000000,5.42000000,352008.01000000
1751932800000,5.42000000,5.56000000,5.34000000,5.53000000,365891.28000000
1752019200000,5.53000000,5.95000000,5.47000000,5.91000000,591429.80000000
1752105600000,5.91000000,6.31000000,5.81000000,6.21000000,740375.49000000
1752192000000,6.22000000,6.43000000,6.05000000,6.16000000,1054225.57000000
1752278400000,6.16000000,6.39000000,5.97000000,6.17000000,711022.65000000
1752364800000,6.18000000,6.42000000,6.14000000,6.35000000,573339.38000000
1752451200000,6.35000000,6.68000000,6.25000000,6.37000000,850703.77000000
1752537600000,6.37000000,6.56000000,6.11000000,6.53000000,1026338.06000000
1752624000000,6.54000000,6.80000000,6.40000000,6.64000000,714784.83000000
1752710400000,6.65000000,6.86000000,6.42000000,6.78000000,983989.06000000
1752796800000,6.80000000,7.30000000,6.72000000,6.86000000,1287930.67000000
1752883200000,6.86000000,7.22000000,6.68000000,7.17000000,635910.98000000
1752969600000,7.17000000,7.91000000,7.04000000,7.52000000,1538493.03000000
1753056000000,7.52000000,7.65000000,7.32000000,7.43000000,719377.79000000
1753142400000,7.43000000,7.49000000,7.01000000,7.38000000,746532.17000000
1753228800000,7.39000000,7.39000000,6.45000000,6.67000000,1001110.37000000
1753315200000,6.68000000,6.82000000,6.26000000,6.53000000,775068.15000000
1753401600000,6.54000000,6.59000000,6.28000000,6.56000000,651977.38000000
1753488000000,6.57000000,6.74000000,6.51000000,6.61000000,386161.71000000
1753574400000,6.61000000,6.87000000,6.58000000,6.81000000,498939.04000000
1753660800000,6.81000000,6.96000000,6.34000000,6.38000000,758523.94000000
1753747200000,6.38000000,6.84000000,6.27000000,6.50000000,1125380.39000000
1753833600000,6.50000000,6.54000000,5.97000000,6.30000000,729746.21000000
1753920000000,6.31000000,6.54000000,5.99000000,6.02000000,599000.56000000
1754006400000,6.02000000,6.04000000,5.58000000,5.77000000,941950.95000000
1754092800000,5.77000000,5.86000000,5.53000000,5.66000000,479938.08000000
1754179200000,5.65000000,5.89000000,5.57000000,5.84000000,314295.04000000
1754265600000,5.84000000,6.12000000,5.83000000,6.09000000,521697.66000000
1754352000000,6.09000000,6.23000000,5.81000000,5.94000000,946675.77000000
1754438400000,5.94000000,6.05000000,5.77000000,5.98000000,526031.40000000
1754524800000,5.98000000,6.33000000,5.94000000,6.33000000,546423.13000000
1754611200000,6.32000000,6.48000000,6.24000000,6.43000000,566381.33000000
1754697600000,6.43000000,6.68000000,6.42000000,6.58000000,454342.23000000
1754784000000,6.59000000,6.71000000,6.34000000,6.53000000,482480.63000000
1754870400000,6.53000000,6.69000000,6.15000000,6.21000000,466023.61000000
1754956800000,6.21000000,6.67000000,6.11000000,6.59000000,644265.87000000
1755043200000,6.59000000,6.85000000,6.51000000,6.79000000,762868.46000000
1755129600000,6.79000000,6.88000000,6.09000000,6.21000000,1014730.53000000
1755216000000,6.21000000,6.36000000,5.97000000,6.16000000,789724.20000000
1755302400000,6.16000000,6.37000000,6.16000000,6.34000000,387619.05000000
1755388800000,6.35000000,6.51000000,6.28000000,6.30000000,384573.93000000
1755475200000,6.30000000,6.32000000,5.99000000,6.08000000,696559.37000000
1755561600000,6.09000000,6.18000000,5.83000000,5.86000000,734776.62000000
1755648000000,5.85000000,6.58000000,5.83000000,6.33000000,2877944.52000000
1755734400000,6.33000000,6.94700000,6.30000000,6.68300000,3548987.91000000
1755820800000,6.68300000,7.21100000,6.39800000,7.02600000,2073375.87000000
1755907200000,7.02700000,7.53400000,7.02700000,7.22000000,1325503.23000000
1755993600000,7.22000000,8.47800000,6.88000000,7.75000000,4442191.30000000
1756080000000,7.74900000,8.56000000,7.11300000,7.28100000,5254136.46000000
1756166400000,7.28000000,7.30700000,6.86500000,7.03700000,1379643.60000000
1756252800000,7.03800000,7.31200000,6.87200000,7.07200000,1965626.62000000
1756339200000,7.07100000,7.17300000,6.88400000,7.11700000,1093169.12000000
1756425600000,7.11700000,7.24500000,6.54800000,6.65600000,1418151.43000000
1756512000000,6.65700000,7.19600000,6.62700000,6.92600000,2312567.59000000
1756598400000,6.92500000,7.03300000,6.66200000,6.67700000,751180.85000000
1756684800000,6.67700000,6.78800000,6.30400000,6.43700000,1384146.17000000
1756771200000,6.43800000,6.68100000,6.39900000,6.56500000,913676.74000000
1756857600000,6.56600000,6.69800000,6.45400000,6.58700000,614845.07000000
1756944000000,6.58700000,6.65300000,6.31500000,6.42000000,675636.65000000
1757030400000,6.41900000,6.62400000,6.38200000,6.50700000,763295.66000000
1757116800000,6.50600000,6.56100000,6.41700000,6.46600000,325101.36000000
1757203200000,6.46500000,6.69300000,6.44400000,6.64100000,562653.18000000
1757289600000,6.64000000,6.75900000,6.57800000,6.69500000,533526.25000000
1757376000000,6.69400000,6.80200000,6.49300000,6.58100000,740542.26000000
1757462400000,6.58000000,6.75700000,6.51400000,6.68500000,644326.28000000
1757548800000,6.68500000,6.75000000,6.56200000,6.74000000,527980.44000000
1757635200000,6.74200000,6.85900000,6.64800000,6.84700000,556345.67000000
1757721600000,6.84800000,6.96200000,6.78200000,6.93900000,669896.09000000
1757808000000,6.94000000,6.94600000,6.68400000,6.73100000,328426.80000000
1757894400000,6.73000000,6.82500000,6.42000000,6.53200000,483745.01000000
1757980800000,6.53100000,6.69600000,6.44100000,6.65400000,291813.78000000
1758067200000,6.65500000,6.82100000,6.46000000,6.79000000,524784.52000000
1758153600000,6.79100000,6.84300000,6.70300000,6.78500000,417170.51000000
1758240000000,6.78500000,6.89000000,6.53600000,6.58100000,520275.54000000
1758326400000,6.58200000,6.70700000,6.53100000,6.61400000,288789.24000000
1758412800000,6.61400000,6.65100000,6.45000000,6.47100000,409498.72000000
1758499200000,6.47200000,6.48700000,5.71000000,6.00100000,1194710.80000000
1758585600000,6.00200000,6.02700000,5.84500000,5.92100000,440120.41000000
1758672000000,5.92200000,6.07900000,5.76900000,5.96200000,493960.45000000
1758758400000,5.96200000,5.97400000,5.49500000,5.55900000,794664.43000000
1758844800000,5.56500000,5.74900000,5.51500000,5.73400000,405146.67000000
1758931200000,5.73500000,5.74300000,5.62800000,5.66500000,254130.49000000
1759017600000,5.66600000,5.84100000,5.53000000,5.83500000,331630.12000000
1759104000000,5.83500000,5.83900000,5.63100000,5.77500000,372119.38000000
1759190400000,5.77400000,5.80900000,5.59500000,5.77300000,357504.97000000
1759276800000,5.77300000,6.11300000,5.73000000,6.09500000,655610.93000000
1759363200000,6.09600000,6.36300000,6.04900000,6.28800000,691637.96000000
1759449600000,6.29000000,6.47900000,6.15000000,6.38500000,644433.15000000
1759536000000,6.38600000,6.46400000,6.10200000,6.21100000,623028.28000000
1759622400000,6.21200000,6.53500000,6.16800000,6.20900000,678151.90000000
1759708800000,6.21100000,6.45800000,6.16900000,6.33800000,484427.62000000
1759795200000,6.33900000,6.36500000,5.95100000,6.04800000,692847.53000000
1759881600000,6.04800000,6.38200000,6.04500000,6.28700000,1062846.97000000
1759968000000,6.28800000,6.38000000,5.93400000,6.08400000,696613.78000000
1760054400000,6.08500000,6.51400000,2.34700000,4.38100000,4606839.90000000
1760140800000,4.38400000,4.79900000,4.27300000,4.48300000,2189576.57000000
1760227200000,4.48200000,5.20600000,4.38900000,5.12900000,1631615.47000000
1760313600000,5.12800000,5.63900000,5.05000000,5.56300000,1207957.00000000
1760400000000,5.56400000,5.61300000,5.11300000,5.42500000,1374621.75000000
1760486400000,5.42600000,5.55900000,5.14200000,5.23900000,736815.80000000
1760572800000,5.24000000,5.34600000,4.97500000,5.07800000,744916.28000000
1760659200000,5.07700000,5.15500000,4.70900000,5.00600000,905846.14000000
1760745600000,5.00700000,5.13600000,4.96600000,5.06600000,417597.45000000
1760832000000,5.06700000,5.30600000,5.00100000,5.16900000,498519.01000000
1760918400000,5.16800000,5.29300000,5.08000000,5.20600000,561215.43000000
1761004800000,5.20600000,5.43400000,4.97100000,5.08500000,951608.14000000
1761091200000,5.08500000,5.16800000,4.82900000,5.00000000,972880.01000000
1761177600000,4.99900000,5.24000000,4.99600000,5.15700000,552272.26000000
1761264000000,5.15800000,5.24700000,5.06000000,5.16500000,531838.03000000
1761350400000,5.16500000,5.20100000,5.09000000,5.18500000,394331.64000000
1761436800000,5.18500000,5.37800000,5.13000000,5.35200000,430460.60000000
1761523200000,5.34900000,5.42700000,5.21500000,5.24600000,571697.98000000
1761609600000,5.24600000,5.34200000,5.02700000,5.12200000,664963.91000000
1761696000000,5.12200000,5.27900000,5.02800000,5.15200000,961046.21000000
1761782400000,5.15300000,5.29800000,4.72200000,4.90300000,1331146.60000000
1761868800000,4.90200000,5.02100000,4.86000000,4.96200000,588704.84000000
1761955200000,4.96400000,5.29600000,4.93600000,5.27000000,765651.91000000
1762041600000,5.27000000,5.36400000,5.07900000,5.27300000,915107.76000000
1762128000000,5.27400000,5.27500000,4.60000000,4.88500000,1514908.34000000
1762214400000,4.88500000,5.10400000,4.47800000,4.77300000,2045166.51000000
1762300800000,4.77100000,5.03100000,4.48600000,4.92900000,1063212.73000000
1762387200000,4.93000000,4.93000000,4.66700000,4.86100000,674001.33000000
1762473600000,4.86200000,5.90500000,4.85300000,5.76300000,2629290.38000000
1762560000000,5.76300000,5.86700000,5.31200000,5.46400000,1459782.48000000
1762646400000,5.46500000,5.50400000,5.21700000,5.42700000,707473.86000000
1762732800000,5.42700000,5.52200000,5.24900000,5.38700000,1085373.12000000
1762819200000,5.38800000,5.45600000,5.04900000,5.06600000,869556.74000000
1762905600000,5.06600000,5.25000000,4.89800000,4.99900000,780912.43000000
1762992000000,4.99800000,5.13400000,4.66900000,4.83400000,957257.80000000
1763078400000,4.83400000,4.89000000,4.63500000,4.73500000,864140.07000000
1763164800000,4.73400000,4.93700000,4.72400000,4.82400000,528571.58000000
1763251200000,4.82500000,4.85200000,4.52500000,4.66600000,683851.27000000
1763337600000,4.66600000,4.82400000,4.52200000,4.64300000,769591.00000000
1763424000000,4.64200000,4.82600000,4.55700000,4.77300000,689549.69000000
1763510400000,4.77200000,4.77900000,4.43600000,4.60200000,630176.86000000
1763596800000,4.60300000,4.69700000,4.34500000,4.43800000,698892.90000000
1763683200000,4.43900000,4.53000000,3.97300000,4.16100000,1388122.82000000
1763769600000,4.15900000,4.19100000,4.01900000,4.09200000,563262.75000000
1763856000000,4.09300000,4.21000000,4.06800000,4.12300000,457618.51000000
1763942400000,4.12300000,4.39800000,4.09500000,4.31700000,672457.25000000
1764028800000,4.31600000,4.35100000,4.19500000,4.33600000,403369.65000000
1764115200000,4.33600000,4.38700000,4.21800000,4.36700000,359519.00000000
1764201600000,4.36700000,4.43800000,4.32700000,4.37800000,405550.82000000
1764288000000,4.37700000,4.53100000,4.32300000,4.38000000,668904.52000000
1764374400000,4.38000000,4.45400000,4.32500000,4.36100000,468169.85000000
1764460800000,4.36100000,4.37700000,4.24300000,4.24500000,347396.69000000
1764547200000,4.24600000,4.26300000,3.93000000,4.03500000,603112.61000000
1764633600000,4.03600000,4.30900000,3.98000000,4.27300000,443114.24000000
1764720000000,4.27300000,4.36400000,4.18200000,4.31800000,558590.12000000
1764806400000,4.31900000,4.34900000,4.11500000,4.18600000,324762.67000000
1764892800000,4.18600000,4.23700000,4.06300000,4.13000000,513287.16000000
1764979200000,4.13100000,4.19700000,4.08000000,4.15700000,315714.68000000
1765065600000,4.15700000,4.18000000,3.95200000,4.04400000,363459.65000000
1765152000000,4.04500000,4.17300000,4.04000000,4.12000000,283792.30000000
1765238400000,4.12000000,4.39000000,4.04900000,4.31100000,345896.19000000
1765324800000,4.31200000,4.37000000,4.16800000,4.18900000,358431.71000000
1765411200000,4.18800000,4.29100000,4.03600000,4.16100000,534481.72000000
1765497600000,4.16000000,4.20500000,3.95000000,4.04700000,353607.40000000
1765584000000,4.04700000,4.14100000,4.02800000,4.04900000,387857.43000000
1765670400000,4.04900000,4.06700000,3.86200000,3.90200000,218855.90000000
1765756800000,3.90400000,3.98900000,3.61900000,3.69800000,451172.22000000
1765843200000,3.69800000,3.78400000,3.65200000,3.75600000,331782.66000000
1765929600000,3.75500000,3.82600000,3.56700000,3.60800000,324546.84000000
1766016000000,3.60800000,3.68600000,3.41600000,3.48500000,377308.55000000
1766102400000,3.48600000,3.61300000,3.43500000,3.58100000,373761.93000000
1766188800000,3.58000000,3.65900000,3.56800000,3.61600000,190760.60000000
1766275200000,3.61400000,3.62200000,3.44800000,3.51800000,271596.26000000
1766361600000,3.51800000,3.66000000,3.49400000,3.59800000,368858.18000000
1766448000000,3.59700000,3.61300000,3.47600000,3.55600000,263702.11000000
1766534400000,3.55800000,3.58200000,3.48100000,3.57700000,158672.21000000
1766620800000,3.58000000,3.66600000,3.50800000,3.51700000,195281.56000000
1766707200000,3.51700000,3.62100000,3.50700000,3.55900000,170034.78000000
1766793600000,3.56000000,3.77200000,3.52100000,3.75100000,768989.41000000
1766880000000,3.75500000,3.84300000,3.67100000,3.70900000,377537.01000000
1766966400000,3.70900000,3.89500000,3.66000000,3.74700000,804700.86000000
1767052800000,3.74700000,3.82800000,3.64100000,3.75700000,555376.00000000
1767139200000,3.75600000,3.75600000,3.47500000,3.51100000,953897.07000000
1767225600000,3.51100000,3.64400000,3.47800000,3.63700000,275789.50000000
1767312000000,3.63800000,3.80300000,3.59700000,3.79300000,385572.60000000
1767398400000,3.79100000,3.85800000,3.71800000,3.79900000,306588.38000000
1767484800000,3.79900000,3.91100000,3.79900000,3.85600000,248404.71000000
1767571200000,3.85800000,4.04400000,3.80700000,4.01100000,446715.94000000
1767657600000,4.00900000,4.15400000,3.87200000,4.05100000,892426.19000000
1767744000000,4.05000000,4.10000000,3.92600000,3.97100000,349387.82000000
1767830400000,3.97100000,4.03300000,3.82700000,3.96300000,375130.43000000
1767916800000,3.96300000,4.02800000,3.87400000,3.94200000,266967.84000000
1768003200000,3.94200000,4.00000000,3.87500000,3.93700000,126437.20000000
1768089600000,3.93600000,3.97600000,3.81100000,3.85700000,167238.55000000
1768176000000,3.85600000,3.91100000,3.68400000,3.71200000,349853.50000000
1768262400000,3.71100000,4.04600000,3.69800000,4.00000000,470943.96000000
1768348800000,4.00000000,4.11400000,3.95000000,4.00700000,590609.94000000
1768435200000,4.00800000,4.03200000,3.80000000,3.83600000,362279.89000000
1768521600000,3.83600000,3.93100000,3.74500000,3.92200000,300094.51000000
1768608000000,3.92300000,4.11100000,3.91100000,4.05000000,651008.18000000
1768694400000,4.05100000,4.10500000,3.86200000,3.87200000,325147.73000000
1768780800000,3.87100000,3.87100000,3.56800000,3.75300000,697514.18000000
1768867200000,3.75400000,3.82800000,3.55800000,3.59100000,546620.25000000
1768953600000,3.59300000,3.75100000,3.51100000,3.64800000,439588.81000000
1769040000000,3.64900000,3.75600000,3.57200000,3.65300000,291608.33000000
1769126400000,3.65400000,3.77000000,3.62300000,3.66000000,290544.20000000
1769212800000,3.66100000,3.67700000,3.61200000,3.63200000,169893.02000000
1769299200000,3.63100000,3.66600000,3.38800000,3.44200000,382457.52000000
1769385600000,3.44200000,3.58000000,3.43600000,3.54000000,315375.49000000
1769472000000,3.54000000,3.65400000,3.47500000,3.58600000,504086.12000000
1769558400000,3.58600000,3.58600000,3.50300000,3.54800000,246672.43000000
1769644800000,3.54800000,3.55700000,3.27500000,3.35000000,398954.28000000
1769731200000,3.35000000,3.40000000,3.25100000,3.34500000,427895.87000000
1769817600000,3.34300000,3.34700000,2.75600000,3.04500000,1031661.39000000
1769904000000,3.04300000,3.17900000,3.02400000,3.15200000,877751.41000000
1769990400000,3.15300000,3.36200000,3.03000000,3.27700000,1243306.48000000
1770076800000,3.27800000,3.30500000,3.04700000,3.19500000,526064.92000000
1770163200000,3.19200000,3.27300000,3.04900000,3.12000000,367524.48000000
1770249600000,3.12100000,3.14900000,2.64600000,2.68200000,899877.82000000
1770336000000,2.68200000,2.98600000,2.41600000,2.91500000,1279017.16000000
1770422400000,2.91500000,2.92700000,2.74200000,2.77800000,471052.92000000
1770508800000,2.78000000,2.82700000,2.70500000,2.72800000,208125.31000000
1770595200000,2.72800000,2.79500000,2.64600000,2.70200000,226048.26000000
1770681600000,2.70200000,2.71900000,2.59100000,2.63300000,219963.45000000
1770768000000,2.63500000,2.73000000,2.55100000,2.66800000,397226.97000000
1770854400000,2.66900000,2.78900000,2.64700000,2.72200000,295487.22000000
1770940800000,2.72200000,2.87600000,2.69600000,2.83300000,324865.33000000
1771027200000,2.83200000,2.97300000,2.82700000,2.95100000,190864.55000000
1771113600000,2.95200000,2.97300000,2.78200000,2.82300000,302099.28000000
1771200000000,2.82100000,2.91900000,2.78500000,2.85200000,177548.26000000
1771286400000,2.85100000,2.85400000,2.76400000,2.80000000,134052.22000000
1771372800000,2.80100000,2.86000000,2.69700000,2.71800000,195482.08000000
1771459200000,2.71700000,2.73300000,2.63900000,2.68300000,154044.07000000
1771545600000,2.68200000,2.78600000,2.66500000,2.78600000,208593.29000000
1771632000000,2.78500000,2.80800000,2.74600000,2.75500000,256355.32000000
1771718400000,2.75500000,2.75500000,2.66400000,2.68200000,177031.89000000
1771804800000,2.68200000,2.69000000,2.56500000,2.65700000,251448.00000000
1771891200000,2.66200000,2.68800000,2.56900000,2.59400000,381181.82000000
1771977600000,2.59500000,2.89500000,2.59400000,2.79700000,349502.38000000
1772064000000,2.79800000,2.85200000,2.70800000,2.78300000,379148.06000000
1772150400000,2.78000000,2.86100000,2.66800000,2.71800000,290388.22000000
1772236800000,2.71800000,2.74400000,2.52500000,2.72800000,607591.96000000
1772323200000,2.73200000,2.82400000,2.54600000,2.58100000,611854.15000000
1772409600000,2.58200000,2.73800000,2.56800000,2.66900000,505058.72000000
1772496000000,2.67000000,2.67400000,2.50300000,2.56200000,469284.24000000
1772582400000,2.56400000,2.76500000,2.52300000,2.68300000,459065.39000000
1772668800000,2.68500000,2.68700000,2.57500000,2.61000000,253789.26000000
1772755200000,2.61100000,2.63900000,2.51900000,2.54800000,199193.01000000
1772841600000,2.54600000,2.56000000,2.46000000,2.48300000,205613.00000000
1772928000000,2.48400000,2.50100000,2.39500000,2.41900000,248319.31000000
1773014400000,2.42700000,2.53300000,2.42100000,2.48000000,198719.11000000
1773100800000,2.47800000,2.55900000,2.47100000,2.48600000,209800.04000000
1773187200000,2.49000000,2.61700000,2.48600000,2.56500000,293450.45000000
1773273600000,2.56800000,2.65400000,2.53600000,2.63200000,223031.19000000
1773360000000,2.63400000,2.70000000,2.59700000,2.61700000,271499.27000000
1773446400000,2.61700000,2.63600000,2.53800000,2.55300000,105139.02000000
1773532800000,2.55500000,3.34800000,2.54600000,2.89300000,6274730.44000000
1773619200000,2.89300000,2.96600000,2.76900000,2.84100000,1867082.11000000
1773705600000,2.84000000,2.89500000,2.76600000,2.87600000,856589.98000000
1773792000000,2.87400000,2.87600000,2.65900000,2.70200000,587774.09000000
1773878400000,2.70200000,2.87500000,2.67800000,2.72000000,1061112.55000000
1773964800000,2.71800000,2.76300000,2.69500000,2.74500000,290139.11000000
1774051200000,2.74300000,2.75700000,2.61800000,2.63200000,186068.96000000
1774137600000,2.63000000,2.65800000,2.54700000,2.60100000,222355.05000000
1774224000000,2.60100000,2.73500000,2.58100000,2.70600000,363373.08000000
1774310400000,2.70500000,2.89900000,2.66800000,2.80800000,1194914.02000000
1774396800000,2.80900000,2.87000000,2.72400000,2.75900000,440056.14000000
1774483200000,2.75900000,2.78100000,2.62500000,2.67700000,195961.94000000
1774569600000,2.67600000,2.69800000,2.57500000,2.58600000,230219.62000000
1774656000000,2.58600000,2.64900000,2.55000000,2.58500000,171063.07000000
1774742400000,2.58700000,2.59800000,2.50500000,2.54500000,212365.41000000
1774828800000,2.54600000,2.67500000,2.54000000,2.63500000,504438.47000000
1774915200000,2.63300000,2.71800000,2.55000000,2.70100000,530980.77000000
1775001600000,2.70000000,2.83000000,2.65300000,2.78500000,587182.51000000
1775088000000,2.78600000,2.81100000,2.61300000,2.65300000,499289.52000000
1775174400000,2.65400000,2.92100000,2.63100000,2.83200000,780552.63000000
1775260800000,2.83000000,2.88700000,2.76100000,2.80100000,445695.32000000
1775347200000,2.80100000,2.81000000,2.70800000,2.78600000,270866.50000000
1775433600000,2.78600000,2.84500000,2.71100000,2.72000000,345476.67000000
1775520000000,2.71800000,2.85200000,2.68200000,2.82900000,224628.10000000
1775606400000,2.82900000,2.85000000,2.73900000,2.74300000,251263.26000000
1775692800000,2.74100000,2.82100000,2.72200000,2.78400000,195879.88000000
1775779200000,2.78400000,3.10000000,2.75800000,2.86100000,2040778.48000000
1775865600000,2.86400000,2.91400000,2.83300000,2.87300000,443038.17000000
1775952000000,2.87400000,2.87400000,2.68600000,2.70500000,349841.10000000
1776038400000,2.70400000,2.88200000,2.68800000,2.86100000,232227.41000000
1776124800000,2.86200000,2.87400000,2.78800000,2.82100000,280917.90000000
1776211200000,2.82100000,2.90000000,2.78500000,2.87500000,233566.91000000
1776297600000,2.87800000,2.96300000,2.84700000,2.95000000,344988.09000000
1776384000000,2.94900000,3.07600000,2.90800000,3.03000000,428360.73000000
1776470400000,3.02900000,3.07500000,2.88100000,2.89200000,345769.80000000
1776556800000,2.89300000,2.89700000,2.77800000,2.78800000,177473.79000000
1776643200000,2.78700000,2.88600000,2.78700000,2.86000000,174530.08000000
1776729600000,2.86100000,2.86900000,2.78100000,2.83900000,203374.43000000
1776816000000,2.84000000,2.93800000,2.82200000,2.85600000,200073.02000000
1776902400000,2.85800000,2.90900000,2.80100000,2.87300000,266557.17000000
1776988800000,2.87400000,2.90800000,2.84400000,2.88500000,154250.71000000
1777075200000,2.88600000,2.93200000,2.84200000,2.87200000,150229.47000000
1777161600000,2.87200000,2.94600000,2.86100000,2.92200000,163165.22000000
1777248000000,2.92400000,2.93700000,2.83100000,2.87100000,172990.39000000
1777334400000,2.86700000,2.87200000,2.82000000,2.85500000,190000.04000000
1777420800000,2.85500000,2.87500000,2.68400000,2.75400000,287547.06000000
1777507200000,2.75600000,2.77000000,2.70900000,2.72000000,174314.92000000
1777593600000,2.71900000,2.77900000,2.69400000,2.74900000,132005.56000000
1777680000000,2.75100000,2.79500000,2.74200000,2.78000000,116486.89000000
1777766400000,2.78100000,2.79200000,2.74500000,2.76200000,116078.87000000
1777852800000,2.76400000,2.82800000,2.73700000,2.75100000,196163.50000000
1777939200000,2.75500000,2.87300000,2.75200000,2.85300000,248062.11000000
1778025600000,2.85200000,2.98400000,2.84500000,2.95000000,435292.43000000
1778112000000,2.94900000,3.00400000,2.89500000,2.98400000,382132.36000000
1778198400000,2.98300000,3.13500000,2.92100000,3.11300000,423818.10000000
1778284800000,3.11300000,3.16300000,3.05400000,3.06200000,208166.22000000
1778371200000,3.06200000,3.22000000,3.02400000,3.19900000,798233.23000000
1778457600000,3.20300000,3.30000000,3.13200000,3.25200000,626013.88000000
1778544000000,3.25000000,3.35300000,3.14300000,3.28800000,514657.46000000
1778630400000,3.28800000,3.40300000,3.09800000,3.15000000,517433.68000000
1778716800000,3.15000000,3.20800000,3.08500000,3.13600000,270412.28000000
1778803200000,3.13700000,3.16500000,2.94600000,2.98600000,250576.40000000
1778889600000,2.98700000,3.03500000,2.87800000,2.93000000,185587.86000000
1778976000000,2.93000000,2.95800000,2.77000000,2.84300000,199564.51000000
1779062400000,2.83800000,2.90100000,2.78800000,2.89200000,178278.23000000
1779148800000,2.89100000,2.92900000,2.80300000,2.82200000,127259.61000000
1779235200000,2.82500000,2.92100000,2.80300000,2.87600000,123128.13000000
1779321600000,2.87400000,2.95200000,2.87100000,2.91000000,114128.64000000
1779408000000,2.91000000,2.95600000,2.78700000,2.80500000,176446.73000000
1779494400000,2.80400000,2.96800000,2.75200000,2.90800000,273355.46000000
1779580800000,2.91000000,2.91500000,2.77100000,2.81700000,145083.05000000
1779667200000,2.81800000,2.87200000,2.80200000,2.84300000,115359.08000000
1779753600000,2.84400000,2.90700000,2.79300000,2.80800000,183303.62000000
1779840000000,2.80800000,2.88000000,2.73100000,2.76000000,218042.23000000
1779926400000,2.75900000,2.78100000,2.63000000,2.72700000,368098.49000000
1780012800000,2.73000000,2.76500000,2.65500000,2.73800000,162636.13000000
1780099200000,2.73900000,2.79200000,2.69200000,2.71000000,166313.40000000
1780185600000,2.71100000,2.73500000,2.65500000,2.72700000,106484.53000000
1780272000000,2.72800000,2.74600000,2.61500000,2.68700000,198431.86000000
1780358400000,2.68600000,2.68900000,2.45900000,2.50300000,284465.19000000
1780444800000,2.50600000,2.59300000,2.45600000,2.47900000,211014.24000000
1780531200000,2.47900000,2.50100000,2.28500000,2.36500000,505152.13000000
1780617600000,2.37100000,2.37400000,2.08500000,2.16500000,614199.43000000
1780704000000,2.16500000,2.18700000,2.01900000,2.14100000,254210.77000000
1780790400000,2.14000000,2.22400000,2.10300000,2.17400000,176451.32000000
1780876800000,2.17400000,2.23400000,2.13100000,2.17600000,212354.00000000
1780963200000,2.17800000,2.18400000,2.10700000,2.14100000,153029.51000000
1781049600000,2.14100000,2.18300000,2.07400000,2.11500000,208509.75000000
1781136000000,2.11700000,2.21100000,2.11700000,2.17700000,134531.02000000
1781222400000,2.17700000,2.20100000,2.14100000,2.17100000,127768.08000000
1781308800000,2.17000000,2.23500000,2.16700000,2.20700000,79754.93000000
1781395200000,2.20800000,2.25300000,2.14400000,2.25100000,136093.23000000
1781481600000,2.25400000,2.33600000,2.23400000,2.29100000,172643.31000000
1781568000000,2.29100000,2.31800000,2.23000000,2.28600000,143507.22000000
1781654400000,2.29600000,2.34600000,2.23800000,2.27800000,143859.94000000
1781740800000,2.28500000,2.28800000,2.20300000,2.22500000,47494.79000000
