openTime,open,high,low,close,volume
1577836800000,0.00458000,0.00473000,0.00458000,0.00466000,22394200.40000000
1577923200000,0.00465000,0.00492000,0.00448000,0.00470000,82944472.50000000
1578009600000,0.00471000,0.00491000,0.00460000,0.00478000,71844273.70000000
1578096000000,0.00478000,0.00493000,0.00471000,0.00475000,41308841.00000000
1578182400000,0.00476000,0.00489000,0.00451000,0.00466000,68975987.50000000
1578268800000,0.00466000,0.00488000,0.00459000,0.00476000,48534963.20000000
1578355200000,0.00477000,0.00483000,0.00439000,0.00455000,96219352.00000000
1578441600000,0.00456000,0.00480000,0.00452000,0.00460000,51766294.20000000
1578528000000,0.00463000,0.00478000,0.00455000,0.00458000,26639073.70000000
1578614400000,0.00458000,0.00466000,0.00452000,0.00463000,29487534.30000000
1578700800000,0.00464000,0.00473000,0.00456000,0.00462000,28916086.30000000
1578787200000,0.00462000,0.00470000,0.00461000,0.00464000,20490474.30000000
1578873600000,0.00464000,0.00493000,0.00456000,0.00477000,69531319.20000000
1578960000000,0.00478000,0.00498000,0.00473000,0.00490000,80395093.90000000
1579046400000,0.00488000,0.00534000,0.00484000,0.00504000,118134011.50000000
1579132800000,0.00505000,0.00507000,0.00481000,0.00493000,37830641.70000000
1579219200000,0.00493000,0.00523000,0.00486000,0.00518000,102668794.50000000
1579305600000,0.00518000,0.00518000,0.00495000,0.00506000,46246216.60000000
1579392000000,0.00501000,0.00506000,0.00465000,0.00480000,60766270.30000000
1579478400000,0.00481000,0.00501000,0.00480000,0.00498000,44559249.80000000
1579564800000,0.00494000,0.00500000,0.00482000,0.00493000,19404842.40000000
1579651200000,0.00494000,0.00497000,0.00486000,0.00489000,11270298.90000000
1579737600000,0.00489000,0.00524000,0.00480000,0.00522000,92615386.70000000
1579824000000,0.00521000,0.00529000,0.00489000,0.00520000,86339327.50000000
1579910400000,0.00520000,0.00538000,0.00502000,0.00510000,61684807.20000000
1579996800000,0.00508000,0.00519000,0.00505000,0.00508000,23145741.00000000
1580083200000,0.00510000,0.00523000,0.00506000,0.00508000,55294791.00000000
1580169600000,0.00511000,0.00514000,0.00492000,0.00509000,47518425.90000000
1580256000000,0.00509000,0.00513000,0.00494000,0.00501000,41649502.50000000
1580342400000,0.00501000,0.00522000,0.00491000,0.00516000,70657011.10000000
1580428800000,0.00516000,0.00530000,0.00505000,0.00519000,33776494.80000000
1580515200000,0.00518000,0.00526000,0.00511000,0.00520000,24661324.50000000
1580601600000,0.00520000,0.00549000,0.00518000,0.00526000,91262349.80000000
1580688000000,0.00526000,0.00580000,0.00522000,0.00576000,112864568.20000000
1580774400000,0.00574000,0.00585000,0.00548000,0.00560000,98774272.40000000
1580860800000,0.00560000,0.00600000,0.00559000,0.00582000,106082754.50000000
1580947200000,0.00582000,0.00642000,0.00580000,0.00633000,137001131.70000000
1581033600000,0.00630000,0.00687000,0.00602000,0.00677000,177883201.80000000
1581120000000,0.00677000,0.00677000,0.00613000,0.00626000,119446646.70000000
1581206400000,0.00623000,0.00648000,0.00604000,0.00634000,74633075.50000000
1581292800000,0.00635000,0.00641000,0.00591000,0.00633000,93768505.20000000
1581379200000,0.00632000,0.00665000,0.00608000,0.00664000,92322032.40000000
1581465600000,0.00664000,0.00713000,0.00649000,0.00674000,172072426.30000000
1581552000000,0.00674000,0.00691000,0.00639000,0.00673000,128139580.90000000
1581638400000,0.00672000,0.00740000,0.00662000,0.00727000,134994405.90000000
1581724800000,0.00726000,0.00729000,0.00632000,0.00647000,159343773.20000000
1581811200000,0.00643000,0.00670000,0.00550000,0.00596000,129172934.80000000
1581897600000,0.00596000,0.00597000,0.00536000,0.00572000,86900665.90000000
1581984000000,0.00570000,0.00614000,0.00562000,0.00606000,65146166.00000000
1582070400000,0.00606000,0.00621000,0.00527000,0.00549000,113752720.20000000
1582156800000,0.00550000,0.00557000,0.00522000,0.00541000,64890329.40000000
1582243200000,0.00542000,0.00567000,0.00535000,0.00547000,36382484.60000000
1582329600000,0.00548000,0.00548000,0.00518000,0.00540000,36272358.20000000
1582416000000,0.00537000,0.00562000,0.00537000,0.00558000,39235322.60000000
1582502400000,0.00553000,0.00566000,0.00523000,0.00533000,47189173.00000000
1582588800000,0.00537000,0.00539000,0.00450000,0.00470000,118750803.80000000
1582675200000,0.00469000,0.00473000,0.00398000,0.00421000,77135374.80000000
1582761600000,0.00421000,0.00450000,0.00400000,0.00430000,69661884.50000000
1582848000000,0.00428000,0.00456000,0.00410000,0.00448000,95950455.90000000
1582934400000,0.00448000,0.00460000,0.00436000,0.00448000,26153423.10000000
1583020800000,0.00449000,0.00456000,0.00425000,0.00436000,26395425.10000000
1583107200000,0.00434000,0.00473000,0.00430000,0.00467000,27952049.00000000
1583193600000,0.00464000,0.00475000,0.00449000,0.00471000,63584852.70000000
1583280000000,0.00472000,0.00512000,0.00465000,0.00496000,95351813.80000000
1583366400000,0.00497000,0.00527000,0.00490000,0.00511000,68961448.50000000
1583452800000,0.00510000,0.00524000,0.00504000,0.00512000,37672869.70000000
1583539200000,0.00513000,0.00538000,0.00471000,0.00477000,79253644.90000000
1583625600000,0.00477000,0.00477000,0.00400000,0.00401000,136591720.70000000
1583712000000,0.00403000,0.00440000,0.00352000,0.00389000,202539820.60000000
1583798400000,0.00389000,0.00404000,0.00370000,0.00379000,69074036.50000000
1583884800000,0.00378000,0.00400000,0.00342000,0.00368000,107146556.00000000
1583971200000,0.00369000,0.00370000,0.00145000,0.00174000,260120490.20000000
1584057600000,0.00175000,0.00212000,0.00118000,0.00195000,201525079.70000000
1584144000000,0.00195000,0.00212000,0.00173000,0.00177000,89839257.10000000
1584230400000,0.00177000,0.00201000,0.00175000,0.00183000,89979368.00000000
1584316800000,0.00183000,0.00187000,0.00134000,0.00161000,128121234.20000000
1584403200000,0.00162000,0.00193000,0.00156000,0.00186000,112257361.90000000
1584489600000,0.00185000,0.00197000,0.00160000,0.00196000,102311872.70000000
1584576000000,0.00196000,0.00254000,0.00192000,0.00240000,237235174.00000000
1584662400000,0.00244000,0.00265000,0.00206000,0.00227000,119976432.20000000
1584748800000,0.00222000,0.00237000,0.00202000,0.00222000,80992170.40000000
1584835200000,0.00220000,0.00227000,0.00191000,0.00194000,87683652.90000000
1584921600000,0.00194000,0.00217000,0.00183000,0.00212000,69623304.30000000
1585008000000,0.00213000,0.00225000,0.00205000,0.00219000,66532276.10000000
1585094400000,0.00218000,0.00228000,0.00209000,0.00223000,53288512.40000000
1585180800000,0.00227000,0.00242000,0.00207000,0.00220000,99453776.30000000
1585267200000,0.00220000,0.00234000,0.00205000,0.00211000,143235315.00000000
1585353600000,0.00208000,0.00218000,0.00195000,0.00213000,85847562.00000000
1585440000000,0.00214000,0.00218000,0.00195000,0.00199000,51175657.70000000
1585526400000,0.00199000,0.00224000,0.00198000,0.00215000,62459805.20000000
1585612800000,0.00214000,0.00224000,0.00210000,0.00215000,51367038.00000000
1585699200000,0.00215000,0.00222000,0.00207000,0.00220000,73626966.70000000
1585785600000,0.00221000,0.00245000,0.00216000,0.00232000,158989727.00000000
1585872000000,0.00232000,0.00256000,0.00229000,0.00246000,233353537.00000000
1585958400000,0.00248000,0.00251000,0.00227000,0.00237000,146357171.70000000
1586044800000,0.00236000,0.00241000,0.00232000,0.00235000,37857412.30000000
1586131200000,0.00234000,0.00253000,0.00230000,0.00250000,137853616.50000000
1586217600000,0.00250000,0.00258000,0.00235000,0.00242000,107135712.30000000
1586304000000,0.00242000,0.00257000,0.00237000,0.00246000,82723919.90000000
1586390400000,0.00246000,0.00250000,0.00235000,0.00248000,83898647.00000000
1586476800000,0.00250000,0.00250000,0.00213000,0.00224000,124660200.20000000
1586563200000,0.00224000,0.00231000,0.00218000,0.00225000,36998204.70000000
1586649600000,0.00225000,0.00234000,0.00221000,0.00224000,31004633.00000000
1586736000000,0.00224000,0.00224000,0.00206000,0.00214000,84380460.50000000
1586822400000,0.00216000,0.00220000,0.00206000,0.00214000,80368828.40000000
1586908800000,0.00214000,0.00217000,0.00202000,0.00209000,54779562.80000000
1586995200000,0.00207000,0.00227000,0.00201000,0.00223000,117175926.10000000
1587081600000,0.00223000,0.00227000,0.00218000,0.00221000,41696625.20000000
1587168000000,0.00221000,0.00233000,0.00220000,0.00229000,51339445.20000000
1587254400000,0.00229000,0.00239000,0.00221000,0.00236000,86946969.80000000
1587340800000,0.00235000,0.00239000,0.00216000,0.00217000,87380124.60000000
1587427200000,0.00217000,0.00219000,0.00211000,0.00218000,44809526.50000000
1587513600000,0.00218000,0.00258000,0.00214000,0.00253000,310588661.00000000
1587600000000,0.00252000,0.00276000,0.00246000,0.00265000,305981173.10000000
1587686400000,0.00265000,0.00272000,0.00254000,0.00256000,187586252.90000000
1587772800000,0.00257000,0.00270000,0.00254000,0.00264000,126025694.20000000
1587859200000,0.00266000,0.00270000,0.00233000,0.00264000,190344155.60000000
1587945600000,0.00265000,0.00267000,0.00247000,0.00254000,117596925.20000000
1588032000000,0.00255000,0.00258000,0.00250000,0.00252000,76625570.20000000
1588118400000,0.00252000,0.00269000,0.00252000,0.00260000,176622890.90000000
1588204800000,0.00260000,0.00274000,0.00232000,0.00253000,167154411.30000000
1588291200000,0.00254000,0.00262000,0.00247000,0.00256000,83071889.80000000
1588377600000,0.00256000,0.00258000,0.00250000,0.00253000,64725770.20000000
1588464000000,0.00253000,0.00256000,0.00237000,0.00243000,169804879.00000000
1588550400000,0.00244000,0.00246000,0.00233000,0.00241000,108091506.50000000
1588636800000,0.00243000,0.00250000,0.00236000,0.00244000,136661629.80000000
1588723200000,0.00245000,0.00263000,0.00243000,0.00254000,181619428.50000000
1588809600000,0.00253000,0.00271000,0.00248000,0.00254000,286858057.10000000
1588896000000,0.00254000,0.00268000,0.00250000,0.00263000,113522968.40000000
1588982400000,0.00264000,0.00291000,0.00257000,0.00289000,301157667.30000000
1589068800000,0.00289000,0.00294000,0.00223000,0.00263000,376683294.60000000
1589155200000,0.00263000,0.00287000,0.00238000,0.00272000,503735974.40000000
1589241600000,0.00272000,0.00279000,0.00260000,0.00267000,159756376.80000000
1589328000000,0.00265000,0.00290000,0.00257000,0.00282000,182102770.20000000
1589414400000,0.00281000,0.00330000,0.00279000,0.00329000,381717509.30000000
1589500800000,0.00328000,0.00354000,0.00306000,0.00330000,459518716.80000000
1589587200000,0.00330000,0.00364000,0.00318000,0.00332000,273287283.80000000
1589673600000,0.00333000,0.00344000,0.00318000,0.00321000,157323846.20000000
1589760000000,0.00323000,0.00356000,0.00303000,0.00347000,273273160.80000000
1589846400000,0.00347000,0.00354000,0.00334000,0.00337000,164138150.50000000
1589932800000,0.00338000,0.00345000,0.00321000,0.00331000,170193017.50000000
1590019200000,0.00330000,0.00341000,0.00307000,0.00331000,207257338.00000000
1590105600000,0.00330000,0.00364000,0.00319000,0.00361000,186844908.50000000
1590192000000,0.00359000,0.00380000,0.00343000,0.00352000,188655122.50000000
1590278400000,0.00352000,0.00373000,0.00336000,0.00342000,163106763.50000000
1590364800000,0.00342000,0.00394000,0.00336000,0.00382000,304091005.60000000
1590451200000,0.00383000,0.00388000,0.00356000,0.00374000,169336480.60000000
1590537600000,0.00372000,0.00433000,0.00366000,0.00417000,306198427.40000000
1590624000000,0.00417000,0.00434000,0.00383000,0.00396000,238641089.30000000
1590710400000,0.00396000,0.00398000,0.00366000,0.00371000,189698194.40000000
1590796800000,0.00370000,0.00423000,0.00351000,0.00400000,622270903.70000000
1590883200000,0.00400000,0.00406000,0.00362000,0.00366000,302337671.90000000
1590969600000,0.00365000,0.00430000,0.00354000,0.00393000,612806504.10000000
1591056000000,0.00391000,0.00401000,0.00345000,0.00370000,496878661.90000000
1591142400000,0.00370000,0.00392000,0.00369000,0.00377000,120904926.50000000
1591228800000,0.00377000,0.00381000,0.00360000,0.00373000,186396437.30000000
1591315200000,0.00373000,0.00383000,0.00361000,0.00370000,148294652.20000000
1591401600000,0.00370000,0.00394000,0.00366000,0.00386000,168241236.40000000
1591488000000,0.00386000,0.00406000,0.00377000,0.00395000,201743413.80000000
1591574400000,0.00395000,0.00412000,0.00391000,0.00399000,119765583.70000000
1591660800000,0.00397000,0.00399000,0.00382000,0.00390000,89423403.60000000
1591747200000,0.00389000,0.00410000,0.00382000,0.00396000,183277706.70000000
1591833600000,0.00396000,0.00402000,0.00350000,0.00359000,175479035.80000000
1591920000000,0.00358000,0.00385000,0.00357000,0.00375000,123040355.90000000
1592006400000,0.00377000,0.00444000,0.00371000,0.00438000,396332782.10000000
1592092800000,0.00438000,0.00485000,0.00415000,0.00420000,623866763.80000000
1592179200000,0.00420000,0.00443000,0.00383000,0.00425000,441608060.50000000
1592265600000,0.00425000,0.00462000,0.00422000,0.00451000,224039124.90000000
1592352000000,0.00451000,0.00462000,0.00416000,0.00433000,179781716.70000000
1592438400000,0.00433000,0.00463000,0.00428000,0.00442000,172632825.30000000
1592524800000,0.00441000,0.00499000,0.00432000,0.00483000,473309010.50000000
1592611200000,0.00482000,0.00511000,0.00458000,0.00487000,281689775.70000000
1592697600000,0.00487000,0.00528000,0.00476000,0.00490000,216879422.90000000
1592784000000,0.00491000,0.00520000,0.00464000,0.00499000,323140020.20000000
1592870400000,0.00498000,0.00515000,0.00483000,0.00491000,151712916.20000000
1592956800000,0.00491000,0.00498000,0.00462000,0.00469000,159226860.40000000
1593043200000,0.00468000,0.00479000,0.00445000,0.00463000,98571253.30000000
1593129600000,0.00463000,0.00467000,0.00429000,0.00432000,121630385.40000000
1593216000000,0.00432000,0.00447000,0.00360000,0.00396000,189366930.90000000
1593302400000,0.00395000,0.00500000,0.00389000,0.00464000,397853281.40000000
1593388800000,0.00463000,0.00476000,0.00434000,0.00446000,128208244.50000000
1593475200000,0.00445000,0.00459000,0.00439000,0.00446000,89057213.10000000
1593561600000,0.00446000,0.00477000,0.00438000,0.00469000,167805557.60000000
1593648000000,0.00469000,0.00536000,0.00461000,0.00516000,436480645.90000000
1593734400000,0.00516000,0.00565000,0.00507000,0.00524000,336177877.20000000
1593820800000,0.00523000,0.00529000,0.00502000,0.00515000,133587839.50000000
1593907200000,0.00516000,0.00517000,0.00477000,0.00493000,133738085.20000000
1593993600000,0.00495000,0.00525000,0.00485000,0.00518000,132413689.00000000
1594080000000,0.00520000,0.00579000,0.00513000,0.00554000,308977769.30000000
1594166400000,0.00556000,0.00649000,0.00541000,0.00616000,649280204.50000000
1594252800000,0.00616000,0.00640000,0.00585000,0.00610000,278252147.40000000
1594339200000,0.00609000,0.00650000,0.00580000,0.00618000,470850601.10000000
1594425600000,0.00619000,0.00635000,0.00597000,0.00603000,130912057.10000000
1594512000000,0.00602000,0.00618000,0.00597000,0.00603000,107501995.10000000
1594598400000,0.00604000,0.00630000,0.00592000,0.00605000,207176223.90000000
1594684800000,0.00605000,0.00614000,0.00566000,0.00588000,141339965.00000000
1594771200000,0.00587000,0.00593000,0.00555000,0.00562000,125182899.00000000
1594857600000,0.00563000,0.00600000,0.00555000,0.00589000,181632213.50000000
1594944000000,0.00587000,0.00609000,0.00576000,0.00580000,110837680.30000000
1595030400000,0.00579000,0.00586000,0.00566000,0.00582000,88113427.10000000
1595116800000,0.00582000,0.00650000,0.00580000,0.00643000,253822182.50000000
1595203200000,0.00643000,0.00730000,0.00637000,0.00667000,565135625.80000000
1595289600000,0.00666000,0.00739000,0.00650000,0.00721000,365317684.50000000
1595376000000,0.00720000,0.00775000,0.00700000,0.00710000,376217168.40000000
1595462400000,0.00709000,0.00727000,0.00678000,0.00684000,162386956.60000000
1595548800000,0.00684000,0.00764000,0.00677000,0.00754000,233357024.10000000
1595635200000,0.00754000,0.00840000,0.00747000,0.00786000,468926959.70000000
1595721600000,0.00787000,0.00804000,0.00713000,0.00766000,221984722.10000000
1595808000000,0.00767000,0.01150000,0.00741000,0.01010000,1527000159.20000000
1595894400000,0.01005000,0.01018000,0.00881000,0.00917000,342804065.10000000
1595980800000,0.00921000,0.00948000,0.00830000,0.00841000,309229618.60000000
1596067200000,0.00840000,0.00917000,0.00831000,0.00872000,270112170.00000000
1596153600000,0.00871000,0.00872000,0.00784000,0.00869000,378086497.30000000
1596240000000,0.00870000,0.00960000,0.00829000,0.00840000,464634652.60000000
1596326400000,0.00839000,0.00885000,0.00769000,0.00804000,269423830.40000000
1596412800000,0.00803000,0.00851000,0.00786000,0.00801000,210778462.70000000
1596499200000,0.00802000,0.00835000,0.00788000,0.00826000,244906325.60000000
1596585600000,0.00826000,0.00908000,0.00810000,0.00903000,296227141.00000000
1596672000000,0.00903000,0.00996000,0.00892000,0.00970000,425051978.30000000
1596758400000,0.00972000,0.01020000,0.00907000,0.00987000,284070289.40000000
1596844800000,0.00987000,0.01059000,0.00962000,0.01013000,219254216.80000000
1596931200000,0.01014000,0.01033000,0.00945000,0.01029000,258085292.70000000
1597017600000,0.01030000,0.01225000,0.00940000,0.01145000,663568967.40000000
1597104000000,0.01145000,0.01292000,0.01011000,0.01100000,590020558.10000000
1597190400000,0.01101000,0.01160000,0.01040000,0.01119000,280051848.00000000
1597276800000,0.01119000,0.01240000,0.01024000,0.01196000,581779648.40000000
1597363200000,0.01196000,0.01438000,0.01190000,0.01330000,869288121.80000000
1597449600000,0.01329000,0.01360000,0.01240000,0.01280000,289679468.90000000
1597536000000,0.01280000,0.01376000,0.01241000,0.01303000,311580419.70000000
1597622400000,0.01304000,0.01313000,0.01194000,0.01255000,281181230.30000000
1597708800000,0.01253000,0.01268000,0.01113000,0.01150000,304596788.90000000
1597795200000,0.01155000,0.01166000,0.00988000,0.01066000,394749055.30000000
1597881600000,0.01065000,0.01235000,0.01063000,0.01200000,360778818.40000000
1597968000000,0.01201000,0.01209000,0.01015000,0.01048000,297201236.60000000
1598054400000,0.01049000,0.01088000,0.00980000,0.01059000,222113923.20000000
1598140800000,0.01058000,0.01076000,0.01016000,0.01060000,182326414.40000000
1598227200000,0.01060000,0.01162000,0.01053000,0.01136000,401361231.00000000
1598313600000,0.01137000,0.01160000,0.00966000,0.01007000,376618866.20000000
1598400000000,0.01008000,0.01110000,0.00952000,0.01089000,496917668.70000000
1598486400000,0.01089000,0.01190000,0.01039000,0.01102000,648122341.80000000
1598572800000,0.01102000,0.01110000,0.01042000,0.01077000,310584058.90000000
1598659200000,0.01077000,0.01081000,0.01033000,0.01041000,199822949.20000000
1598745600000,0.01041000,0.01100000,0.01013000,0.01058000,199469149.40000000
1598832000000,0.01058000,0.01089000,0.01007000,0.01009000,203091016.20000000
1598918400000,0.01009000,0.01039000,0.00984000,0.01012000,235769727.60000000
1599004800000,0.01013000,0.01048000,0.00887000,0.01043000,454038238.70000000
1599091200000,0.01043000,0.01046000,0.00789000,0.00793000,357403091.80000000
1599177600000,0.00792000,0.00834000,0.00688000,0.00823000,335820550.10000000
1599264000000,0.00818000,0.00845000,0.00655000,0.00693000,232285631.60000000
1599350400000,0.00694000,0.00730000,0.00613000,0.00718000,279740764.20000000
1599436800000,0.00718000,0.00728000,0.00612000,0.00665000,255886721.90000000
1599523200000,0.00665000,0.00696000,0.00614000,0.00633000,206547418.70000000
1599609600000,0.00634000,0.00700000,0.00608000,0.00656000,235448744.20000000
1599696000000,0.00654000,0.00722000,0.00653000,0.00685000,210598451.30000000
1599782400000,0.00686000,0.00734000,0.00652000,0.00730000,236215565.90000000
1599868800000,0.00730000,0.00842000,0.00730000,0.00784000,454945555.20000000
1599955200000,0.00785000,0.00808000,0.00703000,0.00742000,197696194.00000000
1600041600000,0.00742000,0.00756000,0.00705000,0.00707000,187084495.50000000
1600128000000,0.00707000,0.00718000,0.00660000,0.00661000,208870009.60000000
1600214400000,0.00660000,0.00687000,0.00609000,0.00621000,292313067.40000000
1600300800000,0.00621000,0.00660000,0.00573000,0.00597000,262239834.50000000
1600387200000,0.00596000,0.00610000,0.00580000,0.00602000,189719922.30000000
1600473600000,0.00603000,0.00623000,0.00586000,0.00601000,248725296.20000000
1600560000000,0.00600000,0.00602000,0.00540000,0.00553000,188365127.60000000
1600646400000,0.00553000,0.00575000,0.00460000,0.00511000,353002361.30000000
1600732800000,0.00511000,0.00566000,0.00479000,0.00565000,303321178.80000000
1600819200000,0.00565000,0.00569000,0.00456000,0.00467000,245998705.40000000
1600905600000,0.00467000,0.00520000,0.00462000,0.00517000,276234229.00000000
1600992000000,0.00517000,0.00559000,0.00493000,0.00545000,216092051.70000000
1601078400000,0.00546000,0.00553000,0.00518000,0.00537000,162094446.90000000
1601164800000,0.00537000,0.00547000,0.00497000,0.00512000,203104596.50000000
1601251200000,0.00514000,0.00527000,0.00500000,0.00501000,202993885.20000000
1601337600000,0.00500000,0.00528000,0.00488000,0.00510000,188062894.50000000
1601424000000,0.00510000,0.00575000,0.00497000,0.00568000,268752038.50000000
1601510400000,0.00569000,0.00610000,0.00504000,0.00546000,458123664.90000000
1601596800000,0.00547000,0.00581000,0.00512000,0.00561000,264419227.30000000
1601683200000,0.00561000,0.00566000,0.00539000,0.00541000,129594307.60000000
1601769600000,0.00541000,0.00551000,0.00516000,0.00537000,124145223.50000000
1601856000000,0.00536000,0.00539000,0.00522000,0.00532000,86386964.20000000
1601942400000,0.00532000,0.00533000,0.00437000,0.00447000,257026871.60000000
1602028800000,0.00447000,0.00492000,0.00435000,0.00478000,192291454.70000000
1602115200000,0.00480000,0.00526000,0.00466000,0.00521000,159094418.50000000
1602201600000,0.00521000,0.00567000,0.00512000,0.00541000,155431169.60000000
1602288000000,0.00542000,0.00562000,0.00526000,0.00531000,167747409.80000000
1602374400000,0.00529000,0.00541000,0.00519000,0.00530000,94012818.50000000
1602460800000,0.00528000,0.00549000,0.00523000,0.00528000,155217998.50000000
1602547200000,0.00524000,0.00559000,0.00524000,0.00543000,103646243.30000000
1602633600000,0.00542000,0.00563000,0.00530000,0.00541000,118414758.60000000
1602720000000,0.00542000,0.00543000,0.00497000,0.00511000,145348831.50000000
1602806400000,0.00510000,0.00516000,0.00473000,0.00475000,94479445.40000000
1602892800000,0.00475000,0.00515000,0.00469000,0.00507000,94421812.40000000
1602979200000,0.00507000,0.00544000,0.00507000,0.00544000,70882125.90000000
1603065600000,0.00543000,0.00546000,0.00501000,0.00521000,206985048.20000000
1603152000000,0.00521000,0.00530000,0.00472000,0.00474000,154461401.60000000
1603238400000,0.00474000,0.00500000,0.00473000,0.00475000,156994712.50000000
1603324800000,0.00475000,0.00503000,0.00475000,0.00480000,193356147.90000000
1603411200000,0.00480000,0.00493000,0.00457000,0.00484000,148854858.00000000
1603497600000,0.00484000,0.00497000,0.00477000,0.00480000,85854306.80000000
1603584000000,0.00479000,0.00480000,0.00460000,0.00471000,111245379.90000000
1603670400000,0.00470000,0.00480000,0.00445000,0.00466000,106738678.40000000
1603756800000,0.00466000,0.00469000,0.00415000,0.00427000,220550926.50000000
1603843200000,0.00426000,0.00438000,0.00408000,0.00418000,111881093.30000000
1603929600000,0.00418000,0.00435000,0.00416000,0.00424000,85053427.10000000
1604016000000,0.00423000,0.00431000,0.00389000,0.00420000,131584449.80000000
1604102400000,0.00420000,0.00449000,0.00412000,0.00441000,81201727.10000000
1604188800000,0.00438000,0.00550000,0.00438000,0.00485000,588542218.10000000
1604275200000,0.00482000,0.00488000,0.00437000,0.00438000,197571889.60000000
1604361600000,0.00437000,0.00439000,0.00402000,0.00412000,111967548.80000000
1604448000000,0.00412000,0.00441000,0.00404000,0.00425000,105210926.90000000
1604534400000,0.00425000,0.00446000,0.00404000,0.00425000,206359190.40000000
1604620800000,0.00425000,0.00495000,0.00425000,0.00488000,298352713.90000000
1604707200000,0.00489000,0.00524000,0.00436000,0.00473000,282727653.70000000
1604793600000,0.00473000,0.00509000,0.00466000,0.00502000,102598255.80000000
1604880000000,0.00504000,0.00530000,0.00470000,0.00528000,129649415.30000000
1604966400000,0.00528000,0.00550000,0.00506000,0.00535000,243217256.40000000
1605052800000,0.00533000,0.00544000,0.00504000,0.00516000,163549123.60000000
1605139200000,0.00516000,0.00516000,0.00489000,0.00505000,127558423.50000000
1605225600000,0.00506000,0.00528000,0.00503000,0.00522000,101505089.40000000
1605312000000,0.00522000,0.00530000,0.00481000,0.00486000,145678853.60000000
1605398400000,0.00487000,0.00501000,0.00463000,0.00474000,175408664.60000000
1605484800000,0.00473000,0.00502000,0.00468000,0.00491000,164429727.40000000
1605571200000,0.00491000,0.00519000,0.00486000,0.00499000,194183283.80000000
1605657600000,0.00497000,0.00506000,0.00443000,0.00476000,287651986.90000000
1605744000000,0.00476000,0.00493000,0.00452000,0.00465000,217783463.50000000
1605830400000,0.00465000,0.00533000,0.00459000,0.00511000,420852640.20000000
1605916800000,0.00511000,0.00565000,0.00510000,0.00557000,460326750.00000000
1606003200000,0.00558000,0.00577000,0.00498000,0.00519000,410563447.20000000
1606089600000,0.00518000,0.00591000,0.00509000,0.00545000,562355007.60000000
1606176000000,0.00545000,0.00631000,0.00541000,0.00597000,606799886.30000000
1606262400000,0.00597000,0.00685000,0.00571000,0.00606000,622973714.50000000
1606348800000,0.00607000,0.00643000,0.00476000,0.00529000,718338086.70000000
1606435200000,0.00530000,0.00542000,0.00477000,0.00500000,269439307.50000000
1606521600000,0.00500000,0.00544000,0.00493000,0.00535000,245533330.50000000
1606608000000,0.00535000,0.00580000,0.00526000,0.00541000,215821934.30000000
1606694400000,0.00541000,0.00567000,0.00527000,0.00559000,268358212.70000000
1606780800000,0.00558000,0.00569000,0.00511000,0.00531000,499248885.30000000
1606867200000,0.00531000,0.00548000,0.00523000,0.00540000,191395427.50000000
1606953600000,0.00540000,0.00544000,0.00525000,0.00531000,211964062.40000000
1607040000000,0.00530000,0.00543000,0.00497000,0.00508000,224465899.10000000
1607126400000,0.00508000,0.00529000,0.00490000,0.00518000,140510272.70000000
1607212800000,0.00517000,0.00526000,0.00503000,0.00511000,110602224.10000000
1607299200000,0.00512000,0.00525000,0.00482000,0.00517000,234013019.20000000
1607385600000,0.00518000,0.00519000,0.00468000,0.00474000,190171605.20000000
1607472000000,0.00474000,0.00519000,0.00461000,0.00514000,286529192.30000000
1607558400000,0.00514000,0.00519000,0.00479000,0.00482000,157436764.80000000
1607644800000,0.00482000,0.00484000,0.00453000,0.00455000,209675178.70000000
1607731200000,0.00454000,0.00529000,0.00454000,0.00526000,329520951.20000000
1607817600000,0.00525000,0.00558000,0.00506000,0.00541000,315979747.20000000
1607904000000,0.00540000,0.00541000,0.00503000,0.00523000,270227604.10000000
1607990400000,0.00524000,0.00552000,0.00506000,0.00540000,267864124.90000000
1608076800000,0.00540000,0.00569000,0.00521000,0.00557000,510553532.50000000
1608163200000,0.00557000,0.00570000,0.00506000,0.00512000,610840899.90000000
1608249600000,0.00512000,0.00532000,0.00495000,0.00518000,400141210.80000000
1608336000000,0.00517000,0.00539000,0.00514000,0.00521000,340599675.40000000
1608422400000,0.00521000,0.00550000,0.00509000,0.00528000,397684695.30000000
1608508800000,0.00527000,0.00535000,0.00473000,0.00503000,304858664.60000000
1608595200000,0.00502000,0.00524000,0.00487000,0.00511000,206944364.60000000
1608681600000,0.00511000,0.00517000,0.00411000,0.00435000,390731131.90000000
1608768000000,0.00436000,0.00474000,0.00430000,0.00472000,186862396.40000000
1608854400000,0.00473000,0.00490000,0.00456000,0.00475000,188790944.80000000
1608940800000,0.00475000,0.00489000,0.00455000,0.00476000,168727665.30000000
1609027200000,0.00476000,0.00514000,0.00463000,0.00492000,304033263.50000000
1609113600000,0.00493000,0.00510000,0.00476000,0.00480000,223139891.10000000
1609200000000,0.00480000,0.00481000,0.00421000,0.00444000,278766696.60000000
1609286400000,0.00443000,0.00450000,0.00407000,0.00410000,273859475.50000000
1609372800000,0.00409000,0.00429000,0.00400000,0.00423000,323644723.20000000
1609459200000,0.00424000,0.00449000,0.00410000,0.00423000,631336691.80000000
1609545600000,0.00423000,0.00439000,0.00412000,0.00423000,966094638.30000000
1609632000000,0.00424000,0.00500000,0.00420000,0.00488000,1025730418.70000000
1609718400000,0.00488000,0.00568000,0.00450000,0.00494000,968048582.30000000
1609804800000,0.00495000,0.00537000,0.00490000,0.00501000,509242662.30000000
1609891200000,0.00501000,0.00571000,0.00486000,0.00556000,742682007.20000000
1609977600000,0.00555000,0.00645000,0.00537000,0.00625000,810327376.60000000
1610064000000,0.00625000,0.00675000,0.00571000,0.00665000,613266255.90000000
1610150400000,0.00664000,0.00880000,0.00633000,0.00748000,1432446818.00000000
1610236800000,0.00748000,0.00759000,0.00622000,0.00682000,701483758.70000000
1610323200000,0.00682000,0.00688000,0.00520000,0.00623000,738990621.40000000
1610409600000,0.00621000,0.00650000,0.00592000,0.00606000,319673301.90000000
1610496000000,0.00606000,0.00669000,0.00575000,0.00657000,233473120.70000000
1610582400000,0.00659000,0.00749000,0.00642000,0.00716000,351337778.50000000
1610668800000,0.00715000,0.00756000,0.00640000,0.00716000,379566298.80000000
1610755200000,0.00716000,0.00766000,0.00701000,0.00709000,329707193.20000000
1610841600000,0.00709000,0.00730000,0.00673000,0.00709000,353649093.40000000
1610928000000,0.00710000,0.00786000,0.00697000,0.00769000,562471421.30000000
1611014400000,0.00770000,0.00814000,0.00746000,0.00760000,407473569.50000000
1611100800000,0.00758000,0.00779000,0.00677000,0.00758000,423781459.60000000
1611187200000,0.00759000,0.00765000,0.00690000,0.00699000,359880403.60000000
1611273600000,0.00699000,0.00731000,0.00616000,0.00716000,322104141.00000000
1611360000000,0.00716000,0.00764000,0.00710000,0.00755000,324537176.60000000
1611446400000,0.00755000,0.00785000,0.00734000,0.00744000,337411418.70000000
1611532800000,0.00744000,0.00756000,0.00725000,0.00726000,241158463.40000000
1611619200000,0.00726000,0.00732000,0.00681000,0.00726000,273869373.30000000
1611705600000,0.00726000,0.00726000,0.00631000,0.00697000,408288459.50000000
1611792000000,0.00699000,0.00975000,0.00688000,0.00817000,1533586276.30000000
1611878400000,0.00818000,0.00940000,0.00813000,0.00857000,932337833.90000000
1611964800000,0.00855000,0.00950000,0.00830000,0.00902000,516464625.30000000
1612051200000,0.00901000,0.00919000,0.00812000,0.00861000,250917879.30000000
1612137600000,0.00863000,0.00880000,0.00814000,0.00845000,240909068.20000000
1612224000000,0.00845000,0.00944000,0.00837000,0.00930000,359572691.20000000
1612310400000,0.00929000,0.01100000,0.00909000,0.01056000,558309768.30000000
1612396800000,0.01056000,0.01198000,0.01030000,0.01051000,655387759.50000000
1612483200000,0.01053000,0.01185000,0.01050000,0.01150000,352880414.90000000
1612569600000,0.01150000,0.01158000,0.01034000,0.01071000,338716105.90000000
1612656000000,0.01070000,0.01141000,0.01008000,0.01065000,335302426.60000000
1612742400000,0.01065000,0.01316000,0.01059000,0.01302000,715150346.60000000
1612828800000,0.01302000,0.02279000,0.01264000,0.02077000,2140795103.00000000
1612915200000,0.02080000,0.02199000,0.01651000,0.01875000,872834303.00000000
1613001600000,0.01872000,0.02100000,0.01738000,0.01844000,605867387.40000000
1613088000000,0.01844000,0.02344000,0.01750000,0.02185000,804357486.70000000
1613174400000,0.02188000,0.03145000,0.02150000,0.02861000,1893678710.30000000
1613260800000,0.02864000,0.03866000,0.02851000,0.03506000,2223848331.40000000
1613347200000,0.03508000,0.03550000,0.02703000,0.03057000,944086733.10000000
1613433600000,0.03057000,0.03337000,0.02681000,0.02835000,522054226.60000000
1613520000000,0.02837000,0.02998000,0.02510000,0.02703000,764574013.30000000
1613606400000,0.02696000,0.02959000,0.02581000,0.02798000,537180946.60000000
1613692800000,0.02804000,0.03380000,0.02785000,0.03270000,688403241.90000000
1613779200000,0.03269000,0.03500000,0.02800000,0.02970000,612431389.60000000
1613865600000,0.02974000,0.03154000,0.02866000,0.02938000,429824300.00000000
1613952000000,0.02937000,0.02999000,0.02160000,0.02600000,610081033.50000000
1614038400000,0.02599000,0.02600000,0.01700000,0.02051000,741591066.40000000
1614124800000,0.02051000,0.02462000,0.01928000,0.02296000,397232479.90000000
1614211200000,0.02297000,0.02948000,0.02166000,0.02416000,574077243.00000000
1614297600000,0.02417000,0.03035000,0.02270000,0.02859000,1046055063.50000000
1614384000000,0.02861000,0.02919000,0.02461000,0.02574000,403444993.60000000
1614470400000,0.02572000,0.02600000,0.02151000,0.02414000,460129302.90000000
1614556800000,0.02423000,0.03050000,0.02409000,0.02913000,510021854.00000000
1614643200000,0.02912000,0.03194000,0.02716000,0.02882000,375052013.30000000
1614729600000,0.02887000,0.03148000,0.02846000,0.02998000,334656127.00000000
1614816000000,0.02999000,0.03332000,0.02844000,0.03257000,377456781.10000000
1614902400000,0.03257000,0.03750000,0.02950000,0.03619000,868674818.80000000
1614988800000,0.03619000,0.04347000,0.03527000,0.03766000,1275291140.60000000
1615075200000,0.03765000,0.03886000,0.03551000,0.03705000,495611515.10000000
1615161600000,0.03706000,0.03850000,0.03435000,0.03623000,465483232.40000000
1615248000000,0.03619000,0.04249000,0.03555000,0.04191000,572349646.30000000
1615334400000,0.04190000,0.04694000,0.03965000,0.04130000,838513052.20000000
1615420800000,0.04131000,0.04248000,0.03820000,0.04211000,423519641.40000000
1615507200000,0.04211000,0.06335000,0.04125000,0.05866000,2361599989.70000000
1615593600000,0.05864000,0.06770000,0.05215000,0.05312000,2027067176.60000000
1615680000000,0.05312000,0.08979000,0.05251000,0.08120000,2745076718.50000000
1615766400000,0.08119000,0.10800000,0.07608000,0.08642000,4361249636.20000000
1615852800000,0.08644000,0.10159000,0.07586000,0.08425000,1625286987.60000000
1615939200000,0.08411000,0.08919000,0.07371000,0.08221000,1021662300.60000000
1616025600000,0.08221000,0.10250000,0.07805000,0.09517000,1535745718.60000000
1616112000000,0.09517000,0.12700000,0.08964000,0.11644000,2778909039.70000000
1616198400000,0.11644000,0.12525000,0.10750000,0.11328000,1044740179.20000000
1616284800000,0.11328000,0.18166000,0.11081000,0.17651000,3468721254.70000000
1616371200000,0.17666000,0.19200000,0.14800000,0.15511000,2556392774.50000000
1616457600000,0.15513000,0.18733000,0.13817000,0.15772000,1800060579.80000000
1616544000000,0.15764000,0.22000000,0.15690000,0.19799000,2338117611.30000000
1616630400000,0.19833000,0.20176000,0.16600000,0.17853000,1531375608.60000000
1616716800000,0.17886000,0.19555000,0.17500000,0.18096000,858665034.80000000
1616803200000,0.18093000,0.18900000,0.16278000,0.16448000,692706271.50000000
1616889600000,0.16413000,0.20930000,0.16000000,0.20116000,1259205537.10000000
1616976000000,0.20116000,0.22403000,0.19258000,0.19846000,1207021157.50000000
1617062400000,0.19843000,0.20400000,0.18500000,0.18989000,695047300.90000000
1617148800000,0.18989000,0.19042000,0.17000000,0.17622000,584699433.40000000
1617235200000,0.17639000,0.19640000,0.17213000,0.17699000,650824318.60000000
1617321600000,0.17700000,0.17869000,0.16600000,0.16906000,455902255.60000000
1617408000000,0.16906000,0.18060000,0.14520000,0.15166000,822935366.50000000
1617494400000,0.15162000,0.17000000,0.14888000,0.15868000,632136378.40000000
1617580800000,0.15850000,0.16976000,0.15000000,0.15433000,710158109.40000000
1617667200000,0.15430000,0.15972000,0.13404000,0.14504000,647671230.70000000
1617753600000,0.14512000,0.16937000,0.11850000,0.15477000,1560562692.30000000
1617840000000,0.15512000,0.17697000,0.15291000,0.16085000,865447644.80000000
1617926400000,0.16086000,0.16840000,0.15411000,0.15741000,479437283.40000000
1618012800000,0.15741000,0.16065000,0.14700000,0.15029000,417031423.10000000
1618099200000,0.15050000,0.15571000,0.14228000,0.14247000,386107794.00000000
1618185600000,0.14241000,0.14950000,0.13600000,0.14936000,552059096.50000000
1618272000000,0.14936000,0.16438000,0.14404000,0.14724000,816045949.80000000
1618358400000,0.14726000,0.15318000,0.13989000,0.14964000,561283602.70000000
1618444800000,0.14961000,0.16500000,0.14429000,0.15380000,601373184.90000000
1618531200000,0.15379000,0.15452000,0.13600000,0.14116000,768858872.10000000
1618617600000,0.14109000,0.15522000,0.14102000,0.14338000,661154065.80000000
1618704000000,0.14327000,0.14500000,0.10100000,0.12835000,872505411.40000000
1618790400000,0.12834000,0.13893000,0.11162000,0.11587000,662902215.10000000
1618876800000,0.11571000,0.12492000,0.10536000,0.11962000,659234800.30000000
1618963200000,0.11967000,0.12543000,0.11302000,0.11453000,411047205.10000000
1619049600000,0.11438000,0.12480000,0.10092000,0.10434000,475318214.80000000
1619136000000,0.10433000,0.10890000,0.06959000,0.10626000,919818941.10000000
1619222400000,0.10640000,0.10924000,0.09554000,0.09929000,391465867.40000000
1619308800000,0.09929000,0.10558000,0.08729000,0.09564000,246765776.70000000
1619395200000,0.09569000,0.14794000,0.09500000,0.13624000,1438646474.60000000
1619481600000,0.13623000,0.15200000,0.13179000,0.14192000,747291707.20000000
1619568000000,0.14208000,0.15200000,0.12579000,0.13256000,558303068.10000000
1619654400000,0.13255000,0.14599000,0.12500000,0.13236000,512056192.00000000
1619740800000,0.13242000,0.15960000,0.12956000,0.15268000,753670497.10000000
1619827200000,0.15264000,0.15266000,0.14260000,0.14590000,342866700.30000000
1619913600000,0.14589000,0.14639000,0.13587000,0.14035000,255822288.40000000
1620000000000,0.14022000,0.14990000,0.13838000,0.14134000,311177487.40000000
1620086400000,0.14130000,0.14166000,0.11944000,0.12244000,439870700.00000000
1620172800000,0.12244000,0.13750000,0.12066000,0.13090000,366648985.70000000
1620259200000,0.13087000,0.13262000,0.12259000,0.12751000,314165917.30000000
1620345600000,0.12753000,0.14114000,0.12400000,0.13010000,433881755.50000000
1620432000000,0.13018000,0.13379000,0.12501000,0.12732000,219224832.70000000
1620518400000,0.12731000,0.13200000,0.11944000,0.13121000,276292275.20000000
1620604800000,0.13121000,0.15176000,0.11010000,0.12173000,945478150.70000000
1620691200000,0.12176000,0.12999000,0.11500000,0.12458000,363022934.10000000
1620777600000,0.12458000,0.13166000,0.10523000,0.10663000,444840687.60000000
1620864000000,0.10663000,0.11565000,0.09833000,0.10902000,499692667.30000000
1620950400000,0.10902000,0.12421000,0.10790000,0.11548000,311829711.40000000
1621036800000,0.11544000,0.17658000,0.11297000,0.15842000,1751464724.70000000
1621123200000,0.15837000,0.18506000,0.14509000,0.14886000,2198346692.80000000
1621209600000,0.14900000,0.16639000,0.13162000,0.13448000,1161043747.10000000
1621296000000,0.13445000,0.18858000,0.13425000,0.17543000,1863774901.70000000
1621382400000,0.17546000,0.17736000,0.07000000,0.10765000,2258644809.80000000
1621468800000,0.10747000,0.14000000,0.09500000,0.12139000,1214594791.90000000
1621555200000,0.12138000,0.12870000,0.08400000,0.10445000,909213498.20000000
1621641600000,0.10445000,0.10865000,0.08840000,0.08932000,504133742.40000000
1621728000000,0.08921000,0.09392000,0.05800000,0.08059000,805426588.70000000
1621814400000,0.08065000,0.11950000,0.08065000,0.10810000,1174830282.00000000
1621900800000,0.10802000,0.12000000,0.09342000,0.10431000,660177820.00000000
1621987200000,0.10432000,0.11974000,0.10103000,0.11240000,636701233.60000000
1622073600000,0.11239000,0.11787000,0.09790000,0.10503000,602647726.70000000
1622160000000,0.10504000,0.10827000,0.08610000,0.09049000,602441064.00000000
1622246400000,0.09040000,0.09437000,0.07750000,0.08284000,413188640.80000000
1622332800000,0.08282000,0.10225000,0.07801000,0.09285000,566860708.70000000
1622419200000,0.09291000,0.10400000,0.08723000,0.10145000,459389856.60000000
1622505600000,0.10136000,0.10537000,0.09588000,0.09739000,296974227.30000000
1622592000000,0.09751000,0.10450000,0.09525000,0.10153000,250708214.60000000
1622678400000,0.10153000,0.11481000,0.09915000,0.10999000,303840083.00000000
1622764800000,0.10997000,0.11042000,0.09133000,0.09845000,422200431.40000000
1622851200000,0.09839000,0.10289000,0.08886000,0.09238000,346567725.90000000
1622937600000,0.09246000,0.09787000,0.09172000,0.09625000,128775673.40000000
1623024000000,0.09627000,0.10200000,0.08501000,0.08596000,244601397.10000000
1623110400000,0.08602000,0.08970000,0.07804000,0.08582000,326735163.30000000
1623196800000,0.08580000,0.09128000,0.08056000,0.09094000,245523910.50000000
1623283200000,0.09094000,0.09125000,0.08008000,0.08271000,201333249.60000000
1623369600000,0.08271000,0.08500000,0.07621000,0.07858000,173727904.50000000
1623456000000,0.07858000,0.07867000,0.07250000,0.07669000,183315057.70000000
1623542400000,0.07670000,0.08700000,0.07541000,0.08228000,179723333.10000000
1623628800000,0.08234000,0.08616000,0.08045000,0.08323000,170443619.40000000
1623715200000,0.08330000,0.08675000,0.08180000,0.08366000,176231150.70000000
1623801600000,0.08356000,0.08397000,0.07837000,0.08053000,156377499.40000000
1623888000000,0.08063000,0.08283000,0.07757000,0.07998000,94537078.10000000
1623974400000,0.07998000,0.07999000,0.07136000,0.07382000,157740881.90000000
1624060800000,0.07381000,0.07457000,0.07150000,0.07160000,100591576.30000000
1624147200000,0.07164000,0.07346000,0.06674000,0.07271000,126986165.70000000
1624233600000,0.07273000,0.07314000,0.05570000,0.05663000,282646319.80000000
1624320000000,0.05657000,0.06243000,0.04704000,0.05179000,416142471.30000000
1624406400000,0.05188000,0.06343000,0.04972000,0.05931000,249517161.40000000
1624492800000,0.05942000,0.06190000,0.05570000,0.06043000,137972304.50000000
1624579200000,0.06049000,0.06222000,0.05442000,0.05533000,158811083.80000000
1624665600000,0.05534000,0.05912000,0.05301000,0.05885000,194733015.60000000
1624752000000,0.05885000,0.06837000,0.05850000,0.06751000,455341221.50000000
1624838400000,0.06751000,0.06919000,0.06355000,0.06531000,179362742.80000000
1624924800000,0.06543000,0.07044000,0.06522000,0.06598000,182573006.00000000
1625011200000,0.06600000,0.06734000,0.06200000,0.06714000,184086781.50000000
1625097600000,0.06714000,0.06724000,0.06101000,0.06328000,116799302.60000000
1625184000000,0.06321000,0.06434000,0.06050000,0.06271000,84004597.50000000
1625270400000,0.06271000,0.06700000,0.06202000,0.06450000,112859883.90000000
1625356800000,0.06451000,0.06899000,0.06266000,0.06678000,99832349.00000000
1625443200000,0.06670000,0.06670000,0.06220000,0.06307000,98068968.40000000
1625529600000,0.06312000,0.07300000,0.06306000,0.07216000,265161433.60000000
1625616000000,0.07216000,0.09363000,0.07096000,0.08422000,773799895.20000000
1625702400000,0.08424000,0.09241000,0.07707000,0.08126000,439985927.10000000
1625788800000,0.08127000,0.08999000,0.07668000,0.08950000,385262094.10000000
1625875200000,0.08950000,0.09129000,0.08068000,0.08231000,156407959.60000000
1625961600000,0.08239000,0.08432000,0.08014000,0.08208000,104130066.10000000
1626048000000,0.08208000,0.08400000,0.07625000,0.07860000,146408589.20000000
1626134400000,0.07859000,0.08635000,0.07700000,0.08244000,251801670.60000000
1626220800000,0.08244000,0.08325000,0.07416000,0.07969000,166616248.20000000
1626307200000,0.07968000,0.08183000,0.07200000,0.07354000,152451509.10000000
1626393600000,0.07349000,0.07561000,0.06689000,0.06715000,168036286.70000000
1626480000000,0.06711000,0.06865000,0.06530000,0.06607000,96424780.40000000
1626566400000,0.06607000,0.06857000,0.06380000,0.06449000,93217417.90000000
1626652800000,0.06443000,0.06541000,0.05896000,0.05936000,105834685.30000000
1626739200000,0.05940000,0.06021000,0.05373000,0.05692000,146551771.70000000
1626825600000,0.05695000,0.06629000,0.05490000,0.06378000,209625240.50000000
1626912000000,0.06385000,0.06771000,0.06223000,0.06445000,150983757.40000000
1626998400000,0.06442000,0.06992000,0.06262000,0.06992000,125203662.50000000
1627084800000,0.06992000,0.07509000,0.06887000,0.07261000,184641103.40000000
1627171200000,0.07264000,0.07333000,0.06900000,0.07256000,80327202.80000000
1627257600000,0.07247000,0.08252000,0.07190000,0.07270000,274244334.60000000
1627344000000,0.07269000,0.07693000,0.07006000,0.07501000,150475688.40000000
1627430400000,0.07485000,0.07487000,0.07059000,0.07191000,111396392.50000000
1627516800000,0.07192000,0.07460000,0.07068000,0.07378000,75654968.10000000
1627603200000,0.07379000,0.07690000,0.07154000,0.07640000,120206892.70000000
1627689600000,0.07640000,0.07988000,0.07472000,0.07846000,128743523.70000000
1627776000000,0.07850000,0.08343000,0.07513000,0.07609000,149480825.60000000
1627862400000,0.07615000,0.07913000,0.07447000,0.07740000,83317582.40000000
1627948800000,0.07741000,0.07876000,0.07189000,0.07374000,109364166.50000000
1628035200000,0.07375000,0.07850000,0.07265000,0.07803000,88091932.50000000
1628121600000,0.07797000,0.07822000,0.07397000,0.07784000,93197210.70000000
1628208000000,0.07784000,0.08180000,0.07592000,0.08091000,113727960.70000000
1628294400000,0.08092000,0.08496000,0.07966000,0.08388000,176460226.30000000
1628380800000,0.08380000,0.08690000,0.08042000,0.08121000,195584507.50000000
1628467200000,0.08121000,0.09417000,0.07777000,0.09345000,320579125.80000000
1628553600000,0.09345000,0.09861000,0.08740000,0.09113000,316953297.30000000
1628640000000,0.09120000,0.10186000,0.09106000,0.09767000,288837985.00000000
1628726400000,0.09779000,0.10166000,0.08838000,0.09257000,194744846.90000000
1628812800000,0.09265000,0.09898000,0.09178000,0.09821000,149560588.50000000
1628899200000,0.09821000,0.10171000,0.09490000,0.09792000,183313215.90000000
1628985600000,0.09792000,0.11024000,0.09496000,0.10834000,236148849.90000000
1629072000000,0.10826000,0.11900000,0.10274000,0.10377000,406952619.70000000
1629158400000,0.10377000,0.10922000,0.09403000,0.09549000,242793635.40000000
1629244800000,0.09539000,0.10191000,0.09046000,0.09737000,207292032.90000000
1629331200000,0.09741000,0.10297000,0.09261000,0.10111000,162313120.10000000
1629417600000,0.10113000,0.11536000,0.10003000,0.11084000,296136650.70000000
1629504000000,0.11074000,0.11221000,0.10448000,0.10871000,243263489.10000000
1629590400000,0.10870000,0.12416000,0.10848000,0.11564000,386326643.10000000
1629676800000,0.11564000,0.12319000,0.11345000,0.11563000,205622906.00000000
1629763200000,0.11551000,0.11858000,0.10385000,0.10663000,258227402.60000000
1629849600000,0.10662000,0.11329000,0.10288000,0.10954000,144429713.80000000
1629936000000,0.10943000,0.11077000,0.09743000,0.09903000,146961373.90000000
1630022400000,0.09912000,0.10540000,0.09481000,0.10525000,154134345.00000000
1630108800000,0.10532000,0.10561000,0.09907000,0.10028000,105753048.20000000
1630195200000,0.10029000,0.10272000,0.09676000,0.10123000,110893087.00000000
1630281600000,0.10125000,0.13000000,0.09610000,0.11541000,662130408.60000000
1630368000000,0.11535000,0.13649000,0.11392000,0.11858000,998438505.60000000
1630454400000,0.11853000,0.12570000,0.11501000,0.12259000,274849729.90000000
1630540800000,0.12261000,0.12566000,0.11900000,0.11931000,189056435.30000000
1630627200000,0.11938000,0.12655000,0.11650000,0.12190000,194873839.30000000
1630713600000,0.12186000,0.13086000,0.12024000,0.12422000,185418610.30000000
1630800000000,0.12423000,0.13372000,0.12423000,0.13243000,236529691.70000000
1630886400000,0.13233000,0.13410000,0.12367000,0.13021000,215772679.40000000
1630972800000,0.13028000,0.15900000,0.09797000,0.11971000,1273030002.20000000
1631059200000,0.11971000,0.15569000,0.11650000,0.14202000,1327826876.60000000
1631145600000,0.14200000,0.21000000,0.13714000,0.20086000,1489835640.10000000
1631232000000,0.20083000,0.21000000,0.16017000,0.17201000,1006102108.10000000
1631318400000,0.17201000,0.20995000,0.16634000,0.17920000,758563763.30000000
1631404800000,0.17916000,0.22304000,0.17510000,0.21665000,817720240.00000000
1631491200000,0.21666000,0.22995000,0.17353000,0.18428000,840870249.00000000
1631577600000,0.18415000,0.18865000,0.16651000,0.17208000,464717986.80000000
1631664000000,0.17202000,0.18000000,0.16798000,0.17264000,391435722.70000000
1631750400000,0.17264000,0.17930000,0.15666000,0.16357000,419067135.10000000
1631836800000,0.16340000,0.16457000,0.14889000,0.15283000,332103723.20000000
1631923200000,0.15298000,0.17773000,0.14879000,0.16603000,485559502.50000000
1632009600000,0.16587000,0.16934000,0.15265000,0.15662000,260258128.70000000
1632096000000,0.15662000,0.15713000,0.11700000,0.12793000,696020280.60000000
1632182400000,0.12796000,0.14670000,0.11800000,0.12106000,727432955.00000000
1632268800000,0.12084000,0.13980000,0.11817000,0.13673000,594809465.50000000
1632355200000,0.13676000,0.15961000,0.12952000,0.15874000,686388864.00000000
1632441600000,0.15883000,0.15919000,0.12661000,0.15055000,838070217.40000000
1632528000000,0.15069000,0.18000000,0.14826000,0.16221000,1203863046.30000000
1632614400000,0.16233000,0.18258000,0.14799000,0.17814000,955518925.50000000
1632700800000,0.17787000,0.18045000,0.15666000,0.15771000,574220430.00000000
1632787200000,0.15774000,0.16291000,0.14454000,0.14583000,458023690.60000000
1632873600000,0.14591000,0.15785000,0.14012000,0.14398000,321403360.80000000
1632960000000,0.14405000,0.15456000,0.14289000,0.15064000,313612038.40000000
1633046400000,0.15062000,0.16214000,0.14694000,0.15946000,321095237.50000000
1633132800000,0.15944000,0.17297000,0.15423000,0.16312000,359152774.80000000
1633219200000,0.16316000,0.18500000,0.15963000,0.18099000,500426468.60000000
1633305600000,0.18099000,0.18864000,0.16600000,0.17735000,649536532.00000000
1633392000000,0.17740000,0.18567000,0.17115000,0.17509000,335206193.10000000
1633478400000,0.17518000,0.17638000,0.15900000,0.16807000,350843329.20000000
1633564800000,0.16797000,0.18137000,0.16228000,0.17654000,392665792.40000000
1633651200000,0.17656000,0.24670000,0.17387000,0.22827000,1877731705.60000000
1633737600000,0.22827000,0.24800000,0.20802000,0.21934000,854059180.20000000
1633824000000,0.21944000,0.26690000,0.20465000,0.25557000,1287116641.60000000
1633910400000,0.25553000,0.26500000,0.22485000,0.23405000,729832322.50000000
1633996800000,0.23414000,0.24023000,0.20650000,0.23642000,641876707.30000000
1634083200000,0.23632000,0.25621000,0.21740000,0.22318000,836175639.00000000
1634169600000,0.22322000,0.23673000,0.21921000,0.22215000,408600571.00000000
1634256000000,0.22213000,0.22690000,0.20894000,0.21731000,363920865.70000000
1634342400000,0.21731000,0.23009000,0.21351000,0.21742000,257040379.60000000
1634428800000,0.21750000,0.23950000,0.21501000,0.22879000,438325833.20000000
1634515200000,0.22881000,0.23626000,0.21612000,0.22322000,248727168.30000000
1634601600000,0.22334000,0.24400000,0.21973000,0.23324000,422086509.60000000
1634688000000,0.23318000,0.25434000,0.23255000,0.25428000,375705075.30000000
1634774400000,0.25428000,0.26469000,0.23641000,0.23937000,363257750.10000000
1634860800000,0.23928000,0.27000000,0.23911000,0.26856000,434255444.10000000
1634947200000,0.26871000,0.27886000,0.26042000,0.26930000,448230227.70000000
1635033600000,0.26938000,0.32000000,0.26603000,0.29140000,1246804182.40000000
1635120000000,0.29143000,0.35350000,0.28788000,0.34480000,856056869.50000000
1635206400000,0.34480000,0.38000000,0.32963000,0.34590000,930987316.20000000
1635292800000,0.34579000,0.36131000,0.28570000,0.31114000,792727576.30000000
1635379200000,0.31130000,0.37662000,0.30751000,0.34226000,707187129.30000000
1635465600000,0.34241000,0.34474000,0.32004000,0.32561000,324649664.40000000
1635552000000,0.32561000,0.34637000,0.29754000,0.30660000,416933234.60000000
1635638400000,0.30660000,0.31122000,0.28064000,0.30439000,355659030.10000000
1635724800000,0.30448000,0.32000000,0.28091000,0.28947000,308400421.30000000
1635811200000,0.28947000,0.30500000,0.28064000,0.28867000,335627446.40000000
1635897600000,0.28869000,0.31449000,0.28366000,0.29927000,389999052.50000000
1635984000000,0.29917000,0.29927000,0.27659000,0.28052000,240171409.10000000
1636070400000,0.28052000,0.30530000,0.28000000,0.28386000,271715902.90000000
1636156800000,0.28380000,0.29099000,0.26644000,0.28868000,197100627.90000000
1636243200000,0.28870000,0.31841000,0.28733000,0.30048000,403702837.70000000
1636329600000,0.30047000,0.32485000,0.29273000,0.32312000,323187939.10000000
1636416000000,0.32319000,0.32880000,0.30056000,0.30260000,247566731.60000000
1636502400000,0.30255000,0.30849000,0.25678000,0.27786000,345278830.20000000
1636588800000,0.27778000,0.30530000,0.27360000,0.27835000,297270897.10000000
1636675200000,0.27830000,0.28281000,0.24994000,0.27422000,263422739.60000000
1636761600000,0.27424000,0.28730000,0.27033000,0.28047000,173748756.40000000
1636848000000,0.28040000,0.28458000,0.26732000,0.27554000,145108519.60000000
1636934400000,0.27555000,0.29981000,0.27477000,0.28950000,298023504.10000000
1637020800000,0.28978000,0.29042000,0.23614000,0.25406000,370993705.90000000
1637107200000,0.25381000,0.26213000,0.23919000,0.26205000,219843213.40000000
1637193600000,0.26195000,0.27481000,0.22731000,0.23692000,378025006.70000000
1637280000000,0.23719000,0.25698000,0.23089000,0.25072000,208186110.30000000
1637366400000,0.25074000,0.29829000,0.25053000,0.29029000,515254698.00000000
1637452800000,0.29033000,0.32000000,0.28001000,0.30926000,501045126.80000000
1637539200000,0.30951000,0.31455000,0.27828000,0.28716000,367766585.00000000
1637625600000,0.28711000,0.34150000,0.27404000,0.32976000,519210350.00000000
1637712000000,0.32976000,0.33900000,0.29300000,0.31155000,406498523.70000000
1637798400000,0.31129000,0.32443000,0.30478000,0.30719000,240414140.90000000
1637884800000,0.30733000,0.30819000,0.25024000,0.26308000,395323494.40000000
1637971200000,0.26305000,0.27460000,0.25368000,0.26028000,151492436.00000000
1638057600000,0.26022000,0.27066000,0.23384000,0.26680000,261175057.10000000
1638144000000,0.26671000,0.27445000,0.25796000,0.26876000,227712726.90000000
1638230400000,0.26884000,0.27193000,0.25010000,0.25214000,200319476.00000000
1638316800000,0.25214000,0.25926000,0.23998000,0.24303000,185706904.70000000
1638403200000,0.24292000,0.25798000,0.23386000,0.25449000,267721141.70000000
1638489600000,0.25464000,0.26166000,0.22038000,0.23139000,290694822.10000000
1638576000000,0.23091000,0.23329000,0.13500000,0.20111000,617338238.30000000
1638662400000,0.20128000,0.20499000,0.17417000,0.18273000,254811439.70000000
1638748800000,0.18274000,0.18836000,0.15728000,0.18632000,363783637.30000000
1638835200000,0.18632000,0.20611000,0.18536000,0.19772000,354375625.50000000
1638921600000,0.19785000,0.19966000,0.18121000,0.19798000,222094928.80000000
1639008000000,0.19801000,0.20058000,0.17608000,0.17684000,172772816.20000000
1639094400000,0.17684000,0.18481000,0.16326000,0.16535000,184251058.10000000
1639180800000,0.16544000,0.17842000,0.16259000,0.17720000,127022494.30000000
1639267200000,0.17720000,0.19371000,0.17262000,0.18822000,186570946.10000000
1639353600000,0.18822000,0.18991000,0.16412000,0.16800000,216394990.90000000
1639440000000,0.16805000,0.17396000,0.16369000,0.17258000,139958756.90000000
1639526400000,0.17269000,0.20000000,0.16773000,0.18962000,282166152.20000000
1639612800000,0.18970000,0.21292000,0.18950000,0.19521000,319771480.60000000
1639699200000,0.19525000,0.20892000,0.18280000,0.20041000,231582403.80000000
1639785600000,0.20039000,0.21525000,0.19254000,0.20932000,183965933.40000000
1639872000000,0.20943000,0.24904000,0.20391000,0.24540000,424797233.20000000
1639958400000,0.24549000,0.25219000,0.20695000,0.23777000,574167443.40000000
1640044800000,0.23778000,0.25243000,0.23417000,0.23929000,303880672.80000000
1640131200000,0.23938000,0.26695000,0.23782000,0.24455000,334111544.60000000
1640217600000,0.24455000,0.26150000,0.23588000,0.25666000,269257909.30000000
1640304000000,0.25670000,0.26170000,0.23955000,0.24494000,205071471.80000000
1640390400000,0.24510000,0.25500000,0.24239000,0.25253000,117021680.30000000
1640476800000,0.25269000,0.27363000,0.24500000,0.26584000,260409940.50000000
1640563200000,0.26583000,0.28335000,0.26186000,0.26217000,184471457.00000000
1640649600000,0.26224000,0.26259000,0.23387000,0.23639000,243759576.30000000
1640736000000,0.23630000,0.24443000,0.22200000,0.22528000,164271446.00000000
1640822400000,0.22507000,0.23448000,0.21725000,0.22874000,121037680.00000000
1640908800000,0.22873000,0.24330000,0.22359000,0.23353000,153344741.50000000
1640995200000,0.23358000,0.26890000,0.23348000,0.26794000,235809417.10000000
1641081600000,0.26790000,0.29524000,0.26604000,0.29211000,443597120.60000000
1641168000000,0.29216000,0.31800000,0.28015000,0.31220000,458734075.70000000
1641254400000,0.31234000,0.33100000,0.30041000,0.30284000,436499466.70000000
1641340800000,0.30265000,0.32908000,0.25711000,0.27949000,466005710.50000000
1641427200000,0.27949000,0.31301000,0.26742000,0.30895000,465507009.40000000
1641513600000,0.30895000,0.32750000,0.27717000,0.30274000,806438884.70000000
1641600000000,0.30292000,0.33000000,0.28178000,0.30626000,576378368.20000000
1641686400000,0.30621000,0.32500000,0.28867000,0.29050000,419756099.70000000
1641772800000,0.29055000,0.29530000,0.25379000,0.27486000,480788758.80000000
1641859200000,0.27498000,0.30723000,0.27000000,0.30239000,352532372.30000000
1641945600000,0.30239000,0.34900000,0.30202000,0.34478000,487559503.00000000
1642032000000,0.34476000,0.36500000,0.33157000,0.34965000,634648456.60000000
1642118400000,0.34965000,0.37897000,0.34308000,0.35588000,606688064.50000000
1642204800000,0.35578000,0.35627000,0.33500000,0.33809000,291471320.10000000
1642291200000,0.33808000,0.35740000,0.32208000,0.35033000,400653473.80000000
1642377600000,0.35039000,0.35488000,0.30606000,0.31657000,366411395.80000000
1642464000000,0.31655000,0.33970000,0.30111000,0.31784000,439860640.60000000
1642550400000,0.31797000,0.32141000,0.28100000,0.28332000,328654261.80000000
1642636800000,0.28338000,0.30000000,0.25930000,0.26128000,328970927.40000000
1642723200000,0.26123000,0.26660000,0.20721000,0.21455000,537326667.20000000
1642809600000,0.21461000,0.21864000,0.16462000,0.19330000,758839603.80000000
1642896000000,0.19344000,0.22209000,0.18681000,0.20596000,485421839.30000000
1642982400000,0.20570000,0.20585000,0.16722000,0.19113000,554871273.90000000
1643068800000,0.19113000,0.19755000,0.17907000,0.19092000,423285429.40000000
1643155200000,0.19108000,0.21049000,0.18138000,0.18612000,509915150.30000000
1643241600000,0.18613000,0.19900000,0.17141000,0.17943000,388532695.10000000
1643328000000,0.17944000,0.18300000,0.17051000,0.18176000,258393726.80000000
1643414400000,0.18179000,0.19404000,0.18059000,0.18952000,218379329.10000000
1643500800000,0.18949000,0.19700000,0.17819000,0.18170000,244741078.00000000
1643587200000,0.18171000,0.19010000,0.17302000,0.18665000,234345793.20000000
1643673600000,0.18657000,0.19500000,0.18321000,0.18634000,242356074.80000000
1643760000000,0.18625000,0.19440000,0.17435000,0.17527000,230737999.20000000
1643846400000,0.17534000,0.18064000,0.17113000,0.18008000,192060424.10000000
1643932800000,0.17988000,0.19625000,0.17800000,0.19599000,291036972.60000000
1644019200000,0.19598000,0.20809000,0.19350000,0.19775000,270385959.80000000
1644105600000,0.19768000,0.21861000,0.19580000,0.21175000,340027342.20000000
1644192000000,0.21171000,0.22950000,0.20655000,0.22092000,336982605.80000000
1644278400000,0.22082000,0.22921000,0.20259000,0.21175000,271749953.90000000
1644364800000,0.21175000,0.22777000,0.20659000,0.22462000,217280086.90000000
1644451200000,0.22459000,0.23600000,0.20929000,0.21153000,378082949.50000000
1644537600000,0.21161000,0.21613000,0.18612000,0.19053000,241275217.60000000
1644624000000,0.19053000,0.19695000,0.18088000,0.19080000,157905045.30000000
1644710400000,0.19085000,0.19211000,0.18068000,0.18276000,107790747.10000000
1644796800000,0.18280000,0.19200000,0.17431000,0.18424000,157353771.20000000
1644883200000,0.18434000,0.19721000,0.18372000,0.19505000,198803880.40000000
1644969600000,0.19509000,0.19581000,0.18606000,0.18837000,132918763.70000000
1645056000000,0.18837000,0.19332000,0.17176000,0.17376000,211575203.10000000
1645142400000,0.17383000,0.17840000,0.16467000,0.16744000,182336868.30000000
1645228800000,0.16743000,0.17169000,0.16180000,0.16665000,123593258.10000000
1645315200000,0.16662000,0.16685000,0.14800000,0.15063000,235706481.20000000
1645401600000,0.15059000,0.16105000,0.13494000,0.13591000,291468030.50000000
1645488000000,0.13587000,0.13949000,0.12901000,0.13893000,256307788.80000000
1645574400000,0.13892000,0.14700000,0.13166000,0.13197000,244087854.10000000
1645660800000,0.13199000,0.13295000,0.10970000,0.12649000,580788707.90000000
1645747200000,0.12647000,0.14739000,0.12425000,0.14606000,306011706.90000000
1645833600000,0.14607000,0.16123000,0.14571000,0.15352000,403426668.60000000
1645920000000,0.15354000,0.15765000,0.13778000,0.14056000,348538556.50000000
1646006400000,0.14057000,0.15754000,0.13757000,0.15639000,297878739.30000000
1646092800000,0.15634000,0.16727000,0.15265000,0.15796000,349600438.10000000
1646179200000,0.15790000,0.17350000,0.15369000,0.16399000,384476845.20000000
1646265600000,0.16404000,0.16472000,0.14933000,0.15424000,233893511.10000000
1646352000000,0.15423000,0.15445000,0.13830000,0.14052000,217380668.60000000
1646438400000,0.14054000,0.14390000,0.13600000,0.14031000,140769096.60000000
1646524800000,0.14026000,0.14247000,0.12711000,0.12805000,233987331.80000000
1646611200000,0.12798000,0.13499000,0.12322000,0.12679000,285483624.80000000
1646697600000,0.12686000,0.13300000,0.12060000,0.12905000,178165334.30000000
1646784000000,0.12905000,0.14246000,0.12885000,0.13530000,238825514.70000000
1646870400000,0.13531000,0.13641000,0.12401000,0.12608000,180591567.80000000
1646956800000,0.12607000,0.12948000,0.12176000,0.12430000,157794466.10000000
1647043200000,0.12427000,0.12769000,0.12406000,0.12453000,89336650.20000000
1647129600000,0.12455000,0.12712000,0.11786000,0.11976000,115259986.30000000
1647216000000,0.11977000,0.12640000,0.11865000,0.12569000,142773513.40000000
1647302400000,0.12570000,0.12653000,0.11938000,0.12407000,150232941.30000000
1647388800000,0.12403000,0.13284000,0.12164000,0.13280000,215484590.60000000
1647475200000,0.13284000,0.13389000,0.12907000,0.12928000,119437184.10000000
1647561600000,0.12925000,0.13412000,0.12523000,0.13230000,123159570.40000000
1647648000000,0.13231000,0.14393000,0.13231000,0.14033000,163598923.60000000
1647734400000,0.14029000,0.14390000,0.13083000,0.13310000,167986211.50000000
1647820800000,0.13310000,0.14077000,0.12961000,0.13641000,159585182.90000000
1647907200000,0.13641000,0.14698000,0.13513000,0.14213000,188735926.50000000
1647993600000,0.14218000,0.15013000,0.13938000,0.14995000,157245312.50000000
1648080000000,0.14998000,0.15440000,0.14708000,0.15103000,253230469.70000000
1648166400000,0.15107000,0.15544000,0.14191000,0.14419000,184580934.30000000
1648252800000,0.14423000,0.15184000,0.14280000,0.15061000,119766764.30000000
1648339200000,0.15059000,0.16296000,0.14833000,0.16216000,229972246.80000000
1648425600000,0.16210000,0.17143000,0.15200000,0.15632000,292145997.20000000
1648512000000,0.15636000,0.16900000,0.15493000,0.16025000,262532550.90000000
1648598400000,0.16021000,0.17510000,0.15337000,0.16436000,363190302.50000000
1648684800000,0.16433000,0.18000000,0.15759000,0.16101000,470679585.70000000
1648771200000,0.16108000,0.17067000,0.15509000,0.16745000,356416435.00000000
1648857600000,0.16752000,0.17684000,0.15950000,0.16152000,302823555.10000000
1648944000000,0.16152000,0.17151000,0.16000000,0.16913000,165940811.70000000
1649030400000,0.16914000,0.16926000,0.15113000,0.16132000,285700343.90000000
1649116800000,0.16132000,0.16610000,0.15119000,0.15267000,214576140.00000000
1649203200000,0.15270000,0.15383000,0.13394000,0.13469000,303714550.50000000
1649289600000,0.13469000,0.14207000,0.13200000,0.13938000,220992470.40000000
1649376000000,0.13931000,0.14197000,0.12543000,0.12697000,240263170.10000000
1649462400000,0.12694000,0.13214000,0.12664000,0.13199000,142699473.10000000
1649548800000,0.13200000,0.13397000,0.12613000,0.12679000,127901529.60000000
1649635200000,0.12674000,0.12773000,0.11283000,0.11572000,257453548.10000000
1649721600000,0.11571000,0.12266000,0.11321000,0.12078000,209112429.60000000
1649808000000,0.12081000,0.12391000,0.11678000,0.12304000,145285840.90000000
1649894400000,0.12309000,0.12618000,0.11783000,0.12132000,155190240.50000000
1649980800000,0.12133000,0.12349000,0.11912000,0.12255000,86109771.50000000
1650067200000,0.12257000,0.12367000,0.12000000,0.12136000,57154573.30000000
1650153600000,0.12143000,0.12259000,0.11566000,0.11638000,71999952.30000000
1650240000000,0.11636000,0.12599000,0.11147000,0.12534000,165842356.20000000
1650326400000,0.12535000,0.12668000,0.12182000,0.12616000,159266822.80000000
1650412800000,0.12615000,0.13198000,0.12208000,0.12402000,185193692.40000000
1650499200000,0.12405000,0.12725000,0.11633000,0.11856000,172299170.50000000
1650585600000,0.11856000,0.12135000,0.11562000,0.11788000,105333591.30000000
1650672000000,0.11784000,0.11839000,0.11460000,0.11567000,61173419.20000000
1650758400000,0.11566000,0.11690000,0.11255000,0.11340000,67843805.80000000
1650844800000,0.11335000,0.11362000,0.10330000,0.10976000,209722049.00000000
1650931200000,0.10976000,0.11222000,0.09864000,0.10052000,181462872.50000000
1651017600000,0.10052000,0.10472000,0.09906000,0.10277000,130121659.10000000
1651104000000,0.10278000,0.10448000,0.09876000,0.10003000,159520480.30000000
1651190400000,0.09999000,0.10071000,0.08812000,0.09011000,204426925.40000000
1651276800000,0.09008000,0.09155000,0.06953000,0.07445000,395997901.40000000
1651363200000,0.07445000,0.08756000,0.07211000,0.08444000,442678193.10000000
1651449600000,0.08444000,0.08542000,0.07730000,0.08125000,282702476.50000000
1651536000000,0.08129000,0.08463000,0.07862000,0.07967000,204931703.00000000
1651622400000,0.07966000,0.09059000,0.07914000,0.08970000,272521749.60000000
1651708800000,0.08969000,0.09258000,0.07718000,0.08105000,402563779.60000000
1651795200000,0.08107000,0.08151000,0.07471000,0.07737000,308329544.40000000
1651881600000,0.07736000,0.07804000,0.07138000,0.07364000,210797477.90000000
1651968000000,0.07364000,0.07454000,0.07020000,0.07147000,251427831.40000000
1652054400000,0.07149000,0.07400000,0.05763000,0.05965000,531246896.70000000
1652140800000,0.05964000,0.07293000,0.05669000,0.06348000,824336887.10000000
1652227200000,0.06354000,0.06687000,0.03337000,0.04101000,1381748699.50000000
1652313600000,0.04105000,0.04365000,0.03191000,0.04037000,1090568438.70000000
1652400000000,0.04038000,0.05350000,0.03932000,0.04706000,814274381.70000000
1652486400000,0.04705000,0.05014000,0.04362000,0.04913000,418209372.40000000
1652572800000,0.04916000,0.05380000,0.04691000,0.05349000,300520687.60000000
1652659200000,0.05345000,0.05347000,0.04613000,0.04687000,398316628.50000000
1652745600000,0.04686000,0.05105000,0.04582000,0.04952000,366458119.90000000
1652832000000,0.04953000,0.05052000,0.04273000,0.04317000,338707219.30000000
1652918400000,0.04317000,0.04765000,0.04221000,0.04662000,320346247.10000000
1653004800000,0.04663000,0.04936000,0.04426000,0.04581000,338384501.30000000
1653091200000,0.04578000,0.04863000,0.04493000,0.04742000,205478708.20000000
1653177600000,0.04741000,0.05039000,0.04648000,0.04978000,236026476.60000000
1653264000000,0.04975000,0.05297000,0.04601000,0.04703000,382057803.90000000
1653350400000,0.04704000,0.04819000,0.04411000,0.04744000,289994751.20000000
1653436800000,0.04743000,0.04872000,0.04523000,0.04620000,239889924.50000000
1653523200000,0.04618000,0.04791000,0.04029000,0.04290000,458279529.90000000
1653609600000,0.04289000,0.04388000,0.03988000,0.04075000,379917748.20000000
1653696000000,0.04075000,0.04264000,0.04002000,0.04197000,185940579.00000000
1653782400000,0.04196000,0.04324000,0.04003000,0.04302000,191033525.10000000
1653868800000,0.04303000,0.04707000,0.04230000,0.04672000,298830984.10000000
1653955200000,0.04674000,0.04831000,0.04420000,0.04609000,322831353.90000000
1654041600000,0.04607000,0.04683000,0.04039000,0.04156000,322924849.30000000
1654128000000,0.04153000,0.04295000,0.04028000,0.04268000,221749190.30000000
1654214400000,0.04269000,0.04284000,0.04021000,0.04101000,137025192.90000000
1654300800000,0.04103000,0.04211000,0.03958000,0.04172000,109617455.10000000
1654387200000,0.04172000,0.04200000,0.04060000,0.04090000,89145889.30000000
1654473600000,0.04088000,0.04362000,0.04076000,0.04169000,203206560.90000000
1654560000000,0.04169000,0.04177000,0.03809000,0.04009000,235386074.50000000
1654646400000,0.04010000,0.04060000,0.03875000,0.03924000,154090662.20000000
1654732800000,0.03925000,0.04083000,0.03841000,0.03947000,135088465.60000000
1654819200000,0.03947000,0.03978000,0.03554000,0.03619000,186969524.60000000
1654905600000,0.03620000,0.03697000,0.03224000,0.03280000,205276379.90000000
1654992000000,0.03280000,0.03312000,0.02887000,0.02893000,420228601.20000000
1655078400000,0.02894000,0.02955000,0.02430000,0.02767000,696396718.90000000
1655164800000,0.02766000,0.02957000,0.02501000,0.02724000,564851526.00000000
1655251200000,0.02724000,0.02924000,0.02453000,0.02917000,488764956.70000000
1655337600000,0.02916000,0.02987000,0.02474000,0.02523000,306901201.80000000
1655424000000,0.02525000,0.02694000,0.02496000,0.02596000,231918971.10000000
1655510400000,0.02596000,0.02656000,0.02235000,0.02478000,397421967.90000000
1655596800000,0.02478000,0.02731000,0.02356000,0.02674000,333654806.20000000
1655683200000,0.02673000,0.02773000,0.02538000,0.02675000,328425101.90000000
1655769600000,0.02675000,0.02937000,0.02630000,0.02744000,363603419.70000000
1655856000000,0.02746000,0.02749000,0.02524000,0.02541000,333635876.30000000
1655942400000,0.02541000,0.02750000,0.02445000,0.02489000,590702455.30000000
1656028800000,0.02491000,0.02691000,0.02314000,0.02593000,1853922760.70000000
1656115200000,0.02593000,0.02610000,0.02371000,0.02529000,754676267.70000000
1656201600000,0.02529000,0.02564000,0.02261000,0.02273000,648496041.30000000
1656288000000,0.02272000,0.02402000,0.02199000,0.02219000,588365794.00000000
1656374400000,0.02219000,0.02255000,0.01975000,0.02003000,866362873.80000000
1656460800000,0.02003000,0.02051000,0.01869000,0.01886000,765556572.70000000
1656547200000,0.01885000,0.01887000,0.01661000,0.01822000,842818744.90000000
1656633600000,0.01822000,0.01898000,0.01700000,0.01715000,787955525.90000000
1656720000000,0.01715000,0.01754000,0.01645000,0.01731000,387445894.60000000
1656806400000,0.01731000,0.01749000,0.01652000,0.01706000,311226188.60000000
1656892800000,0.01706000,0.01921000,0.01666000,0.01914000,605286236.80000000
1656979200000,0.01913000,0.01927000,0.01718000,0.01782000,671997999.10000000
1657065600000,0.01781000,0.01847000,0.01770000,0.01816000,414530645.70000000
1657152000000,0.01818000,0.01980000,0.01792000,0.01933000,734325226.90000000
1657238400000,0.01933000,0.02008000,0.01855000,0.01925000,576624144.10000000
1657324800000,0.01925000,0.02351000,0.01923000,0.02323000,1330650427.50000000
1657411200000,0.02323000,0.02500000,0.02195000,0.02232000,1336531078.20000000
1657497600000,0.02233000,0.02233000,0.01940000,0.01961000,625741083.60000000
1657584000000,0.01961000,0.02070000,0.01905000,0.01907000,559727169.10000000
1657670400000,0.01907000,0.02160000,0.01863000,0.02141000,784841598.50000000
1657756800000,0.02140000,0.02159000,0.01971000,0.02118000,634693616.40000000
1657843200000,0.02117000,0.02200000,0.02082000,0.02100000,492164040.40000000
1657929600000,0.02101000,0.02199000,0.02055000,0.02171000,379402774.10000000
1658016000000,0.02172000,0.02292000,0.02060000,0.02063000,436222186.90000000
1658102400000,0.02064000,0.02345000,0.02062000,0.02313000,788964747.00000000
1658188800000,0.02313000,0.02688000,0.02233000,0.02603000,1491160650.10000000
1658275200000,0.02603000,0.02761000,0.02376000,0.02440000,922680898.60000000
1658361600000,0.02439000,0.02570000,0.02333000,0.02543000,598475469.80000000
1658448000000,0.02543000,0.02622000,0.02376000,0.02381000,602301699.50000000
1658534400000,0.02381000,0.02446000,0.02263000,0.02338000,362570581.90000000
1658620800000,0.02337000,0.02399000,0.02287000,0.02295000,306321139.70000000
1658707200000,0.02294000,0.02312000,0.02071000,0.02073000,397455211.10000000
1658793600000,0.02073000,0.02086000,0.01964000,0.02036000,373295351.20000000
1658880000000,0.02036000,0.02203000,0.01874000,0.02188000,1035315308.70000000
1658966400000,0.02188000,0.02328000,0.02057000,0.02252000,765074405.70000000
1659052800000,0.02253000,0.02379000,0.02172000,0.02236000,643522536.20000000
1659139200000,0.02235000,0.02543000,0.02225000,0.02392000,935352923.70000000
1659225600000,0.02392000,0.02560000,0.02241000,0.02265000,1092992027.70000000
1659312000000,0.02264000,0.02414000,0.02232000,0.02348000,687212656.40000000
1659398400000,0.02347000,0.02380000,0.02133000,0.02195000,765256573.60000000
1659484800000,0.02195000,0.02311000,0.02105000,0.02209000,449080934.80000000
1659571200000,0.02209000,0.02317000,0.02181000,0.02235000,439276594.30000000
1659657600000,0.02235000,0.02421000,0.02216000,0.02414000,511643833.80000000
1659744000000,0.02414000,0.02506000,0.02366000,0.02378000,385412980.50000000
1659830400000,0.02379000,0.02507000,0.02332000,0.02425000,370471762.20000000
1659916800000,0.02426000,0.02666000,0.02424000,0.02621000,767111737.00000000
1660003200000,0.02618000,0.02700000,0.02440000,0.02607000,638592875.60000000
1660089600000,0.02606000,0.02790000,0.02419000,0.02789000,759738714.80000000
1660176000000,0.02788000,0.02829000,0.02656000,0.02688000,523602227.00000000
1660262400000,0.02686000,0.03410000,0.02620000,0.03342000,1214158951.00000000
1660348800000,0.03342000,0.03342000,0.03053000,0.03170000,896150129.40000000
1660435200000,0.03169000,0.03171000,0.02908000,0.03049000,499939839.10000000
1660521600000,0.03049000,0.03178000,0.02845000,0.02926000,516610635.20000000
1660608000000,0.02925000,0.03093000,0.02859000,0.02966000,425051264.20000000
1660694400000,0.02965000,0.03066000,0.02705000,0.02744000,493869585.70000000
1660780800000,0.02745000,0.02803000,0.02482000,0.02505000,347143394.80000000
1660867200000,0.02504000,0.02538000,0.02178000,0.02230000,664987959.30000000
1660953600000,0.02230000,0.02324000,0.02136000,0.02207000,320300337.10000000
1661040000000,0.02207000,0.02320000,0.02177000,0.02279000,240972765.60000000
1661126400000,0.02280000,0.02280000,0.02086000,0.02171000,256796194.20000000
1661212800000,0.02171000,0.02244000,0.02106000,0.02234000,223756490.90000000
1661299200000,0.02235000,0.02269000,0.02154000,0.02191000,205432254.50000000
1661385600000,0.02192000,0.02278000,0.02186000,0.02220000,222469232.10000000
1661472000000,0.02220000,0.02244000,0.01965000,0.01989000,345938442.60000000
1661558400000,0.01989000,0.02047000,0.01963000,0.02017000,185993608.70000000
1661644800000,0.02016000,0.02040000,0.01898000,0.01911000,180306171.60000000
1661731200000,0.01912000,0.02110000,0.01884000,0.02087000,254978736.80000000
1661817600000,0.02086000,0.02144000,0.01968000,0.02053000,255366157.60000000
1661904000000,0.02053000,0.02213000,0.02052000,0.02127000,309810303.60000000
1661990400000,0.02127000,0.02173000,0.02017000,0.02086000,200532749.50000000
1662076800000,0.02087000,0.02137000,0.02012000,0.02039000,195005701.20000000
1662163200000,0.02039000,0.02055000,0.02000000,0.02016000,114600080.10000000
1662249600000,0.02017000,0.02106000,0.01991000,0.02104000,174771430.20000000
1662336000000,0.02104000,0.02170000,0.02035000,0.02068000,251117376.70000000
1662422400000,0.02069000,0.02192000,0.01859000,0.01871000,563990426.20000000
1662508800000,0.01872000,0.02028000,0.01846000,0.01981000,302498125.80000000
1662595200000,0.01981000,0.02034000,0.01953000,0.01998000,257891256.00000000
1662681600000,0.01998000,0.02216000,0.01994000,0.02178000,383955555.60000000
1662768000000,0.02177000,0.02224000,0.02136000,0.02173000,350006795.90000000
1662854400000,0.02173000,0.02223000,0.02114000,0.02164000,289564925.50000000
1662940800000,0.02165000,0.02376000,0.02121000,0.02300000,688409719.10000000
1663027200000,0.02300000,0.02360000,0.02047000,0.02089000,577766768.80000000
1663113600000,0.02089000,0.02125000,0.02022000,0.02098000,247239835.60000000
1663200000000,0.02097000,0.02102000,0.01995000,0.02027000,322936338.50000000
1663286400000,0.02027000,0.02042000,0.01975000,0.02039000,186163463.20000000
1663372800000,0.02040000,0.02121000,0.02030000,0.02108000,113972959.40000000
1663459200000,0.02108000,0.02118000,0.01833000,0.01875000,291976689.80000000
1663545600000,0.01876000,0.01954000,0.01830000,0.01921000,280571101.30000000
1663632000000,0.01922000,0.01934000,0.01857000,0.01886000,243997393.20000000
1663718400000,0.01887000,0.01987000,0.01792000,0.01822000,330823101.20000000
1663804800000,0.01822000,0.01993000,0.01816000,0.01970000,249957976.70000000
1663891200000,0.01971000,0.02011000,0.01875000,0.01950000,235437962.50000000
1663977600000,0.01950000,0.01968000,0.01913000,0.01928000,110746793.70000000
1664064000000,0.01928000,0.01946000,0.01832000,0.01846000,118614756.00000000
1664150400000,0.01846000,0.01936000,0.01825000,0.01915000,153361282.80000000
1664236800000,0.01915000,0.02183000,0.01913000,0.01954000,581561671.90000000
1664323200000,0.01955000,0.01990000,0.01886000,0.01964000,217129010.50000000
1664409600000,0.01964000,0.02042000,0.01916000,0.02017000,201946612.50000000
1664496000000,0.02018000,0.02030000,0.01950000,0.01979000,195641370.20000000
1664582400000,0.01978000,0.02019000,0.01967000,0.01994000,111439182.50000000
1664668800000,0.01993000,0.02004000,0.01916000,0.01928000,123766992.40000000
1664755200000,0.01928000,0.01993000,0.01897000,0.01978000,144838794.50000000
1664841600000,0.01979000,0.02027000,0.01967000,0.01999000,129684436.80000000
1664928000000,0.01999000,0.02000000,0.01919000,0.01974000,143102215.40000000
1665014400000,0.01974000,0.01993000,0.01928000,0.01946000,153806481.10000000
1665100800000,0.01945000,0.01951000,0.01884000,0.01922000,98598531.90000000
1665187200000,0.01922000,0.01940000,0.01894000,0.01911000,59303510.60000000
1665273600000,0.01910000,0.01928000,0.01902000,0.01918000,56076946.00000000
1665360000000,0.01917000,0.01964000,0.01849000,0.01854000,125632479.10000000
1665446400000,0.01854000,0.01861000,0.01795000,0.01813000,141825620.20000000
1665532800000,0.01812000,0.01832000,0.01792000,0.01805000,98897629.00000000
1665619200000,0.01804000,0.01825000,0.01624000,0.01799000,356495318.30000000
1665705600000,0.01799000,0.01864000,0.01744000,0.01772000,131333124.50000000
1665792000000,0.01772000,0.01810000,0.01755000,0.01767000,73051659.10000000
1665878400000,0.01767000,0.01849000,0.01767000,0.01815000,73759809.40000000
1665964800000,0.01816000,0.01864000,0.01797000,0.01850000,84304280.90000000
1666051200000,0.01851000,0.01873000,0.01773000,0.01810000,116863689.80000000
1666137600000,0.01811000,0.01819000,0.01692000,0.01712000,147598900.80000000
1666224000000,0.01712000,0.01728000,0.01635000,0.01664000,275897455.50000000
1666310400000,0.01664000,0.01673000,0.01580000,0.01656000,170685445.10000000
1666396800000,0.01658000,0.01668000,0.01627000,0.01648000,103400662.10000000
1666483200000,0.01649000,0.01719000,0.01634000,0.01706000,192087373.10000000
1666569600000,0.01707000,0.01720000,0.01642000,0.01671000,121322748.80000000
1666656000000,0.01672000,0.01788000,0.01659000,0.01729000,181335172.30000000
1666742400000,0.01732000,0.01809000,0.01729000,0.01772000,172772238.00000000
1666828800000,0.01772000,0.01859000,0.01767000,0.01793000,246525422.80000000
1666915200000,0.01793000,0.01980000,0.01774000,0.01922000,262076146.60000000
1667001600000,0.01921000,0.02019000,0.01905000,0.01946000,321502454.20000000
1667088000000,0.01945000,0.02042000,0.01879000,0.01915000,232939607.30000000
1667174400000,0.01915000,0.01952000,0.01861000,0.01905000,219126016.80000000
1667260800000,0.01906000,0.01973000,0.01868000,0.01876000,179635201.00000000
1667347200000,0.01876000,0.01950000,0.01811000,0.01870000,260078782.20000000
1667433600000,0.01870000,0.02072000,0.01864000,0.02011000,296292430.00000000
1667520000000,0.02011000,0.02191000,0.01996000,0.02150000,408278024.10000000
1667606400000,0.02149000,0.02197000,0.02073000,0.02123000,262075898.80000000
1667692800000,0.02123000,0.02148000,0.01957000,0.01961000,256374990.50000000
1667779200000,0.01960000,0.02169000,0.01913000,0.02107000,381684579.50000000
1667865600000,0.02108000,0.02126000,0.01459000,0.01718000,971193218.90000000
1667952000000,0.01718000,0.01742000,0.01269000,0.01374000,1023254445.90000000
1668038400000,0.01375000,0.01673000,0.01329000,0.01596000,1002399374.90000000
1668124800000,0.01596000,0.01613000,0.01428000,0.01532000,303349588.40000000
1668211200000,0.01532000,0.01535000,0.01413000,0.01446000,221362487.50000000
1668297600000,0.01445000,0.01490000,0.01364000,0.01380000,263745529.90000000
1668384000000,0.01380000,0.01459000,0.01305000,0.01412000,323364372.40000000
1668470400000,0.01411000,0.01469000,0.01387000,0.01438000,189857218.20000000
1668556800000,0.01437000,0.01454000,0.01364000,0.01403000,134199681.00000000
1668643200000,0.01402000,0.01431000,0.01378000,0.01391000,128793782.00000000
1668729600000,0.01390000,0.01429000,0.01360000,0.01391000,129993910.40000000
1668816000000,0.01391000,0.01419000,0.01350000,0.01416000,95443217.10000000
1668902400000,0.01416000,0.01436000,0.01327000,0.01341000,143756880.20000000
1668988800000,0.01342000,0.01358000,0.01289000,0.01339000,158411349.10000000
1669075200000,0.01338000,0.01396000,0.01277000,0.01394000,163051952.60000000
1669161600000,0.01394000,0.01461000,0.01383000,0.01455000,192276382.10000000
1669248000000,0.01455000,0.01467000,0.01415000,0.01440000,123244469.50000000
1669334400000,0.01439000,0.01441000,0.01375000,0.01430000,92730272.40000000
1669420800000,0.01429000,0.01471000,0.01400000,0.01411000,146610450.40000000
1669507200000,0.01411000,0.01442000,0.01397000,0.01401000,78997169.70000000
1669593600000,0.01401000,0.01416000,0.01335000,0.01373000,146645379.40000000
1669680000000,0.01372000,0.01409000,0.01351000,0.01388000,115431386.40000000
1669766400000,0.01387000,0.01480000,0.01387000,0.01460000,183955607.40000000
1669852800000,0.01460000,0.01533000,0.01415000,0.01444000,147484848.90000000
1669939200000,0.01445000,0.01504000,0.01419000,0.01504000,161054440.10000000
1670025600000,0.01505000,0.01514000,0.01437000,0.01448000,107988743.90000000
1670112000000,0.01449000,0.01491000,0.01444000,0.01485000,63063674.80000000
1670198400000,0.01485000,0.01543000,0.01464000,0.01482000,125537600.90000000
1670284800000,0.01481000,0.01496000,0.01457000,0.01470000,106566675.80000000
1670371200000,0.01471000,0.01477000,0.01385000,0.01406000,130066384.90000000
1670457600000,0.01407000,0.01465000,0.01395000,0.01451000,99799249.70000000
1670544000000,0.01452000,0.01472000,0.01425000,0.01438000,105560134.00000000
1670630400000,0.01438000,0.01465000,0.01431000,0.01439000,54484609.60000000
1670716800000,0.01439000,0.01448000,0.01397000,0.01408000,67102541.50000000
1670803200000,0.01408000,0.01410000,0.01360000,0.01398000,79593931.10000000
1670889600000,0.01399000,0.01402000,0.01314000,0.01385000,179378512.90000000
1670976000000,0.01385000,0.01395000,0.01333000,0.01365000,128275383.90000000
1671062400000,0.01365000,0.01366000,0.01312000,0.01327000,74813653.10000000
1671148800000,0.01327000,0.01339000,0.01118000,0.01152000,230791789.20000000
1671235200000,0.01153000,0.01184000,0.01134000,0.01178000,113814221.70000000
1671321600000,0.01178000,0.01184000,0.01154000,0.01161000,62728051.10000000
1671408000000,0.01162000,0.01177000,0.01082000,0.01105000,107548086.10000000
1671494400000,0.01105000,0.01163000,0.01100000,0.01154000,79281157.60000000
1671580800000,0.01154000,0.01161000,0.01085000,0.01105000,118507433.20000000
1671667200000,0.01105000,0.01115000,0.01061000,0.01111000,130090796.40000000
1671753600000,0.01110000,0.01129000,0.01108000,0.01119000,86909432.00000000
1671840000000,0.01120000,0.01130000,0.01112000,0.01117000,35493340.20000000
1671926400000,0.01117000,0.01127000,0.01100000,0.01125000,56918455.60000000
1672012800000,0.01125000,0.01137000,0.01109000,0.01121000,64296565.70000000
1672099200000,0.01122000,0.01128000,0.01066000,0.01081000,150074889.70000000
1672185600000,0.01081000,0.01083000,0.01001000,0.01016000,184786139.20000000
1672272000000,0.01017000,0.01026000,0.00950000,0.00987000,179588804.30000000
1672358400000,0.00986000,0.00990000,0.00936000,0.00975000,134539628.80000000
1672444800000,0.00976000,0.01005000,0.00967000,0.01002000,74665724.40000000
1672531200000,0.01001000,0.01023000,0.00989000,0.01021000,69677992.00000000
1672617600000,0.01021000,0.01036000,0.00996000,0.01028000,103573677.20000000
1672704000000,0.01028000,0.01033000,0.00997000,0.01020000,95597345.40000000
1672790400000,0.01020000,0.01076000,0.01016000,0.01055000,163600231.50000000
1672876800000,0.01057000,0.01069000,0.01034000,0.01043000,98092544.90000000
1672963200000,0.01043000,0.01076000,0.01016000,0.01067000,92294707.30000000
1673049600000,0.01067000,0.01086000,0.01067000,0.01076000,68549423.60000000
1673136000000,0.01077000,0.01213000,0.01062000,0.01181000,492993163.70000000
1673222400000,0.01182000,0.01257000,0.01172000,0.01205000,431315603.80000000
1673308800000,0.01205000,0.01264000,0.01185000,0.01243000,254849043.30000000
1673395200000,0.01243000,0.01375000,0.01196000,0.01369000,324148549.10000000
1673481600000,0.01369000,0.01421000,0.01304000,0.01354000,567968879.80000000
1673568000000,0.01354000,0.01495000,0.01334000,0.01492000,370358515.10000000
1673654400000,0.01493000,0.01818000,0.01492000,0.01765000,888738601.30000000
1673740800000,0.01766000,0.01773000,0.01636000,0.01727000,347738889.30000000
1673827200000,0.01727000,0.01962000,0.01691000,0.01748000,631244941.20000000
1673913600000,0.01748000,0.01810000,0.01698000,0.01714000,317338657.70000000
1674000000000,0.01713000,0.01764000,0.01573000,0.01611000,365444656.90000000
1674086400000,0.01611000,0.01626000,0.01541000,0.01607000,192130587.40000000
1674172800000,0.01607000,0.01757000,0.01556000,0.01751000,303741923.00000000
1674259200000,0.01750000,0.01819000,0.01703000,0.01717000,310786195.00000000
1674345600000,0.01716000,0.01877000,0.01715000,0.01773000,376584291.30000000
1674432000000,0.01773000,0.02024000,0.01771000,0.01929000,656122763.20000000
1674518400000,0.01930000,0.02069000,0.01851000,0.01892000,487169977.60000000
1674604800000,0.01894000,0.02059000,0.01816000,0.01982000,461743598.50000000
1674691200000,0.01983000,0.02048000,0.01925000,0.01946000,344386758.70000000
1674777600000,0.01946000,0.02160000,0.01880000,0.02127000,337503657.50000000
1674864000000,0.02127000,0.02149000,0.02012000,0.02036000,289890992.70000000
1674950400000,0.02036000,0.02358000,0.02003000,0.02305000,517600682.60000000
1675036800000,0.02306000,0.02348000,0.02127000,0.02191000,756471472.70000000
1675123200000,0.02190000,0.02340000,0.02056000,0.02258000,717674266.20000000
1675209600000,0.02258000,0.02498000,0.02060000,0.02374000,684160643.70000000
1675296000000,0.02374000,0.02570000,0.02359000,0.02415000,582846375.40000000
1675382400000,0.02415000,0.02961000,0.02375000,0.02779000,1078279030.50000000
1675468800000,0.02779000,0.02900000,0.02726000,0.02801000,510219715.70000000
1675555200000,0.02800000,0.02927000,0.02597000,0.02659000,602353259.90000000
1675641600000,0.02661000,0.02756000,0.02511000,0.02521000,514390812.70000000
1675728000000,0.02521000,0.02844000,0.02493000,0.02816000,496261913.30000000
1675814400000,0.02815000,0.02870000,0.02550000,0.02707000,521437275.20000000
1675900800000,0.02708000,0.02800000,0.02270000,0.02343000,641098480.20000000
1675987200000,0.02343000,0.02501000,0.02283000,0.02366000,339919140.70000000
1676073600000,0.02365000,0.02489000,0.02325000,0.02465000,202340729.40000000
1676160000000,0.02465000,0.02580000,0.02429000,0.02479000,211711441.20000000
1676246400000,0.02479000,0.02499000,0.02252000,0.02337000,289145556.60000000
1676332800000,0.02337000,0.02447000,0.02258000,0.02420000,294483112.90000000
1676419200000,0.02421000,0.02743000,0.02380000,0.02717000,376507673.90000000
1676505600000,0.02718000,0.02810000,0.02503000,0.02513000,510117283.60000000
1676592000000,0.02514000,0.02699000,0.02508000,0.02638000,252686767.80000000
1676678400000,0.02638000,0.02667000,0.02572000,0.02602000,150752233.00000000
1676764800000,0.02602000,0.02759000,0.02539000,0.02670000,326905687.20000000
1676851200000,0.02670000,0.02805000,0.02526000,0.02739000,432010406.60000000
1676937600000,0.02739000,0.02776000,0.02513000,0.02557000,332681136.90000000
1677024000000,0.02557000,0.02588000,0.02372000,0.02458000,333901914.60000000
1677110400000,0.02458000,0.02526000,0.02346000,0.02383000,258768243.30000000
1677196800000,0.02384000,0.02412000,0.02177000,0.02220000,293361748.90000000
1677283200000,0.02220000,0.02235000,0.02055000,0.02133000,195983926.50000000
1677369600000,0.02133000,0.02233000,0.02123000,0.02214000,134660989.30000000
1677456000000,0.02213000,0.02261000,0.02119000,0.02201000,203748216.40000000
1677542400000,0.02200000,0.02230000,0.02100000,0.02135000,165609321.50000000
1677628800000,0.02135000,0.02232000,0.02108000,0.02211000,167428567.60000000
1677715200000,0.02211000,0.02213000,0.02106000,0.02157000,120338505.40000000
1677801600000,0.02156000,0.02158000,0.01886000,0.02006000,269289811.50000000
1677888000000,0.02006000,0.02037000,0.01867000,0.01925000,160071799.20000000
1677974400000,0.01926000,0.01992000,0.01921000,0.01939000,143665234.20000000
1678060800000,0.01939000,0.01990000,0.01890000,0.01961000,152166819.40000000
1678147200000,0.01960000,0.01986000,0.01807000,0.01868000,174666765.00000000
1678233600000,0.01869000,0.01886000,0.01665000,0.01718000,276886071.90000000
1678320000000,0.01718000,0.01784000,0.01546000,0.01588000,358060570.90000000
1678406400000,0.01588000,0.01649000,0.01500000,0.01619000,289781465.30000000
1678492800000,0.01619000,0.01678000,0.01483000,0.01570000,233997068.50000000
1678579200000,0.01569000,0.01799000,0.01542000,0.01798000,252936601.60000000
1678665600000,0.01798000,0.01961000,0.01709000,0.01909000,414714054.40000000
1678752000000,0.01911000,0.02207000,0.01856000,0.02068000,485284446.80000000
1678838400000,0.02067000,0.02166000,0.01857000,0.01889000,482912605.90000000
1678924800000,0.01888000,0.01980000,0.01863000,0.01940000,242566227.80000000
1679011200000,0.01940000,0.02196000,0.01903000,0.02189000,405117395.00000000
1679097600000,0.02188000,0.02312000,0.02096000,0.02117000,399304926.50000000
1679184000000,0.02116000,0.02267000,0.02097000,0.02177000,284523854.80000000
1679270400000,0.02178000,0.02261000,0.01995000,0.02028000,381810658.70000000
1679356800000,0.02028000,0.02207000,0.01972000,0.02174000,362147419.90000000
1679443200000,0.02174000,0.02226000,0.01975000,0.02027000,406460935.30000000
1679529600000,0.02026000,0.02236000,0.02014000,0.02196000,430243805.10000000
1679616000000,0.02199000,0.02207000,0.02003000,0.02040000,296555984.30000000
1679702400000,0.02041000,0.02089000,0.01986000,0.02013000,202878138.40000000
1679788800000,0.02012000,0.02088000,0.01981000,0.02058000,125738306.60000000
1679875200000,0.02058000,0.02066000,0.01874000,0.01921000,319796887.20000000
1679961600000,0.01921000,0.01976000,0.01848000,0.01953000,223825501.00000000
1680048000000,0.01954000,0.02087000,0.01950000,0.02052000,209707528.80000000
1680134400000,0.02052000,0.02109000,0.01963000,0.02027000,215180845.80000000
1680220800000,0.02027000,0.02135000,0.02009000,0.02113000,250690624.40000000
1680307200000,0.02112000,0.02131000,0.02041000,0.02074000,117588711.90000000
1680393600000,0.02074000,0.02094000,0.01980000,0.02018000,147330756.90000000
1680480000000,0.02018000,0.02084000,0.01939000,0.02045000,214327703.30000000
1680566400000,0.02044000,0.02219000,0.02024000,0.02163000,406566320.60000000
1680652800000,0.02164000,0.02205000,0.02088000,0.02117000,225610020.00000000
1680739200000,0.02116000,0.02122000,0.02062000,0.02082000,127193907.60000000
1680825600000,0.02081000,0.02097000,0.02029000,0.02087000,101071670.90000000
1680912000000,0.02089000,0.02137000,0.02070000,0.02094000,126611964.10000000
1680998400000,0.02093000,0.02146000,0.02053000,0.02099000,140402208.20000000
1681084800000,0.02098000,0.02213000,0.02064000,0.02204000,175632517.80000000
1681171200000,0.02204000,0.02312000,0.02164000,0.02201000,287076996.60000000
1681257600000,0.02201000,0.02245000,0.02113000,0.02211000,290982534.20000000
1681344000000,0.02211000,0.02257000,0.02174000,0.02243000,144605040.70000000
1681430400000,0.02243000,0.02334000,0.02220000,0.02300000,217984130.70000000
1681516800000,0.02299000,0.02313000,0.02245000,0.02290000,152247151.90000000
1681603200000,0.02290000,0.02505000,0.02247000,0.02445000,388309617.10000000
1681689600000,0.02446000,0.02521000,0.02351000,0.02389000,619812626.90000000
1681776000000,0.02390000,0.02517000,0.02319000,0.02516000,313035194.80000000
1681862400000,0.02516000,0.02592000,0.02230000,0.02286000,408770343.80000000
1681948800000,0.02285000,0.02369000,0.02159000,0.02174000,253772010.10000000
1682035200000,0.02174000,0.02199000,0.01984000,0.01999000,288208794.40000000
1682121600000,0.01999000,0.02069000,0.01977000,0.02064000,142004726.90000000
1682208000000,0.02064000,0.02068000,0.01961000,0.02010000,149432309.50000000
1682294400000,0.02010000,0.02056000,0.01945000,0.02008000,155286778.80000000
1682380800000,0.02009000,0.02109000,0.01939000,0.02095000,254512649.00000000
1682467200000,0.02096000,0.02159000,0.01902000,0.02013000,400327174.00000000
1682553600000,0.02013000,0.02117000,0.02006000,0.02080000,213265391.00000000
1682640000000,0.02078000,0.02079000,0.01983000,0.02020000,163113202.40000000
1682726400000,0.02020000,0.02034000,0.01990000,0.02013000,89755999.00000000
1682812800000,0.02013000,0.02018000,0.01933000,0.01947000,150198865.00000000
1682899200000,0.01947000,0.01964000,0.01842000,0.01876000,161747146.00000000
1682985600000,0.01874000,0.01922000,0.01844000,0.01900000,127792104.40000000
1683072000000,0.01900000,0.01974000,0.01834000,0.01968000,191547523.60000000
1683158400000,0.01969000,0.01970000,0.01889000,0.01907000,93378797.40000000
1683244800000,0.01908000,0.01957000,0.01880000,0.01931000,98632384.40000000
1683331200000,0.01932000,0.01950000,0.01772000,0.01782000,151751750.30000000
1683417600000,0.01782000,0.01793000,0.01693000,0.01701000,223700844.10000000
1683504000000,0.01702000,0.01725000,0.01522000,0.01590000,306705325.30000000
1683590400000,0.01590000,0.01610000,0.01568000,0.01592000,125927027.60000000
1683676800000,0.01592000,0.01676000,0.01554000,0.01643000,338912714.20000000
1683763200000,0.01643000,0.01645000,0.01522000,0.01558000,186318081.50000000
1683849600000,0.01558000,0.01611000,0.01500000,0.01608000,203839979.30000000
1683936000000,0.01609000,0.01610000,0.01574000,0.01597000,90651691.90000000
1684022400000,0.01598000,0.01655000,0.01572000,0.01630000,101029630.40000000
1684108800000,0.01629000,0.01686000,0.01602000,0.01644000,120760760.70000000
1684195200000,0.01643000,0.01670000,0.01615000,0.01634000,108392435.30000000
1684281600000,0.01635000,0.01725000,0.01603000,0.01693000,156065151.70000000
1684368000000,0.01693000,0.01699000,0.01627000,0.01668000,132752492.60000000
1684454400000,0.01668000,0.01706000,0.01657000,0.01688000,124053617.20000000
1684540800000,0.01688000,0.01688000,0.01664000,0.01675000,55694624.20000000
1684627200000,0.01675000,0.01677000,0.01588000,0.01600000,89082599.80000000
1684713600000,0.01599000,0.01611000,0.01566000,0.01578000,93752808.20000000
1684800000000,0.01578000,0.01629000,0.01569000,0.01605000,103778008.90000000
1684886400000,0.01604000,0.01604000,0.01518000,0.01533000,147172723.70000000
1684972800000,0.01534000,0.01542000,0.01487000,0.01516000,109340459.30000000
1685059200000,0.01516000,0.01560000,0.01501000,0.01550000,82573071.20000000
1685145600000,0.01550000,0.01572000,0.01527000,0.01549000,82725499.40000000
1685232000000,0.01549000,0.01607000,0.01540000,0.01587000,96743228.00000000
1685318400000,0.01588000,0.01596000,0.01545000,0.01555000,117216898.10000000
1685404800000,0.01556000,0.01575000,0.01513000,0.01515000,194722759.80000000
1685491200000,0.01515000,0.01528000,0.01420000,0.01430000,218746066.90000000
1685577600000,0.01431000,0.01446000,0.01392000,0.01424000,126335695.10000000
1685664000000,0.01425000,0.01463000,0.01404000,0.01448000,138173821.60000000
1685750400000,0.01449000,0.01460000,0.01422000,0.01433000,136834261.60000000
1685836800000,0.01433000,0.01472000,0.01418000,0.01447000,140859466.00000000
1685923200000,0.01447000,0.01449000,0.01232000,0.01294000,355807233.80000000
1686009600000,0.01294000,0.01351000,0.01271000,0.01339000,223938206.30000000
1686096000000,0.01338000,0.01338000,0.01240000,0.01260000,241446056.30000000
1686182400000,0.01260000,0.01310000,0.01239000,0.01292000,141742861.90000000
1686268800000,0.01291000,0.01294000,0.01229000,0.01245000,183946439.40000000
1686355200000,0.01246000,0.01248000,0.00940000,0.01045000,743204802.00000000
1686441600000,0.01045000,0.01107000,0.01038000,0.01081000,239631816.80000000
1686528000000,0.01082000,0.01100000,0.01040000,0.01097000,277241291.90000000
1686614400000,0.01096000,0.01161000,0.01059000,0.01071000,585345425.80000000
1686700800000,0.01072000,0.01088000,0.00994000,0.01021000,362059270.20000000
1686787200000,0.01021000,0.01068000,0.01008000,0.01054000,271167711.10000000
1686873600000,0.01054000,0.01151000,0.01018000,0.01113000,398986149.20000000
1686960000000,0.01113000,0.01151000,0.01079000,0.01115000,343266339.70000000
1687046400000,0.01116000,0.01125000,0.01081000,0.01087000,169381498.70000000
1687132800000,0.01087000,0.01122000,0.01073000,0.01116000,159429098.10000000
1687219200000,0.01117000,0.01242000,0.01050000,0.01223000,557578856.10000000
1687305600000,0.01223000,0.01293000,0.01208000,0.01247000,440993375.40000000
1687392000000,0.01247000,0.01288000,0.01212000,0.01216000,384202356.20000000
1687478400000,0.01216000,0.01302000,0.01211000,0.01270000,273770611.20000000
1687564800000,0.01271000,0.01304000,0.01226000,0.01274000,238673553.50000000
1687651200000,0.01274000,0.01347000,0.01270000,0.01296000,219322457.50000000
1687737600000,0.01297000,0.01328000,0.01245000,0.01277000,302485307.60000000
1687824000000,0.01276000,0.01331000,0.01271000,0.01313000,140603324.90000000
1687910400000,0.01313000,0.01313000,0.01174000,0.01195000,206991566.20000000
1687996800000,0.01195000,0.01249000,0.01183000,0.01212000,172685345.00000000
1688083200000,0.01212000,0.01304000,0.01172000,0.01279000,377941396.50000000
1688169600000,0.01279000,0.01297000,0.01250000,0.01297000,198047832.30000000
1688256000000,0.01298000,0.01301000,0.01244000,0.01274000,152269587.50000000
1688342400000,0.01275000,0.01407000,0.01266000,0.01365000,397996783.20000000
1688428800000,0.01367000,0.01401000,0.01312000,0.01335000,244903722.20000000
1688515200000,0.01336000,0.01375000,0.01256000,0.01275000,364303090.00000000
1688601600000,0.01274000,0.01358000,0.01201000,0.01205000,554149898.90000000
1688688000000,0.01205000,0.01221000,0.01182000,0.01201000,239952065.60000000
1688774400000,0.01201000,0.01224000,0.01178000,0.01207000,159001559.10000000
1688860800000,0.01207000,0.01223000,0.01193000,0.01198000,116322396.80000000
1688947200000,0.01198000,0.01271000,0.01137000,0.01202000,493696711.50000000
1689033600000,0.01202000,0.01210000,0.01164000,0.01187000,184035995.00000000
1689120000000,0.01186000,0.01212000,0.01169000,0.01194000,147903229.90000000
1689206400000,0.01194000,0.01361000,0.01168000,0.01357000,378351086.60000000
1689292800000,0.01358000,0.01438000,0.01272000,0.01333000,522348020.50000000
1689379200000,0.01334000,0.01393000,0.01294000,0.01318000,498344787.50000000
1689465600000,0.01317000,0.01326000,0.01240000,0.01247000,165595712.00000000
1689552000000,0.01247000,0.01296000,0.01224000,0.01269000,251852995.30000000
1689638400000,0.01270000,0.01284000,0.01210000,0.01235000,227607488.10000000
1689724800000,0.01235000,0.01313000,0.01205000,0.01219000,419900175.00000000
1689811200000,0.01218000,0.01334000,0.01213000,0.01245000,565994530.30000000
1689897600000,0.01246000,0.01263000,0.01228000,0.01230000,160678327.70000000
1689984000000,0.01230000,0.01242000,0.01187000,0.01199000,157070099.70000000
1690070400000,0.01200000,0.01235000,0.01189000,0.01219000,128259336.80000000
1690156800000,0.01219000,0.01224000,0.01138000,0.01165000,180599211.20000000
1690243200000,0.01164000,0.01177000,0.01149000,0.01167000,117951931.40000000
1690329600000,0.01168000,0.01198000,0.01149000,0.01186000,114692226.20000000
1690416000000,0.01186000,0.01205000,0.01173000,0.01193000,81543660.00000000
1690502400000,0.01193000,0.01219000,0.01189000,0.01208000,76817361.40000000
1690588800000,0.01208000,0.01219000,0.01197000,0.01210000,52739535.10000000
1690675200000,0.01210000,0.01216000,0.01157000,0.01186000,101702561.00000000
1690761600000,0.01186000,0.01204000,0.01158000,0.01168000,77432458.00000000
1690848000000,0.01168000,0.01183000,0.01113000,0.01181000,141177431.70000000
1690934400000,0.01181000,0.01199000,0.01145000,0.01154000,153176838.50000000
1691020800000,0.01153000,0.01163000,0.01131000,0.01140000,131301516.80000000
1691107200000,0.01140000,0.01145000,0.01112000,0.01130000,121968004.50000000
1691193600000,0.01130000,0.01145000,0.01117000,0.01142000,82749731.00000000
1691280000000,0.01142000,0.01163000,0.01140000,0.01153000,124038307.70000000
1691366400000,0.01153000,0.01172000,0.01125000,0.01163000,157648056.80000000
1691452800000,0.01162000,0.01183000,0.01142000,0.01171000,159359340.80000000
1691539200000,0.01171000,0.01195000,0.01160000,0.01172000,128472083.00000000
1691625600000,0.01173000,0.01178000,0.01154000,0.01161000,80868468.30000000
1691712000000,0.01160000,0.01166000,0.01137000,0.01152000,93854042.80000000
1691798400000,0.01151000,0.01156000,0.01122000,0.01128000,134748973.50000000
1691884800000,0.01129000,0.01155000,0.01116000,0.01136000,140306855.10000000
1691971200000,0.01135000,0.01177000,0.01120000,0.01131000,609630902.70000000
1692057600000,0.01131000,0.01138000,0.01029000,0.01072000,339594167.90000000
1692144000000,0.01071000,0.01077000,0.01005000,0.01043000,280306277.80000000
1692230400000,0.01042000,0.01064000,0.00900000,0.00961000,454154343.20000000
1692316800000,0.00961000,0.00994000,0.00952000,0.00975000,424235505.80000000
1692403200000,0.00974000,0.00993000,0.00969000,0.00991000,175346025.50000000
1692489600000,0.00991000,0.01013000,0.00987000,0.01003000,154909147.90000000
1692576000000,0.01003000,0.01017000,0.00962000,0.00982000,228631273.50000000
1692662400000,0.00983000,0.00989000,0.00911000,0.00973000,314790850.50000000
1692748800000,0.00973000,0.01119000,0.00959000,0.01040000,706728710.90000000
1692835200000,0.01039000,0.01041000,0.00989000,0.01008000,230064135.90000000
1692921600000,0.01007000,0.01025000,0.00979000,0.01012000,195855267.90000000
1693008000000,0.01012000,0.01020000,0.00997000,0.00997000,88277525.30000000
1693094400000,0.00997000,0.01019000,0.00990000,0.01008000,85280194.40000000
1693180800000,0.01008000,0.01026000,0.00986000,0.01007000,160378893.60000000
1693267200000,0.01008000,0.01060000,0.00985000,0.01052000,306549578.20000000
1693353600000,0.01052000,0.01066000,0.01022000,0.01036000,264063610.80000000
1693440000000,0.01035000,0.01036000,0.00962000,0.00972000,350510269.80000000
1693526400000,0.00972000,0.00978000,0.00914000,0.00932000,575655714.40000000
1693612800000,0.00933000,0.00952000,0.00928000,0.00947000,238545578.00000000
1693699200000,0.00946000,0.00952000,0.00919000,0.00937000,219060762.40000000
1693785600000,0.00938000,0.00964000,0.00918000,0.00948000,251633087.30000000
1693872000000,0.00949000,0.00977000,0.00925000,0.00952000,237886368.30000000
1693958400000,0.00953000,0.00972000,0.00929000,0.00947000,296519077.60000000
1694044800000,0.00946000,0.00970000,0.00932000,0.00967000,166434839.00000000
1694131200000,0.00966000,0.00979000,0.00941000,0.00969000,224690233.00000000
1694217600000,0.00970000,0.01010000,0.00963000,0.00985000,243310741.30000000
1694304000000,0.00985000,0.00988000,0.00923000,0.00942000,311902529.00000000
1694390400000,0.00941000,0.00946000,0.00882000,0.00903000,340471864.20000000
1694476800000,0.00902000,0.00960000,0.00899000,0.00927000,294730646.40000000
1694563200000,0.00926000,0.00965000,0.00919000,0.00939000,499761228.10000000
1694649600000,0.00940000,0.00960000,0.00933000,0.00943000,219127759.00000000
1694736000000,0.00944000,0.00988000,0.00939000,0.00985000,320509397.30000000
1694822400000,0.00985000,0.01016000,0.00985000,0.01004000,330365107.70000000
1694908800000,0.01004000,0.01004000,0.00945000,0.00955000,227915642.50000000
1694995200000,0.00954000,0.00998000,0.00941000,0.00967000,210058505.10000000
1695081600000,0.00967000,0.01016000,0.00960000,0.01006000,170518639.50000000
1695168000000,0.01007000,0.01018000,0.00988000,0.01014000,169786573.10000000
1695254400000,0.01015000,0.01030000,0.00979000,0.00983000,152910248.30000000
1695340800000,0.00983000,0.00997000,0.00965000,0.00975000,138123964.70000000
1695427200000,0.00975000,0.00982000,0.00945000,0.00960000,172713364.20000000
1695513600000,0.00960000,0.00968000,0.00931000,0.00936000,119203379.90000000
1695600000000,0.00935000,0.00965000,0.00925000,0.00957000,175384026.50000000
1695686400000,0.00957000,0.00965000,0.00934000,0.00949000,112978027.10000000
1695772800000,0.00949000,0.00964000,0.00934000,0.00948000,141631152.60000000
1695859200000,0.00948000,0.00975000,0.00945000,0.00972000,161925925.40000000
1695945600000,0.00972000,0.00981000,0.00956000,0.00973000,110566056.80000000
1696032000000,0.00973000,0.00985000,0.00968000,0.00969000,117638015.70000000
1696118400000,0.00968000,0.01034000,0.00967000,0.01019000,203843359.90000000
1696204800000,0.01020000,0.01027000,0.00961000,0.00976000,214685370.10000000
1696291200000,0.00976000,0.00983000,0.00938000,0.00939000,189831627.30000000
1696377600000,0.00939000,0.00948000,0.00906000,0.00945000,242922658.10000000
1696464000000,0.00944000,0.00948000,0.00927000,0.00932000,138815517.40000000
1696550400000,0.00932000,0.00953000,0.00927000,0.00946000,121868811.70000000
1696636800000,0.00946000,0.00952000,0.00933000,0.00942000,75742418.70000000
1696723200000,0.00941000,0.00949000,0.00930000,0.00944000,84893390.20000000
1696809600000,0.00945000,0.00951000,0.00884000,0.00903000,207623730.40000000
1696896000000,0.00904000,0.00908000,0.00886000,0.00898000,135803109.10000000
1696982400000,0.00897000,0.00905000,0.00875000,0.00905000,176315539.50000000
1697068800000,0.00904000,0.00914000,0.00890000,0.00913000,153552995.80000000
1697155200000,0.00912000,0.00940000,0.00910000,0.00921000,130527832.00000000
1697241600000,0.00921000,0.00925000,0.00913000,0.00914000,73389737.30000000
1697328000000,0.00914000,0.00929000,0.00909000,0.00920000,104487154.60000000
1697414400000,0.00920000,0.00969000,0.00920000,0.00931000,187564020.60000000
1697500800000,0.00930000,0.00933000,0.00888000,0.00896000,191445359.10000000
1697587200000,0.00896000,0.00910000,0.00880000,0.00882000,166038214.90000000
1697673600000,0.00882000,0.00887000,0.00860000,0.00881000,155904293.00000000
1697760000000,0.00882000,0.00928000,0.00878000,0.00915000,178053185.40000000
1697846400000,0.00915000,0.00961000,0.00913000,0.00945000,191200147.10000000
1697932800000,0.00946000,0.00972000,0.00930000,0.00967000,490133953.50000000
1698019200000,0.00968000,0.01051000,0.00960000,0.01037000,671106379.00000000
1698105600000,0.01038000,0.01159000,0.01022000,0.01110000,822195053.10000000
1698192000000,0.01109000,0.01139000,0.01071000,0.01095000,416119777.90000000
1698278400000,0.01095000,0.01150000,0.01059000,0.01121000,518076636.80000000
1698364800000,0.01121000,0.01135000,0.01069000,0.01093000,273877435.80000000
1698451200000,0.01093000,0.01140000,0.01090000,0.01121000,189735434.60000000
1698537600000,0.01120000,0.01206000,0.01098000,0.01192000,293046631.40000000
1698624000000,0.01193000,0.01226000,0.01165000,0.01199000,372866707.50000000
1698710400000,0.01198000,0.01220000,0.01121000,0.01175000,217189309.00000000
1698796800000,0.01174000,0.01241000,0.01131000,0.01234000,212833112.00000000
1698883200000,0.01235000,0.01285000,0.01171000,0.01218000,278558672.50000000
1698969600000,0.01218000,0.01232000,0.01164000,0.01226000,120639713.10000000
1699056000000,0.01227000,0.01358000,0.01214000,0.01330000,353934039.00000000
1699142400000,0.01330000,0.01392000,0.01313000,0.01358000,288528673.00000000
1699228800000,0.01357000,0.01425000,0.01330000,0.01407000,204269627.70000000
1699315200000,0.01408000,0.01420000,0.01316000,0.01387000,234407083.00000000
1699401600000,0.01386000,0.01416000,0.01363000,0.01402000,138956501.20000000
1699488000000,0.01401000,0.01488000,0.01250000,0.01358000,449809252.30000000
1699574400000,0.01357000,0.01450000,0.01336000,0.01442000,304450664.60000000
1699660800000,0.01441000,0.01532000,0.01399000,0.01516000,311755996.00000000
1699747200000,0.01516000,0.01659000,0.01439000,0.01556000,370601961.00000000
1699833600000,0.01555000,0.01641000,0.01392000,0.01393000,453734710.20000000
1699920000000,0.01392000,0.01420000,0.01276000,0.01371000,529523504.40000000
1700006400000,0.01370000,0.01482000,0.01353000,0.01466000,304750193.10000000
1700092800000,0.01467000,0.01599000,0.01421000,0.01484000,466290738.30000000
1700179200000,0.01484000,0.01534000,0.01378000,0.01431000,281758799.90000000
1700265600000,0.01430000,0.01430000,0.01300000,0.01378000,260651170.20000000
1700352000000,0.01377000,0.01420000,0.01339000,0.01410000,151178560.70000000
1700438400000,0.01410000,0.01486000,0.01372000,0.01397000,295274125.30000000
1700524800000,0.01396000,0.01416000,0.01201000,0.01205000,433470586.60000000
1700611200000,0.01206000,0.01303000,0.01202000,0.01287000,277224751.30000000
1700697600000,0.01287000,0.01316000,0.01268000,0.01293000,166648963.50000000
1700784000000,0.01293000,0.01356000,0.01287000,0.01331000,187070085.80000000
1700870400000,0.01332000,0.01378000,0.01321000,0.01361000,130612504.20000000
1700956800000,0.01361000,0.01380000,0.01300000,0.01353000,194862692.10000000
1701043200000,0.01354000,0.01362000,0.01261000,0.01294000,215320760.70000000
1701129600000,0.01295000,0.01355000,0.01256000,0.01342000,167632215.80000000
1701216000000,0.01342000,0.01390000,0.01318000,0.01328000,251964182.40000000
1701302400000,0.01329000,0.01346000,0.01312000,0.01328000,148628312.60000000
1701388800000,0.01328000,0.01375000,0.01317000,0.01365000,144174403.00000000
1701475200000,0.01364000,0.01397000,0.01357000,0.01387000,153851819.00000000
1701561600000,0.01387000,0.01404000,0.01345000,0.01362000,166707459.30000000
1701648000000,0.01363000,0.01468000,0.01307000,0.01452000,586525600.90000000
1701734400000,0.01452000,0.01504000,0.01419000,0.01471000,436241007.40000000
1701820800000,0.01471000,0.01546000,0.01414000,0.01480000,459775355.40000000
1701907200000,0.01481000,0.01586000,0.01437000,0.01535000,447981842.10000000
1701993600000,0.01536000,0.01650000,0.01523000,0.01630000,315269000.70000000
1702080000000,0.01630000,0.01811000,0.01629000,0.01672000,640568559.00000000
1702166400000,0.01671000,0.01751000,0.01619000,0.01728000,255629178.20000000
1702252800000,0.01729000,0.01741000,0.01501000,0.01587000,563387563.60000000
1702339200000,0.01586000,0.01619000,0.01483000,0.01543000,412910357.50000000
1702425600000,0.01543000,0.01580000,0.01425000,0.01534000,308052261.10000000
1702512000000,0.01534000,0.01574000,0.01456000,0.01563000,324768738.10000000
1702598400000,0.01563000,0.01582000,0.01434000,0.01445000,272072778.00000000
1702684800000,0.01446000,0.01590000,0.01425000,0.01550000,300278604.60000000
1702771200000,0.01550000,0.01597000,0.01491000,0.01495000,305728030.40000000
1702857600000,0.01495000,0.01506000,0.01350000,0.01466000,343127318.60000000
1702944000000,0.01468000,0.01516000,0.01437000,0.01458000,251873838.90000000
1703030400000,0.01457000,0.01547000,0.01436000,0.01538000,288283722.20000000
1703116800000,0.01539000,0.01650000,0.01527000,0.01624000,517763413.90000000
1703203200000,0.01625000,0.01761000,0.01586000,0.01747000,437544162.80000000
1703289600000,0.01747000,0.01886000,0.01663000,0.01867000,695279527.50000000
1703376000000,0.01868000,0.01940000,0.01801000,0.01869000,573513542.70000000
1703462400000,0.01869000,0.02318000,0.01841000,0.02171000,1186937424.30000000
1703548800000,0.02173000,0.02210000,0.01978000,0.02104000,711039050.40000000
1703635200000,0.02103000,0.02144000,0.02009000,0.02059000,383538894.90000000
1703721600000,0.02059000,0.02237000,0.01912000,0.01936000,500984096.30000000
1703808000000,0.01935000,0.02027000,0.01874000,0.01930000,291019150.40000000
1703894400000,0.01930000,0.01945000,0.01849000,0.01911000,199007190.40000000
1703980800000,0.01912000,0.01958000,0.01822000,0.01876000,212987089.40000000
1704067200000,0.01877000,0.02085000,0.01839000,0.02074000,255368253.90000000
1704153600000,0.02072000,0.02148000,0.01977000,0.02009000,387581705.80000000
1704240000000,0.02010000,0.02064000,0.01600000,0.01777000,526310400.70000000
1704326400000,0.01778000,0.01970000,0.01737000,0.01905000,318545141.30000000
1704412800000,0.01904000,0.01916000,0.01700000,0.01779000,292934904.20000000
1704499200000,0.01778000,0.01781000,0.01614000,0.01695000,257377451.80000000
1704585600000,0.01695000,0.01730000,0.01523000,0.01564000,247293978.90000000
1704672000000,0.01564000,0.01727000,0.01441000,0.01704000,365547815.60000000
1704758400000,0.01703000,0.01712000,0.01506000,0.01565000,309029569.10000000
1704844800000,0.01565000,0.01770000,0.01509000,0.01731000,348539781.30000000
1704931200000,0.01733000,0.01830000,0.01655000,0.01771000,379436003.90000000
1705017600000,0.01771000,0.01795000,0.01567000,0.01623000,333370334.50000000
1705104000000,0.01624000,0.01665000,0.01566000,0.01637000,193201429.00000000
1705190400000,0.01638000,0.01646000,0.01546000,0.01550000,187324051.50000000
1705276800000,0.01551000,0.01647000,0.01548000,0.01589000,231851209.60000000
1705363200000,0.01590000,0.01635000,0.01562000,0.01615000,207855825.80000000
1705449600000,0.01615000,0.01642000,0.01564000,0.01592000,160211336.60000000
1705536000000,0.01593000,0.01606000,0.01451000,0.01486000,272995172.90000000
1705622400000,0.01487000,0.01493000,0.01373000,0.01464000,212912643.40000000
1705708800000,0.01464000,0.01497000,0.01446000,0.01488000,138300735.60000000
1705795200000,0.01487000,0.01586000,0.01472000,0.01523000,264785634.90000000
1705881600000,0.01523000,0.01533000,0.01388000,0.01407000,289002072.10000000
1705968000000,0.01405000,0.01436000,0.01292000,0.01393000,334755266.50000000
1706054400000,0.01394000,0.01428000,0.01361000,0.01415000,167151396.60000000
1706140800000,0.01414000,0.01421000,0.01349000,0.01388000,121445620.20000000
1706227200000,0.01385000,0.01475000,0.01371000,0.01458000,143489244.80000000
1706313600000,0.01459000,0.01505000,0.01437000,0.01480000,127986140.50000000
1706400000000,0.01480000,0.01505000,0.01414000,0.01429000,144751441.50000000
1706486400000,0.01429000,0.01541000,0.01420000,0.01513000,301709424.60000000
1706572800000,0.01513000,0.01543000,0.01468000,0.01477000,179147404.60000000
1706659200000,0.01477000,0.01485000,0.01389000,0.01406000,198992817.80000000
1706745600000,0.01406000,0.01434000,0.01371000,0.01425000,133725419.10000000
1706832000000,0.01426000,0.01452000,0.01406000,0.01438000,118170531.90000000
1706918400000,0.01438000,0.01449000,0.01418000,0.01421000,79554448.20000000
1707004800000,0.01421000,0.01433000,0.01377000,0.01388000,107213362.00000000
1707091200000,0.01387000,0.01411000,0.01361000,0.01386000,115552568.30000000
1707177600000,0.01385000,0.01396000,0.01353000,0.01381000,112222068.30000000
1707264000000,0.01381000,0.01446000,0.01372000,0.01434000,119714356.60000000
1707350400000,0.01434000,0.01460000,0.01421000,0.01437000,128156362.70000000
1707436800000,0.01438000,0.01545000,0.01438000,0.01526000,253909645.10000000
1707523200000,0.01526000,0.01572000,0.01484000,0.01544000,173084927.00000000
1707609600000,0.01545000,0.01570000,0.01507000,0.01526000,125631994.90000000
1707696000000,0.01527000,0.01613000,0.01489000,0.01600000,216102663.00000000
1707782400000,0.01601000,0.01621000,0.01532000,0.01568000,208132478.90000000
1707868800000,0.01567000,0.01682000,0.01554000,0.01644000,260549894.30000000
1707955200000,0.01644000,0.01758000,0.01635000,0.01721000,338721820.70000000
1708041600000,0.01721000,0.01758000,0.01660000,0.01716000,265339021.70000000
1708128000000,0.01717000,0.01741000,0.01597000,0.01694000,213505381.50000000
1708214400000,0.01694000,0.01880000,0.01673000,0.01812000,436151426.40000000
1708300800000,0.01812000,0.01962000,0.01809000,0.01913000,546336218.40000000
1708387200000,0.01914000,0.01982000,0.01779000,0.01889000,510289443.40000000
1708473600000,0.01890000,0.01891000,0.01713000,0.01819000,319091257.40000000
1708560000000,0.01819000,0.01924000,0.01765000,0.01841000,339330655.60000000
1708646400000,0.01841000,0.01891000,0.01759000,0.01840000,263770126.40000000
1708732800000,0.01841000,0.02168000,0.01792000,0.02054000,1062029579.20000000
1708819200000,0.02053000,0.02510000,0.02017000,0.02285000,1839263799.90000000
1708905600000,0.02284000,0.02377000,0.02222000,0.02304000,740021127.50000000
1708992000000,0.02305000,0.02496000,0.02219000,0.02258000,1055469663.20000000
1709078400000,0.02258000,0.02408000,0.02000000,0.02246000,738566304.70000000
1709164800000,0.02246000,0.02705000,0.02193000,0.02466000,900018220.00000000
1709251200000,0.02465000,0.02606000,0.02409000,0.02574000,447782476.10000000
1709337600000,0.02574000,0.02799000,0.02472000,0.02790000,531790652.80000000
1709424000000,0.02789000,0.03205000,0.02505000,0.03175000,765087665.80000000
1709510400000,0.03176000,0.03739000,0.02997000,0.03411000,1605535000.50000000
1709596800000,0.03412000,0.03500000,0.02480000,0.03080000,1093930430.00000000
1709683200000,0.03079000,0.03387000,0.02936000,0.03237000,494564461.60000000
1709769600000,0.03234000,0.03704000,0.03162000,0.03522000,682986702.30000000
1709856000000,0.03522000,0.03600000,0.03225000,0.03400000,440541313.50000000
1709942400000,0.03400000,0.03649000,0.03377000,0.03560000,357050048.20000000
1710028800000,0.03562000,0.03968000,0.03414000,0.03519000,547030840.70000000
1710115200000,0.03520000,0.03824000,0.03300000,0.03682000,436152798.90000000
1710201600000,0.03682000,0.03761000,0.03300000,0.03587000,416211406.90000000
1710288000000,0.03587000,0.03785000,0.03481000,0.03579000,322686283.00000000
1710374400000,0.03579000,0.03657000,0.03215000,0.03428000,381972668.70000000
1710460800000,0.03429000,0.03503000,0.02882000,0.03240000,555780420.40000000
1710547200000,0.03242000,0.03400000,0.02834000,0.02914000,430099250.80000000
1710633600000,0.02913000,0.03128000,0.02802000,0.03070000,255096404.60000000
1710720000000,0.03071000,0.03161000,0.02810000,0.02868000,272449420.60000000
1710806400000,0.02869000,0.02901000,0.02503000,0.02645000,436834788.10000000
1710892800000,0.02643000,0.03080000,0.02551000,0.03022000,363604944.60000000
1710979200000,0.03021000,0.03181000,0.02965000,0.03036000,334119240.40000000
1711065600000,0.03034000,0.03167000,0.02858000,0.02943000,246600245.60000000
1711152000000,0.02946000,0.03122000,0.02887000,0.02970000,185204933.50000000
1711238400000,0.02970000,0.03389000,0.02923000,0.03233000,299199306.30000000
1711324800000,0.03234000,0.03387000,0.03145000,0.03328000,306762802.10000000
1711411200000,0.03328000,0.03500000,0.03233000,0.03332000,256859776.00000000
1711497600000,0.03332000,0.03433000,0.03092000,0.03119000,265849263.80000000
1711584000000,0.03121000,0.03224000,0.03058000,0.03140000,179150719.00000000
1711670400000,0.03140000,0.03205000,0.03035000,0.03100000,187776072.70000000
1711756800000,0.03101000,0.03146000,0.02990000,0.03016000,132575525.20000000
1711843200000,0.03014000,0.03298000,0.02996000,0.03193000,172393936.80000000
1711929600000,0.03195000,0.03248000,0.02863000,0.03001000,257425886.60000000
1712016000000,0.03001000,0.03006000,0.02730000,0.02798000,302976259.80000000
1712102400000,0.02796000,0.02931000,0.02682000,0.02775000,228333812.80000000
1712188800000,0.02775000,0.02946000,0.02721000,0.02835000,166864738.80000000
1712275200000,0.02834000,0.02851000,0.02642000,0.02735000,141800407.60000000
1712361600000,0.02733000,0.02805000,0.02709000,0.02772000,80170356.80000000
1712448000000,0.02774000,0.02870000,0.02752000,0.02825000,132775491.10000000
1712534400000,0.02827000,0.03044000,0.02742000,0.03005000,205091195.50000000
1712620800000,0.03005000,0.03041000,0.02756000,0.02775000,164428552.20000000
1712707200000,0.02775000,0.02815000,0.02623000,0.02755000,188332730.10000000
1712793600000,0.02756000,0.02796000,0.02602000,0.02641000,150986406.90000000
1712880000000,0.02641000,0.02699000,0.02045000,0.02253000,508147998.80000000
1712966400000,0.02254000,0.02285000,0.01660000,0.01963000,678898955.60000000
1713052800000,0.01962000,0.02168000,0.01884000,0.02137000,382163800.80000000
1713139200000,0.02136000,0.02225000,0.01915000,0.01997000,341554587.10000000
1713225600000,0.01998000,0.02061000,0.01886000,0.01989000,290264886.90000000
1713312000000,0.01988000,0.02015000,0.01830000,0.01936000,229411835.70000000
1713398400000,0.01935000,0.02071000,0.01888000,0.02005000,184334456.60000000
1713484800000,0.02002000,0.02150000,0.01809000,0.02047000,283902515.90000000
1713571200000,0.02047000,0.02239000,0.02009000,0.02228000,142805416.90000000
1713657600000,0.02229000,0.02243000,0.02124000,0.02170000,138502803.30000000
1713744000000,0.02170000,0.02291000,0.02154000,0.02247000,170355767.20000000
1713830400000,0.02246000,0.02277000,0.02176000,0.02193000,193652550.50000000
1713916800000,0.02194000,0.02332000,0.02078000,0.02106000,271963930.10000000
1714003200000,0.02106000,0.02158000,0.02024000,0.02108000,154378075.80000000
1714089600000,0.02108000,0.02130000,0.02036000,0.02047000,151387840.80000000
1714176000000,0.02047000,0.02075000,0.01961000,0.02043000,172506770.20000000
1714262400000,0.02043000,0.02116000,0.01971000,0.01976000,118939326.80000000
1714348800000,0.01976000,0.02003000,0.01880000,0.01920000,227354818.30000000
1714435200000,0.01921000,0.01950000,0.01721000,0.01791000,261463023.80000000
1714521600000,0.01791000,0.01880000,0.01677000,0.01851000,266135611.10000000
1714608000000,0.01850000,0.01920000,0.01786000,0.01888000,174992466.60000000
1714694400000,0.01887000,0.02040000,0.01857000,0.02003000,164776675.40000000
1714780800000,0.02002000,0.02047000,0.01968000,0.01986000,126026110.50000000
1714867200000,0.01985000,0.02062000,0.01936000,0.02016000,117013912.70000000
1714953600000,0.02017000,0.02130000,0.02001000,0.02008000,188548655.30000000
1715040000000,0.02008000,0.02063000,0.01947000,0.01948000,160410088.20000000
1715126400000,0.01950000,0.02033000,0.01906000,0.01981000,156286859.10000000
1715212800000,0.01981000,0.02135000,0.01954000,0.02113000,181368442.80000000
1715299200000,0.02113000,0.02165000,0.01966000,0.01977000,201342430.80000000
1715385600000,0.01978000,0.02040000,0.01939000,0.01961000,119677227.30000000
1715472000000,0.01961000,0.01999000,0.01910000,0.01915000,72418272.70000000
1715558400000,0.01915000,0.02016000,0.01828000,0.01926000,148305786.50000000
1715644800000,0.01926000,0.01940000,0.01810000,0.01818000,109072949.20000000
1715731200000,0.01819000,0.02048000,0.01812000,0.02019000,179112377.10000000
1715817600000,0.02018000,0.02052000,0.01926000,0.02004000,143227973.10000000
1715904000000,0.02005000,0.02082000,0.01964000,0.02028000,120560849.60000000
1715990400000,0.02028000,0.02065000,0.02002000,0.02021000,70657494.20000000
1716076800000,0.02021000,0.02056000,0.01928000,0.01946000,66278388.00000000
1716163200000,0.01946000,0.02175000,0.01898000,0.02172000,217660816.30000000
1716249600000,0.02173000,0.02320000,0.02115000,0.02274000,373891465.80000000
1716336000000,0.02273000,0.02323000,0.02214000,0.02253000,187330547.30000000
1716422400000,0.02253000,0.02347000,0.02100000,0.02264000,269176531.80000000
1716508800000,0.02264000,0.02340000,0.02218000,0.02293000,121949626.80000000
1716595200000,0.02292000,0.02306000,0.02248000,0.02259000,86407429.70000000
1716681600000,0.02257000,0.02266000,0.02163000,0.02186000,87470568.70000000
1716768000000,0.02184000,0.02307000,0.02168000,0.02274000,129041755.50000000
1716854400000,0.02274000,0.02399000,0.02231000,0.02342000,227412421.90000000
1716940800000,0.02343000,0.02366000,0.02217000,0.02221000,145448386.30000000
1717027200000,0.02218000,0.02240000,0.02108000,0.02168000,170168096.50000000
1717113600000,0.02167000,0.02215000,0.02119000,0.02172000,86011117.80000000
1717200000000,0.02173000,0.02184000,0.02131000,0.02182000,48819580.30000000
1717286400000,0.02182000,0.02268000,0.02147000,0.02163000,144326716.20000000
1717372800000,0.02162000,0.02265000,0.02137000,0.02207000,124307976.60000000
1717459200000,0.02205000,0.02312000,0.02180000,0.02293000,134049759.30000000
1717545600000,0.02293000,0.02338000,0.02273000,0.02287000,101939366.90000000
1717632000000,0.02288000,0.02301000,0.02212000,0.02245000,83298726.80000000
1717718400000,0.02245000,0.02261000,0.01827000,0.02000000,294269729.70000000
1717804800000,0.02001000,0.02023000,0.01845000,0.01863000,140412372.10000000
1717891200000,0.01862000,0.01902000,0.01848000,0.01878000,99401959.40000000
1717977600000,0.01877000,0.01886000,0.01787000,0.01822000,122852614.20000000
1718064000000,0.01822000,0.01857000,0.01660000,0.01765000,210148285.20000000
1718150400000,0.01765000,0.01918000,0.01728000,0.01834000,159194660.80000000
1718236800000,0.01834000,0.01848000,0.01727000,0.01745000,94079960.80000000
1718323200000,0.01747000,0.01774000,0.01600000,0.01673000,168981741.80000000
1718409600000,0.01672000,0.01726000,0.01670000,0.01706000,70559709.70000000
1718496000000,0.01706000,0.01755000,0.01672000,0.01738000,65670631.70000000
1718582400000,0.01738000,0.01754000,0.01556000,0.01585000,201791744.10000000
1718668800000,0.01583000,0.01592000,0.01361000,0.01484000,365684563.30000000
1718755200000,0.01485000,0.01558000,0.01473000,0.01519000,230102372.10000000
1718841600000,0.01519000,0.01619000,0.01509000,0.01531000,173568507.00000000
1718928000000,0.01532000,0.01566000,0.01494000,0.01525000,178944247.40000000
1719014400000,0.01524000,0.01536000,0.01493000,0.01508000,66705318.70000000
1719100800000,0.01509000,0.01542000,0.01449000,0.01475000,64007689.00000000
1719187200000,0.01476000,0.01514000,0.01388000,0.01508000,179017315.60000000
1719273600000,0.01508000,0.01563000,0.01500000,0.01526000,84976483.60000000
1719360000000,0.01526000,0.01549000,0.01463000,0.01476000,94575018.10000000
1719446400000,0.01477000,0.01527000,0.01438000,0.01503000,94933900.80000000
1719532800000,0.01504000,0.01536000,0.01455000,0.01456000,88103654.20000000
1719619200000,0.01457000,0.01479000,0.01411000,0.01422000,53084352.70000000
1719705600000,0.01421000,0.01493000,0.01392000,0.01488000,92166906.30000000
1719792000000,0.01489000,0.01515000,0.01442000,0.01445000,91695241.40000000
1719878400000,0.01446000,0.01463000,0.01414000,0.01445000,74240172.80000000
1719964800000,0.01446000,0.01458000,0.01329000,0.01347000,112056537.20000000
1720051200000,0.01347000,0.01350000,0.01196000,0.01204000,156527045.10000000
1720137600000,0.01205000,0.01212000,0.01059000,0.01197000,337300318.10000000
1720224000000,0.01197000,0.01331000,0.01191000,0.01311000,121291148.00000000
1720310400000,0.01311000,0.01316000,0.01215000,0.01222000,88366525.20000000
1720396800000,0.01222000,0.01314000,0.01157000,0.01251000,152685693.30000000
1720483200000,0.01252000,0.01328000,0.01244000,0.01317000,124167934.60000000
1720569600000,0.01316000,0.01361000,0.01292000,0.01321000,94059820.60000000
1720656000000,0.01321000,0.01377000,0.01301000,0.01323000,122300590.70000000
1720742400000,0.01323000,0.01360000,0.01297000,0.01350000,86171564.90000000
1720828800000,0.01349000,0.01373000,0.01326000,0.01357000,79615071.90000000
1720915200000,0.01358000,0.01423000,0.01335000,0.01408000,119662159.70000000
1721001600000,0.01407000,0.01493000,0.01402000,0.01489000,132074702.30000000
1721088000000,0.01487000,0.01503000,0.01404000,0.01471000,121867481.90000000
1721174400000,0.01471000,0.01599000,0.01467000,0.01534000,178967844.50000000
1721260800000,0.01534000,0.01588000,0.01487000,0.01499000,89393990.80000000
1721347200000,0.01500000,0.01574000,0.01462000,0.01573000,90472604.80000000
1721433600000,0.01572000,0.01575000,0.01509000,0.01550000,71249070.40000000
1721520000000,0.01550000,0.01579000,0.01457000,0.01571000,88609945.80000000
1721606400000,0.01573000,0.01582000,0.01474000,0.01483000,72156660.80000000
1721692800000,0.01483000,0.01528000,0.01423000,0.01446000,81681660.60000000
1721779200000,0.01444000,0.01458000,0.01355000,0.01368000,86771386.70000000
1721865600000,0.01368000,0.01377000,0.01284000,0.01348000,119128684.50000000
1721952000000,0.01347000,0.01428000,0.01340000,0.01421000,91028503.00000000
1722038400000,0.01422000,0.01486000,0.01406000,0.01459000,115978730.50000000
1722124800000,0.01459000,0.01460000,0.01378000,0.01394000,75825374.00000000
1722211200000,0.01394000,0.01482000,0.01388000,0.01440000,130578409.70000000
1722297600000,0.01439000,0.01459000,0.01334000,0.01361000,93112816.20000000
1722384000000,0.01361000,0.01399000,0.01309000,0.01312000,104013474.40000000
1722470400000,0.01312000,0.01327000,0.01203000,0.01315000,154643012.70000000
1722556800000,0.01315000,0.01322000,0.01201000,0.01214000,142354498.30000000
1722643200000,0.01214000,0.01229000,0.01115000,0.01137000,130636287.60000000
1722729600000,0.01137000,0.01179000,0.01044000,0.01064000,168934600.00000000
1722816000000,0.01063000,0.01077000,0.00850000,0.01000000,738430094.20000000
1722902400000,0.01001000,0.01071000,0.00999000,0.01049000,174057763.30000000
1722988800000,0.01050000,0.01089000,0.01002000,0.01023000,186318447.50000000
1723075200000,0.01023000,0.01145000,0.01000000,0.01140000,158867670.10000000
1723161600000,0.01138000,0.01138000,0.01061000,0.01100000,108681799.10000000
1723248000000,0.01099000,0.01136000,0.01084000,0.01124000,72834242.60000000
1723334400000,0.01124000,0.01134000,0.01030000,0.01040000,76699354.40000000
1723420800000,0.01040000,0.01130000,0.01037000,0.01116000,120769444.30000000
1723507200000,0.01115000,0.01133000,0.01085000,0.01123000,83198704.70000000
1723593600000,0.01122000,0.01130000,0.01069000,0.01092000,84673508.50000000
1723680000000,0.01093000,0.01115000,0.01020000,0.01039000,92172592.30000000
1723766400000,0.01038000,0.01067000,0.01015000,0.01034000,105663425.30000000
1723852800000,0.01033000,0.01052000,0.01021000,0.01052000,69433809.00000000
1723939200000,0.01051000,0.01119000,0.01026000,0.01087000,139130984.60000000
1724025600000,0.01087000,0.01102000,0.01061000,0.01101000,112019150.00000000
1724112000000,0.01101000,0.01135000,0.01084000,0.01127000,110434189.90000000
1724198400000,0.01127000,0.01217000,0.01121000,0.01197000,155836680.40000000
1724284800000,0.01198000,0.01234000,0.01177000,0.01210000,81818090.00000000
1724371200000,0.01209000,0.01343000,0.01207000,0.01332000,167682841.60000000
1724457600000,0.01333000,0.01415000,0.01312000,0.01383000,181985542.00000000
1724544000000,0.01382000,0.01471000,0.01316000,0.01377000,310841307.80000000
1724630400000,0.01377000,0.01386000,0.01272000,0.01286000,159922570.50000000
1724716800000,0.01286000,0.01322000,0.01183000,0.01213000,137697196.70000000
1724803200000,0.01213000,0.01270000,0.01174000,0.01207000,112433874.30000000
1724889600000,0.01207000,0.01240000,0.01143000,0.01162000,96953459.20000000
1724976000000,0.01162000,0.01180000,0.01079000,0.01132000,140392257.10000000
1725062400000,0.01132000,0.01135000,0.01080000,0.01093000,72842036.30000000
1725148800000,0.01093000,0.01103000,0.01036000,0.01044000,91658244.50000000
1725235200000,0.01044000,0.01148000,0.01041000,0.01141000,119577124.90000000
1725321600000,0.01140000,0.01156000,0.01074000,0.01076000,88795394.90000000
1725408000000,0.01078000,0.01151000,0.01017000,0.01113000,109214927.80000000
1725494400000,0.01113000,0.01122000,0.01073000,0.01090000,89005047.20000000
1725580800000,0.01090000,0.01114000,0.01010000,0.01047000,152425212.10000000
1725667200000,0.01047000,0.01092000,0.01035000,0.01065000,62287744.30000000
1725753600000,0.01065000,0.01109000,0.01057000,0.01097000,77621055.40000000
1725840000000,0.01099000,0.01197000,0.01099000,0.01174000,138063430.90000000
1725926400000,0.01174000,0.01195000,0.01145000,0.01176000,97456665.60000000
1726012800000,0.01176000,0.01189000,0.01123000,0.01147000,95000828.70000000
1726099200000,0.01147000,0.01211000,0.01147000,0.01201000,81363204.60000000
1726185600000,0.01201000,0.01266000,0.01170000,0.01231000,134437639.30000000
1726272000000,0.01232000,0.01281000,0.01227000,0.01268000,109765166.30000000
1726358400000,0.01268000,0.01276000,0.01154000,0.01166000,154471328.40000000
1726444800000,0.01165000,0.01181000,0.01118000,0.01141000,162806138.30000000
1726531200000,0.01141000,0.01200000,0.01127000,0.01196000,106491686.70000000
1726617600000,0.01196000,0.01250000,0.01134000,0.01242000,142401494.80000000
1726704000000,0.01243000,0.01316000,0.01243000,0.01281000,135995817.50000000
1726790400000,0.01282000,0.01360000,0.01265000,0.01345000,112946644.90000000
1726876800000,0.01344000,0.01449000,0.01314000,0.01407000,155364035.50000000
1726963200000,0.01407000,0.01407000,0.01309000,0.01364000,106497550.20000000
1727049600000,0.01365000,0.01439000,0.01336000,0.01417000,183001699.70000000
1727136000000,0.01416000,0.01442000,0.01375000,0.01427000,126204350.10000000
1727222400000,0.01427000,0.01468000,0.01390000,0.01401000,122995210.40000000
1727308800000,0.01402000,0.01489000,0.01381000,0.01445000,136764860.80000000
1727395200000,0.01445000,0.01521000,0.01441000,0.01506000,115849398.20000000
1727481600000,0.01506000,0.01537000,0.01428000,0.01462000,95402028.40000000
1727568000000,0.01461000,0.01500000,0.01416000,0.01468000,85876814.50000000
1727654400000,0.01469000,0.01479000,0.01334000,0.01346000,141107490.70000000
1727740800000,0.01344000,0.01411000,0.01181000,0.01213000,214438859.40000000
1727827200000,0.01213000,0.01274000,0.01155000,0.01195000,166257112.60000000
1727913600000,0.01193000,0.01221000,0.01125000,0.01166000,125420836.30000000
1728000000000,0.01167000,0.01244000,0.01155000,0.01242000,97081408.90000000
1728086400000,0.01242000,0.01248000,0.01184000,0.01212000,52141007.70000000
1728172800000,0.01211000,0.01270000,0.01205000,0.01269000,69903370.30000000
1728259200000,0.01270000,0.01345000,0.01263000,0.01300000,133166152.20000000
1728345600000,0.01301000,0.01331000,0.01264000,0.01300000,84205169.30000000
1728432000000,0.01300000,0.01326000,0.01208000,0.01224000,102846237.50000000
1728518400000,0.01223000,0.01242000,0.01177000,0.01223000,106031503.70000000
1728604800000,0.01221000,0.01270000,0.01211000,0.01255000,94141428.20000000
1728691200000,0.01256000,0.01362000,0.01256000,0.01332000,200210986.50000000
1728777600000,0.01333000,0.01360000,0.01276000,0.01310000,113571907.70000000
1728864000000,0.01310000,0.01400000,0.01291000,0.01384000,115178570.30000000
1728950400000,0.01385000,0.01442000,0.01347000,0.01389000,162882893.20000000
1729036800000,0.01389000,0.01403000,0.01324000,0.01370000,213088325.70000000
1729123200000,0.01369000,0.01393000,0.01287000,0.01336000,109755448.80000000
1729209600000,0.01337000,0.01416000,0.01333000,0.01403000,91499610.10000000
1729296000000,0.01402000,0.01458000,0.01388000,0.01420000,110274516.40000000
1729382400000,0.01420000,0.01527000,0.01390000,0.01524000,205733985.90000000
1729468800000,0.01525000,0.01532000,0.01417000,0.01418000,133889801.10000000
1729555200000,0.01419000,0.01444000,0.01371000,0.01391000,102445809.60000000
1729641600000,0.01393000,0.01397000,0.01258000,0.01312000,127596978.10000000
1729728000000,0.01310000,0.01390000,0.01304000,0.01379000,108819889.90000000
1729814400000,0.01379000,0.01384000,0.01171000,0.01215000,170365935.20000000
1729900800000,0.01214000,0.01242000,0.01179000,0.01210000,111562941.50000000
1729987200000,0.01210000,0.01251000,0.01176000,0.01230000,98420610.00000000
1730073600000,0.01230000,0.01256000,0.01150000,0.01244000,166479596.90000000
1730160000000,0.01244000,0.01302000,0.01217000,0.01272000,198755254.00000000
1730246400000,0.01271000,0.01284000,0.01228000,0.01258000,138521932.30000000
1730332800000,0.01259000,0.01265000,0.01175000,0.01191000,156390510.20000000
1730419200000,0.01191000,0.01243000,0.01156000,0.01194000,168393930.80000000
1730505600000,0.01194000,0.01207000,0.01139000,0.01164000,87761674.50000000
1730592000000,0.01164000,0.01168000,0.01057000,0.01093000,141654702.30000000
1730678400000,0.01094000,0.01126000,0.01035000,0.01067000,122352487.60000000
1730764800000,0.01067000,0.01134000,0.01064000,0.01113000,115724721.90000000
1730851200000,0.01114000,0.01263000,0.01110000,0.01255000,241915494.30000000
1730937600000,0.01254000,0.01290000,0.01231000,0.01264000,132918045.50000000
1731024000000,0.01265000,0.01298000,0.01232000,0.01285000,158041302.00000000
1731110400000,0.01285000,0.01385000,0.01261000,0.01379000,182504449.30000000
1731196800000,0.01380000,0.01529000,0.01364000,0.01456000,320250493.90000000
1731283200000,0.01457000,0.01639000,0.01371000,0.01621000,374012112.80000000
1731369600000,0.01621000,0.01691000,0.01432000,0.01487000,477998514.90000000
1731456000000,0.01486000,0.01508000,0.01330000,0.01395000,473522234.10000000
1731542400000,0.01396000,0.01455000,0.01284000,0.01307000,283959198.50000000
1731628800000,0.01307000,0.01401000,0.01261000,0.01387000,213951305.40000000
1731715200000,0.01388000,0.01517000,0.01383000,0.01496000,356091392.60000000
1731801600000,0.01496000,0.01507000,0.01366000,0.01389000,263982243.80000000
1731888000000,0.01389000,0.01670000,0.01380000,0.01614000,693394748.40000000
1731974400000,0.01615000,0.01631000,0.01480000,0.01527000,352484098.50000000
1732060800000,0.01526000,0.01532000,0.01392000,0.01421000,308598930.20000000
1732147200000,0.01420000,0.01585000,0.01375000,0.01555000,429423034.80000000
1732233600000,0.01556000,0.01881000,0.01526000,0.01726000,1292127691.50000000
1732320000000,0.01728000,0.02331000,0.01686000,0.02087000,2058922278.50000000
1732406400000,0.02085000,0.03048000,0.02057000,0.02452000,3816993266.30000000
1732492800000,0.02452000,0.02613000,0.02282000,0.02450000,1207731032.40000000
1732579200000,0.02448000,0.02613000,0.02168000,0.02309000,714035661.90000000
1732665600000,0.02309000,0.02470000,0.02250000,0.02396000,401471839.60000000
1732752000000,0.02396000,0.02440000,0.02282000,0.02416000,299982250.00000000
1732838400000,0.02417000,0.02748000,0.02372000,0.02673000,699096749.20000000
1732924800000,0.02676000,0.03090000,0.02624000,0.02836000,1352203002.90000000
1733011200000,0.02837000,0.03113000,0.02713000,0.02947000,618359134.00000000
1733097600000,0.02946000,0.03038000,0.02685000,0.02979000,757789354.70000000
1733184000000,0.02978000,0.03289000,0.02753000,0.03031000,1041325800.80000000
1733270400000,0.03032000,0.03550000,0.02962000,0.03297000,1219588387.10000000
1733356800000,0.03297000,0.03380000,0.03078000,0.03186000,712185316.40000000
1733443200000,0.03188000,0.04171000,0.03161000,0.03974000,1319077050.30000000
1733529600000,0.03975000,0.04666000,0.03940000,0.04569000,2382805966.00000000
1733616000000,0.04567000,0.04852000,0.04135000,0.04272000,1206392558.10000000
1733702400000,0.04272000,0.04298000,0.02950000,0.03400000,1260164326.80000000
1733788800000,0.03399000,0.03620000,0.03000000,0.03391000,993678358.60000000
1733875200000,0.03388000,0.03624000,0.03268000,0.03556000,730927371.50000000
1733961600000,0.03555000,0.03902000,0.03472000,0.03579000,782817973.50000000
1734048000000,0.03581000,0.03612000,0.03361000,0.03477000,562137500.10000000
1734134400000,0.03478000,0.03528000,0.03164000,0.03256000,317947475.00000000
1734220800000,0.03255000,0.03515000,0.03138000,0.03424000,392209340.40000000
1734307200000,0.03424000,0.03499000,0.03106000,0.03277000,422195965.60000000
1734393600000,0.03279000,0.03386000,0.03102000,0.03165000,401733419.70000000
1734480000000,0.03168000,0.03198000,0.02745000,0.02778000,460911448.00000000
1734566400000,0.02778000,0.02871000,0.02430000,0.02506000,666405436.80000000
1734652800000,0.02506000,0.02715000,0.02149000,0.02678000,787796644.10000000
1734739200000,0.02678000,0.02889000,0.02470000,0.02512000,551030345.10000000
1734825600000,0.02516000,0.02609000,0.02419000,0.02552000,423539684.20000000
1734912000000,0.02553000,0.03144000,0.02470000,0.03041000,836369421.60000000
1734998400000,0.03040000,0.03427000,0.02888000,0.03243000,800402606.90000000
1735084800000,0.03242000,0.03395000,0.03175000,0.03217000,382113871.80000000
1735171200000,0.03220000,0.03299000,0.02890000,0.02961000,433960442.00000000
1735257600000,0.02961000,0.03146000,0.02810000,0.02859000,361687897.20000000
1735344000000,0.02860000,0.03052000,0.02771000,0.02992000,257983487.10000000
1735430400000,0.02993000,0.03104000,0.02794000,0.02818000,218391505.30000000
1735516800000,0.02818000,0.02946000,0.02654000,0.02752000,325257780.60000000
1735603200000,0.02751000,0.02819000,0.02616000,0.02633000,319391927.40000000
1735689600000,0.02633000,0.02814000,0.02583000,0.02774000,208333290.00000000
1735776000000,0.02775000,0.02982000,0.02773000,0.02868000,284648101.80000000
1735862400000,0.02868000,0.03268000,0.02796000,0.03216000,396317540.90000000
1735948800000,0.03216000,0.03253000,0.03058000,0.03090000,258430096.00000000
1736035200000,0.03091000,0.03122000,0.02985000,0.03102000,181812726.10000000
1736121600000,0.03104000,0.03146000,0.02926000,0.03035000,333605289.10000000
1736208000000,0.03033000,0.03038000,0.02611000,0.02612000,539234296.00000000
1736294400000,0.02612000,0.02646000,0.02327000,0.02483000,395137452.90000000
1736380800000,0.02483000,0.02536000,0.02315000,0.02374000,310113631.10000000
1736467200000,0.02376000,0.02484000,0.02343000,0.02404000,312546420.70000000
1736553600000,0.02404000,0.02475000,0.02272000,0.02392000,303637542.20000000
1736640000000,0.02395000,0.02419000,0.02292000,0.02332000,152292311.20000000
1736726400000,0.02334000,0.02416000,0.02115000,0.02300000,419917547.20000000
1736812800000,0.02302000,0.02440000,0.02282000,0.02432000,219326058.10000000
1736899200000,0.02437000,0.02695000,0.02367000,0.02681000,405726785.10000000
1736985600000,0.02682000,0.02695000,0.02527000,0.02571000,305307670.40000000
1737072000000,0.02572000,0.02935000,0.02570000,0.02878000,420887878.70000000
1737158400000,0.02880000,0.02905000,0.02487000,0.02554000,315719611.30000000
1737244800000,0.02556000,0.02647000,0.02164000,0.02221000,713697000.00000000
1737331200000,0.02223000,0.02454000,0.02090000,0.02178000,659119493.00000000
1737417600000,0.02181000,0.02333000,0.02045000,0.02272000,337616594.10000000
1737504000000,0.02268000,0.02348000,0.02178000,0.02185000,200117357.40000000
1737590400000,0.02184000,0.02251000,0.02101000,0.02184000,178018475.10000000
1737676800000,0.02185000,0.02258000,0.02086000,0.02101000,141384966.00000000
1737763200000,0.02100000,0.02163000,0.02050000,0.02119000,137783008.20000000
1737849600000,0.02119000,0.02168000,0.02024000,0.02028000,126078022.30000000
1737936000000,0.02028000,0.02032000,0.01777000,0.01939000,441559645.20000000
1738022400000,0.01939000,0.01972000,0.01745000,0.01766000,194008091.40000000
1738108800000,0.01765000,0.01934000,0.01750000,0.01832000,305017689.20000000
1738195200000,0.01833000,0.02086000,0.01808000,0.02011000,262507981.70000000
1738281600000,0.02010000,0.02107000,0.01953000,0.01991000,321657048.60000000
1738368000000,0.01991000,0.02027000,0.01762000,0.01776000,192745518.80000000
1738454400000,0.01775000,0.01823000,0.01432000,0.01537000,463638566.30000000
1738540800000,0.01536000,0.01633000,0.01118000,0.01610000,1018756297.10000000
1738627200000,0.01611000,0.01639000,0.01418000,0.01476000,481859467.10000000
1738713600000,0.01477000,0.01533000,0.01406000,0.01439000,261119086.60000000
1738800000000,0.01438000,0.01471000,0.01335000,0.01355000,275510400.40000000
1738886400000,0.01354000,0.01477000,0.01327000,0.01382000,262228942.20000000
1738972800000,0.01380000,0.01460000,0.01351000,0.01450000,149982527.00000000
1739059200000,0.01448000,0.01508000,0.01369000,0.01454000,204330548.70000000
1739145600000,0.01454000,0.01548000,0.01400000,0.01535000,207995837.90000000
1739232000000,0.01536000,0.01703000,0.01517000,0.01544000,326938784.60000000
1739318400000,0.01545000,0.01703000,0.01477000,0.01669000,302378563.00000000
1739404800000,0.01670000,0.01691000,0.01577000,0.01604000,210717993.70000000
1739491200000,0.01605000,0.01655000,0.01555000,0.01606000,234099462.90000000
1739577600000,0.01604000,0.01605000,0.01500000,0.01532000,162034367.30000000
1739664000000,0.01532000,0.01573000,0.01498000,0.01507000,146100479.50000000
1739750400000,0.01508000,0.01602000,0.01481000,0.01540000,192765420.30000000
1739836800000,0.01539000,0.01564000,0.01396000,0.01455000,231824026.30000000
1739923200000,0.01454000,0.01509000,0.01438000,0.01483000,133927362.80000000
1740009600000,0.01483000,0.01638000,0.01480000,0.01605000,302411788.70000000
1740096000000,0.01606000,0.01759000,0.01554000,0.01596000,359376973.80000000
1740182400000,0.01596000,0.01699000,0.01591000,0.01672000,187720564.30000000
1740268800000,0.01672000,0.01720000,0.01599000,0.01629000,203891914.90000000
1740355200000,0.01630000,0.01636000,0.01345000,0.01379000,346047532.40000000
1740441600000,0.01378000,0.01442000,0.01300000,0.01431000,437652128.30000000
1740528000000,0.01430000,0.01488000,0.01378000,0.01461000,238904978.80000000
1740614400000,0.01460000,0.01501000,0.01394000,0.01454000,196770095.60000000
1740700800000,0.01453000,0.01469000,0.01304000,0.01454000,348085173.60000000
1740787200000,0.01455000,0.01467000,0.01362000,0.01422000,110039268.30000000
1740873600000,0.01421000,0.01620000,0.01397000,0.01610000,323578312.60000000
1740960000000,0.01611000,0.01615000,0.01325000,0.01349000,305680394.40000000
1741046400000,0.01349000,0.01362000,0.01196000,0.01322000,382662183.20000000
1741132800000,0.01322000,0.01368000,0.01268000,0.01345000,219790761.00000000
1741219200000,0.01346000,0.01416000,0.01319000,0.01329000,221997215.00000000
1741305600000,0.01330000,0.01378000,0.01253000,0.01307000,297411627.30000000
1741392000000,0.01308000,0.01311000,0.01247000,0.01263000,195932036.00000000
1741478400000,0.01263000,0.01272000,0.01136000,0.01155000,239865091.30000000
1741564800000,0.01156000,0.01231000,0.01025000,0.01054000,350681969.00000000
1741651200000,0.01055000,0.01115000,0.00950000,0.01078000,548991183.90000000
1741737600000,0.01080000,0.01151000,0.01043000,0.01128000,311743852.90000000
1741824000000,0.01130000,0.01134000,0.01064000,0.01099000,178673017.70000000
1741910400000,0.01099000,0.01158000,0.01090000,0.01121000,156653845.00000000
1741996800000,0.01120000,0.01149000,0.01111000,0.01142000,87994980.50000000
1742083200000,0.01143000,0.01146000,0.01070000,0.01091000,203286772.90000000
1742169600000,0.01092000,0.01190000,0.01092000,0.01150000,227281412.40000000
1742256000000,0.01149000,0.01149000,0.01102000,0.01142000,165285133.90000000
1742342400000,0.01142000,0.01235000,0.01138000,0.01227000,281129655.20000000
1742428800000,0.01228000,0.01229000,0.01168000,0.01177000,105530761.30000000
1742515200000,0.01177000,0.01185000,0.01125000,0.01160000,124985871.70000000
1742601600000,0.01160000,0.01225000,0.01156000,0.01200000,103063651.20000000
1742688000000,0.01199000,0.01200000,0.01155000,0.01184000,89679491.90000000
1742774400000,0.01184000,0.01304000,0.01160000,0.01279000,292838159.10000000
1742860800000,0.01279000,0.01299000,0.01258000,0.01272000,156957653.50000000
1742947200000,0.01272000,0.01341000,0.01247000,0.01278000,239522677.70000000
1743033600000,0.01278000,0.01345000,0.01264000,0.01281000,196307713.30000000
1743120000000,0.01281000,0.01288000,0.01151000,0.01171000,198387888.50000000
1743206400000,0.01172000,0.01178000,0.01069000,0.01087000,169922456.00000000
1743292800000,0.01086000,0.01114000,0.01066000,0.01082000,118235342.90000000
1743379200000,0.01082000,0.01105000,0.01040000,0.01069000,153062376.10000000
1743465600000,0.01068000,0.01135000,0.01066000,0.01096000,137258100.20000000
1743552000000,0.01095000,0.01125000,0.01013000,0.01028000,270974646.10000000
1743638400000,0.01028000,0.01083000,0.00995000,0.01060000,170951367.60000000
1743724800000,0.01061000,0.01093000,0.01033000,0.01062000,194328598.20000000
1743811200000,0.01062000,0.01072000,0.01023000,0.01042000,100557236.80000000
1743897600000,0.01041000,0.01051000,0.00894000,0.00923000,229214735.30000000
1743984000000,0.00924000,0.01001000,0.00839000,0.00957000,389591230.30000000
1744070400000,0.00957000,0.00997000,0.00909000,0.00913000,148690486.90000000
1744156800000,0.00913000,0.01079000,0.00887000,0.01061000,226148883.60000000
1744243200000,0.01061000,0.01065000,0.00996000,0.01022000,151990104.00000000
1744329600000,0.01023000,0.01081000,0.01017000,0.01054000,143514884.60000000
1744416000000,0.01055000,0.01119000,0.01044000,0.01100000,147156979.30000000
1744502400000,0.01101000,0.01110000,0.01029000,0.01046000,149071289.70000000
1744588800000,0.01046000,0.01106000,0.01043000,0.01062000,143657411.90000000
1744675200000,0.01061000,0.01076000,0.01009000,0.01015000,135645557.70000000
1744761600000,0.01016000,0.01041000,0.00986000,0.01016000,158866203.00000000
1744848000000,0.01015000,0.01082000,0.01006000,0.01072000,121110691.00000000
1744934400000,0.01072000,0.01122000,0.01060000,0.01093000,177693458.40000000
1745020800000,0.01093000,0.01135000,0.01085000,0.01129000,68088845.30000000
1745107200000,0.01128000,0.01160000,0.01089000,0.01126000,117391779.00000000
1745193600000,0.01127000,0.01179000,0.01124000,0.01160000,103039539.80000000
1745280000000,0.01159000,0.01282000,0.01133000,0.01268000,184641941.50000000
1745366400000,0.01268000,0.01350000,0.01268000,0.01332000,242415195.00000000
1745452800000,0.01331000,0.01367000,0.01288000,0.01360000,164556575.90000000
1745539200000,0.01359000,0.01402000,0.01322000,0.01350000,189548833.30000000
1745625600000,0.01352000,0.01413000,0.01320000,0.01361000,123725269.30000000
1745712000000,0.01361000,0.01377000,0.01269000,0.01272000,120906742.10000000
1745798400000,0.01272000,0.01373000,0.01231000,0.01373000,220977029.50000000
1745884800000,0.01372000,0.01507000,0.01327000,0.01349000,354609490.90000000
1745971200000,0.01350000,0.01372000,0.01268000,0.01343000,154201269.30000000
1746057600000,0.01344000,0.01407000,0.01325000,0.01334000,113335812.80000000
1746144000000,0.01335000,0.01380000,0.01319000,0.01370000,99062964.40000000
1746230400000,0.01370000,0.01375000,0.01232000,0.01266000,120734901.90000000
1746316800000,0.01266000,0.01272000,0.01187000,0.01197000,85557354.80000000
1746403200000,0.01198000,0.01254000,0.01181000,0.01219000,129872144.50000000
1746489600000,0.01220000,0.01240000,0.01149000,0.01207000,142129005.70000000
1746576000000,0.01208000,0.01240000,0.01155000,0.01204000,146811154.20000000
1746662400000,0.01203000,0.01421000,0.01201000,0.01400000,211292542.70000000
1746748800000,0.01400000,0.01503000,0.01400000,0.01498000,228564921.30000000
1746835200000,0.01498000,0.01645000,0.01482000,0.01644000,255403664.20000000
1746921600000,0.01643000,0.01660000,0.01553000,0.01596000,158011995.80000000
1747008000000,0.01598000,0.01700000,0.01519000,0.01594000,253773046.90000000
1747094400000,0.01592000,0.01700000,0.01497000,0.01650000,175744879.70000000
1747180800000,0.01651000,0.01687000,0.01550000,0.01563000,117662793.60000000
1747267200000,0.01564000,0.01586000,0.01442000,0.01479000,169100984.20000000
1747353600000,0.01481000,0.01530000,0.01413000,0.01430000,104930071.20000000
1747440000000,0.01430000,0.01433000,0.01351000,0.01372000,125804354.20000000
1747526400000,0.01373000,0.01476000,0.01330000,0.01448000,162915540.10000000
1747612800000,0.01449000,0.01464000,0.01303000,0.01402000,188688865.60000000
1747699200000,0.01401000,0.01459000,0.01348000,0.01438000,118314187.80000000
1747785600000,0.01440000,0.01508000,0.01402000,0.01467000,162557852.50000000
1747872000000,0.01468000,0.01610000,0.01464000,0.01581000,151538270.60000000
1747958400000,0.01583000,0.01619000,0.01409000,0.01418000,170853444.20000000
1748044800000,0.01419000,0.01447000,0.01387000,0.01398000,109051705.50000000
1748131200000,0.01398000,0.01420000,0.01328000,0.01416000,90799151.40000000
1748217600000,0.01415000,0.01449000,0.01378000,0.01393000,89388143.60000000
1748304000000,0.01392000,0.01463000,0.01350000,0.01428000,114031125.20000000
1748390400000,0.01428000,0.01460000,0.01361000,0.01412000,124152983.40000000
1748476800000,0.01410000,0.01575000,0.01295000,0.01304000,244240671.10000000
1748563200000,0.01303000,0.01305000,0.01160000,0.01169000,219966751.20000000
1748649600000,0.01169000,0.01219000,0.01138000,0.01198000,137763606.90000000
1748736000000,0.01199000,0.01230000,0.01164000,0.01224000,67299229.30000000
1748822400000,0.01223000,0.01250000,0.01178000,0.01249000,108795129.70000000
1748908800000,0.01249000,0.01278000,0.01210000,0.01227000,71045181.10000000
1748995200000,0.01229000,0.01258000,0.01170000,0.01179000,62966094.80000000
1749081600000,0.01179000,0.01203000,0.01074000,0.01093000,163412166.50000000
1749168000000,0.01093000,0.01150000,0.01087000,0.01119000,78902315.00000000
1749254400000,0.01120000,0.01193000,0.01116000,0.01172000,106501530.10000000
1749340800000,0.01171000,0.01195000,0.01140000,0.01171000,93524015.40000000
1749427200000,0.01172000,0.01260000,0.01143000,0.01253000,114214997.90000000
1749513600000,0.01254000,0.01297000,0.01222000,0.01287000,116409520.00000000
1749600000000,0.01287000,0.01295000,0.01193000,0.01203000,129601259.00000000
1749686400000,0.01202000,0.01206000,0.01080000,0.01086000,244888889.50000000
1749772800000,0.01086000,0.01087000,0.01002000,0.01072000,256493560.10000000
1749859200000,0.01071000,0.01074000,0.01013000,0.01046000,104226667.50000000
1749945600000,0.01046000,0.01062000,0.01020000,0.01047000,103146673.00000000
1750032000000,0.01046000,0.01143000,0.01036000,0.01090000,182241862.70000000
1750118400000,0.01090000,0.01111000,0.00984000,0.01014000,255967076.90000000
1750204800000,0.01015000,0.01033000,0.00950000,0.01008000,215521155.00000000
1750291200000,0.01007000,0.01025000,0.00950000,0.00969000,129225356.30000000
1750377600000,0.00969000,0.01001000,0.00914000,0.00943000,185781873.20000000
1750464000000,0.00943000,0.00966000,0.00857000,0.00885000,159544465.30000000
1750550400000,0.00886000,0.00898000,0.00803000,0.00857000,253965455.30000000
1750636800000,0.00858000,0.00998000,0.00858000,0.00995000,238456649.20000000
1750723200000,0.00996000,0.01035000,0.00992000,0.01012000,185067233.40000000
1750809600000,0.01012000,0.01016000,0.00894000,0.00972000,154551905.00000000
1750896000000,0.00973000,0.01006000,0.00904000,0.00942000,134530273.80000000
1750982400000,0.00941000,0.00976000,0.00930000,0.00958000,111770330.30000000
1751068800000,0.00958000,0.01008000,0.00946000,0.00996000,82866117.00000000
1751155200000,0.00996000,0.01058000,0.00973000,0.01045000,110301461.10000000
1751241600000,0.01045000,0.01057000,0.00984000,0.00989000,115127659.30000000
1751328000000,0.00987000,0.00994000,0.00938000,0.00946000,105909320.00000000
1751414400000,0.00946000,0.01056000,0.00931000,0.01035000,150282891.80000000
1751500800000,0.01035000,0.01063000,0.01023000,0.01045000,112318692.20000000
1751587200000,0.01045000,0.01050000,0.00947000,0.00963000,104322862.20000000
1751673600000,0.00963000,0.00971000,0.00918000,0.00939000,84388443.90000000
1751760000000,0.00939000,0.00965000,0.00915000,0.00939000,104033646.90000000
1751846400000,0.00939000,0.00953000,0.00912000,0.00930000,90835877.00000000
1751932800000,0.00930000,0.00966000,0.00908000,0.00952000,81067088.50000000
1752019200000,0.00953000,0.01060000,0.00946000,0.01046000,255493824.10000000
1752105600000,0.01046000,0.01164000,0.01037000,0.01154000,206615929.50000000
1752192000000,0.01155000,0.01235000,0.01137000,0.01165000,289521286.40000000
1752278400000,0.01167000,0.01209000,0.01112000,0.01159000,168001833.90000000
1752364800000,0.01160000,0.01241000,0.01153000,0.01192000,130666561.80000000
1752451200000,0.01193000,0.01271000,0.01166000,0.01181000,163166612.40000000
1752537600000,0.01181000,0.01230000,0.01135000,0.01227000,155851119.80000000
1752624000000,0.01227000,0.01268000,0.01190000,0.01227000,132849143.70000000
1752710400000,0.01229000,0.01250000,0.01165000,0.01217000,214861477.70000000
1752796800000,0.01218000,0.01357000,0.01200000,0.01215000,286535682.50000000
1752883200000,0.01216000,0.01263000,0.01178000,0.01246000,187747258.50000000
1752969600000,0.01247000,0.01382000,0.01234000,0.01337000,272553528.90000000
1753056000000,0.01337000,0.01388000,0.01302000,0.01335000,169016411.30000000
1753142400000,0.01336000,0.01342000,0.01246000,0.01334000,237696771.90000000
1753228800000,0.01335000,0.01335000,0.01117000,0.01157000,357261868.60000000
1753315200000,0.01158000,0.01181000,0.01058000,0.01117000,266814538.10000000
1753401600000,0.01118000,0.01164000,0.01082000,0.01160000,196515606.10000000
1753488000000,0.01159000,0.01193000,0.01153000,0.01164000,92844369.60000000
1753574400000,0.01164000,0.01231000,0.01161000,0.01225000,126472823.60000000
1753660800000,0.01226000,0.01247000,0.01093000,0.01106000,190653459.10000000
1753747200000,0.01106000,0.01149000,0.01073000,0.01103000,165137584.90000000
1753833600000,0.01102000,0.01107000,0.01033000,0.01100000,187697213.50000000
1753920000000,0.01100000,0.01122000,0.01014000,0.01021000,144440144.60000000
1754006400000,0.01022000,0.01031000,0.00971000,0.01003000,218050097.40000000
1754092800000,0.01001000,0.01016000,0.00965000,0.00998000,156571507.70000000
1754179200000,0.00998000,0.01055000,0.00982000,0.01042000,141227458.20000000
1754265600000,0.01042000,0.01084000,0.01033000,0.01076000,98393090.60000000
1754352000000,0.01076000,0.01080000,0.00996000,0.01021000,121687612.70000000
1754438400000,0.01021000,0.01061000,0.00993000,0.01051000,103542573.50000000
1754524800000,0.01050000,0.01095000,0.01036000,0.01095000,129346769.40000000
1754611200000,0.01095000,0.01127000,0.01076000,0.01109000,155831049.20000000
1754697600000,0.01110000,0.01171000,0.01107000,0.01146000,117272201.40000000
1754784000000,0.01146000,0.01180000,0.01095000,0.01137000,100846285.70000000
1754870400000,0.01137000,0.01189000,0.01053000,0.01063000,173931123.50000000
1754956800000,0.01063000,0.01147000,0.01045000,0.01135000,139725703.70000000
1755043200000,0.01136000,0.01228000,0.01133000,0.01217000,254541802.70000000
1755129600000,0.01218000,0.01231000,0.01068000,0.01091000,268450889.10000000
1755216000000,0.01091000,0.01116000,0.01038000,0.01076000,148390286.30000000
1755302400000,0.01074000,0.01135000,0.01068000,0.01123000,207866482.10000000
1755388800000,0.01124000,0.01166000,0.01113000,0.01124000,137939615.10000000
1755475200000,0.01123000,0.01127000,0.01054000,0.01069000,142507643.40000000
1755561600000,0.01068000,0.01084000,0.01023000,0.01029000,170519661.10000000
1755648000000,0.01029000,0.01117000,0.01018000,0.01107000,132569600.70000000
1755734400000,0.01108000,0.01129000,0.01063000,0.01073000,133201400.90000000
1755820800000,0.01075000,0.01193000,0.01031000,0.01186000,260207631.10000000
1755907200000,0.01186000,0.01197000,0.01133000,0.01147000,166889819.40000000
1755993600000,0.01149000,0.01155000,0.01068000,0.01113000,262304799.40000000
1756080000000,0.01114000,0.01138000,0.01019000,0.01031000,302349104.30000000
1756166400000,0.01030000,0.01081000,0.01014000,0.01061000,212866308.70000000
1756252800000,0.01061000,0.01079000,0.01044000,0.01058000,120454152.70000000
1756339200000,0.01059000,0.01106000,0.01049000,0.01088000,133771499.90000000
1756425600000,0.01089000,0.01095000,0.01001000,0.01033000,149763608.60000000
1756512000000,0.01032000,0.01074000,0.01016000,0.01073000,103357337.10000000
1756598400000,0.01074000,0.01114000,0.01033000,0.01034000,195776771.10000000
1756684800000,0.01034000,0.01050000,0.00975000,0.01006000,200030675.30000000
1756771200000,0.01006000,0.01043000,0.01001000,0.01034000,145869493.30000000
1756857600000,0.01035000,0.01036000,0.01010000,0.01029000,85760666.50000000
1756944000000,0.01030000,0.01035000,0.00991000,0.01002000,119559041.20000000
1757030400000,0.01002000,0.01036000,0.00991000,0.01007000,110357275.70000000
1757116800000,0.01008000,0.01018000,0.00990000,0.00993000,54776123.00000000
1757203200000,0.00994000,0.01014000,0.00993000,0.01006000,52607783.80000000
1757289600000,0.01007000,0.01064000,0.00997000,0.01055000,143938063.00000000
1757376000000,0.01055000,0.01104000,0.01043000,0.01070000,161276502.40000000
1757462400000,0.01071000,0.01098000,0.01057000,0.01083000,100577365.90000000
1757548800000,0.01084000,0.01103000,0.01064000,0.01096000,101927174.80000000
1757635200000,0.01095000,0.01111000,0.01062000,0.01098000,126332888.10000000
1757721600000,0.01098000,0.01164000,0.01092000,0.01152000,237129198.90000000
1757808000000,0.01152000,0.01161000,0.01081000,0.01096000,139314882.20000000
1757894400000,0.01094000,0.01113000,0.01020000,0.01040000,143073203.90000000
1757980800000,0.01040000,0.01055000,0.01019000,0.01044000,78574166.30000000
1758067200000,0.01045000,0.01101000,0.01025000,0.01095000,132214281.20000000
1758153600000,0.01096000,0.01126000,0.01083000,0.01109000,210799229.10000000
1758240000000,0.01109000,0.01126000,0.01030000,0.01042000,144964455.90000000
1758326400000,0.01041000,0.01065000,0.01031000,0.01048000,124452849.40000000
1758412800000,0.01048000,0.01071000,0.01029000,0.01032000,66344178.00000000
1758499200000,0.01032000,0.01035000,0.00869000,0.00940000,372905643.80000000
1758585600000,0.00941000,0.00969000,0.00906000,0.00937000,122609129.10000000
1758672000000,0.00937000,0.00964000,0.00913000,0.00941000,133265518.50000000
1758758400000,0.00941000,0.00942000,0.00870000,0.00886000,180580182.90000000
1758844800000,0.00888000,0.00939000,0.00884000,0.00930000,179427057.30000000
1758931200000,0.00930000,0.00931000,0.00905000,0.00912000,61978377.70000000
1759017600000,0.00912000,0.00934000,0.00889000,0.00930000,102207029.40000000
1759104000000,0.00930000,0.00938000,0.00899000,0.00919000,96502015.10000000
1759190400000,0.00919000,0.00928000,0.00887000,0.00920000,115965186.70000000
1759276800000,0.00921000,0.00977000,0.00904000,0.00971000,250301771.20000000
1759363200000,0.00972000,0.01038000,0.00968000,0.01029000,220568177.30000000
1759449600000,0.01028000,0.01080000,0.00990000,0.01049000,227926467.20000000
1759536000000,0.01048000,0.01052000,0.00983000,0.01002000,125486483.70000000
1759622400000,0.01003000,0.01054000,0.00995000,0.01010000,199585703.60000000
1759708800000,0.01009000,0.01054000,0.01001000,0.01033000,108823331.40000000
1759795200000,0.01034000,0.01041000,0.00950000,0.00953000,227440581.40000000
1759881600000,0.00952000,0.00985000,0.00935000,0.00960000,178715649.20000000
1759968000000,0.00961000,0.00964000,0.00892000,0.00925000,281689172.90000000
1760054400000,0.00925000,0.00949000,0.00182000,0.00594000,974225472.00000000
1760140800000,0.00595000,0.00646000,0.00572000,0.00614000,675482959.30000000
1760227200000,0.00614000,0.00741000,0.00602000,0.00728000,287648996.70000000
1760313600000,0.00728000,0.00789000,0.00716000,0.00779000,424114620.60000000
1760400000000,0.00779000,0.00783000,0.00692000,0.00746000,317847237.50000000
1760486400000,0.00747000,0.00762000,0.00678000,0.00702000,191581835.60000000
1760572800000,0.00703000,0.00730000,0.00673000,0.00687000,226348413.30000000
1760659200000,0.00687000,0.00703000,0.00630000,0.00663000,206060186.10000000
1760745600000,0.00663000,0.00681000,0.00652000,0.00672000,74910966.60000000
1760832000000,0.00672000,0.00696000,0.00656000,0.00673000,139053149.80000000
1760918400000,0.00674000,0.00696000,0.00656000,0.00673000,128690038.60000000
1761004800000,0.00673000,0.00702000,0.00641000,0.00645000,140557785.00000000
1761091200000,0.00644000,0.00658000,0.00601000,0.00626000,153249129.80000000
1761177600000,0.00626000,0.00653000,0.00621000,0.00634000,77314838.20000000
1761264000000,0.00634000,0.00688000,0.00631000,0.00684000,122051489.60000000
1761350400000,0.00683000,0.00694000,0.00653000,0.00673000,99603711.50000000
1761436800000,0.00675000,0.00688000,0.00662000,0.00679000,145967548.60000000
1761523200000,0.00680000,0.00687000,0.00644000,0.00655000,150082987.80000000
1761609600000,0.00654000,0.00658000,0.00605000,0.00617000,153654519.30000000
1761696000000,0.00616000,0.00637000,0.00591000,0.00619000,187218845.60000000
1761782400000,0.00618000,0.00625000,0.00541000,0.00569000,183161636.20000000
1761868800000,0.00568000,0.00596000,0.00562000,0.00565000,110816270.60000000
1761955200000,0.00565000,0.00620000,0.00556000,0.00587000,167034377.00000000
1762041600000,0.00587000,0.00599000,0.00566000,0.00595000,136535149.70000000
1762128000000,0.00595000,0.00595000,0.00469000,0.00509000,384368688.40000000
1762214400000,0.00509000,0.00518000,0.00453000,0.00481000,341906573.00000000
1762300800000,0.00480000,0.00508000,0.00454000,0.00502000,137959715.70000000
1762387200000,0.00501000,0.00505000,0.00468000,0.00484000,181356727.30000000
1762473600000,0.00484000,0.00636000,0.00484000,0.00609000,705811887.40000000
1762560000000,0.00610000,0.00632000,0.00568000,0.00591000,254148746.20000000
1762646400000,0.00591000,0.00591000,0.00547000,0.00582000,201975708.30000000
1762732800000,0.00581000,0.00613000,0.00569000,0.00600000,157432548.30000000
1762819200000,0.00599000,0.00605000,0.00536000,0.00545000,172286588.80000000
1762905600000,0.00545000,0.00584000,0.00524000,0.00533000,119938685.00000000
1762992000000,0.00533000,0.00557000,0.00503000,0.00524000,130482437.00000000
1763078400000,0.00524000,0.00537000,0.00490000,0.00510000,141672313.50000000
1763164800000,0.00510000,0.00526000,0.00507000,0.00515000,87337869.50000000
1763251200000,0.00515000,0.00520000,0.00477000,0.00495000,102561834.50000000
1763337600000,0.00496000,0.00509000,0.00468000,0.00479000,114703631.40000000
1763424000000,0.00479000,0.00493000,0.00467000,0.00482000,97814957.90000000
1763510400000,0.00482000,0.00486000,0.00431000,0.00466000,254629357.90000000
1763596800000,0.00466000,0.00507000,0.00441000,0.00460000,372861303.70000000
1763683200000,0.00460000,0.00472000,0.00388000,0.00403000,514040015.60000000
1763769600000,0.00404000,0.00410000,0.00386000,0.00403000,157661171.40000000
1763856000000,0.00402000,0.00430000,0.00397000,0.00406000,175414662.50000000
1763942400000,0.00406000,0.00457000,0.00401000,0.00448000,225122606.60000000
1764028800000,0.00447000,0.00452000,0.00418000,0.00438000,148652013.40000000
1764115200000,0.00438000,0.00448000,0.00417000,0.00440000,111926621.70000000
1764201600000,0.00439000,0.00445000,0.00429000,0.00436000,90711646.10000000
1764288000000,0.00436000,0.00442000,0.00417000,0.00434000,93371551.60000000
1764374400000,0.00435000,0.00437000,0.00410000,0.00413000,76211605.90000000
1764460800000,0.00413000,0.00428000,0.00408000,0.00409000,74430289.40000000
1764547200000,0.00409000,0.00409000,0.00361000,0.00378000,242558540.70000000
1764633600000,0.00378000,0.00421000,0.00368000,0.00409000,222962175.30000000
1764720000000,0.00409000,0.00440000,0.00396000,0.00425000,268885240.60000000
1764806400000,0.00425000,0.00430000,0.00394000,0.00401000,123643826.10000000
1764892800000,0.00400000,0.00408000,0.00372000,0.00383000,131004316.80000000
1764979200000,0.00383000,0.00396000,0.00377000,0.00391000,72725998.30000000
1765065600000,0.00392000,0.00399000,0.00369000,0.00378000,114810365.30000000
1765152000000,0.00377000,0.00393000,0.00375000,0.00386000,85705644.00000000
1765238400000,0.00386000,0.00427000,0.00381000,0.00413000,322101286.70000000
1765324800000,0.00413000,0.00417000,0.00391000,0.00394000,156114687.30000000
1765411200000,0.00394000,0.00398000,0.00368000,0.00389000,128843828.80000000
1765497600000,0.00389000,0.00393000,0.00365000,0.00380000,81422374.50000000
1765584000000,0.00381000,0.00389000,0.00376000,0.00389000,63353733.80000000
1765670400000,0.00388000,0.00398000,0.00367000,0.00370000,131205375.10000000
1765756800000,0.00370000,0.00384000,0.00341000,0.00352000,144742288.90000000
1765843200000,0.00352000,0.00365000,0.00345000,0.00361000,105871909.50000000
1765929600000,0.00360000,0.00363000,0.00328000,0.00333000,171479295.20000000
1766016000000,0.00333000,0.00363000,0.00323000,0.00327000,287644231.90000000
1766102400000,0.00327000,0.00360000,0.00322000,0.00355000,126166167.90000000
1766188800000,0.00355000,0.00364000,0.00353000,0.00360000,69322144.90000000
1766275200000,0.00359000,0.00361000,0.00343000,0.00356000,76775825.40000000
1766361600000,0.00356000,0.00374000,0.00355000,0.00368000,125075747.30000000
1766448000000,0.00368000,0.00384000,0.00357000,0.00374000,103365964.10000000
1766534400000,0.00374000,0.00376000,0.00346000,0.00363000,118403960.10000000
1766620800000,0.00362000,0.00374000,0.00353000,0.00355000,86898467.30000000
1766707200000,0.00354000,0.00370000,0.00352000,0.00365000,58213136.60000000
1766793600000,0.00364000,0.00381000,0.00360000,0.00380000,101399025.30000000
1766880000000,0.00381000,0.00383000,0.00368000,0.00375000,89267186.50000000
1766966400000,0.00375000,0.00424000,0.00370000,0.00375000,297861380.80000000
1767052800000,0.00374000,0.00401000,0.00371000,0.00388000,194494900.30000000
1767139200000,0.00388000,0.00389000,0.00354000,0.00356000,173530207.20000000
1767225600000,0.00355000,0.00391000,0.00338000,0.00388000,322598606.00000000
1767312000000,0.00389000,0.00422000,0.00387000,0.00401000,541112737.80000000
1767398400000,0.00402000,0.00431000,0.00399000,0.00416000,193041436.90000000
1767484800000,0.00415000,0.00429000,0.00409000,0.00419000,182198387.20000000
1767571200000,0.00420000,0.00478000,0.00411000,0.00438000,578514831.10000000
1767657600000,0.00438000,0.00454000,0.00420000,0.00446000,277006488.60000000
1767744000000,0.00446000,0.00447000,0.00415000,0.00420000,118849612.60000000
1767830400000,0.00420000,0.00426000,0.00395000,0.00413000,118973069.00000000
1767916800000,0.00413000,0.00420000,0.00401000,0.00404000,81970040.30000000
1768003200000,0.00405000,0.00407000,0.00396000,0.00398000,72986835.70000000
1768089600000,0.00399000,0.00408000,0.00387000,0.00394000,57823302.50000000
1768176000000,0.00394000,0.00403000,0.00380000,0.00387000,84410508.60000000
1768262400000,0.00387000,0.00437000,0.00386000,0.00430000,329602473.50000000
1768348800000,0.00431000,0.00442000,0.00423000,0.00428000,151537529.40000000
1768435200000,0.00428000,0.00433000,0.00397000,0.00401000,151706831.50000000
1768521600000,0.00402000,0.00414000,0.00392000,0.00413000,64965006.70000000
1768608000000,0.00414000,0.00463000,0.00408000,0.00431000,290147619.20000000
1768694400000,0.00431000,0.00436000,0.00398000,0.00399000,156425635.40000000
1768780800000,0.00398000,0.00398000,0.00341000,0.00365000,312861998.00000000
1768867200000,0.00365000,0.00370000,0.00342000,0.00347000,203735540.50000000
1768953600000,0.00347000,0.00368000,0.00347000,0.00361000,121715813.10000000
1769040000000,0.00361000,0.00368000,0.00352000,0.00363000,87093812.90000000
1769126400000,0.00363000,0.00373000,0.00357000,0.00362000,72045298.30000000
1769212800000,0.00362000,0.00369000,0.00357000,0.00362000,72498452.90000000
1769299200000,0.00361000,0.00367000,0.00334000,0.00340000,135249144.00000000
1769385600000,0.00340000,0.00363000,0.00339000,0.00354000,116758543.60000000
1769472000000,0.00354000,0.00362000,0.00342000,0.00358000,65311176.10000000
1769558400000,0.00359000,0.00361000,0.00343000,0.00351000,65970358.90000000
1769644800000,0.00352000,0.00353000,0.00308000,0.00318000,153817622.90000000
1769731200000,0.00318000,0.00322000,0.00306000,0.00315000,186991689.30000000
1769817600000,0.00316000,0.00316000,0.00256000,0.00291000,279997432.10000000
1769904000000,0.00291000,0.00299000,0.00278000,0.00286000,158043237.90000000
1769990400000,0.00284000,0.00302000,0.00276000,0.00298000,161938745.90000000
1770076800000,0.00299000,0.00307000,0.00283000,0.00295000,174366620.90000000
1770163200000,0.00295000,0.00300000,0.00279000,0.00288000,182872867.10000000
1770249600000,0.00287000,0.00290000,0.00238000,0.00247000,301333560.00000000
1770336000000,0.00247000,0.00278000,0.00218000,0.00271000,219831376.70000000
1770422400000,0.00270000,0.00272000,0.00255000,0.00263000,158310225.00000000
1770508800000,0.00263000,0.00264000,0.00251000,0.00255000,125967817.70000000
1770595200000,0.00255000,0.00261000,0.00242000,0.00253000,125158703.30000000
1770681600000,0.00254000,0.00255000,0.00242000,0.00247000,137285636.30000000
1770768000000,0.00246000,0.00251000,0.00236000,0.00239000,190596419.90000000
1770854400000,0.00239000,0.00258000,0.00239000,0.00247000,119749242.90000000
1770940800000,0.00248000,0.00256000,0.00242000,0.00254000,69862669.90000000
1771027200000,0.00253000,0.00275000,0.00252000,0.00270000,105836861.10000000
1771113600000,0.00269000,0.00273000,0.00251000,0.00254000,109207232.50000000
1771200000000,0.00254000,0.00272000,0.00253000,0.00268000,79768418.10000000
1771286400000,0.00267000,0.00269000,0.00255000,0.00256000,62922673.30000000
1771372800000,0.00257000,0.00265000,0.00243000,0.00245000,70018994.30000000
1771459200000,0.00245000,0.00247000,0.00236000,0.00246000,100853862.50000000
1771545600000,0.00245000,0.00254000,0.00240000,0.00253000,62634350.70000000
1771632000000,0.00252000,0.00255000,0.00245000,0.00246000,59331270.40000000
1771718400000,0.00245000,0.00245000,0.00235000,0.00240000,76984666.40000000
1771804800000,0.00240000,0.00241000,0.00225000,0.00231000,106339782.60000000
1771891200000,0.00231000,0.00233000,0.00222000,0.00228000,89156938.30000000
1771977600000,0.00228000,0.00269000,0.00227000,0.00250000,236980120.40000000
1772064000000,0.00250000,0.00253000,0.00238000,0.00244000,135839454.90000000
1772150400000,0.00245000,0.00253000,0.00230000,0.00236000,105114764.90000000
1772236800000,0.00236000,0.00239000,0.00215000,0.00234000,145225866.00000000
1772323200000,0.00235000,0.00241000,0.00217000,0.00225000,126939730.10000000
1772409600000,0.00226000,0.00240000,0.00224000,0.00231000,128114435.50000000
1772496000000,0.00231000,0.00235000,0.00223000,0.00231000,72618496.30000000
1772582400000,0.00231000,0.00247000,0.00227000,0.00240000,96639882.60000000
1772668800000,0.00240000,0.00259000,0.00237000,0.00243000,239764316.90000000
1772755200000,0.00243000,0.00249000,0.00236000,0.00241000,58852243.80000000
1772841600000,0.00241000,0.00243000,0.00229000,0.00232000,58989663.10000000
1772928000000,0.00232000,0.00241000,0.00227000,0.00231000,99958406.00000000
1773014400000,0.00231000,0.00245000,0.00230000,0.00240000,75778736.00000000
1773100800000,0.00240000,0.00258000,0.00239000,0.00240000,118712650.50000000
1773187200000,0.00241000,0.00249000,0.00228000,0.00243000,152840147.20000000
1773273600000,0.00243000,0.00245000,0.00232000,0.00239000,92940621.40000000
1773360000000,0.00238000,0.00255000,0.00238000,0.00243000,119515384.10000000
1773446400000,0.00243000,0.00245000,0.00234000,0.00239000,76954958.00000000
1773532800000,0.00239000,0.00249000,0.00237000,0.00248000,98614257.30000000
1773619200000,0.00249000,0.00265000,0.00247000,0.00263000,235183250.80000000
1773705600000,0.00262000,0.00285000,0.00252000,0.00263000,495119035.90000000
1773792000000,0.00263000,0.00266000,0.00240000,0.00248000,204544685.80000000
1773878400000,0.00247000,0.00250000,0.00237000,0.00240000,96951449.80000000
1773964800000,0.00240000,0.00245000,0.00233000,0.00242000,98681540.60000000
1774051200000,0.00241000,0.00243000,0.00224000,0.00226000,93908573.50000000
1774137600000,0.00225000,0.00231000,0.00216000,0.00221000,202514750.60000000
1774224000000,0.00221000,0.00226000,0.00211000,0.00223000,196407921.70000000
1774310400000,0.00222000,0.00230000,0.00218000,0.00225000,186436348.90000000
1774396800000,0.00225000,0.00229000,0.00221000,0.00225000,124866518.50000000
1774483200000,0.00226000,0.00227000,0.00213000,0.00223000,138826998.80000000
1774569600000,0.00224000,0.00232000,0.00212000,0.00212000,203675391.50000000
1774656000000,0.00213000,0.00218000,0.00208000,0.00211000,85155655.20000000
1774742400000,0.00210000,0.00211000,0.00198000,0.00205000,104903903.20000000
1774828800000,0.00206000,0.00216000,0.00205000,0.00207000,81176349.70000000
1774915200000,0.00208000,0.00215000,0.00204000,0.00211000,80967973.50000000
1775001600000,0.00211000,0.00217000,0.00208000,0.00210000,74381494.60000000
1775088000000,0.00211000,0.00226000,0.00200000,0.00222000,274515998.00000000
1775174400000,0.00223000,0.00240000,0.00218000,0.00227000,561561036.70000000
1775260800000,0.00227000,0.00232000,0.00218000,0.00223000,131143089.80000000
1775347200000,0.00223000,0.00224000,0.00213000,0.00218000,95889890.30000000
1775433600000,0.00219000,0.00232000,0.00215000,0.00220000,157649378.90000000
1775520000000,0.00219000,0.00227000,0.00208000,0.00224000,252213415.40000000
1775606400000,0.00224000,0.00227000,0.00216000,0.00216000,161145433.50000000
1775692800000,0.00216000,0.00223000,0.00212000,0.00214000,96089005.30000000
1775779200000,0.00215000,0.00220000,0.00213000,0.00216000,73800697.10000000
1775865600000,0.00216000,0.00216000,0.00210000,0.00212000,104561500.40000000
1775952000000,0.00212000,0.00212000,0.00203000,0.00205000,143524314.70000000
1776038400000,0.00205000,0.00213000,0.00202000,0.00213000,115235553.10000000
1776124800000,0.00213000,0.00213000,0.00207000,0.00209000,78613441.00000000
1776211200000,0.00209000,0.00218000,0.00207000,0.00215000,96823055.00000000
1776297600000,0.00215000,0.00230000,0.00214000,0.00229000,143442347.30000000
1776384000000,0.00229000,0.00252000,0.00220000,0.00236000,434957841.90000000
1776470400000,0.00237000,0.00249000,0.00227000,0.00229000,327112263.00000000
1776556800000,0.00230000,0.00230000,0.00215000,0.00215000,142247475.30000000
1776643200000,0.00216000,0.00242000,0.00215000,0.00231000,218968945.40000000
1776729600000,0.00231000,0.00232000,0.00222000,0.00228000,128623186.70000000
1776816000000,0.00229000,0.00232000,0.00222000,0.00222000,157301062.30000000
1776902400000,0.00222000,0.00224000,0.00216000,0.00223000,112575910.20000000
1776988800000,0.00224000,0.00240000,0.00220000,0.00233000,220636800.30000000
1777075200000,0.00232000,0.00238000,0.00222000,0.00226000,125319988.10000000
1777161600000,0.00226000,0.00232000,0.00222000,0.00229000,65241148.90000000
1777248000000,0.00229000,0.00232000,0.00217000,0.00223000,145721179.00000000
1777334400000,0.00224000,0.00232000,0.00221000,0.00228000,101259423.10000000
1777420800000,0.00228000,0.00243000,0.00228000,0.00233000,353934284.30000000
1777507200000,0.00232000,0.00237000,0.00225000,0.00226000,135052199.80000000
1777593600000,0.00226000,0.00238000,0.00226000,0.00228000,136478975.70000000
1777680000000,0.00228000,0.00234000,0.00224000,0.00231000,93206342.30000000
1777766400000,0.00232000,0.00232000,0.00222000,0.00223000,128598007.20000000
1777852800000,0.00222000,0.00231000,0.00220000,0.00224000,192466990.50000000
1777939200000,0.00225000,0.00242000,0.00223000,0.00234000,228375642.10000000
1778025600000,0.00234000,0.00244000,0.00233000,0.00239000,240587084.40000000
1778112000000,0.00239000,0.00245000,0.00231000,0.00242000,251757705.60000000
1778198400000,0.00241000,0.00255000,0.00236000,0.00254000,200496683.40000000
1778284800000,0.00254000,0.00269000,0.00245000,0.00246000,285608777.80000000
1778371200000,0.00247000,0.00265000,0.00244000,0.00260000,224849754.10000000
1778457600000,0.00260000,0.00260000,0.00248000,0.00254000,106938726.20000000
1778544000000,0.00254000,0.00255000,0.00242000,0.00243000,166835099.80000000
1778630400000,0.00244000,0.00252000,0.00229000,0.00231000,144567563.10000000
1778716800000,0.00232000,0.00239000,0.00226000,0.00230000,112970621.00000000
1778803200000,0.00231000,0.00236000,0.00215000,0.00221000,130352711.90000000
1778889600000,0.00221000,0.00224000,0.00208000,0.00211000,99506908.20000000
1778976000000,0.00210000,0.00217000,0.00200000,0.00206000,79303545.80000000
1779062400000,0.00205000,0.00209000,0.00201000,0.00208000,79179512.10000000
1779148800000,0.00207000,0.00209000,0.00198000,0.00201000,97989432.50000000
1779235200000,0.00201000,0.00204000,0.00193000,0.00201000,114005778.90000000
1779321600000,0.00201000,0.00209000,0.00200000,0.00207000,107358185.30000000
1779408000000,0.00206000,0.00209000,0.00192000,0.00195000,128494156.40000000
1779494400000,0.00195000,0.00204000,0.00187000,0.00200000,144530599.60000000
1779580800000,0.00200000,0.00202000,0.00186000,0.00191000,81955153.30000000
1779667200000,0.00191000,0.00200000,0.00189000,0.00194000,57963544.70000000
1779753600000,0.00193000,0.00197000,0.00187000,0.00188000,142456313.60000000
1779840000000,0.00188000,0.00193000,0.00179000,0.00184000,162802633.40000000
1779926400000,0.00184000,0.00185000,0.00174000,0.00181000,106808899.80000000
1780012800000,0.00180000,0.00188000,0.00174000,0.00180000,200842740.70000000
1780099200000,0.00180000,0.00187000,0.00180000,0.00182000,133375600.30000000
1780185600000,0.00182000,0.00191000,0.00182000,0.00190000,155637010.10000000
1780272000000,0.00191000,0.00207000,0.00191000,0.00199000,641191155.50000000
1780358400000,0.00199000,0.00200000,0.00176000,0.00179000,228743545.10000000
1780444800000,0.00179000,0.00189000,0.00175000,0.00181000,228908553.80000000
1780531200000,0.00180000,0.00182000,0.00160000,0.00166000,244733028.40000000
1780617600000,0.00166000,0.00168000,0.00144000,0.00151000,365861769.00000000
1780704000000,0.00152000,0.00155000,0.00140000,0.00151000,139742625.20000000
1780790400000,0.00151000,0.00158000,0.00147000,0.00154000,121571552.00000000
1780876800000,0.00154000,0.00158000,0.00150000,0.00151000,101659305.90000000
1780963200000,0.00151000,0.00152000,0.00142000,0.00146000,208362245.20000000
1781049600000,0.00145000,0.00149000,0.00141000,0.00145000,121250169.50000000
1781136000000,0.00145000,0.00152000,0.00145000,0.00148000,107025764.00000000
1781222400000,0.00149000,0.00153000,0.00147000,0.00148000,79760940.00000000
1781308800000,0.00149000,0.00152000,0.00147000,0.00149000,45176688.00000000
1781395200000,0.00149000,0.00155000,0.00145000,0.00155000,89770131.60000000
1781481600000,0.00155000,0.00160000,0.00151000,0.00153000,107299821.40000000
1781568000000,0.00153000,0.00155000,0.00148000,0.00151000,117395666.40000000
1781654400000,0.00151000,0.00156000,0.00147000,0.00150000,173239227.50000000
1781740800000,0.00149000,0.00150000,0.00145000,0.00147000,50908817.00000000
