openTime,open,high,low,close,volume
1577836800000,1.60900000,1.62800000,1.59800000,1.60300000,237063.24600000
1577923200000,1.60200000,1.60600000,1.52900000,1.53300000,413159.66900000
1578009600000,1.53300000,1.63800000,1.51300000,1.62900000,570291.31900000
1578096000000,1.62800000,1.65000000,1.59600000,1.64200000,433051.97600000
1578182400000,1.64300000,1.67500000,1.61800000,1.63100000,516216.72000000
1578268800000,1.63100000,1.75100000,1.62600000,1.74700000,857762.47000000
1578355200000,1.74700000,1.77700000,1.66800000,1.73500000,914383.70000000
1578441600000,1.73700000,1.77500000,1.66100000,1.68300000,945822.28500000
1578528000000,1.68400000,1.68400000,1.61800000,1.63400000,562098.23500000
1578614400000,1.63400000,1.73800000,1.60900000,1.73400000,784654.39600000
1578700800000,1.73500000,1.81100000,1.71200000,1.74000000,826882.98000000
1578787200000,1.73800000,1.80600000,1.72800000,1.75400000,1302138.08800000
1578873600000,1.75500000,1.76000000,1.68100000,1.70100000,1152072.59300000
1578960000000,1.70100000,1.96200000,1.69900000,1.91500000,3449098.52200000
1579046400000,1.91300000,2.11300000,1.88200000,1.97400000,3136363.93700000
1579132800000,1.97600000,2.00600000,1.85600000,1.93200000,2159052.17300000
1579219200000,1.93300000,2.21100000,1.89500000,2.09200000,3866747.88400000
1579305600000,2.09000000,2.12400000,1.97300000,2.03500000,2136866.96900000
1579392000000,2.03400000,2.08700000,1.86500000,1.93100000,1862539.70300000
1579478400000,1.93200000,1.93900000,1.85200000,1.92300000,1160481.67900000
1579564800000,1.92200000,1.96700000,1.88200000,1.95000000,804614.27200000
1579651200000,1.95100000,2.03800000,1.94200000,1.99400000,1023139.51900000
1579737600000,1.99400000,1.99900000,1.83700000,1.89000000,877557.02100000
1579824000000,1.88900000,1.91200000,1.80300000,1.89000000,881319.94100000
1579910400000,1.89000000,1.90200000,1.83900000,1.86700000,587200.47100000
1579996800000,1.86600000,1.94800000,1.85000000,1.93500000,567706.86000000
1580083200000,1.93800000,2.03300000,1.92500000,1.99700000,1371291.97900000
1580169600000,1.99800000,2.07000000,1.99000000,2.05200000,1439833.69200000
1580256000000,2.05300000,2.11800000,2.02500000,2.06600000,1710688.08000000
1580342400000,2.06500000,2.20700000,2.02500000,2.17600000,2065498.00800000
1580428800000,2.17600000,2.18800000,2.06200000,2.12500000,1438108.82200000
1580515200000,2.12600000,2.20000000,2.11900000,2.19300000,927007.13600000
1580601600000,2.19400000,2.39000000,2.13700000,2.26200000,2617961.61000000
1580688000000,2.26000000,2.37900000,2.23900000,2.28600000,1456349.10400000
1580774400000,2.28800000,2.32100000,2.17300000,2.30700000,1434005.66000000
1580860800000,2.30900000,2.46800000,2.29200000,2.44200000,1675998.94300000
1580947200000,2.44300000,2.57800000,2.38000000,2.54400000,1884186.57700000
1581033600000,2.54400000,2.64900000,2.50300000,2.57200000,2217217.69200000
1581120000000,2.57100000,2.63600000,2.43300000,2.60000000,1899984.70100000
1581206400000,2.59800000,2.72400000,2.57600000,2.69700000,1853764.30500000
1581292800000,2.69800000,2.71300000,2.48900000,2.59700000,2024753.22400000
1581379200000,2.59800000,2.74300000,2.52300000,2.70900000,2208771.94800000
1581465600000,2.70800000,2.89900000,2.70500000,2.80500000,2921334.42400000
1581552000000,2.80700000,2.98000000,2.74900000,2.84900000,3396614.71900000
1581638400000,2.84900000,3.05200000,2.79100000,3.03200000,1812227.09500000
1581724800000,3.03200000,3.06800000,2.59200000,2.69000000,3196752.01500000
1581811200000,2.69000000,2.82800000,2.21000000,2.49300000,5217200.33200000
1581897600000,2.49000000,2.52300000,2.28500000,2.51000000,5293183.29800000
1581984000000,2.51100000,2.66200000,2.40000000,2.63900000,3371561.31000000
1582070400000,2.63800000,2.72100000,2.43100000,2.44300000,2191148.01600000
1582156800000,2.44200000,2.48500000,2.28200000,2.38900000,3199580.88000000
1582243200000,2.38900000,2.47300000,2.35900000,2.41600000,1681007.02100000
1582329600000,2.41600000,2.43400000,2.34400000,2.38800000,986355.51300000
1582416000000,2.39000000,2.50500000,2.38800000,2.49100000,988539.68200000
1582502400000,2.48900000,2.50300000,2.28300000,2.35800000,1635058.53600000
1582588800000,2.35700000,2.62800000,2.30900000,2.38400000,4827337.04000000
1582675200000,2.38300000,2.41800000,2.04300000,2.09700000,4254995.33400000
1582761600000,2.09800000,2.22200000,1.99600000,2.12300000,3142918.20000000
1582848000000,2.12500000,2.17300000,1.99300000,2.07300000,2872849.95900000
1582934400000,2.07200000,2.12200000,2.01900000,2.02500000,1525855.04700000
1583020800000,2.02600000,2.10000000,1.98100000,2.02800000,1252622.55700000
1583107200000,2.02700000,2.21500000,2.01400000,2.18200000,1386924.03000000
1583193600000,2.18100000,2.18300000,2.08800000,2.14500000,1478117.57000000
1583280000000,2.14600000,2.17900000,2.08600000,2.15200000,938950.36800000
1583366400000,2.15200000,2.25300000,2.14900000,2.19400000,1305348.36400000
1583452800000,2.19400000,2.31600000,2.17800000,2.31400000,1406462.60900000
1583539200000,2.31500000,2.33300000,2.19000000,2.21200000,1172609.61100000
1583625600000,2.21100000,2.21100000,1.86700000,1.89300000,3445645.83200000
1583712000000,1.89400000,1.97200000,1.80500000,1.94300000,3507291.90600000
1583798400000,1.94300000,1.98700000,1.87400000,1.95400000,2515929.68100000
1583884800000,1.95400000,1.97400000,1.81600000,1.94300000,1923898.83100000
1583971200000,1.94400000,1.95800000,1.00900000,1.03900000,8472701.16100000
1584057600000,1.04000000,1.32800000,0.71000000,1.25800000,9142182.24300000
1584144000000,1.25500000,1.26500000,1.15400000,1.17300000,2524404.95000000
1584230400000,1.17300000,1.28200000,1.16000000,1.20900000,2147005.45700000
1584316800000,1.20900000,1.21100000,0.90400000,1.04700000,6218009.89600000
1584403200000,1.04900000,1.15200000,1.02800000,1.09700000,3166174.23800000
1584489600000,1.09800000,1.11800000,1.01500000,1.11100000,2422996.71500000
1584576000000,1.11100000,1.31500000,1.09500000,1.25600000,3846926.61700000
1584662400000,1.25500000,1.37500000,1.12300000,1.23200000,4129042.42200000
1584748800000,1.23100000,1.28300000,1.17600000,1.23200000,3484320.73500000
1584835200000,1.23100000,1.27800000,1.13300000,1.14700000,2473003.79700000
1584921600000,1.14600000,1.26000000,1.12800000,1.23400000,2307482.52300000
1585008000000,1.23400000,1.29400000,1.21000000,1.27200000,2966379.06100000
1585094400000,1.27200000,1.27800000,1.20400000,1.26100000,1736484.53200000
1585180800000,1.26100000,1.28600000,1.22000000,1.27700000,1424026.62200000
1585267200000,1.27800000,1.29000000,1.20000000,1.20400000,1370070.69100000
1585353600000,1.20300000,1.23000000,1.14800000,1.21300000,1567125.97500000
1585440000000,1.21400000,1.21900000,1.13300000,1.14100000,1030799.15800000
1585526400000,1.14200000,1.22600000,1.13900000,1.19700000,1695119.48900000
1585612800000,1.19900000,1.23700000,1.18500000,1.21000000,1122665.24100000
1585699200000,1.21000000,1.23200000,1.17000000,1.22300000,1322484.41100000
1585785600000,1.22300000,1.31600000,1.21600000,1.26800000,1852939.92200000
1585872000000,1.26700000,1.30100000,1.24100000,1.26800000,1937881.93800000
1585958400000,1.26800000,1.30200000,1.24300000,1.29000000,1388502.19500000
1586044800000,1.29100000,1.29900000,1.24100000,1.25800000,1090706.72400000
1586131200000,1.25800000,1.42000000,1.25700000,1.41600000,2620959.93700000
1586217600000,1.41600000,1.44800000,1.34700000,1.37500000,2536904.41200000
1586304000000,1.37400000,1.50500000,1.36400000,1.50000000,2926019.73000000
1586390400000,1.50100000,1.52300000,1.43000000,1.47600000,1798994.77900000
1586476800000,1.47500000,1.49400000,1.29100000,1.34100000,2986384.01800000
1586563200000,1.34200000,1.38300000,1.31100000,1.34800000,1293198.24900000
1586649600000,1.34900000,1.41900000,1.32200000,1.36000000,1073752.25800000
1586736000000,1.36000000,1.36000000,1.29200000,1.34100000,1913876.80400000
1586822400000,1.34300000,1.36200000,1.31800000,1.33100000,1089647.95000000
1586908800000,1.33100000,1.36200000,1.28900000,1.29500000,1270663.57800000
1586995200000,1.29500000,1.43300000,1.26100000,1.40300000,2520543.70500000
1587081600000,1.40300000,1.41000000,1.37100000,1.38300000,1041728.75300000
1587168000000,1.38100000,1.45100000,1.37900000,1.43700000,1308756.83000000
1587254400000,1.43700000,1.44000000,1.37600000,1.39100000,1123885.11500000
1587340800000,1.39000000,1.42200000,1.29500000,1.31100000,2160133.04000000
1587427200000,1.31000000,1.34000000,1.29700000,1.31500000,1462190.13200000
1587513600000,1.31500000,1.38600000,1.30700000,1.36700000,1161988.82700000
1587600000000,1.36800000,1.43100000,1.33700000,1.38900000,1802336.36700000
1587686400000,1.38900000,1.46400000,1.38900000,1.42600000,1588961.84600000
1587772800000,1.42700000,1.53500000,1.40700000,1.48200000,1897364.02000000
1587859200000,1.48200000,1.56200000,1.47300000,1.53200000,1626484.96100000
1587945600000,1.53200000,1.54700000,1.44900000,1.50500000,1388430.09100000
1588032000000,1.50600000,1.53600000,1.46700000,1.52700000,864096.14300000
1588118400000,1.52500000,1.65600000,1.52300000,1.63300000,2231114.21100000
1588204800000,1.63300000,1.71600000,1.51100000,1.53600000,2860743.03700000
1588291200000,1.53700000,1.64000000,1.53700000,1.58500000,1423745.64600000
1588377600000,1.58500000,1.64900000,1.58200000,1.64200000,921590.04600000
1588464000000,1.64300000,1.66800000,1.55300000,1.58400000,1373424.47700000
1588550400000,1.58900000,1.59400000,1.45600000,1.55800000,2243091.91500000
1588636800000,1.55800000,1.58700000,1.51100000,1.54700000,1733461.14500000
1588723200000,1.54600000,1.59300000,1.48800000,1.50800000,1567600.53900000
1588809600000,1.50500000,1.61800000,1.49200000,1.58800000,2165144.24100000
1588896000000,1.59000000,1.69500000,1.54800000,1.65700000,2110594.28500000
1588982400000,1.65500000,1.71100000,1.58000000,1.59400000,2934095.34700000
1589068800000,1.59400000,1.59500000,1.35900000,1.44200000,4983810.61600000
1589155200000,1.44200000,1.47000000,1.35400000,1.40100000,3421204.08300000
1589241600000,1.40100000,1.48000000,1.39600000,1.46800000,1650057.03100000
1589328000000,1.46600000,1.50500000,1.45500000,1.49000000,976804.16100000
1589414400000,1.49100000,1.54000000,1.45700000,1.53600000,1858254.54500000
1589500800000,1.53700000,1.56700000,1.48200000,1.50100000,1788185.55500000
1589587200000,1.50500000,1.55100000,1.49300000,1.54000000,1375577.79800000
1589673600000,1.54000000,1.58200000,1.53500000,1.54700000,1241389.16300000
1589760000000,1.54700000,1.60600000,1.54300000,1.57900000,1165580.36100000
1589846400000,1.57900000,1.58500000,1.52600000,1.58200000,926338.19400000
1589932800000,1.58300000,1.61900000,1.54700000,1.57600000,1473756.89800000
1590019200000,1.57600000,1.59000000,1.45900000,1.49700000,1499951.89600000
1590105600000,1.49500000,1.81800000,1.48200000,1.76300000,5408538.38700000
1590192000000,1.76300000,1.78500000,1.66100000,1.66800000,2596631.87700000
1590278400000,1.66700000,1.73500000,1.55700000,1.56000000,2558462.26400000
1590364800000,1.56000000,1.66100000,1.55200000,1.65700000,2404254.65000000
1590451200000,1.65700000,1.67400000,1.57700000,1.65800000,2650765.11500000
1590537600000,1.66000000,1.68500000,1.60900000,1.63500000,1527648.37100000
1590624000000,1.63600000,1.69800000,1.61700000,1.68900000,1567640.51700000
1590710400000,1.68800000,1.71800000,1.64900000,1.68700000,1326791.27000000
1590796800000,1.69000000,1.81100000,1.66200000,1.80200000,2234549.54600000
1590883200000,1.80200000,1.84100000,1.72600000,1.74700000,3183530.00000000
1590969600000,1.74800000,1.90800000,1.73600000,1.89000000,3879050.20200000
1591056000000,1.89300000,1.92400000,1.70700000,1.79400000,3387304.50100000
1591142400000,1.79500000,1.83800000,1.75200000,1.82900000,1548148.23500000
1591228800000,1.83200000,1.87800000,1.77000000,1.83800000,1466462.94100000
1591315200000,1.83800000,1.85500000,1.78900000,1.79800000,1542859.15500000
1591401600000,1.79700000,1.85500000,1.77000000,1.84800000,1425862.43600000
1591488000000,1.84800000,1.85700000,1.74300000,1.80700000,1230774.49700000
1591574400000,1.80700000,1.83700000,1.79700000,1.82500000,1101220.67400000
1591660800000,1.82700000,1.83700000,1.79300000,1.80500000,1034356.99700000
1591747200000,1.80500000,1.87900000,1.80100000,1.86300000,1451455.45300000
1591833600000,1.86400000,1.94600000,1.66100000,1.68600000,2922324.45300000
1591920000000,1.68800000,1.78800000,1.66500000,1.74500000,1758942.49200000
1592006400000,1.74600000,1.78300000,1.70700000,1.77800000,1075182.46800000
1592092800000,1.78100000,1.78100000,1.70200000,1.72000000,906631.51800000
1592179200000,1.72200000,1.72200000,1.56200000,1.67400000,2034736.14800000
1592265600000,1.67500000,1.74200000,1.65500000,1.73200000,1143515.98900000
1592352000000,1.73200000,1.73700000,1.66000000,1.71000000,887463.27100000
1592438400000,1.70900000,1.71700000,1.64800000,1.68200000,955445.64500000
1592524800000,1.68100000,1.69200000,1.63800000,1.67600000,882607.19200000
1592611200000,1.67500000,1.68500000,1.63000000,1.68000000,673563.11800000
1592697600000,1.68000000,1.79500000,1.65300000,1.72900000,2000980.01000000
1592784000000,1.72900000,1.84000000,1.72300000,1.83800000,1774780.26900000
1592870400000,1.83900000,1.84800000,1.77300000,1.79600000,1236502.41400000
1592956800000,1.79600000,1.83900000,1.69200000,1.73600000,2037499.19500000
1593043200000,1.73300000,1.73700000,1.65900000,1.71800000,1230820.15900000
1593129600000,1.71700000,1.73600000,1.65500000,1.67800000,1268782.20100000
1593216000000,1.67700000,1.71800000,1.48200000,1.57700000,1961139.63800000
1593302400000,1.57700000,1.65200000,1.54100000,1.61500000,1295504.39200000
1593388800000,1.61500000,1.69000000,1.59300000,1.67100000,2032501.14000000
1593475200000,1.67100000,1.68000000,1.62400000,1.64300000,1156756.04800000
1593561600000,1.64200000,1.68300000,1.61300000,1.65700000,1503721.86100000
1593648000000,1.65600000,1.69200000,1.59800000,1.64700000,3159975.80900000
1593734400000,1.64900000,1.67700000,1.62500000,1.63600000,1895269.79000000
1593820800000,1.63500000,1.69600000,1.63100000,1.69500000,1587983.01600000
1593907200000,1.69500000,1.78500000,1.65100000,1.77400000,1887432.18000000
1593993600000,1.77400000,1.83200000,1.74800000,1.82100000,2065285.36900000
1594080000000,1.82300000,1.83300000,1.74600000,1.80700000,1636528.56200000
1594166400000,1.80700000,2.10300000,1.78400000,2.01900000,6000596.20400000
1594252800000,2.01700000,2.31000000,1.93400000,2.13000000,7131590.10900000
1594339200000,2.12900000,2.13800000,1.95300000,2.03700000,4147812.02100000
1594425600000,2.03700000,2.09600000,2.00100000,2.07900000,3793609.20600000
1594512000000,2.07900000,2.10900000,1.96200000,2.04500000,3560148.18100000
1594598400000,2.04500000,2.26500000,2.03100000,2.21100000,6053568.13200000
1594684800000,2.21100000,2.39200000,2.11500000,2.34600000,7084515.72200000
1594771200000,2.34700000,2.47700000,2.27700000,2.29300000,5539324.73600000
1594857600000,2.29300000,2.34100000,2.11100000,2.30300000,6575385.83500000
1594944000000,2.30400000,2.41800000,2.27100000,2.39200000,5520421.17700000
1595030400000,2.39100000,2.41600000,2.30900000,2.36400000,3701716.70500000
1595116800000,2.36300000,2.38400000,2.29100000,2.34400000,2739732.74100000
1595203200000,2.34400000,2.34600000,2.20600000,2.21500000,2709799.13200000
1595289600000,2.21500000,2.35900000,2.17100000,2.35100000,3440854.01300000
1595376000000,2.35000000,2.40800000,2.27600000,2.37600000,2758620.69300000
1595462400000,2.37500000,2.39700000,2.33100000,2.35700000,2369844.35800000
1595548800000,2.35800000,2.35800000,2.28500000,2.28700000,2063215.53400000
1595635200000,2.28700000,2.43200000,2.28600000,2.40900000,2865773.61100000
1595721600000,2.41000000,2.48200000,2.29600000,2.35700000,4090893.24200000
1595808000000,2.35800000,2.37000000,2.20200000,2.32000000,6140261.92500000
1595894400000,2.32200000,2.39500000,2.25200000,2.37400000,3940504.15100000
1595980800000,2.37400000,2.45000000,2.33900000,2.35100000,3046515.42800000
1596067200000,2.35100000,2.40800000,2.31500000,2.37300000,2206222.61300000
1596153600000,2.37300000,2.43800000,2.34500000,2.42000000,1677112.40600000
1596240000000,2.41900000,2.66200000,2.39700000,2.65000000,3463876.28100000
1596326400000,2.65100000,2.72100000,2.26400000,2.40300000,7074988.90900000
1596412800000,2.40300000,2.69700000,2.37300000,2.62100000,4576505.42000000
1596499200000,2.62000000,2.91400000,2.61800000,2.84800000,5534997.19000000
1596585600000,2.84800000,2.89000000,2.73100000,2.77300000,3127882.62200000
1596672000000,2.77300000,2.82900000,2.66600000,2.76200000,3564339.08000000
1596758400000,2.76200000,2.78600000,2.53300000,2.64200000,3349870.43600000
1596844800000,2.64200000,2.76100000,2.60800000,2.75600000,1858112.50800000
1596931200000,2.75600000,2.78200000,2.63300000,2.71700000,2369345.91400000
1597017600000,2.71900000,2.99800000,2.69200000,2.92600000,5393163.37900000
1597104000000,2.92700000,2.97400000,2.60100000,2.72200000,4820351.00300000
1597190400000,2.72600000,2.81500000,2.58200000,2.79900000,3736269.39800000
1597276800000,2.79800000,2.88000000,2.63000000,2.86000000,4803312.29200000
1597363200000,2.85800000,3.17100000,2.78200000,3.10000000,10572326.75900000
1597449600000,3.09900000,3.22100000,3.02300000,3.09500000,4577950.34000000
1597536000000,3.09600000,3.44100000,2.90200000,3.33600000,5081750.00400000
1597622400000,3.33700000,3.57300000,3.26000000,3.41800000,6523909.49500000
1597708800000,3.41800000,3.60000000,3.19300000,3.29300000,6320452.90400000
1597795200000,3.29200000,3.50000000,3.02100000,3.29600000,9450374.28000000
1597881600000,3.29700000,4.16300000,3.28300000,4.07800000,15860796.50500000
1597968000000,4.08000000,5.46700000,3.73500000,3.76900000,42678728.15700000
1598054400000,3.76900000,4.32500000,3.43300000,4.16200000,12767643.93300000
1598140800000,4.16200000,4.31600000,3.82400000,3.98800000,7772709.33100000
1598227200000,3.98500000,4.17100000,3.75900000,3.81800000,7110813.73700000
1598313600000,3.82000000,3.87400000,3.33700000,3.48200000,12274513.53700000
1598400000000,3.48400000,3.99800000,3.43100000,3.78400000,10276926.69900000
1598486400000,3.78200000,3.87300000,3.20800000,3.37000000,9638138.86700000
1598572800000,3.37000000,3.47000000,3.28800000,3.34200000,3934286.05900000
1598659200000,3.34000000,3.53300000,3.22100000,3.43100000,5128641.34200000
1598745600000,3.42900000,3.67100000,3.38600000,3.44900000,5314162.03700000
1598832000000,3.44800000,3.53300000,3.33900000,3.35900000,3678292.51500000
1598918400000,3.35900000,3.59800000,3.29400000,3.51800000,6906910.51300000
1599004800000,3.51500000,3.77700000,3.07600000,3.23800000,9532552.75300000
1599091200000,3.23900000,3.29700000,2.16000000,2.38800000,11186103.03500000
1599177600000,2.38800000,2.67000000,2.25500000,2.57800000,13847066.37900000
1599264000000,2.58100000,2.65900000,2.22700000,2.34400000,8278976.87000000
1599350400000,2.34300000,2.47100000,2.19200000,2.42200000,5154264.99800000
1599436800000,2.42200000,2.53000000,2.23500000,2.41000000,5067508.87700000
1599523200000,2.41100000,2.50500000,2.25100000,2.35900000,5250428.12500000
1599609600000,2.35600000,2.52900000,2.28000000,2.43900000,4459173.24500000
1599696000000,2.43700000,2.65100000,2.43500000,2.62200000,5032941.20200000
1599782400000,2.62200000,2.82500000,2.50200000,2.81600000,5680277.66500000
1599868800000,2.81400000,2.93700000,2.73200000,2.85400000,6301949.10800000
1599955200000,2.85400000,2.88000000,2.54600000,2.64800000,4210138.79600000
1600041600000,2.65000000,2.74100000,2.55400000,2.63900000,3691273.69600000
1600128000000,2.63900000,2.68600000,2.42500000,2.46600000,3434982.56600000
1600214400000,2.46500000,2.59900000,2.36000000,2.44800000,4114496.19100000
1600300800000,2.44900000,2.61800000,2.41200000,2.56600000,3942603.40600000
1600387200000,2.56600000,2.92900000,2.51900000,2.80400000,9247965.34000000
1600473600000,2.80400000,2.80400000,2.60100000,2.63100000,5764342.32500000
1600560000000,2.63100000,2.65400000,2.43400000,2.52000000,3919816.66300000
1600646400000,2.51900000,2.62100000,2.19500000,2.26300000,8749098.30000000
1600732800000,2.26400000,2.34300000,2.17500000,2.34100000,4608695.71200000
1600819200000,2.34200000,2.36900000,2.16400000,2.17600000,3572478.56800000
1600905600000,2.17700000,2.34800000,2.13900000,2.31900000,3473393.21800000
1600992000000,2.31900000,2.41200000,2.23000000,2.36000000,3064227.39100000
1601078400000,2.36000000,2.42000000,2.32100000,2.39900000,2489662.05500000
1601164800000,2.39900000,2.45200000,2.30700000,2.37000000,2299004.02400000
1601251200000,2.37200000,2.58900000,2.37000000,2.42500000,3600478.71500000
1601337600000,2.42400000,2.48600000,2.34400000,2.43300000,2695097.82300000
1601424000000,2.43500000,2.46800000,2.36800000,2.43500000,2192838.07100000
1601510400000,2.43600000,2.52700000,2.31500000,2.36500000,2823855.61000000
1601596800000,2.36500000,2.39700000,2.18200000,2.28800000,2487721.16900000
1601683200000,2.28700000,2.34500000,2.27000000,2.29700000,1115806.27400000
1601769600000,2.29700000,2.31900000,2.24200000,2.30600000,1301964.21300000
1601856000000,2.30500000,2.32600000,2.24700000,2.30200000,1522661.92700000
1601942400000,2.30400000,2.31000000,2.15200000,2.17200000,3060626.02000000
1602028800000,2.17200000,2.20800000,2.08000000,2.19200000,2967041.15000000
1602115200000,2.19100000,2.28200000,2.11900000,2.25100000,2848590.13800000
1602201600000,2.25100000,2.34800000,2.20500000,2.33000000,2676901.24200000
1602288000000,2.33000000,2.39300000,2.27500000,2.30000000,3334456.38700000
1602374400000,2.29800000,2.39100000,2.28600000,2.35400000,2457451.41500000
1602460800000,2.35400000,2.41200000,2.28900000,2.34500000,3075840.17400000
1602547200000,2.34300000,2.41100000,2.29200000,2.33000000,2693763.01100000
1602633600000,2.33200000,2.36800000,2.23700000,2.25400000,2669835.52400000
1602720000000,2.25400000,2.25700000,2.17600000,2.23000000,2315497.13400000
1602806400000,2.23000000,2.24400000,2.10700000,2.16600000,2540179.59600000
1602892800000,2.16700000,2.21200000,2.14100000,2.17900000,1331041.68100000
1602979200000,2.17900000,2.22400000,2.17600000,2.21600000,1153744.61800000
1603065600000,2.21500000,2.23200000,2.16300000,2.21200000,1796086.18400000
1603152000000,2.21200000,2.21500000,2.12600000,2.14600000,1775359.44100000
1603238400000,2.14500000,2.31600000,2.13700000,2.28300000,2967079.59300000
1603324800000,2.28300000,2.39400000,2.28300000,2.34100000,2682540.79700000
1603411200000,2.34000000,2.34100000,2.23100000,2.29100000,2157846.48000000
1603497600000,2.29100000,2.33300000,2.27400000,2.31200000,1277077.57500000
1603584000000,2.31100000,2.31200000,2.20700000,2.22900000,1481535.25800000
1603670400000,2.22700000,2.26600000,2.13500000,2.17400000,2575919.31300000
1603756800000,2.17300000,2.21500000,2.16000000,2.19400000,2439748.21700000
1603843200000,2.19500000,2.21800000,2.05100000,2.07900000,2835286.37400000
1603929600000,2.07900000,2.11200000,2.00800000,2.03300000,1693565.58800000
1604016000000,2.03300000,2.06100000,1.87700000,1.94600000,3065345.95600000
1604102400000,1.94600000,1.99800000,1.93500000,1.96400000,1448273.80600000
1604188800000,1.96400000,2.01300000,1.94000000,2.00800000,959336.14100000
1604275200000,2.00900000,2.05600000,1.91600000,1.92400000,1770601.06800000
1604361600000,1.92300000,1.92700000,1.80400000,1.86800000,1868673.23900000
1604448000000,1.86900000,1.87100000,1.75000000,1.83300000,1683970.12200000
1604534400000,1.83300000,1.94300000,1.81300000,1.93100000,2268720.19200000
1604620800000,1.93000000,2.08300000,1.92400000,2.07100000,2681927.56300000
1604707200000,2.07300000,2.18700000,1.92300000,1.94900000,4419204.40200000
1604793600000,1.94800000,2.05200000,1.92800000,2.02700000,1816948.18400000
1604880000000,2.02500000,2.04600000,1.93200000,1.98900000,1828107.08400000
1604966400000,1.99000000,2.03300000,1.95000000,2.00600000,2272156.27700000
1605052800000,2.00700000,2.14300000,2.00500000,2.05400000,2234912.11200000
1605139200000,2.05300000,2.12900000,2.00800000,2.03000000,2780016.93100000
1605225600000,2.03100000,2.09700000,1.99700000,2.09400000,1887037.22600000
1605312000000,2.09400000,2.10700000,2.00900000,2.04000000,1544390.15600000
1605398400000,2.04100000,2.07700000,1.93500000,1.97800000,1638845.77300000
1605484800000,1.97700000,2.08900000,1.96500000,2.07300000,1650007.21000000
1605571200000,2.07500000,2.21300000,2.07300000,2.20600000,3400450.96900000
1605657600000,2.20600000,2.24100000,2.07200000,2.15000000,3527237.62500000
1605744000000,2.15100000,2.31800000,2.08000000,2.25000000,3562257.40300000
1605830400000,2.25200000,2.44100000,2.25000000,2.36200000,3750025.50700000
1605916800000,2.36200000,2.71300000,2.35300000,2.69500000,6137450.27400000
1606003200000,2.69600000,2.73900000,2.38400000,2.55700000,5587635.30700000
1606089600000,2.55700000,2.80000000,2.49500000,2.79400000,5702794.00100000
1606176000000,2.79400000,3.18500000,2.72300000,3.07900000,10256605.08600000
1606262400000,3.08000000,3.28300000,2.80100000,2.92400000,7276205.34700000
1606348800000,2.92200000,3.00900000,2.29500000,2.52200000,9506679.00200000
1606435200000,2.52500000,2.62300000,2.38300000,2.60200000,3373006.23200000
1606521600000,2.60500000,2.75600000,2.51900000,2.69000000,2843396.37400000
1606608000000,2.68900000,2.84300000,2.59300000,2.73400000,2321047.22700000
1606694400000,2.73400000,3.06600000,2.73300000,2.93200000,4109360.47600000
1606780800000,2.92900000,3.02200000,2.67400000,2.71800000,3500254.73000000
1606867200000,2.71800000,2.83900000,2.68000000,2.78700000,1550039.02300000
1606953600000,2.78400000,2.98600000,2.78100000,2.87700000,2963576.15000000
1607040000000,2.87700000,2.90200000,2.54300000,2.59100000,2800367.53300000
1607126400000,2.59000000,2.73900000,2.55900000,2.71800000,956536.27100000
1607212800000,2.71700000,2.75600000,2.58300000,2.65300000,1173466.73100000
1607299200000,2.65300000,2.69200000,2.56400000,2.61200000,868520.33800000
1607385600000,2.61200000,2.61700000,2.37600000,2.41000000,1359890.11500000
1607472000000,2.41000000,2.50600000,2.29000000,2.49100000,1754405.38800000
1607558400000,2.49100000,2.51000000,2.35900000,2.43000000,791009.64600000
1607644800000,2.43000000,2.43900000,2.31500000,2.33700000,850332.73100000
1607731200000,2.33800000,2.48100000,2.33000000,2.46900000,805193.34100000
1607817600000,2.46700000,2.61200000,2.45400000,2.55700000,1033525.59700000
1607904000000,2.55800000,2.55800000,2.46400000,2.52100000,643652.06600000
1607990400000,2.52100000,2.65600000,2.45200000,2.58600000,1866204.57800000
1608076800000,2.58700000,2.77400000,2.51900000,2.76600000,1581180.99100000
1608163200000,2.76300000,2.84400000,2.64800000,2.68800000,2940554.78500000
1608249600000,2.68800000,2.78600000,2.62800000,2.74000000,1197280.65900000
1608336000000,2.74000000,2.94000000,2.72500000,2.81100000,2077145.01500000
1608422400000,2.81100000,2.91900000,2.72000000,2.80200000,1843553.83300000
1608508800000,2.80000000,2.86600000,2.55000000,2.59200000,2225641.65600000
1608595200000,2.59200000,2.62600000,2.42600000,2.57400000,1773243.01800000
1608681600000,2.57300000,2.59100000,1.86400000,2.09600000,3736758.58600000
1608768000000,2.09400000,2.32200000,2.01800000,2.31200000,3335098.65000000
1608854400000,2.31100000,2.40400000,2.22400000,2.28800000,2423032.31700000
1608940800000,2.29000000,2.30700000,2.16200000,2.26000000,1698160.80500000
1609027200000,2.26300000,2.40200000,2.14300000,2.27500000,3204945.38600000
1609113600000,2.27700000,2.44100000,2.25800000,2.38400000,2751944.03700000
1609200000000,2.38300000,2.43800000,2.13000000,2.27100000,3093741.92600000
1609286400000,2.27400000,2.29500000,2.17400000,2.21500000,1275552.50200000
1609372800000,2.21500000,2.25800000,2.14200000,2.22200000,1056454.17100000
1609459200000,2.22200000,2.37000000,2.19600000,2.26800000,1871044.70700000
1609545600000,2.26900000,2.29100000,2.18700000,2.24900000,2480219.32100000
1609632000000,2.24900000,2.49900000,2.20000000,2.46600000,3646678.16700000
1609718400000,2.46500000,2.70300000,2.25400000,2.51500000,6643783.74600000
1609804800000,2.51500000,2.65300000,2.38900000,2.61200000,5401551.43600000
1609891200000,2.61300000,3.04500000,2.53500000,3.01300000,6488691.91300000
1609977600000,3.01500000,3.17700000,2.75000000,2.89400000,6585258.87700000
1610064000000,2.89400000,2.98000000,2.63000000,2.86100000,4828215.75300000
1610150400000,2.86100000,3.31400000,2.77300000,3.22800000,6315252.14200000
1610236800000,3.23200000,3.72000000,2.87600000,3.38300000,10191786.72000000
1610323200000,3.38100000,3.48100000,2.55100000,2.89800000,8439197.01900000
1610409600000,2.89900000,2.96700000,2.65800000,2.75000000,3942980.44600000
1610496000000,2.75000000,3.01000000,2.67300000,2.94800000,3551906.04200000
1610582400000,2.94900000,3.12000000,2.81400000,3.02100000,4506701.74600000
1610668800000,3.01800000,3.21900000,2.72000000,2.94100000,6214882.31600000
1610755200000,2.94300000,3.25000000,2.90000000,3.05600000,6036377.92600000
1610841600000,3.05100000,3.28100000,2.85300000,3.18800000,5786627.20500000
1610928000000,3.18500000,3.37300000,3.04500000,3.30100000,6621233.40400000
1611014400000,3.29700000,3.42700000,3.12900000,3.16100000,5660448.30000000
1611100800000,3.15700000,3.29600000,2.96500000,3.23800000,5546833.81200000
1611187200000,3.23700000,3.26000000,2.67700000,2.73600000,4464493.44800000
1611273600000,2.73500000,3.05400000,2.56000000,2.91800000,4503953.66300000
1611360000000,2.91800000,3.99700000,2.88000000,3.93800000,19135082.35400000
1611446400000,3.93700000,4.18500000,3.42600000,3.54500000,13734466.56000000
1611532800000,3.54400000,3.67400000,3.25700000,3.28400000,6101649.54600000
1611619200000,3.28400000,3.48600000,3.18600000,3.43400000,5201546.48600000
1611705600000,3.43500000,3.45700000,3.00000000,3.11200000,5919791.23400000
1611792000000,3.10900000,3.39300000,3.02100000,3.27100000,4876480.10400000
1611878400000,3.27100000,3.66800000,3.23000000,3.30700000,7154764.79800000
1611964800000,3.30600000,3.36000000,3.11900000,3.29700000,4094333.97800000
1612051200000,3.29600000,3.54600000,3.17400000,3.28300000,5432597.69900000
1612137600000,3.28000000,3.52900000,3.17200000,3.47100000,6443019.21100000
1612224000000,3.46900000,3.61200000,3.35000000,3.54300000,4596385.80300000
1612310400000,3.54400000,3.76700000,3.44500000,3.68300000,5229650.28000000
1612396800000,3.68400000,3.73800000,3.32700000,3.50600000,5201739.83800000
1612483200000,3.50600000,4.00000000,3.48300000,3.85700000,6510264.53000000
1612569600000,3.85400000,4.60000000,3.64500000,4.43200000,13160142.93200000
1612656000000,4.43600000,4.45000000,3.93600000,4.24600000,8655832.17800000
1612742400000,4.24600000,4.81400000,4.02000000,4.73100000,10154562.76200000
1612828800000,4.73600000,5.24700000,4.51800000,5.01500000,7655641.71500000
1612915200000,5.01700000,7.77000000,4.98400000,7.51400000,42672218.05600000
1613001600000,7.52200000,8.85000000,7.18400000,7.41100000,22059610.83600000
1613088000000,7.40800000,8.23800000,6.84100000,7.34500000,23219109.02700000
1613174400000,7.34300000,7.78400000,6.93400000,7.71800000,8545553.07600000
1613260800000,7.71800000,7.79000000,6.76000000,6.98600000,6908698.39300000
1613347200000,6.99300000,7.13000000,5.40000000,6.41200000,7677049.54200000
1613433600000,6.41900000,6.80900000,6.10200000,6.42600000,4647284.60600000
1613520000000,6.42400000,6.77000000,5.97100000,6.63900000,5148078.27300000
1613606400000,6.63800000,7.31000000,6.63300000,7.13300000,5817830.81700000
1613692800000,7.14200000,7.51200000,6.73700000,7.26200000,5446090.61000000
1613779200000,7.26700000,7.39100000,6.35000000,6.69300000,4973379.51300000
1613865600000,6.69800000,7.33000000,6.50600000,7.11800000,5427144.78000000
1613952000000,7.11900000,7.14500000,5.36100000,6.38900000,7391385.72100000
1614038400000,6.39000000,6.43800000,4.24700000,5.14800000,10797534.91300000
1614124800000,5.14400000,5.61300000,4.87200000,5.30300000,5597323.78000000
1614211200000,5.30300000,5.80900000,5.06800000,5.12800000,4770529.54600000
1614297600000,5.12200000,5.35900000,4.69800000,5.18400000,4611371.16800000
1614384000000,5.19400000,5.76300000,5.12300000,5.26700000,3965915.55800000
1614470400000,5.26800000,5.36900000,4.51600000,4.85500000,3642523.57200000
1614556800000,4.85300000,5.28000000,4.82400000,5.27000000,2950187.12000000
1614643200000,5.27000000,5.38600000,4.94400000,5.19300000,3502754.15200000
1614729600000,5.19000000,5.52900000,5.12900000,5.34000000,3241039.53000000
1614816000000,5.34500000,5.91700000,5.19400000,5.68500000,6709024.08100000
1614902400000,5.68100000,6.64200000,5.25200000,6.58800000,9163073.64000000
1614988800000,6.58200000,6.66900000,5.91000000,6.31500000,5613035.85700000
1615075200000,6.32600000,6.55300000,6.10100000,6.35000000,3696795.29400000
1615161600000,6.34600000,6.40000000,6.00000000,6.31400000,2704756.09300000
1615248000000,6.31100000,6.62500000,6.18500000,6.55800000,4162255.19100000
1615334400000,6.55700000,6.58000000,6.03500000,6.23000000,4698937.17500000
1615420800000,6.23800000,6.28000000,5.85400000,6.14200000,3557217.73500000
1615507200000,6.14100000,6.17100000,5.68600000,5.83700000,3026885.72900000
1615593600000,5.84100000,6.21400000,5.57800000,6.12200000,3476882.46700000
1615680000000,6.12300000,6.31300000,5.78500000,5.83200000,2340152.90900000
1615766400000,5.82600000,6.20900000,5.46700000,5.95000000,6560846.25200000
1615852800000,5.95100000,6.43900000,5.63600000,6.36800000,5207820.84400000
1615939200000,6.37300000,6.44400000,5.87500000,6.20800000,3638767.13300000
1616025600000,6.21100000,6.70000000,6.07500000,6.37200000,4918806.08400000
1616112000000,6.37300000,7.58900000,6.14300000,7.00500000,7870732.37000000
1616198400000,7.00800000,7.37300000,6.60000000,6.66500000,3906979.21000000
1616284800000,6.65700000,6.81000000,6.38200000,6.59600000,3106767.26600000
1616371200000,6.58800000,7.10000000,6.43300000,6.53800000,4969815.81600000
1616457600000,6.54300000,7.10200000,6.30600000,6.99900000,4217601.49100000
1616544000000,7.00200000,8.57500000,6.70000000,7.22600000,13671228.46700000
1616630400000,7.22600000,8.79000000,6.70600000,8.22500000,20800330.41300000
1616716800000,8.22300000,9.52800000,8.16500000,8.63500000,16056361.42700000
1616803200000,8.63500000,9.19100000,8.18600000,8.53500000,7577594.18100000
1616889600000,8.53700000,8.60100000,7.90700000,8.20700000,4291935.96400000
1616976000000,8.20800000,8.87900000,7.94500000,8.75300000,4770977.64600000
1617062400000,8.75400000,9.23100000,8.64200000,8.76000000,5136537.64900000
1617148800000,8.76100000,9.62300000,8.10700000,9.38900000,6852457.12500000
1617235200000,9.39300000,10.94800000,9.39300000,10.03200000,12330289.27500000
1617321600000,10.03200000,10.51900000,9.75500000,10.17800000,4195278.53800000
1617408000000,10.17100000,11.45800000,9.71300000,9.74900000,5984713.87800000
1617494400000,9.73800000,11.07000000,9.55700000,10.77000000,4861986.26000000
1617580800000,10.76900000,12.14900000,10.65400000,11.83800000,6354676.76500000
1617667200000,11.82500000,15.35000000,11.75400000,15.25200000,15144440.21800000
1617753600000,15.25200000,17.98000000,13.62500000,15.69500000,26091599.79300000
1617840000000,15.69200000,16.92800000,14.33200000,16.80900000,8442948.96700000
1617926400000,16.78800000,16.82800000,15.07000000,15.74500000,5060428.25600000
1618012800000,15.75000000,16.53000000,14.90100000,15.90700000,5478337.10000000
1618099200000,15.90700000,15.94900000,14.57500000,14.94000000,3454350.88100000
1618185600000,14.94500000,16.27000000,14.36000000,14.51000000,4023029.69400000
1618272000000,14.51100000,15.62000000,14.17000000,15.05200000,4268551.25000000
1618358400000,15.05900000,16.90700000,14.65600000,15.89500000,5800752.06100000
1618444800000,15.88300000,18.02100000,15.10000000,17.62000000,4002554.30200000
1618531200000,17.62100000,19.13200000,15.61300000,18.34800000,9321673.66400000
1618617600000,18.34900000,19.60000000,17.00000000,17.24600000,5098480.02100000
1618704000000,17.24600000,18.65200000,11.80000000,18.38000000,11133035.42400000
1618790400000,18.35300000,21.04500000,17.43700000,18.29900000,15416616.37000000
1618876800000,18.30000000,18.69700000,16.20000000,17.49600000,7424156.42400000
1618963200000,17.49400000,17.51400000,15.64200000,15.78700000,4440535.47300000
1619049600000,15.79400000,16.34200000,13.30000000,13.36100000,7099874.20500000
1619136000000,13.36100000,13.67000000,10.01000000,13.05200000,10859732.15500000
1619222400000,13.04500000,13.30000000,11.47900000,11.66800000,5271950.57400000
1619308800000,11.66200000,13.16500000,11.01200000,11.93800000,4373940.81100000
1619395200000,11.95700000,14.05700000,11.68800000,14.02500000,5248147.84600000
1619481600000,14.02500000,15.25500000,13.79900000,14.91300000,4909952.71100000
1619568000000,14.91800000,15.54700000,13.31300000,14.34700000,4634341.82900000
1619654400000,14.36500000,14.72000000,13.60100000,14.21000000,3229912.95700000
1619740800000,14.22900000,15.17500000,13.89300000,15.02100000,2904718.21500000
1619827200000,15.01100000,15.60000000,14.37300000,15.12600000,2602607.37200000
1619913600000,15.13000000,16.20600000,14.68400000,15.23700000,4633753.65500000
1620000000000,15.23700000,16.24000000,15.17300000,15.75400000,3350342.35600000
1620086400000,15.76400000,15.77000000,13.50000000,13.79300000,4299944.09000000
1620172800000,13.81600000,17.81400000,13.60400000,17.76800000,5303438.57100000
1620259200000,17.77600000,26.20000000,17.27800000,24.77600000,23637384.73000000
1620345600000,24.77600000,35.68500000,23.15000000,26.73200000,37192051.31400000
1620432000000,26.73300000,26.97900000,23.40000000,25.67300000,9034692.32700000
1620518400000,25.68000000,30.59900000,24.81100000,27.36500000,13364365.16100000
1620604800000,27.39000000,28.29100000,21.50000000,23.53400000,5859419.22300000
1620691200000,23.51800000,26.65200000,21.78000000,26.51000000,6350721.10800000
1620777600000,26.51500000,26.85400000,19.25700000,20.00800000,4900712.30400000
1620864000000,19.96100000,21.77100000,18.41500000,20.78200000,6189857.99600000
1620950400000,20.79000000,22.81900000,20.00200000,21.94400000,4123049.02100000
1621036800000,21.95600000,22.21300000,19.56600000,19.93800000,3407021.28800000
1621123200000,19.95300000,21.85100000,18.16500000,19.31500000,3798802.56800000
1621209600000,19.30800000,19.34600000,16.22200000,17.42000000,5610100.08000000
1621296000000,17.41800000,18.66900000,16.88400000,18.05300000,3643770.38100000
1621382400000,18.07900000,18.14600000,7.27000000,10.86100000,12271114.24600000
1621468800000,10.88200000,13.76100000,9.60000000,13.62100000,7882868.35600000
1621555200000,13.59200000,14.07000000,9.64800000,11.10400000,8240288.93500000
1621641600000,11.10600000,11.15100000,9.17200000,9.69800000,4596778.73400000
1621728000000,9.70000000,10.76000000,6.37500000,8.10900000,8829028.48300000
1621814400000,8.12500000,11.42900000,7.60400000,11.28200000,7334928.23400000
1621900800000,11.29100000,12.90000000,10.61000000,11.60400000,10085664.71500000
1621987200000,11.60200000,12.83900000,11.28200000,12.60500000,4179955.39100000
1622073600000,12.60000000,14.94100000,12.14700000,14.61400000,8501081.32700000
1622160000000,14.61900000,14.61900000,11.28300000,12.11600000,6775382.02700000
1622246400000,12.13300000,12.92800000,10.47800000,11.25400000,3782577.26200000
1622332800000,11.25700000,11.90000000,10.25500000,11.41200000,3481353.05600000
1622419200000,11.41100000,12.44700000,10.77600000,12.40200000,3202699.75600000
1622505600000,12.40100000,12.62200000,11.31800000,11.87000000,2737857.11600000
1622592000000,11.87200000,12.40000000,11.37300000,12.09600000,2692810.21700000
1622678400000,12.09000000,12.76600000,11.86500000,12.41000000,2929433.34100000
1622764800000,12.41700000,12.60000000,10.75200000,11.29600000,2703730.04300000
1622851200000,11.27400000,11.75000000,10.53100000,10.92700000,1797405.16500000
1622937600000,10.91300000,11.20000000,10.70700000,11.07000000,997464.68500000
1623024000000,11.06100000,11.26900000,9.55100000,9.70100000,1846426.46700000
1623110400000,9.69300000,9.90300000,8.36600000,9.37600000,3410692.85100000
1623196800000,9.36200000,9.95000000,8.76800000,9.93400000,1969769.77000000
1623283200000,9.93900000,10.67700000,9.37400000,9.73000000,2867000.44400000
1623369600000,9.71500000,9.83300000,8.91000000,9.06000000,1504634.21500000
1623456000000,9.06000000,9.06200000,8.24600000,8.57800000,1377259.13300000
1623542400000,8.59600000,9.28200000,8.32900000,9.24300000,1342968.25100000
1623628800000,9.25400000,9.49700000,8.86000000,9.42800000,1418969.64200000
1623715200000,9.42300000,9.60500000,9.06700000,9.25700000,1280666.52600000
1623801600000,9.25700000,9.26000000,8.60900000,8.69400000,1205617.96600000
1623888000000,8.68900000,9.04900000,8.44200000,8.63200000,1065575.97700000
1623974400000,8.63300000,8.63300000,7.74700000,8.02000000,1496803.61600000
1624060800000,8.03100000,8.09500000,7.65300000,7.67200000,1004336.73000000
1624147200000,7.67200000,7.68900000,6.90100000,7.54500000,1625411.57600000
1624233600000,7.55300000,7.61000000,5.39300000,5.47800000,4659377.97800000
1624320000000,5.47700000,5.88800000,4.43900000,4.99700000,7402858.99200000
1624406400000,4.99900000,6.07600000,4.76300000,5.89800000,3639235.83700000
1624492800000,5.90100000,6.25000000,5.51900000,6.17500000,2551257.47700000
1624579200000,6.17800000,6.51000000,5.41400000,5.51200000,3188607.69600000
1624665600000,5.51100000,5.86600000,5.24200000,5.82200000,2786602.57600000
1624752000000,5.82000000,6.26600000,5.69700000,6.16000000,2655836.17800000
1624838400000,6.16100000,6.45400000,5.99200000,6.32300000,1816354.43100000
1624924800000,6.32600000,7.67800000,6.29000000,7.56600000,3779318.79700000
1625011200000,7.56200000,7.95500000,6.80500000,7.68000000,5610226.78700000
1625097600000,7.68000000,7.68000000,6.82800000,7.06200000,2398170.71900000
1625184000000,7.06200000,7.26800000,6.65000000,7.06000000,1585247.97400000
1625270400000,7.06600000,7.44000000,6.93700000,7.25100000,1250738.29500000
1625356800000,7.24100000,7.70500000,7.04600000,7.39500000,1445567.64100000
1625443200000,7.39400000,7.39400000,6.79800000,6.95200000,1724946.01500000
1625529600000,6.95000000,7.38100000,6.94600000,7.16700000,1613170.79700000
1625616000000,7.16500000,7.35700000,7.01900000,7.08600000,1636455.49000000
1625702400000,7.08000000,7.10200000,6.37800000,6.49500000,1888970.77300000
1625788800000,6.49200000,6.96600000,6.09100000,6.77600000,1752449.03000000
1625875200000,6.77700000,6.91300000,6.43900000,6.63900000,842541.38300000
1625961600000,6.64000000,6.80700000,6.44200000,6.70000000,933641.14400000
1626048000000,6.70300000,6.91700000,6.41600000,6.54800000,1187281.72400000
1626134400000,6.54500000,6.59500000,6.15100000,6.21200000,838628.29000000
1626220800000,6.21300000,6.33300000,5.80600000,6.20000000,1134626.71800000
1626307200000,6.19900000,6.33000000,5.78600000,5.92000000,1154369.08700000
1626393600000,5.92700000,6.06700000,5.51100000,5.52800000,1390337.41300000
1626480000000,5.53400000,5.70400000,5.41500000,5.56500000,955288.26400000
1626566400000,5.56800000,5.85900000,5.52400000,5.67000000,988544.46900000
1626652800000,5.66700000,5.72400000,5.25100000,5.31400000,983196.73000000
1626739200000,5.32400000,5.43700000,4.82100000,4.97700000,1536147.83700000
1626825600000,4.97700000,5.54700000,4.83100000,5.38800000,1613489.72200000
1626912000000,5.39500000,5.67200000,5.27600000,5.60000000,1036045.86200000
1626998400000,5.60100000,5.98800000,5.45100000,5.87000000,1423657.86400000
1627084800000,5.87000000,6.37300000,5.81200000,6.08800000,1916692.79800000
1627171200000,6.09700000,6.21800000,5.85100000,6.21300000,1293977.23300000
1627257600000,6.21300000,7.05200000,6.16800000,6.31200000,3198979.86400000
1627344000000,6.30800000,6.59600000,6.02700000,6.51400000,1710897.25700000
1627430400000,6.50300000,6.70700000,6.37000000,6.63800000,1336828.46000000
1627516800000,6.63800000,6.81900000,6.43400000,6.76600000,940506.67300000
1627603200000,6.77300000,7.35600000,6.41300000,7.22800000,1971252.42100000
1627689600000,7.22200000,8.50000000,7.06300000,7.98600000,7196310.65900000
1627776000000,7.98300000,8.03400000,7.19900000,7.33200000,2838544.84300000
1627862400000,7.33500000,8.28200000,7.16100000,7.98600000,5318406.27700000
1627948800000,7.98500000,8.07900000,7.40400000,7.77900000,2564498.33900000
1628035200000,7.77400000,8.05500000,7.44300000,7.99300000,1949525.57000000
1628121600000,7.99700000,8.28300000,7.55700000,8.13300000,2569561.68300000
1628208000000,8.13500000,8.95800000,7.94800000,8.75200000,4675161.32400000
1628294400000,8.74800000,11.50000000,8.53800000,10.89000000,16621988.52900000
1628380800000,10.89600000,11.65000000,10.00000000,10.24700000,5415595.16100000
1628467200000,10.22800000,11.63500000,10.22800000,10.75500000,5265114.87500000
1628553600000,10.75900000,10.82400000,10.25200000,10.68900000,2515893.11300000
1628640000000,10.68900000,11.54000000,10.52400000,10.79500000,3707093.65700000
1628726400000,10.79100000,11.47100000,9.82100000,10.31000000,3794420.86100000
1628812800000,10.30900000,14.00000000,10.13200000,13.98100000,7357619.11500000
1628899200000,13.98200000,15.20000000,13.61000000,14.10000000,8276101.81300000
1628985600000,14.11400000,14.12000000,12.89600000,13.77800000,3274408.58100000
1629072000000,13.77800000,14.91600000,12.95600000,13.24900000,3598849.64300000
1629158400000,13.24900000,14.13000000,12.24300000,12.44600000,4439764.02700000
1629244800000,12.44700000,13.65000000,12.36800000,12.92900000,6824601.45100000
1629331200000,12.92600000,13.36500000,12.08600000,13.31400000,5658973.72900000
1629417600000,13.31600000,14.17300000,13.17000000,14.15200000,4209831.69800000
1629504000000,14.15400000,14.30900000,13.38500000,13.72700000,4383824.84000000
1629590400000,13.72500000,13.89600000,12.94700000,13.55500000,3543098.86400000
1629676800000,13.55600000,14.21400000,13.35500000,13.81600000,4519580.33100000
1629763200000,13.81600000,14.31200000,12.31100000,12.66600000,8148025.65000000
1629849600000,12.66200000,13.06300000,12.02500000,12.96100000,2166745.42000000
1629936000000,12.96100000,13.22800000,11.61300000,11.82200000,1987509.01500000
1630022400000,11.82100000,12.90800000,11.28400000,12.85400000,1659977.47700000
1630108800000,12.85100000,13.08000000,12.30000000,12.59700000,1014548.92500000
1630195200000,12.59800000,13.72800000,12.53700000,12.92600000,2342749.03300000
1630281600000,12.94300000,12.94500000,12.07200000,12.21700000,1388117.60000000
1630368000000,12.21500000,12.76900000,11.91400000,12.41400000,1339187.50000000
1630454400000,12.41200000,13.27000000,12.06200000,13.23000000,1743634.90000000
1630540800000,13.23000000,13.77500000,12.96300000,13.24900000,2403901.33000000
1630627200000,13.25300000,13.99300000,12.81300000,13.59700000,2485161.22600000
1630713600000,13.58500000,14.54600000,13.41000000,14.14600000,2928213.14500000
1630800000000,14.14800000,16.62500000,13.92700000,16.11200000,6160829.63700000
1630886400000,16.11600000,17.00000000,15.22200000,15.61900000,4450075.68300000
1630972800000,15.62100000,16.27900000,10.00000000,12.52000000,7037502.49000000
1631059200000,12.52400000,12.88900000,10.89200000,12.46600000,4364194.50000000
1631145600000,12.47600000,14.22700000,12.38500000,13.40200000,4077252.50000000
1631232000000,13.39800000,14.39500000,12.14100000,12.78000000,3570422.40000000
1631318400000,12.78400000,13.32000000,12.56000000,12.79200000,1915224.60000000
1631404800000,12.80100000,13.80000000,12.37900000,13.40400000,2013055.00000000
1631491200000,13.40500000,13.79100000,11.74200000,12.47900000,2593890.70000000
1631577600000,12.47600000,12.85200000,12.30900000,12.84500000,1107031.30000000
1631664000000,12.84300000,13.09800000,12.44100000,13.04000000,1315150.20000000
1631750400000,13.04200000,13.19700000,12.47000000,12.67200000,1471221.60000000
1631836800000,12.67600000,13.06900000,12.26000000,12.49600000,2067298.20000000
1631923200000,12.49600000,12.82100000,12.27200000,12.54900000,1196714.30000000
1632009600000,12.55200000,12.59100000,11.96700000,12.17000000,896369.80000000
1632096000000,12.17500000,12.17500000,9.90500000,10.38600000,2975894.00000000
1632182400000,10.39100000,10.69300000,9.12700000,9.32500000,2552719.80000000
1632268800000,9.31600000,10.88400000,9.02000000,10.77000000,2062321.78400000
1632355200000,10.76200000,10.97300000,10.30500000,10.96900000,1354359.60000000
1632441600000,10.96200000,10.98600000,9.22700000,9.93400000,2787801.30000000
1632528000000,9.93200000,10.06200000,9.44100000,9.71500000,1070890.30000000
1632614400000,9.70600000,9.73100000,8.78000000,9.50700000,1877098.31300000
1632700800000,9.50200000,9.98900000,9.24700000,9.25200000,1304768.70000000
1632787200000,9.24800000,9.39900000,8.62800000,8.65900000,1273179.00000000
1632873600000,8.65600000,9.37000000,8.53900000,9.04700000,1353455.20000000
1632960000000,9.04500000,10.51400000,8.99600000,10.40600000,3820564.20000000
1633046400000,10.41200000,12.01600000,10.38900000,11.60300000,4996994.50000000
1633132800000,11.61200000,13.92000000,11.42600000,13.80500000,6055325.52000000
1633219200000,13.80400000,14.68000000,12.93100000,13.97800000,7135590.50000000
1633305600000,13.98000000,14.50000000,12.92800000,13.69800000,4100982.90000000
1633392000000,13.70700000,13.79600000,12.77000000,13.24900000,3238282.20000000
1633478400000,13.25500000,13.95100000,12.07300000,13.23600000,4323230.90000000
1633564800000,13.23200000,13.37400000,12.65300000,12.90900000,2683754.20000000
1633651200000,12.90600000,13.10000000,12.51600000,12.61800000,1415673.20000000
1633737600000,12.61900000,14.98600000,12.51300000,14.89500000,4057766.10000000
1633824000000,14.89500000,15.06000000,13.00200000,13.07100000,3503919.90000000
1633910400000,13.06300000,13.55100000,12.73900000,13.04800000,1924491.20000000
1633996800000,13.04800000,13.31900000,12.27600000,13.28800000,1760801.40000000
1634083200000,13.28000000,13.45100000,12.63000000,13.37200000,1491529.60000000
1634169600000,13.37600000,13.58500000,13.09100000,13.25300000,1323417.30000000
1634256000000,13.25300000,13.35800000,12.45400000,12.60100000,1972233.60000000
1634342400000,12.60300000,13.10000000,12.51300000,12.84300000,1360273.30000000
1634428800000,12.83800000,12.97100000,11.81900000,12.46000000,1131371.80000000
1634515200000,12.47100000,12.59400000,12.10000000,12.33700000,822886.00000000
1634601600000,12.33400000,12.64500000,12.13900000,12.42100000,859460.00000000
1634688000000,12.42200000,13.13100000,12.16300000,13.12600000,1147755.30000000
1634774400000,13.11500000,14.18300000,12.97600000,13.18500000,2826002.90000000
1634860800000,13.17500000,13.39700000,12.56200000,12.82700000,2693491.60000000
1634947200000,12.83300000,13.43000000,12.60000000,13.25100000,985627.20000000
1635033600000,13.25800000,13.41800000,12.65400000,13.02100000,992614.40000000
1635120000000,13.02600000,13.42200000,12.91400000,13.24600000,645509.00000000
1635206400000,13.24600000,13.67700000,12.92800000,13.10400000,1473835.30000000
1635292800000,13.10800000,13.20600000,10.71000000,11.68900000,2524978.40000000
1635379200000,11.68900000,13.77600000,11.64300000,13.03300000,2814452.40000000
1635465600000,13.03500000,13.46200000,12.75000000,13.31700000,1667670.50000000
1635552000000,13.30700000,13.40000000,12.66800000,13.07800000,1423260.50000000
1635638400000,13.08700000,16.42400000,12.91400000,15.84600000,9992100.00000000
1635724800000,15.84600000,19.30000000,14.36300000,16.85500000,17178820.62600000
1635811200000,16.85500000,18.10100000,16.61800000,16.98800000,4310852.30000000
1635897600000,16.99000000,17.01400000,15.26600000,16.29600000,3253582.40000000
1635984000000,16.28700000,16.65000000,15.34900000,15.86400000,1710353.40000000
1636070400000,15.87500000,16.28900000,15.45000000,15.82500000,1432351.20000000
1636156800000,15.83300000,17.97900000,15.71400000,16.87500000,5625798.80000000
1636243200000,16.87500000,16.88200000,16.25500000,16.48500000,1382549.40000000
1636329600000,16.48400000,17.40200000,15.97200000,17.04500000,2043270.40000000
1636416000000,17.05200000,18.43400000,16.67100000,17.84400000,3405085.30000000
1636502400000,17.84900000,18.01600000,15.20100000,16.23900000,2913637.60000000
1636588800000,16.23200000,16.56000000,15.90500000,16.29200000,1190248.60000000
1636675200000,16.28300000,16.50000000,15.36200000,16.15600000,1558988.00000000
1636761600000,16.15000000,16.82900000,16.07500000,16.58800000,1149677.90000000
1636848000000,16.58700000,18.12000000,16.34700000,17.30200000,4188496.70000000
1636934400000,17.31000000,17.83800000,16.51500000,16.56800000,2163689.80000000
1637020800000,16.57200000,16.57400000,14.13900000,15.14100000,2503744.90000000
1637107200000,15.13500000,15.49100000,14.41300000,15.12500000,1645135.00000000
1637193600000,15.12400000,15.52600000,13.38000000,13.68200000,1820757.70000000
1637280000000,13.68200000,15.14000000,13.27400000,14.80600000,1781845.50000000
1637366400000,14.80600000,15.50000000,14.43700000,15.21200000,1037482.00000000
1637452800000,15.21400000,16.14800000,14.98300000,15.23100000,1458249.40000000
1637539200000,15.22800000,15.32300000,14.45600000,14.52400000,1247850.40000000
1637625600000,14.52400000,14.93500000,14.11500000,14.72100000,1111614.30000000
1637712000000,14.71800000,14.79500000,13.76200000,14.42900000,1244626.50000000
1637798400000,14.43000000,17.14600000,14.23700000,16.42300000,5916739.40000000
1637884800000,16.41400000,16.59800000,13.81200000,14.32000000,4027171.60000000
1637971200000,14.30100000,14.85200000,14.12400000,14.47300000,1365703.10000000
1638057600000,14.46100000,15.22700000,13.52000000,15.09800000,1344211.40000000
1638144000000,15.09500000,15.99300000,14.72100000,15.62300000,2056053.90000000
1638230400000,15.62300000,17.50000000,14.68400000,16.06800000,3788354.50000000
1638316800000,16.06600000,16.57200000,14.90900000,15.15800000,2862667.80000000
1638403200000,15.15700000,15.18200000,14.26800000,14.76000000,1980473.50000000
1638489600000,14.76600000,14.87600000,13.25400000,13.70700000,1687872.30000000
1638576000000,13.70700000,13.74700000,8.02300000,11.46300000,4962003.67600000
1638662400000,11.46300000,11.70000000,9.77600000,10.34300000,2638839.60000000
1638748800000,10.35200000,10.75300000,8.95500000,10.63000000,3756742.70000000
1638835200000,10.63600000,11.75900000,10.27200000,11.16100000,3052169.40000000
1638921600000,11.15600000,11.59000000,10.65200000,11.34600000,1684023.30000000
1639008000000,11.34700000,11.40500000,9.67000000,9.85100000,2837245.50000000
1639094400000,9.84400000,10.22500000,9.37800000,9.40600000,1531021.00000000
1639180800000,9.40900000,10.15900000,9.25800000,10.08900000,1036587.30000000
1639267200000,10.09000000,10.14700000,9.66600000,10.00500000,569980.30000000
1639353600000,10.00200000,10.04600000,8.66700000,8.84000000,1184874.40000000
1639440000000,8.83500000,9.57300000,8.61700000,9.20600000,2183459.20000000
1639526400000,9.21200000,10.06500000,8.72000000,9.79200000,1829704.50000000
1639612800000,9.79200000,10.00300000,9.37600000,9.39000000,1159053.70000000
1639699200000,9.39000000,9.52800000,8.87200000,9.08800000,832475.80000000
1639785600000,9.08600000,9.44300000,8.88100000,9.26600000,517138.90000000
1639872000000,9.26000000,9.43800000,9.06900000,9.08000000,601805.90000000
1639958400000,9.07900000,9.21400000,8.62500000,8.96200000,784016.80000000
1640044800000,8.97000000,9.28900000,8.85700000,9.20700000,609401.90000000
1640131200000,9.21100000,9.63400000,9.16500000,9.42000000,971958.40000000
1640217600000,9.42100000,10.27300000,9.30800000,10.04200000,1090174.80000000
1640304000000,10.05200000,10.55000000,9.67900000,9.77000000,1341680.60000000
1640390400000,9.77000000,10.15000000,9.69800000,10.01300000,650324.80000000
1640476800000,10.01400000,10.04600000,9.60300000,9.91300000,835072.20000000
1640563200000,9.91100000,10.40900000,9.85300000,9.99100000,1007744.50000000
1640649600000,9.99200000,9.99700000,8.98800000,9.06900000,1227417.70000000
1640736000000,9.06800000,9.24400000,8.71200000,8.76900000,839165.70000000
1640822400000,8.76900000,9.00000000,8.51800000,8.82500000,666989.20000000
1640908800000,8.82300000,9.07400000,8.46400000,8.71600000,776451.80000000
1640995200000,8.71800000,8.96200000,8.68900000,8.96100000,414580.80000000
1641081600000,8.95500000,9.35500000,8.82300000,9.23300000,614212.80000000
1641168000000,9.22500000,10.18100000,9.02500000,9.17300000,3856228.10000000
1641254400000,9.17600000,9.32000000,8.91500000,9.00800000,851171.70000000
1641340800000,9.00300000,9.27800000,7.89700000,8.23300000,1270423.01500000
1641427200000,8.24200000,8.42900000,8.00000000,8.36400000,1342212.10000000
1641513600000,8.35500000,8.51000000,7.64900000,7.88300000,2015454.10000000
1641600000000,7.88500000,8.09500000,7.37000000,7.59600000,1049755.15100000
1641686400000,7.59700000,7.82800000,7.53700000,7.65000000,475438.70000000
1641772800000,7.64900000,7.77800000,6.85800000,7.23700000,1367492.29800000
1641859200000,7.23300000,7.55500000,7.17200000,7.51400000,771219.80000000
1641945600000,7.51500000,7.97400000,7.46300000,7.92700000,916115.40000000
1642032000000,7.92700000,8.01300000,7.54500000,7.57600000,709928.70000000
1642118400000,7.56700000,7.98400000,7.51200000,7.82500000,771411.60000000
1642204800000,7.82200000,9.26100000,7.73600000,8.24300000,4574132.00000000
1642291200000,8.24500000,8.25000000,7.90800000,8.04400000,757317.50000000
1642377600000,8.04600000,8.05600000,7.54600000,7.68200000,525782.10000000
1642464000000,7.68300000,7.94500000,7.45600000,7.84900000,982004.50000000
1642550400000,7.84900000,7.91200000,7.25400000,7.39700000,822018.20000000
1642636800000,7.39300000,7.67500000,6.99100000,7.05600000,657741.50000000
1642723200000,7.04400000,7.14200000,5.98700000,6.13600000,1954418.20000000
1642809600000,6.13600000,6.25400000,5.04000000,5.58900000,3246475.12200000
1642896000000,5.59100000,5.85500000,5.49100000,5.81500000,1356052.70000000
1642982400000,5.80800000,5.81100000,4.94800000,5.46400000,2206579.80000000
1643068800000,5.46200000,5.59800000,5.31100000,5.54200000,978534.90000000
1643155200000,5.54600000,6.06200000,5.43700000,5.58600000,1197588.30000000
1643241600000,5.58700000,5.74500000,5.37200000,5.63600000,833288.30000000
1643328000000,5.63000000,5.84100000,5.52200000,5.82500000,829687.10000000
1643414400000,5.82200000,6.08400000,5.80200000,5.96700000,565718.70000000
1643500800000,5.96400000,6.17800000,5.83100000,5.97300000,611718.60000000
1643587200000,5.96900000,6.08600000,5.66900000,6.06600000,699721.40000000
1643673600000,6.06100000,6.24200000,6.04000000,6.17500000,666769.30000000
1643760000000,6.17600000,7.05000000,5.98900000,6.04500000,5136076.20000000
1643846400000,6.04400000,6.12100000,5.85800000,6.10000000,801562.40000000
1643932800000,6.09800000,6.89800000,6.05500000,6.85200000,2783303.20000000
1644019200000,6.85300000,7.31500000,6.70100000,6.89300000,2139488.40000000
1644105600000,6.89400000,7.13600000,6.71800000,7.12400000,848921.80000000
1644192000000,7.12500000,7.57700000,7.02000000,7.45500000,1324407.20000000
1644278400000,7.46300000,7.56200000,6.69000000,7.07300000,3062750.20000000
1644364800000,7.07800000,7.29700000,6.88600000,7.20700000,903139.20000000
1644451200000,7.20900000,7.70600000,7.07300000,7.11100000,1863419.20000000
1644537600000,7.11200000,7.32200000,6.44800000,6.57300000,1377406.20000000
1644624000000,6.57100000,6.92400000,6.32000000,6.76100000,905723.50000000
1644710400000,6.76100000,6.88800000,6.39400000,6.51400000,649671.40000000
1644796800000,6.51300000,6.66600000,6.30500000,6.52700000,712092.20000000
1644883200000,6.52800000,8.20000000,6.49000000,7.55000000,5569443.30000000
1644969600000,7.54900000,7.98900000,7.36400000,7.87200000,3810030.60000000
1645056000000,7.86900000,7.94600000,6.91500000,7.01600000,4665549.50000000
1645142400000,7.02000000,7.49500000,6.94100000,7.22400000,2129552.30000000
1645228800000,7.22100000,7.56400000,6.61000000,6.76500000,2985267.80000000
1645315200000,6.76500000,6.87600000,6.03900000,6.22600000,1845510.70000000
1645401600000,6.22700000,6.52800000,5.71100000,5.74300000,2347374.80000000
1645488000000,5.74200000,6.04300000,5.52600000,6.00000000,1627881.70000000
1645574400000,6.00100000,6.75000000,5.72800000,5.76900000,4147056.40000000
1645660800000,5.77000000,5.91600000,4.99200000,5.87800000,3818341.70000000
1645747200000,5.87800000,6.21900000,5.76300000,6.14100000,1767371.60000000
1645833600000,6.14500000,6.36500000,6.05300000,6.14400000,879800.80000000
1645920000000,6.14700000,6.21100000,5.70000000,5.87900000,1114344.10000000
1646006400000,5.87900000,6.50300000,5.75500000,6.49100000,1275717.70000000
1646092800000,6.48800000,6.80800000,6.48600000,6.70900000,1691769.70000000
1646179200000,6.71000000,6.77300000,6.33500000,6.49100000,1341827.50000000
1646265600000,6.49100000,6.69400000,6.24500000,6.39800000,1406175.80000000
1646352000000,6.39400000,6.42400000,5.82100000,5.92800000,1115839.40000000
1646438400000,5.92900000,6.12700000,5.72200000,6.08400000,821838.00000000
1646524800000,6.08400000,6.14400000,5.73600000,5.75800000,652865.20000000
1646611200000,5.75800000,5.95100000,5.50200000,5.69600000,1038081.80000000
1646697600000,5.69400000,5.87500000,5.64400000,5.74800000,783347.50000000
1646784000000,5.74600000,6.11400000,5.74300000,6.04300000,883096.90000000
1646870400000,6.04200000,6.27100000,5.74400000,6.02900000,2295435.30000000
1646956800000,6.02500000,6.02600000,5.68400000,5.85800000,949920.80000000
1647043200000,5.85800000,6.02600000,5.75400000,5.76500000,529015.00000000
1647129600000,5.75400000,5.90300000,5.51900000,5.55600000,524381.50000000
1647216000000,5.55600000,5.79600000,5.47700000,5.75300000,505588.60000000
1647302400000,5.74900000,5.85000000,5.50000000,5.72600000,523936.60000000
1647388800000,5.72700000,6.04600000,5.67100000,6.01700000,734937.50000000
1647475200000,6.01700000,6.06500000,5.91700000,5.93400000,529163.20000000
1647561600000,5.93400000,6.14600000,5.82100000,6.11300000,513611.20000000
1647648000000,6.11300000,6.37600000,6.11000000,6.34600000,713985.00000000
1647734400000,6.34200000,7.36000000,6.33600000,6.98200000,5659240.60000000
1647820800000,6.97700000,7.07000000,6.58100000,6.84200000,1318690.50000000
1647907200000,6.84200000,7.72200000,6.78700000,7.60500000,2482047.20000000
1647993600000,7.60600000,8.33100000,7.60600000,7.87900000,4928281.50000000
1648080000000,7.88200000,8.03500000,7.46900000,7.86500000,3615634.20000000
1648166400000,7.86600000,8.89700000,7.72200000,8.30300000,5305420.40000000
1648252800000,8.29300000,8.35900000,8.05600000,8.23700000,1034280.40000000
1648339200000,8.23500000,8.52600000,8.03800000,8.49600000,1542690.50000000
1648425600000,8.49300000,8.69600000,8.06000000,8.17500000,2078338.70000000
1648512000000,8.18700000,8.89300000,8.07700000,8.34900000,3420025.30000000
1648598400000,8.34900000,9.64600000,8.20900000,8.86900000,4070138.00000000
1648684800000,8.87900000,9.20000000,8.16000000,8.27500000,2663372.60000000
1648771200000,8.28100000,8.51300000,7.87100000,8.44500000,1404342.70000000
1648857600000,8.44100000,9.42800000,8.25800000,8.31100000,6580563.00000000
1648944000000,8.31600000,8.64000000,8.13000000,8.50800000,1077867.50000000
1649030400000,8.51400000,8.51400000,7.95000000,8.24100000,1958727.80000000
1649116800000,8.24400000,8.32000000,7.74600000,7.80000000,1644759.50000000
1649203200000,7.81100000,7.81100000,6.87700000,6.91900000,2003989.20000000
1649289600000,6.91500000,7.30300000,6.83500000,7.23900000,974934.20000000
1649376000000,7.23600000,7.33500000,6.75800000,6.81700000,615885.60000000
1649462400000,6.81200000,7.11100000,6.80700000,7.07400000,473519.10000000
1649548800000,7.07300000,7.17100000,6.78400000,6.80300000,523438.00000000
1649635200000,6.81200000,6.90500000,6.04200000,6.19500000,1200285.80000000
1649721600000,6.19600000,6.56900000,6.12400000,6.43300000,854990.30000000
1649808000000,6.44000000,6.77400000,6.34100000,6.76700000,1141807.60000000
1649894400000,6.76700000,6.94400000,6.39800000,6.54900000,795452.60000000
1649980800000,6.55000000,6.74300000,6.51200000,6.61600000,612572.00000000
1650067200000,6.61800000,7.27800000,6.60900000,6.89600000,2222277.00000000
1650153600000,6.89400000,6.92500000,6.49500000,6.52000000,672074.00000000
1650240000000,6.51900000,6.71200000,6.16300000,6.68800000,1115400.70000000
1650326400000,6.68700000,6.87500000,6.55400000,6.82500000,614643.90000000
1650412800000,6.82400000,7.13600000,6.61600000,6.76700000,1056294.10000000
1650499200000,6.76300000,7.30600000,6.44500000,6.52700000,1645073.90000000
1650585600000,6.52600000,6.77900000,6.47700000,6.59400000,811152.90000000
1650672000000,6.59900000,6.61300000,6.37000000,6.45300000,507957.10000000
1650758400000,6.44800000,6.56200000,6.26000000,6.34200000,524712.00000000
1650844800000,6.34000000,6.51700000,5.94400000,6.47700000,1156735.30000000
1650931200000,6.47700000,6.60800000,5.92500000,6.00300000,936275.70000000
1651017600000,6.00400000,6.23900000,5.95500000,6.11700000,530575.60000000
1651104000000,6.11800000,6.24700000,5.97100000,6.08800000,552945.40000000
1651190400000,6.08900000,6.15800000,5.70300000,5.82500000,556688.20000000
1651276800000,5.82600000,5.93300000,5.21100000,5.31600000,932101.80000000
1651363200000,5.31500000,5.66600000,5.25300000,5.58500000,865834.10000000
1651449600000,5.58600000,5.70300000,5.29900000,5.52600000,698022.50000000
1651536000000,5.52300000,5.63800000,5.27200000,5.41500000,591319.40000000
1651622400000,5.41500000,5.95100000,5.39900000,5.94600000,531647.00000000
1651708800000,5.94700000,6.11200000,5.27200000,5.48900000,1185132.20000000
1651795200000,5.48800000,5.50600000,5.24700000,5.41500000,627029.40000000
1651881600000,5.41400000,5.43200000,5.10000000,5.20900000,462333.10000000
1651968000000,5.21000000,5.24200000,4.99400000,5.05200000,778764.40000000
1652054400000,5.05000000,5.18200000,4.37900000,4.42600000,2678687.19600000
1652140800000,4.43900000,5.44300000,4.19500000,4.74300000,3481579.13500000
1652227200000,4.74300000,4.99300000,3.76500000,4.03100000,3989863.38300000
1652313600000,4.02500000,4.24600000,3.12100000,3.62200000,4446324.37100000
1652400000000,3.61600000,4.23900000,3.58500000,3.91400000,1629222.80000000
1652486400000,3.91300000,4.11600000,3.66300000,4.08600000,769839.00000000
1652572800000,4.08800000,4.30500000,3.93600000,4.27900000,683376.90000000
1652659200000,4.27900000,4.28100000,3.87000000,3.96800000,708385.70000000
1652745600000,3.96700000,4.29000000,3.94900000,4.20000000,606948.10000000
1652832000000,4.19900000,4.48500000,3.79400000,3.80900000,811731.50000000
1652918400000,3.81100000,4.04600000,3.66400000,4.00700000,816211.10000000
1653004800000,4.00400000,4.07400000,3.72600000,3.80200000,837758.90000000
1653091200000,3.80200000,4.00900000,3.77000000,3.91700000,820081.80000000
1653177600000,3.91700000,4.14200000,3.86900000,4.10800000,946810.70000000
1653264000000,4.10700000,4.59500000,4.03200000,4.10800000,2337170.50000000
1653350400000,4.11000000,4.15000000,3.81600000,4.10800000,1052920.20000000
1653436800000,4.11200000,4.28800000,3.98600000,4.07100000,1119014.50000000
1653523200000,4.07000000,4.16400000,3.61600000,3.77600000,1693596.70000000
1653609600000,3.77500000,3.89500000,3.61100000,3.71800000,1555967.10000000
1653696000000,3.71900000,3.82900000,3.67700000,3.78500000,651007.10000000
1653782400000,3.78200000,3.88000000,3.67600000,3.86900000,719396.40000000
1653868800000,3.87000000,4.21200000,3.84200000,4.16300000,1139088.00000000
1653955200000,4.16200000,4.24800000,3.99900000,4.16700000,1733646.90000000
1654041600000,4.16600000,4.32500000,3.75600000,3.84800000,1435176.70000000
1654128000000,3.85100000,3.99800000,3.80800000,3.97200000,854208.30000000
1654214400000,3.97200000,3.98900000,3.73500000,3.83300000,500455.30000000
1654300800000,3.82900000,3.89100000,3.73300000,3.86300000,324209.70000000
1654387200000,3.86300000,3.94700000,3.79700000,3.87700000,399718.20000000
1654473600000,3.87600000,4.25400000,3.86300000,4.04800000,1206112.80000000
1654560000000,4.04700000,4.07800000,3.76900000,3.97200000,648334.20000000
1654646400000,3.97200000,4.04000000,3.86600000,3.92200000,406589.00000000
1654732800000,3.92200000,4.02000000,3.87600000,3.92300000,303340.90000000
1654819200000,3.92300000,3.95200000,3.61400000,3.68500000,576859.10000000
1654905600000,3.68500000,3.73300000,3.31500000,3.38300000,753399.40000000
1654992000000,3.38300000,3.40200000,3.07400000,3.07800000,1543963.60000000
1655078400000,3.07400000,3.13800000,2.62200000,2.78500000,2692559.38000000
1655164800000,2.78500000,2.85000000,2.49500000,2.76600000,1782811.90000000
1655251200000,2.76700000,2.97500000,2.47400000,2.97100000,1967903.30000000
1655337600000,2.97300000,3.01200000,2.58700000,2.65400000,1040577.00000000
1655424000000,2.65700000,2.80300000,2.63700000,2.74200000,682678.90000000
1655510400000,2.74100000,2.79200000,2.38200000,2.58700000,1341762.30000000
1655596800000,2.58500000,2.80100000,2.48400000,2.75100000,1383600.40000000
1655683200000,2.75200000,2.84000000,2.63800000,2.79100000,942727.20000000
1655769600000,2.79300000,2.96300000,2.73900000,2.83500000,1208353.60000000
1655856000000,2.83300000,2.84700000,2.69100000,2.73700000,896684.60000000
1655942400000,2.73600000,2.98200000,2.72600000,2.94800000,1337622.80000000
1656028800000,2.94900000,3.16900000,2.94600000,3.10500000,1084387.00000000
1656115200000,3.10700000,3.21500000,2.95900000,3.14500000,828867.10000000
1656201600000,3.14500000,3.22600000,2.93800000,2.95200000,904481.90000000
1656288000000,2.95200000,3.13700000,2.93000000,2.99800000,832246.10000000
1656374400000,3.00100000,3.11400000,2.86300000,2.89400000,1006724.30000000
1656460800000,2.89200000,2.95800000,2.79300000,2.86100000,876082.80000000
1656547200000,2.86200000,2.87500000,2.61500000,2.81700000,882840.60000000
1656633600000,2.82400000,2.95800000,2.69200000,2.74700000,833861.20000000
1656720000000,2.74700000,2.83900000,2.69800000,2.80000000,777825.10000000
1656806400000,2.80000000,2.85700000,2.73500000,2.82200000,458637.30000000
1656892800000,2.82400000,2.91800000,2.72900000,2.90100000,542299.60000000
1656979200000,2.90100000,2.92600000,2.72100000,2.81900000,597876.20000000
1657065600000,2.82500000,2.90500000,2.77500000,2.87100000,455462.70000000
1657152000000,2.87200000,3.01600000,2.84700000,2.99200000,528290.80000000
1657238400000,2.98900000,3.08500000,2.87600000,2.93300000,461813.40000000
1657324800000,2.93300000,3.17700000,2.93300000,3.02600000,1221843.40000000
1657411200000,3.02700000,3.02800000,2.88600000,2.93900000,401813.40000000
1657497600000,2.93700000,2.94100000,2.67800000,2.69300000,617100.30000000
1657584000000,2.69400000,2.74800000,2.59400000,2.59800000,1027014.60000000
1657670400000,2.59600000,2.73300000,2.50700000,2.72300000,1132960.10000000
1657756800000,2.72200000,2.79100000,2.61700000,2.76200000,701446.30000000
1657843200000,2.76000000,2.83700000,2.72400000,2.77400000,800108.80000000
1657929600000,2.77300000,2.89700000,2.72000000,2.89000000,558373.10000000
1658016000000,2.88700000,3.08400000,2.83200000,2.94900000,1325634.60000000
1658102400000,2.95200000,3.26000000,2.93800000,3.20000000,1986651.30000000
1658188800000,3.19200000,3.29500000,3.07200000,3.24600000,1097475.60000000
1658275200000,3.25100000,3.35700000,3.03300000,3.05400000,1065294.80000000
1658361600000,3.05200000,3.12200000,2.96800000,3.10100000,609888.10000000
1658448000000,3.10400000,3.47600000,3.08300000,3.24500000,2680875.70000000
1658534400000,3.24900000,3.50000000,3.19000000,3.43900000,1739545.00000000
1658620800000,3.44000000,3.51300000,3.34400000,3.40600000,894444.90000000
1658707200000,3.40500000,3.59500000,3.23100000,3.29300000,2393025.30000000
1658793600000,3.28900000,3.69600000,3.17400000,3.68300000,2812832.80000000
1658880000000,3.68400000,4.18800000,3.47900000,4.12900000,2926619.80000000
1658966400000,4.13100000,4.70000000,4.10300000,4.47900000,3567806.90000000
1659052800000,4.47700000,5.25800000,4.40200000,4.66000000,3593571.30000000
1659139200000,4.66100000,4.84700000,4.27600000,4.32700000,1913180.50000000
1659225600000,4.32600000,4.43300000,4.04000000,4.05900000,1027066.40000000
1659312000000,4.05900000,4.19800000,3.96000000,4.14000000,1599710.30000000
1659398400000,4.13900000,4.18900000,3.83000000,3.96100000,1284066.40000000
1659484800000,3.96200000,4.14300000,3.83500000,3.92600000,685691.30000000
1659571200000,3.92700000,4.03600000,3.84900000,3.95400000,479347.70000000
1659657600000,3.95400000,4.19500000,3.94800000,4.10600000,781221.90000000
1659744000000,4.10800000,4.25100000,4.07500000,4.12500000,707251.40000000
1659830400000,4.12400000,4.19000000,4.03600000,4.08400000,298811.70000000
1659916800000,4.08600000,4.34000000,4.08000000,4.15800000,659414.80000000
1660003200000,4.17000000,4.22500000,3.89900000,4.01900000,389289.40000000
1660089600000,4.01200000,4.21200000,3.90500000,4.19400000,647245.50000000
1660176000000,4.19200000,4.36000000,4.18900000,4.20700000,654290.40000000
1660262400000,4.20700000,4.29600000,4.12000000,4.28900000,354464.30000000
1660348800000,4.29100000,4.35600000,4.24100000,4.28700000,279625.60000000
1660435200000,4.28600000,4.37300000,4.13900000,4.16600000,372766.50000000
1660521600000,4.16700000,4.27200000,4.02700000,4.09700000,319583.00000000
1660608000000,4.09700000,4.16300000,3.96300000,4.01300000,366627.30000000
1660694400000,4.01500000,4.25200000,3.91000000,4.02100000,568576.90000000
1660780800000,4.02300000,4.08300000,3.67000000,3.76800000,460296.20000000
1660867200000,3.76500000,3.77300000,3.29400000,3.34700000,928726.40000000
1660953600000,3.34900000,3.43600000,3.24200000,3.34900000,439111.90000000
1661040000000,3.34900000,3.51500000,3.33600000,3.47300000,352345.00000000
1661126400000,3.47300000,3.48500000,3.24500000,3.47000000,525581.70000000
1661212800000,3.47100000,3.53500000,3.33400000,3.49900000,763920.00000000
1661299200000,3.50400000,3.58100000,3.40000000,3.45800000,790116.60000000
1661385600000,3.45700000,3.54600000,3.42500000,3.47100000,431350.50000000
1661472000000,3.47100000,3.48300000,3.07600000,3.12100000,662657.70000000
1661558400000,3.11900000,3.13000000,3.03200000,3.11000000,406460.80000000
1661644800000,3.11200000,3.17100000,2.97000000,2.98400000,299843.50000000
1661731200000,2.98400000,3.21300000,2.94100000,3.20200000,380595.30000000
1661817600000,3.20100000,3.25300000,3.00900000,3.10600000,409415.70000000
1661904000000,3.11600000,3.23400000,3.10500000,3.11700000,356016.90000000
1661990400000,3.11600000,3.19800000,3.03400000,3.19500000,360333.70000000
1662076800000,3.19400000,3.24500000,3.08800000,3.13500000,307485.70000000
1662163200000,3.13400000,3.18000000,3.10300000,3.14700000,143529.70000000
1662249600000,3.14600000,3.24000000,3.11000000,3.23400000,280993.10000000
1662336000000,3.23400000,3.37200000,3.09300000,3.35200000,608251.20000000
1662422400000,3.35200000,3.38500000,2.97500000,2.99200000,856762.80000000
1662508800000,2.98800000,3.14200000,2.91800000,3.08900000,480590.20000000
1662595200000,3.09000000,3.19900000,3.03500000,3.16800000,938987.20000000
1662681600000,3.17200000,3.38100000,3.15600000,3.34400000,617846.80000000
1662768000000,3.34700000,3.44700000,3.31300000,3.34700000,696524.10000000
1662854400000,3.35000000,3.38600000,3.23300000,3.30400000,417945.60000000
1662940800000,3.30200000,3.40600000,3.23400000,3.29400000,689526.60000000
1663027200000,3.29400000,3.30800000,3.00500000,3.02000000,980911.00000000
1663113600000,3.02300000,3.10600000,3.00200000,3.08700000,491102.40000000
1663200000000,3.08600000,3.11200000,2.94600000,2.99300000,642373.70000000
1663286400000,2.98900000,3.01100000,2.92100000,3.00700000,495224.70000000
1663372800000,3.00700000,3.08600000,3.00200000,3.08200000,245032.90000000
1663459200000,3.08200000,3.08300000,2.78700000,2.85400000,453498.50000000
1663545600000,2.85700000,2.94000000,2.76800000,2.91500000,659496.90000000
1663632000000,2.91300000,2.95500000,2.82900000,2.86800000,426305.20000000
1663718400000,2.87200000,3.00000000,2.71200000,2.75200000,826496.20000000
1663804800000,2.75000000,2.93200000,2.74600000,2.90700000,484775.70000000
1663891200000,2.90900000,2.97500000,2.80100000,2.91300000,565721.60000000
1663977600000,2.91000000,2.94400000,2.83600000,2.84100000,385323.60000000
1664064000000,2.84200000,2.89400000,2.74800000,2.78200000,300630.70000000
1664150400000,2.78100000,2.85000000,2.71400000,2.84600000,425055.70000000
1664236800000,2.84600000,3.07000000,2.82200000,2.87700000,979627.80000000
1664323200000,2.87700000,2.89600000,2.73900000,2.84900000,589820.30000000
1664409600000,2.85000000,2.88000000,2.77000000,2.87200000,400077.50000000
1664496000000,2.87200000,2.92300000,2.82000000,2.84900000,581564.00000000
1664582400000,2.85100000,2.87300000,2.81000000,2.84100000,147824.20000000
1664668800000,2.84300000,2.86000000,2.75700000,2.76700000,189557.50000000
1664755200000,2.76600000,2.87000000,2.74100000,2.86200000,329396.70000000
1664841600000,2.85800000,2.91900000,2.84300000,2.90400000,288401.60000000
1664928000000,2.90400000,2.91000000,2.81200000,2.87900000,251443.30000000
1665014400000,2.87800000,2.92600000,2.82000000,2.83000000,285213.20000000
1665100800000,2.82900000,2.84800000,2.78700000,2.81100000,201270.30000000
1665187200000,2.81100000,2.85000000,2.80600000,2.82700000,167215.00000000
1665273600000,2.82200000,2.90000000,2.82200000,2.86200000,301831.30000000
1665360000000,2.86300000,2.94100000,2.74500000,2.74900000,411611.70000000
1665446400000,2.74900000,2.74900000,2.66000000,2.69400000,312033.40000000
1665532800000,2.69400000,2.73500000,2.68200000,2.70600000,189175.70000000
1665619200000,2.70500000,2.72000000,2.44100000,2.65100000,793075.20000000
1665705600000,2.65600000,2.74600000,2.59400000,2.62700000,323110.30000000
1665792000000,2.62500000,2.67000000,2.60000000,2.63400000,199098.40000000
1665878400000,2.63700000,2.70800000,2.63700000,2.67000000,181808.80000000
1665964800000,2.66700000,2.73800000,2.64300000,2.73400000,223321.10000000
1666051200000,2.73200000,2.75800000,2.63900000,2.68700000,261064.30000000
1666137600000,2.68900000,2.70000000,2.56400000,2.59000000,284732.90000000
1666224000000,2.58700000,2.68600000,2.56500000,2.60400000,272831.30000000
1666310400000,2.60000000,2.64300000,2.51800000,2.62400000,324985.90000000
1666396800000,2.62600000,2.70500000,2.59300000,2.66500000,374526.60000000
1666483200000,2.66600000,2.77500000,2.62400000,2.74300000,440758.40000000
1666569600000,2.74200000,2.75600000,2.65400000,2.68800000,265649.80000000
1666656000000,2.68900000,2.82700000,2.66100000,2.77500000,404271.80000000
1666742400000,2.77400000,2.87700000,2.76900000,2.84100000,383707.40000000
1666828800000,2.84100000,2.94200000,2.77300000,2.78400000,412208.60000000
1666915200000,2.78900000,2.92300000,2.76200000,2.88600000,412641.60000000
1667001600000,2.88700000,2.99200000,2.88200000,2.92900000,569948.40000000
1667088000000,2.93000000,3.00300000,2.82500000,2.86200000,435761.80000000
1667174400000,2.85900000,2.91000000,2.80300000,2.86800000,396367.80000000
1667260800000,2.86500000,2.90500000,2.80700000,2.81400000,283691.00000000
1667347200000,2.81400000,2.87200000,2.70100000,2.77500000,720895.00000000
1667433600000,2.77000000,2.89000000,2.76700000,2.82200000,470526.60000000
1667520000000,2.81800000,3.01700000,2.80300000,3.00300000,574234.20000000
1667606400000,3.00900000,3.08800000,2.97100000,3.02700000,730911.70000000
1667692800000,3.02400000,3.05700000,2.83600000,2.85300000,693380.10000000
1667779200000,2.84400000,2.95600000,2.78800000,2.89000000,528665.60000000
1667865600000,2.89000000,2.92400000,2.20400000,2.46000000,1493083.60000000
1667952000000,2.46300000,2.48900000,1.95200000,1.99000000,1142283.65200000
1668038400000,1.98700000,2.37700000,1.95700000,2.32300000,1297976.80000000
1668124800000,2.32000000,2.35400000,2.11400000,2.22900000,810259.40000000
1668211200000,2.23100000,2.23100000,2.05900000,2.07700000,649136.50000000
1668297600000,2.07800000,2.13000000,1.98300000,2.01100000,779524.90000000
1668384000000,2.01000000,2.05500000,1.86900000,2.02900000,912999.00000000
1668470400000,2.02900000,2.15400000,1.99900000,2.09200000,707040.60000000
1668556800000,2.09100000,2.12000000,2.00500000,2.05100000,620648.60000000
1668643200000,2.04900000,2.07000000,2.00600000,2.02900000,361637.90000000
1668729600000,2.02900000,2.11100000,2.02600000,2.06500000,371675.20000000
1668816000000,2.06500000,2.13200000,2.03100000,2.12000000,367316.20000000
1668902400000,2.12100000,2.16300000,2.00200000,2.01100000,613444.80000000
1668988800000,2.01200000,2.05100000,1.94100000,2.01400000,520025.10000000
1669075200000,2.01500000,2.06300000,1.93700000,2.06100000,490544.80000000
1669161600000,2.06200000,2.15500000,2.04400000,2.14600000,571733.80000000
1669248000000,2.14600000,2.19700000,2.12600000,2.15500000,427488.40000000
1669334400000,2.15700000,2.24200000,2.09800000,2.17900000,589136.10000000
1669420800000,2.17800000,2.20500000,2.14200000,2.16700000,415896.30000000
1669507200000,2.16700000,2.26000000,2.14600000,2.15400000,338891.10000000
1669593600000,2.15100000,2.17500000,2.06000000,2.11600000,462347.40000000
1669680000000,2.11600000,2.18300000,2.09300000,2.14100000,786614.70000000
1669766400000,2.14200000,2.25200000,2.14200000,2.23600000,640727.50000000
1669852800000,2.24000000,2.24300000,2.18700000,2.21300000,471915.20000000
1669939200000,2.21400000,2.25000000,2.17900000,2.24400000,659704.00000000
1670025600000,2.24200000,2.25900000,2.18100000,2.18800000,380510.60000000
1670112000000,2.19000000,2.22800000,2.17300000,2.19700000,1104605.90000000
1670198400000,2.19700000,2.24200000,2.15500000,2.18200000,421883.20000000
1670284800000,2.18400000,2.22200000,2.17300000,2.21800000,257826.90000000
1670371200000,2.22000000,2.23100000,2.10600000,2.12400000,704011.80000000
1670457600000,2.12400000,2.38400000,2.08600000,2.16400000,1170108.80000000
1670544000000,2.16400000,2.32800000,2.14800000,2.17700000,1342411.70000000
1670630400000,2.17800000,2.37000000,2.17800000,2.21200000,1959548.00000000
1670716800000,2.21200000,2.33000000,2.21200000,2.25300000,1069020.50000000
1670803200000,2.24900000,2.28800000,2.13000000,2.22700000,587488.10000000
1670889600000,2.22900000,2.31500000,2.16700000,2.31500000,881518.00000000
1670976000000,2.31200000,2.39900000,2.30700000,2.36100000,739162.30000000
1671062400000,2.35800000,2.42300000,2.31400000,2.36600000,704348.50000000
1671148800000,2.36500000,2.38400000,2.10800000,2.11800000,1026349.00000000
1671235200000,2.11700000,2.14800000,2.00400000,2.06100000,1559291.50000000
1671321600000,2.06300000,2.06900000,2.00800000,2.02700000,316863.20000000
1671408000000,2.02800000,2.05700000,1.87500000,1.91000000,544335.60000000
1671494400000,1.90900000,2.02600000,1.90100000,2.01700000,279440.60000000
1671580800000,2.01800000,2.02000000,1.95900000,1.98200000,201149.50000000
1671667200000,1.98100000,2.00200000,1.93600000,1.99400000,362519.30000000
1671753600000,1.99400000,2.01800000,1.98200000,1.99900000,170934.10000000
1671840000000,2.00000000,2.01400000,1.98200000,2.00100000,115280.00000000
1671926400000,2.00200000,2.00600000,1.94400000,1.97000000,141818.30000000
1672012800000,1.96600000,1.98000000,1.92700000,1.96500000,322097.70000000
1672099200000,1.96900000,1.97100000,1.89500000,1.91500000,349240.80000000
1672185600000,1.91500000,1.92300000,1.82300000,1.86200000,357969.90000000
1672272000000,1.86700000,1.89800000,1.81600000,1.84800000,359421.20000000
1672358400000,1.84800000,1.86200000,1.76500000,1.83100000,436243.20000000
1672444800000,1.83300000,1.85100000,1.82700000,1.83200000,222220.30000000
1672531200000,1.83700000,1.88300000,1.82100000,1.87800000,300623.10000000
1672617600000,1.88000000,1.91900000,1.84300000,1.90700000,284310.00000000
1672704000000,1.90800000,1.91200000,1.86100000,1.89000000,183572.30000000
1672790400000,1.89000000,1.97100000,1.88400000,1.94800000,373352.00000000
1672876800000,1.94600000,1.99000000,1.91300000,1.93000000,446684.60000000
1672963200000,1.93100000,1.96800000,1.86300000,1.96300000,283790.80000000
1673049600000,1.96400000,1.99800000,1.94500000,1.96600000,282603.90000000
1673136000000,1.96800000,2.02600000,1.93200000,2.01800000,369724.30000000
1673222400000,2.01800000,2.11300000,2.01100000,2.05700000,769954.00000000
1673308800000,2.05700000,2.13000000,2.03300000,2.09700000,907695.80000000
1673395200000,2.09700000,2.16300000,2.03300000,2.14700000,655920.50000000
1673481600000,2.14900000,2.20000000,2.06500000,2.20000000,839928.30000000
1673568000000,2.19900000,2.30900000,2.11300000,2.30400000,725100.50000000
1673654400000,2.30200000,2.50500000,2.23500000,2.40100000,1315282.80000000
1673740800000,2.39900000,2.44500000,2.33100000,2.41900000,835872.30000000
1673827200000,2.41800000,2.48600000,2.26400000,2.37500000,872470.10000000
1673913600000,2.37100000,2.43700000,2.34700000,2.36300000,567460.10000000
1674000000000,2.36800000,2.41800000,2.18400000,2.21500000,1171459.90000000
1674086400000,2.21300000,2.32200000,2.21300000,2.31900000,516816.80000000
1674172800000,2.31600000,2.53000000,2.28700000,2.52500000,620254.50000000
1674259200000,2.52400000,2.55400000,2.45100000,2.49300000,892281.50000000
1674345600000,2.48700000,2.63000000,2.47400000,2.54400000,759407.40000000
1674432000000,2.55000000,2.61600000,2.54400000,2.60600000,735493.30000000
1674518400000,2.60700000,2.75700000,2.45700000,2.48500000,978654.30000000
1674604800000,2.48100000,2.61400000,2.40000000,2.56700000,511932.00000000
1674691200000,2.57100000,2.69400000,2.56000000,2.62900000,967389.40000000
1674777600000,2.63200000,2.73900000,2.56400000,2.71000000,632854.00000000
1674864000000,2.71300000,2.75600000,2.61100000,2.63700000,292940.00000000
1674950400000,2.63800000,2.74400000,2.60700000,2.73000000,533935.70000000
1675036800000,2.72300000,2.85900000,2.61800000,2.74900000,2577640.80000000
1675123200000,2.74900000,2.74900000,2.59500000,2.68600000,987989.80000000
1675209600000,2.68700000,2.76500000,2.53800000,2.75000000,1003454.40000000
1675296000000,2.75500000,2.82600000,2.70100000,2.73400000,795966.00000000
1675382400000,2.73000000,2.80200000,2.69500000,2.79600000,389235.80000000
1675468800000,2.79600000,2.87900000,2.75600000,2.82300000,521568.20000000
1675555200000,2.82200000,3.03900000,2.66600000,2.81800000,2164382.50000000
1675641600000,2.82200000,2.90100000,2.74600000,2.83600000,869432.10000000
1675728000000,2.83500000,2.98000000,2.79900000,2.96100000,689871.30000000
1675814400000,2.96600000,3.00000000,2.81400000,2.92700000,650960.40000000
1675900800000,2.92700000,3.20600000,2.57000000,2.65700000,2795751.60000000
1675987200000,2.65700000,2.97800000,2.63800000,2.74500000,1734599.60000000
1676073600000,2.74400000,2.75700000,2.69200000,2.74300000,419361.00000000
1676160000000,2.74400000,2.82100000,2.63800000,2.69200000,659229.00000000
1676246400000,2.69100000,2.69500000,2.49500000,2.62600000,635200.00000000
1676332800000,2.62500000,2.68900000,2.54900000,2.68600000,561720.70000000
1676419200000,2.68600000,2.87700000,2.64200000,2.87500000,591251.60000000
1676505600000,2.87700000,3.18700000,2.79000000,2.80200000,3344955.80000000
1676592000000,2.80300000,3.16300000,2.79800000,3.06800000,1583241.30000000
1676678400000,3.06700000,3.14500000,3.02900000,3.06700000,707461.00000000
1676764800000,3.06900000,3.37300000,3.00700000,3.21200000,2886717.20000000
1676851200000,3.20900000,3.77500000,3.16600000,3.72100000,6329127.40000000
1676937600000,3.72100000,4.33100000,3.52100000,3.64200000,5390437.60000000
1677024000000,3.64100000,3.71600000,3.42400000,3.67100000,2317176.00000000
1677110400000,3.67000000,3.69700000,3.41900000,3.46500000,1423943.90000000
1677196800000,3.46600000,3.50200000,3.12800000,3.22500000,1392424.50000000
1677283200000,3.22300000,3.34400000,3.16500000,3.27600000,882926.90000000
1677369600000,3.27500000,3.46200000,3.22800000,3.40400000,998832.70000000
1677456000000,3.40100000,3.55400000,3.39700000,3.48200000,1457938.90000000
1677542400000,3.48600000,3.49300000,3.20500000,3.20800000,580100.40000000
1677628800000,3.20900000,3.47000000,3.19900000,3.38300000,810539.40000000
1677715200000,3.38300000,3.39200000,3.17500000,3.25200000,474500.50000000
1677801600000,3.25200000,3.26900000,2.86600000,3.05700000,942323.60000000
1677888000000,3.05700000,3.12100000,2.90800000,2.98100000,660293.60000000
1677974400000,2.98100000,3.07000000,2.93000000,2.95200000,497981.80000000
1678060800000,2.95200000,3.06500000,2.89600000,3.03700000,555170.60000000
1678147200000,3.03500000,3.09000000,2.87500000,2.93200000,519606.80000000
1678233600000,2.93400000,2.94100000,2.72500000,2.76800000,535643.10000000
1678320000000,2.77300000,2.84900000,2.51900000,2.56600000,585083.80000000
1678406400000,2.56400000,2.56800000,2.37700000,2.50600000,1439414.90000000
1678492800000,2.50700000,2.56600000,2.35100000,2.48500000,699244.60000000
1678579200000,2.48500000,2.71900000,2.45100000,2.71700000,806052.70000000
1678665600000,2.71500000,2.87300000,2.62700000,2.85700000,1117341.40000000
1678752000000,2.85900000,3.06000000,2.77400000,2.94500000,1173563.00000000
1678838400000,2.94300000,3.00800000,2.67400000,2.75300000,911042.10000000
1678924800000,2.74900000,2.82200000,2.70300000,2.80500000,936181.70000000
1679011200000,2.80500000,3.09200000,2.78400000,3.08500000,1096822.10000000
1679097600000,3.08800000,3.18000000,2.92000000,2.96000000,995151.20000000
1679184000000,2.96000000,3.70000000,2.93900000,3.56800000,3878052.10000000
1679270400000,3.56300000,3.87200000,3.22800000,3.23500000,2879727.80000000
1679356800000,3.23800000,3.42000000,3.07100000,3.23000000,1337594.60000000
1679443200000,3.23100000,3.23100000,2.93500000,3.02100000,811399.90000000
1679529600000,3.02200000,3.37500000,3.02200000,3.25400000,1505463.60000000
1679616000000,3.25400000,3.43300000,3.13800000,3.22900000,1232635.00000000
1679702400000,3.22900000,3.28100000,3.04800000,3.09100000,458380.00000000
1679788800000,3.09200000,3.14700000,3.03600000,3.12300000,261491.50000000
1679875200000,3.12200000,3.21900000,2.91200000,3.04200000,714174.70000000
1679961600000,3.04200000,3.10000000,2.95800000,3.06800000,477438.80000000
1680048000000,3.06700000,3.20400000,3.04600000,3.16400000,591544.80000000
1680134400000,3.16400000,3.20000000,3.01500000,3.08000000,609312.50000000
1680220800000,3.07800000,3.11900000,2.99200000,3.10700000,464501.60000000
1680307200000,3.10600000,3.15700000,3.07900000,3.13500000,299793.70000000
1680393600000,3.13500000,3.16100000,3.05400000,3.09700000,371308.20000000
1680480000000,3.09600000,3.17100000,3.00700000,3.10900000,1014781.00000000
1680566400000,3.11000000,3.15100000,3.05600000,3.12600000,440953.50000000
1680652800000,3.13100000,3.18200000,3.07000000,3.14900000,407607.60000000
1680739200000,3.14700000,3.39400000,3.09000000,3.21900000,1956189.10000000
1680825600000,3.22000000,3.22600000,3.07400000,3.11000000,419946.60000000
1680912000000,3.11000000,3.24000000,3.10400000,3.13300000,723128.40000000
1680998400000,3.13200000,3.15900000,3.06000000,3.12600000,291538.80000000
1681084800000,3.12900000,3.22200000,3.06600000,3.21600000,540578.90000000
1681171200000,3.21900000,3.27100000,3.19000000,3.22400000,505656.10000000
1681257600000,3.22100000,3.23800000,3.08500000,3.19800000,526825.90000000
1681344000000,3.19900000,3.24200000,3.15200000,3.24100000,333400.20000000
1681430400000,3.24100000,3.36000000,3.23000000,3.33100000,755349.20000000
1681516800000,3.33300000,3.35000000,3.26600000,3.34100000,290021.50000000
1681603200000,3.34100000,3.52100000,3.29800000,3.41500000,1023563.50000000
1681689600000,3.41400000,3.43400000,3.25100000,3.27900000,475315.90000000
1681776000000,3.27800000,3.36800000,3.21400000,3.33000000,323118.70000000
1681862400000,3.32700000,3.36700000,2.99100000,3.06600000,937385.10000000
1681948800000,3.06300000,3.10700000,2.94400000,3.01500000,437181.80000000
1682035200000,3.01300000,3.03800000,2.83800000,2.88100000,422140.70000000
1682121600000,2.87900000,2.98000000,2.87400000,2.96900000,164048.00000000
1682208000000,2.96400000,2.96900000,2.83900000,2.91500000,272377.80000000
1682294400000,2.91500000,2.96300000,2.80400000,2.86400000,296114.80000000
1682380800000,2.86700000,2.94400000,2.77900000,2.93500000,361679.70000000
1682467200000,2.93300000,3.04900000,2.72300000,2.87500000,754909.60000000
1682553600000,2.87300000,2.96300000,2.82500000,2.89900000,497416.50000000
1682640000000,2.90200000,2.92700000,2.78300000,2.86600000,1186412.30000000
1682726400000,2.86600000,2.91200000,2.85100000,2.90200000,322488.20000000
1682812800000,2.90300000,2.92900000,2.82300000,2.83400000,245716.70000000
1682899200000,2.83500000,2.88600000,2.76400000,2.79500000,470445.20000000
1682985600000,2.79200000,2.79600000,2.72200000,2.77600000,273854.60000000
1683072000000,2.77800000,2.85500000,2.68900000,2.83700000,398581.50000000
1683158400000,2.83800000,2.84700000,2.77400000,2.81200000,182088.60000000
1683244800000,2.81200000,2.88000000,2.78800000,2.86300000,226535.00000000
1683331200000,2.86100000,2.89200000,2.72900000,2.77700000,214886.60000000
1683417600000,2.77700000,2.77900000,2.70300000,2.71700000,164360.20000000
1683504000000,2.71700000,2.72900000,2.47100000,2.57500000,606721.10000000
1683590400000,2.57500000,2.63600000,2.54300000,2.61000000,339467.80000000
1683676800000,2.61000000,2.68100000,2.50000000,2.64200000,637970.90000000
1683763200000,2.64200000,2.64500000,2.48800000,2.54300000,525998.90000000
1683849600000,2.54300000,2.60100000,2.46800000,2.60000000,890135.10000000
1683936000000,2.60000000,2.60300000,2.52300000,2.54000000,201412.10000000
1684022400000,2.54100000,2.58000000,2.51800000,2.56300000,203210.00000000
1684108800000,2.56300000,2.64100000,2.52300000,2.60200000,363405.00000000
1684195200000,2.60300000,2.65800000,2.56700000,2.60800000,379695.50000000
1684281600000,2.60700000,2.69500000,2.57600000,2.67300000,344886.70000000
1684368000000,2.66900000,2.67000000,2.58200000,2.62500000,271643.40000000
1684454400000,2.62500000,2.68600000,2.60100000,2.64800000,221496.90000000
1684540800000,2.64800000,2.65800000,2.61400000,2.64000000,121620.70000000
1684627200000,2.63600000,2.64300000,2.55100000,2.55500000,100469.60000000
1684713600000,2.55700000,2.66500000,2.51700000,2.63500000,427907.60000000
1684800000000,2.63500000,2.76800000,2.60500000,2.71200000,771413.00000000
1684886400000,2.71200000,2.78700000,2.62300000,2.73400000,1137580.20000000
1684972800000,2.73500000,2.77900000,2.56800000,2.58600000,922537.50000000
1685059200000,2.58500000,2.62600000,2.56300000,2.60300000,332211.30000000
1685145600000,2.60400000,2.74200000,2.58600000,2.70400000,637006.40000000
1685232000000,2.70400000,2.81200000,2.69100000,2.77500000,690767.30000000
1685318400000,2.77500000,2.82800000,2.72300000,2.73300000,463681.60000000
1685404800000,2.73400000,2.74800000,2.69100000,2.69800000,321480.70000000
1685491200000,2.69800000,2.71000000,2.57700000,2.62200000,379502.00000000
1685577600000,2.62200000,2.62400000,2.54200000,2.57800000,295597.30000000
1685664000000,2.57900000,2.65200000,2.55600000,2.64700000,188017.30000000
1685750400000,2.64800000,2.69300000,2.62800000,2.67100000,234669.80000000
1685836800000,2.67100000,2.71800000,2.64100000,2.67200000,144325.30000000
1685923200000,2.67100000,2.67800000,2.38400000,2.46200000,452816.70000000
1686009600000,2.46300000,2.52300000,2.38100000,2.51300000,313555.70000000
1686096000000,2.51200000,2.51300000,2.34600000,2.37200000,272559.80000000
1686182400000,2.37200000,2.40100000,2.32100000,2.35700000,215541.80000000
1686268800000,2.35700000,2.37400000,2.31400000,2.34100000,283198.70000000
1686355200000,2.34300000,2.34400000,1.84800000,2.09000000,1104473.90000000
1686441600000,2.08700000,2.14600000,2.06700000,2.11400000,290122.50000000
1686528000000,2.11600000,2.14300000,2.04100000,2.12800000,244860.60000000
1686614400000,2.12800000,2.19100000,2.10200000,2.12400000,297442.00000000
1686700800000,2.12500000,2.13600000,1.97200000,2.00900000,499582.70000000
1686787200000,2.00800000,2.08100000,2.00300000,2.05700000,531066.60000000
1686873600000,2.05700000,2.09500000,2.00800000,2.07200000,388782.20000000
1686960000000,2.07400000,2.15400000,2.06300000,2.08300000,339404.90000000
1687046400000,2.08400000,2.10100000,2.03000000,2.04900000,208661.50000000
1687132800000,2.05000000,2.07900000,2.02800000,2.06100000,267690.30000000
1687219200000,2.06100000,2.13500000,2.00000000,2.12200000,333390.00000000
1687305600000,2.12300000,2.31700000,2.11900000,2.24800000,676434.20000000
1687392000000,2.24600000,2.33300000,2.22200000,2.24800000,485756.30000000
1687478400000,2.24700000,2.47900000,2.24300000,2.40300000,978915.40000000
1687564800000,2.40300000,2.44900000,2.33300000,2.41900000,539288.70000000
1687651200000,2.41800000,2.46100000,2.37800000,2.41400000,293604.50000000
1687737600000,2.41300000,2.46400000,2.34100000,2.42300000,522251.60000000
1687824000000,2.42400000,2.54000000,2.39800000,2.48700000,727772.90000000
1687910400000,2.48700000,2.48800000,2.19700000,2.27300000,492330.50000000
1687996800000,2.27400000,2.35600000,2.26700000,2.31700000,252884.70000000
1688083200000,2.31800000,2.90000000,2.28500000,2.67700000,3726397.20000000
1688169600000,2.67500000,3.56700000,2.67400000,2.99200000,14021920.90000000
1688256000000,2.99300000,3.04300000,2.78100000,2.85000000,3200685.50000000
1688342400000,2.84900000,2.85700000,2.70000000,2.74900000,2308040.70000000
1688428800000,2.74900000,3.07400000,2.72800000,2.82000000,4568502.10000000
1688515200000,2.82000000,2.82400000,2.60700000,2.73900000,1600958.40000000
1688601600000,2.73700000,2.96400000,2.70700000,2.73300000,2138713.60000000
1688688000000,2.73300000,2.89300000,2.69500000,2.76400000,1142340.70000000
1688774400000,2.76500000,2.84600000,2.74700000,2.84200000,644618.50000000
1688860800000,2.84200000,2.86400000,2.73400000,2.75100000,489464.20000000
1688947200000,2.75200000,2.83900000,2.66100000,2.79200000,931271.90000000
1689033600000,2.79400000,2.81300000,2.73100000,2.78800000,475905.70000000
1689120000000,2.78700000,2.83800000,2.69500000,2.73800000,640028.10000000
1689206400000,2.73800000,2.93800000,2.68900000,2.93300000,886672.00000000
1689292800000,2.93500000,2.98800000,2.70400000,2.79600000,949345.10000000
1689379200000,2.79400000,2.84000000,2.76900000,2.79000000,233391.50000000
1689465600000,2.78900000,2.80600000,2.67900000,2.69100000,313032.80000000
1689552000000,2.68900000,2.77300000,2.62900000,2.76300000,682176.60000000
1689638400000,2.76400000,2.79700000,2.66300000,2.71300000,390492.70000000
1689724800000,2.71100000,2.75100000,2.68600000,2.70100000,267486.60000000
1689811200000,2.70200000,2.79400000,2.67400000,2.72000000,444278.20000000
1689897600000,2.71900000,2.76800000,2.69500000,2.75400000,252674.20000000
1689984000000,2.75700000,2.87800000,2.68200000,2.71500000,544108.50000000
1690070400000,2.71600000,2.79100000,2.68500000,2.75500000,213147.00000000
1690156800000,2.75600000,2.76200000,2.53000000,2.59300000,490794.40000000
1690243200000,2.59300000,2.60900000,2.55600000,2.60000000,222852.20000000
1690329600000,2.60000000,2.60700000,2.50900000,2.55900000,653006.80000000
1690416000000,2.56000000,2.58000000,2.52000000,2.55400000,243519.80000000
1690502400000,2.55400000,2.60700000,2.53600000,2.56300000,225287.20000000
1690588800000,2.56300000,2.62600000,2.54600000,2.62600000,133099.10000000
1690675200000,2.62600000,2.71600000,2.53900000,2.61000000,946881.50000000
1690761600000,2.60900000,2.62300000,2.54400000,2.58200000,268372.30000000
1690848000000,2.58300000,2.85000000,2.50600000,2.75500000,4047640.50000000
1690934400000,2.75400000,2.97000000,2.68100000,2.70200000,3726814.10000000
1691020800000,2.70200000,2.81000000,2.58500000,2.62800000,1104068.40000000
1691107200000,2.62800000,2.65100000,2.52800000,2.55100000,603634.10000000
1691193600000,2.55100000,2.55900000,2.49600000,2.53300000,533063.00000000
1691280000000,2.53200000,2.61100000,2.52600000,2.57900000,577918.30000000
1691366400000,2.58000000,2.60800000,2.45800000,2.54100000,547698.20000000
1691452800000,2.54200000,2.64000000,2.52500000,2.60500000,363493.00000000
1691539200000,2.60600000,2.62100000,2.57600000,2.60900000,291811.40000000
1691625600000,2.61100000,2.62400000,2.57000000,2.60900000,268828.50000000
1691712000000,2.60900000,2.64200000,2.60700000,2.63400000,159159.10000000
1691798400000,2.63500000,2.65400000,2.58300000,2.60300000,147715.50000000
1691884800000,2.60400000,2.60700000,2.55300000,2.56600000,159432.50000000
1691971200000,2.56400000,2.69400000,2.54500000,2.55900000,527750.70000000
1692057600000,2.55800000,2.56100000,2.32800000,2.42900000,637898.60000000
1692144000000,2.42600000,2.43700000,2.24100000,2.33000000,523252.60000000
1692230400000,2.33000000,2.34200000,1.87000000,2.09000000,1406189.00000000
1692316800000,2.08900000,2.21500000,2.07000000,2.18500000,595299.30000000
1692403200000,2.18400000,2.24800000,2.16200000,2.23000000,327087.00000000
1692489600000,2.23200000,2.26900000,2.22200000,2.24900000,180875.00000000
1692576000000,2.25000000,2.25400000,2.14100000,2.19900000,319649.20000000
1692662400000,2.19900000,2.22700000,2.13300000,2.21600000,353466.70000000
1692748800000,2.21700000,2.27500000,2.19000000,2.24400000,372829.60000000
1692835200000,2.24400000,2.25300000,2.18800000,2.22100000,258644.90000000
1692921600000,2.22200000,2.22200000,2.15400000,2.20300000,219192.90000000
1693008000000,2.20400000,2.21900000,2.16300000,2.16800000,96387.50000000
1693094400000,2.16800000,2.18000000,2.14300000,2.16900000,214376.10000000
1693180800000,2.16700000,2.18000000,2.09600000,2.16300000,232184.90000000
1693267200000,2.16400000,2.31900000,2.10800000,2.27100000,512069.10000000
1693353600000,2.27300000,2.29100000,2.19500000,2.23000000,330381.50000000
1693440000000,2.23200000,2.26800000,2.12100000,2.16000000,650253.90000000
1693526400000,2.16400000,2.17200000,2.05200000,2.06700000,242640.80000000
1693612800000,2.06700000,2.09200000,2.04600000,2.08500000,285909.90000000
1693699200000,2.08600000,2.11900000,2.07500000,2.10500000,167212.90000000
1693785600000,2.10600000,2.16900000,2.08400000,2.11600000,226931.90000000
1693872000000,2.11300000,2.21600000,2.07700000,2.18200000,716307.20000000
1693958400000,2.18200000,2.22000000,2.11100000,2.16100000,305209.60000000
1694044800000,2.16200000,2.19500000,2.10100000,2.19100000,187098.20000000
1694131200000,2.19100000,2.20400000,2.11700000,2.14700000,224071.20000000
1694217600000,2.14600000,2.17800000,2.13300000,2.13600000,160423.90000000
1694304000000,2.13900000,2.13900000,2.04100000,2.07800000,241891.80000000
1694390400000,2.08000000,2.10600000,1.97600000,2.01300000,653261.40000000
1694476800000,2.01300000,2.11200000,2.00800000,2.05800000,254331.00000000
1694563200000,2.06000000,2.11400000,2.05000000,2.09600000,246409.10000000
1694649600000,2.09600000,2.24000000,2.08200000,2.16100000,752853.30000000
1694736000000,2.16200000,2.21000000,2.13900000,2.19500000,270290.70000000
1694822400000,2.19700000,2.28000000,2.19000000,2.21200000,824458.20000000
1694908800000,2.21100000,2.21100000,2.09500000,2.12300000,301695.80000000
1694995200000,2.12400000,2.23100000,2.09800000,2.18800000,701218.40000000
1695081600000,2.18900000,2.24900000,2.17800000,2.23300000,279782.50000000
1695168000000,2.23200000,2.24000000,2.17500000,2.23000000,293388.90000000
1695254400000,2.22600000,2.27100000,2.14200000,2.17200000,272542.40000000
1695340800000,2.17200000,2.22800000,2.17000000,2.22200000,389826.50000000
1695427200000,2.22200000,2.23800000,2.18900000,2.20600000,162010.40000000
1695513600000,2.20700000,2.22200000,2.15900000,2.17000000,237284.70000000
1695600000000,2.17100000,2.19700000,2.13700000,2.16300000,317058.80000000
1695686400000,2.16300000,2.17600000,2.10300000,2.13500000,134052.00000000
1695772800000,2.13500000,2.20300000,2.11600000,2.15900000,295259.90000000
1695859200000,2.15900000,2.25600000,2.15600000,2.22900000,450520.60000000
1695945600000,2.23200000,2.27000000,2.19500000,2.22500000,303072.20000000
1696032000000,2.22600000,2.24800000,2.20400000,2.23200000,186611.00000000
1696118400000,2.23200000,2.43000000,2.22700000,2.37800000,1289048.40000000
1696204800000,2.37800000,2.44000000,2.27000000,2.27200000,960352.60000000
1696291200000,2.27200000,2.40100000,2.21000000,2.22100000,925424.30000000
1696377600000,2.21800000,2.25200000,2.14800000,2.23700000,433936.10000000
1696464000000,2.23700000,2.26500000,2.20600000,2.23600000,284880.00000000
1696550400000,2.23600000,2.28600000,2.19200000,2.27000000,259876.20000000
1696636800000,2.26800000,2.31100000,2.25000000,2.27100000,746492.60000000
1696723200000,2.27200000,2.27600000,2.22600000,2.25500000,178698.50000000
1696809600000,2.25300000,2.25900000,2.07200000,2.12900000,350469.40000000
1696896000000,2.12900000,2.18200000,2.10500000,2.12400000,458532.50000000
1696982400000,2.12400000,2.13500000,2.06400000,2.10400000,255048.50000000
1697068800000,2.10400000,2.12800000,2.04800000,2.12300000,223314.90000000
1697155200000,2.12200000,2.18100000,2.10600000,2.14100000,224254.70000000
1697241600000,2.14000000,2.16400000,2.13400000,2.15100000,64030.10000000
1697328000000,2.14900000,2.18500000,2.14100000,2.16300000,178173.60000000
1697414400000,2.16500000,2.28900000,2.15900000,2.20900000,459505.70000000
1697500800000,2.20900000,2.25300000,2.13900000,2.18700000,345435.90000000
1697587200000,2.18800000,2.23100000,2.14700000,2.16000000,224361.10000000
1697673600000,2.16000000,2.17600000,2.10800000,2.14700000,258194.20000000
1697760000000,2.14700000,2.27900000,2.12500000,2.24500000,316315.30000000
1697846400000,2.24700000,2.34100000,2.24300000,2.30900000,391209.20000000
1697932800000,2.30900000,2.33000000,2.25000000,2.31100000,313474.30000000
1698019200000,2.31200000,2.49200000,2.30800000,2.45500000,1065862.30000000
1698105600000,2.46500000,2.52300000,2.35900000,2.47200000,1053706.50000000
1698192000000,2.47200000,2.50000000,2.37400000,2.45200000,340883.20000000
1698278400000,2.45500000,2.52600000,2.33000000,2.51500000,666315.80000000
1698364800000,2.51600000,2.77100000,2.41300000,2.75700000,1339301.30000000
1698451200000,2.75700000,3.32800000,2.71600000,3.09200000,8621006.20000000
1698537600000,3.09500000,3.20000000,2.91400000,3.01800000,2470720.30000000
1698624000000,3.01900000,3.11300000,2.94900000,3.05000000,1893031.50000000
1698710400000,3.05000000,3.16700000,2.84300000,3.16200000,1677202.10000000
1698796800000,3.16300000,3.56400000,3.04200000,3.49700000,2562928.60000000
1698883200000,3.49500000,3.52900000,3.17000000,3.19200000,1720087.50000000
1698969600000,3.19600000,3.19600000,2.94900000,3.07800000,1307918.10000000
1699056000000,3.07900000,3.33400000,2.88300000,3.07600000,3270282.30000000
1699142400000,3.07300000,3.50000000,2.99400000,3.12600000,5273024.30000000
1699228800000,3.12600000,3.26100000,3.07100000,3.18500000,1483484.60000000
1699315200000,3.18600000,3.20800000,2.98100000,3.08400000,978789.90000000
1699401600000,3.08300000,3.16300000,3.03000000,3.14000000,577247.80000000
1699488000000,3.14300000,3.31500000,2.79600000,3.07600000,2599585.30000000
1699574400000,3.07700000,3.43900000,3.05600000,3.26500000,2354602.90000000
1699660800000,3.26600000,3.34100000,3.07800000,3.17000000,1337525.50000000
1699747200000,3.17100000,3.26000000,3.03500000,3.22000000,878097.90000000
1699833600000,3.22300000,3.29200000,3.06300000,3.09400000,1040120.10000000
1699920000000,3.09400000,3.20000000,2.95900000,3.09300000,1350864.90000000
1700006400000,3.09100000,3.23700000,3.06500000,3.23700000,789464.20000000
1700092800000,3.23800000,3.28400000,2.87000000,3.08900000,1177753.30000000
1700179200000,3.08800000,3.21400000,2.96100000,3.15100000,1110347.30000000
1700265600000,3.15000000,3.17700000,2.95900000,3.04300000,684679.90000000
1700352000000,3.04400000,3.12100000,2.95100000,3.10800000,457669.00000000
1700438400000,3.10800000,3.23600000,3.07800000,3.19000000,913527.00000000
1700524800000,3.19000000,3.24000000,2.86000000,2.88600000,1240171.50000000
1700611200000,2.88500000,3.09300000,2.87000000,3.06100000,904214.60000000
1700697600000,3.06100000,3.09100000,2.99900000,3.07200000,450288.50000000
1700784000000,3.07000000,3.15500000,3.06200000,3.14300000,696980.40000000
1700870400000,3.14100000,3.37000000,3.11500000,3.36700000,1989440.60000000
1700956800000,3.36700000,3.37000000,3.13000000,3.20600000,1021855.10000000
1701043200000,3.21200000,3.23100000,2.95800000,3.04600000,1011837.20000000
1701129600000,3.04500000,3.08700000,2.94700000,3.05500000,585163.80000000
1701216000000,3.05800000,3.08000000,3.00600000,3.04200000,386490.70000000
1701302400000,3.03800000,3.05000000,2.98600000,3.02700000,348649.00000000
1701388800000,3.02900000,3.06900000,3.00200000,3.06200000,263836.10000000
1701475200000,3.06100000,3.14900000,3.04900000,3.13700000,412634.40000000
1701561600000,3.13800000,3.22900000,3.07900000,3.12900000,784168.50000000
1701648000000,3.13000000,3.19800000,2.96000000,3.15400000,1367427.70000000
1701734400000,3.15400000,3.23500000,3.06000000,3.21100000,1359797.90000000
1701820800000,3.21000000,3.26100000,3.10300000,3.21000000,1560600.50000000
1701907200000,3.20600000,3.34600000,3.14200000,3.30200000,1496377.80000000
1701993600000,3.30500000,3.45900000,3.24600000,3.43700000,1499071.00000000
1702080000000,3.43600000,3.58600000,3.40700000,3.49000000,1910881.10000000
1702166400000,3.49000000,3.59900000,3.32800000,3.44300000,1444903.10000000
1702252800000,3.44300000,3.46300000,2.89000000,3.11700000,2323282.50000000
1702339200000,3.12000000,3.17000000,3.05000000,3.13300000,1071383.20000000
1702425600000,3.13400000,3.21400000,3.00000000,3.18300000,1160589.10000000
1702512000000,3.18400000,3.26000000,3.06300000,3.23900000,846608.20000000
1702598400000,3.23900000,3.24900000,3.08900000,3.10800000,625383.20000000
1702684800000,3.10700000,3.22100000,3.07500000,3.19100000,413024.90000000
1702771200000,3.19100000,3.21700000,3.11000000,3.12300000,592184.30000000
1702857600000,3.12300000,3.14500000,2.87500000,3.08400000,770562.10000000
1702944000000,3.08200000,3.13700000,3.01100000,3.04600000,440997.20000000
1703030400000,3.04500000,3.21700000,3.01800000,3.14900000,669406.20000000
1703116800000,3.14900000,3.40500000,3.13600000,3.31500000,1947743.00000000
1703203200000,3.31400000,3.34400000,3.20900000,3.32800000,1002886.40000000
1703289600000,3.32700000,3.34900000,3.20900000,3.31000000,654257.10000000
1703376000000,3.30900000,3.34300000,3.14300000,3.19400000,1290471.70000000
1703462400000,3.19500000,3.42000000,3.16900000,3.38600000,1988854.90000000
1703548800000,3.39100000,3.48100000,3.12200000,3.36600000,1721621.60000000
1703635200000,3.36600000,3.71900000,3.22700000,3.63200000,2854291.20000000
1703721600000,3.62800000,3.76100000,3.44300000,3.49400000,2390256.00000000
1703808000000,3.49600000,3.52700000,3.28200000,3.37500000,1610646.90000000
1703894400000,3.37500000,3.55000000,3.33900000,3.53100000,1666355.70000000
1703980800000,3.53000000,3.85000000,3.49300000,3.71500000,3715975.40000000
1704067200000,3.71500000,3.78500000,3.54700000,3.70000000,1557481.30000000
1704153600000,3.69900000,3.76600000,3.60700000,3.71100000,1385226.10000000
1704240000000,3.71000000,3.75400000,2.80000000,3.25800000,2834978.90000000
1704326400000,3.25800000,3.29600000,3.13600000,3.25200000,799368.70000000
1704412800000,3.25100000,3.27600000,3.00600000,3.14500000,897792.30000000
1704499200000,3.14600000,3.19300000,2.94900000,3.19200000,748380.60000000
1704585600000,3.18900000,3.20500000,2.92500000,2.97300000,823439.90000000
1704672000000,2.97500000,3.11700000,2.74400000,3.11100000,1106855.00000000
1704758400000,3.11100000,3.14600000,2.86900000,3.00000000,1138034.60000000
1704844800000,2.99400000,3.21900000,2.88000000,3.16900000,1200241.20000000
1704931200000,3.17300000,3.43700000,3.14800000,3.31400000,1308416.10000000
1705017600000,3.31500000,3.46300000,3.01100000,3.12400000,1389586.40000000
1705104000000,3.12600000,3.15300000,3.03000000,3.11800000,544945.60000000
1705190400000,3.11800000,3.16100000,3.02400000,3.03700000,497202.60000000
1705276800000,3.03700000,3.14500000,3.03100000,3.09700000,483598.20000000
1705363200000,3.09800000,3.17800000,3.05700000,3.14200000,367035.80000000
1705449600000,3.14200000,3.20100000,3.05200000,3.12600000,485900.00000000
1705536000000,3.12800000,3.18500000,2.94400000,2.99100000,534769.30000000
1705622400000,2.99200000,3.07100000,2.84700000,3.04900000,638200.20000000
1705708800000,3.04900000,3.07900000,3.00300000,3.06700000,330913.60000000
1705795200000,3.06600000,3.09800000,3.00800000,3.01700000,232696.60000000
1705881600000,3.01900000,3.04900000,2.81200000,2.84800000,658366.90000000
1705968000000,2.84700000,2.90200000,2.65000000,2.83000000,930879.00000000
1706054400000,2.83100000,2.88000000,2.78800000,2.87500000,691795.50000000
1706140800000,2.87500000,2.88700000,2.76100000,2.80700000,922396.90000000
1706227200000,2.80400000,2.93000000,2.77500000,2.90400000,312455.10000000
1706313600000,2.90600000,2.95700000,2.89900000,2.92900000,267043.40000000
1706400000000,2.93000000,2.97400000,2.84800000,2.89300000,235194.80000000
1706486400000,2.89300000,2.95900000,2.84900000,2.95300000,277338.50000000
1706572800000,2.95300000,2.97800000,2.88100000,2.90100000,371177.70000000
1706659200000,2.89900000,2.94800000,2.79200000,2.82600000,462107.90000000
1706745600000,2.82900000,2.86900000,2.77900000,2.85400000,338341.00000000
1706832000000,2.85900000,2.89700000,2.83600000,2.89500000,168608.20000000
1706918400000,2.89700000,2.92600000,2.88200000,2.90100000,168503.90000000
1707004800000,2.90100000,2.90200000,2.81400000,2.83000000,174163.50000000
1707091200000,2.82700000,2.87200000,2.78800000,2.82900000,248841.70000000
1707177600000,2.82800000,2.86900000,2.80800000,2.84200000,127074.50000000
1707264000000,2.84300000,2.91200000,2.81000000,2.90800000,256806.30000000
1707350400000,2.90800000,2.97100000,2.90100000,2.93500000,198121.70000000
1707436800000,2.93600000,3.02400000,2.93400000,3.01200000,408974.00000000
1707523200000,3.01200000,3.03400000,2.93400000,2.99900000,304713.60000000
1707609600000,3.00200000,3.04100000,2.96400000,2.99700000,302686.60000000
1707696000000,2.99700000,3.07600000,2.94900000,3.06200000,335444.40000000
1707782400000,3.06100000,3.08200000,2.93700000,3.03400000,456012.70000000
1707868800000,3.03500000,3.11300000,3.00300000,3.10100000,397878.20000000
1707955200000,3.10100000,3.64000000,3.08600000,3.32200000,6308224.40000000
1708041600000,3.32300000,3.46500000,3.26100000,3.34300000,1637838.20000000
1708128000000,3.34400000,3.34900000,3.16900000,3.30300000,697473.60000000
1708214400000,3.30200000,3.41000000,3.26400000,3.31200000,831690.70000000
1708300800000,3.31300000,3.40000000,3.20000000,3.36600000,1089763.40000000
1708387200000,3.36700000,3.42000000,3.15000000,3.36500000,1380427.40000000
1708473600000,3.36400000,3.42000000,3.18500000,3.29300000,702445.70000000
1708560000000,3.29400000,3.38300000,3.18300000,3.25800000,818911.70000000
1708646400000,3.25700000,3.29200000,3.12800000,3.20700000,709948.70000000
1708732800000,3.21100000,3.30900000,3.16100000,3.28200000,548236.50000000
1708819200000,3.28500000,3.50700000,3.25300000,3.43000000,2474056.50000000
1708905600000,3.43000000,3.45200000,3.27500000,3.43200000,1332465.60000000
1708992000000,3.43200000,3.58700000,3.34600000,3.45600000,1540252.50000000
1709078400000,3.45800000,3.84300000,3.32400000,3.56000000,3011128.90000000
1709164800000,3.55900000,3.85800000,3.53200000,3.65400000,1958257.80000000
1709251200000,3.65400000,3.93400000,3.64400000,3.92500000,1480353.10000000
1709337600000,3.92300000,4.34900000,3.91800000,4.34200000,3968001.10000000
1709424000000,4.34200000,4.39000000,3.66000000,4.18400000,1642584.90000000
1709510400000,4.18300000,6.30000000,4.13300000,5.26700000,17358961.60000000
1709596800000,5.26600000,6.15000000,4.25100000,4.89000000,8447209.00000000
1709683200000,4.89200000,5.05300000,4.53700000,5.04200000,2405451.80000000
1709769600000,5.04200000,5.09300000,4.71400000,5.01900000,1683008.10000000
1709856000000,5.02200000,5.26200000,4.77000000,5.05300000,2400387.10000000
1709942400000,5.05300000,5.33800000,5.00800000,5.20100000,1516045.20000000
1710028800000,5.20200000,5.41500000,4.87300000,4.99800000,1578230.00000000
1710115200000,4.99900000,5.29800000,4.71000000,5.25300000,1754170.30000000
1710201600000,5.25100000,5.37500000,4.87700000,5.35800000,3123545.90000000
1710288000000,5.35800000,5.54400000,5.25100000,5.47000000,2621464.00000000
1710374400000,5.47100000,5.49100000,4.85400000,5.17300000,2373234.00000000
1710460800000,5.17700000,5.23200000,4.43700000,4.97000000,3456726.60000000
1710547200000,4.97200000,5.09700000,4.34100000,4.44300000,1741796.00000000
1710633600000,4.44500000,4.67400000,4.11900000,4.61300000,1552674.90000000
1710720000000,4.60800000,4.70100000,4.25200000,4.34200000,1490374.50000000
1710806400000,4.34100000,4.39500000,3.78200000,3.86900000,1758394.60000000
1710892800000,3.86400000,4.28900000,3.71000000,4.26200000,1351090.70000000
1710979200000,4.26000000,4.34400000,4.14700000,4.25600000,845095.50000000
1711065600000,4.25500000,4.32600000,3.99300000,4.13400000,690838.00000000
1711152000000,4.13800000,4.37200000,4.09600000,4.26400000,756832.10000000
1711238400000,4.26300000,4.43900000,4.25600000,4.42700000,968427.10000000
1711324800000,4.42700000,4.60300000,4.33900000,4.54500000,924518.20000000
1711411200000,4.54700000,4.88700000,4.52800000,4.77100000,1261445.80000000
1711497600000,4.77000000,4.82000000,4.48700000,4.57400000,1026512.10000000
1711584000000,4.57700000,4.86600000,4.45400000,4.83600000,1015151.40000000
1711670400000,4.83600000,4.96500000,4.66700000,4.90600000,1314994.80000000
1711756800000,4.90100000,4.90100000,4.66800000,4.71000000,629352.10000000
1711843200000,4.71100000,4.90300000,4.68100000,4.88900000,441244.10000000
1711929600000,4.88800000,4.93700000,4.37400000,4.49900000,959043.10000000
1712016000000,4.50000000,4.50100000,4.05200000,4.17000000,1012311.10000000
1712102400000,4.16800000,4.26900000,4.01600000,4.10100000,1162721.60000000
1712188800000,4.10000000,4.35600000,4.02800000,4.25700000,524312.40000000
1712275200000,4.25800000,4.30400000,4.06700000,4.22700000,600507.30000000
1712361600000,4.22600000,4.36400000,4.19800000,4.31700000,314100.90000000
1712448000000,4.31700000,4.39900000,4.30300000,4.36100000,507536.70000000
1712534400000,4.35800000,5.19800000,4.24200000,5.08300000,4913168.30000000
1712620800000,5.08100000,5.14000000,4.53500000,4.54600000,2038706.10000000
1712707200000,4.54500000,5.30900000,4.50500000,5.09200000,5654238.60000000
1712793600000,5.09100000,5.53700000,4.96400000,5.17100000,4746442.40000000
1712880000000,5.17500000,5.73700000,4.09300000,4.59000000,6483517.70000000
1712966400000,4.58500000,4.71600000,3.29400000,3.75000000,2719853.60000000
1713052800000,3.75200000,4.29600000,3.51300000,4.27200000,2077912.30000000
1713139200000,4.27300000,4.74600000,3.92500000,4.17000000,2421823.30000000
1713225600000,4.17000000,4.22000000,3.81700000,4.00700000,1133505.90000000
1713312000000,4.00600000,4.04700000,3.65700000,3.75800000,1029832.20000000
1713398400000,3.75700000,4.09900000,3.59000000,4.01300000,1331563.80000000
1713484800000,4.01300000,4.25700000,3.69800000,4.01800000,1765377.80000000
1713571200000,4.02300000,4.27900000,3.95000000,4.20900000,585667.80000000
1713657600000,4.20900000,4.34200000,4.09100000,4.20400000,839238.60000000
1713744000000,4.20400000,4.38900000,4.17300000,4.32000000,811854.90000000
1713830400000,4.32000000,4.49900000,4.19200000,4.22000000,808512.90000000
1713916800000,4.21900000,4.29100000,3.96200000,4.02500000,844858.20000000
1714003200000,4.02600000,4.07600000,3.87200000,4.00500000,681843.20000000
1714089600000,4.00500000,4.06600000,3.86000000,3.98000000,702590.30000000
1714176000000,3.98400000,4.02000000,3.79800000,3.96500000,451785.00000000
1714262400000,3.96600000,4.13900000,3.92600000,3.95000000,555747.30000000
1714348800000,3.94900000,4.20400000,3.81700000,4.04200000,1355866.50000000
1714435200000,4.04400000,4.07800000,3.59600000,3.68500000,920121.80000000
1714521600000,3.68000000,3.69800000,3.34300000,3.57200000,1003394.20000000
1714608000000,3.57200000,3.62300000,3.40600000,3.57200000,715604.40000000
1714694400000,3.57200000,3.81400000,3.52800000,3.74500000,496364.10000000
1714780800000,3.74700000,3.81700000,3.71700000,3.73200000,403684.30000000
1714867200000,3.73200000,3.81200000,3.65800000,3.76200000,453117.70000000
1714953600000,3.76400000,3.90700000,3.66700000,3.68900000,599553.20000000
1715040000000,3.68900000,3.77000000,3.59100000,3.59700000,384714.70000000
1715126400000,3.59600000,3.64300000,3.50000000,3.51200000,669841.90000000
1715212800000,3.51300000,3.64500000,3.44300000,3.61400000,541179.30000000
1715299200000,3.61500000,3.99500000,3.51200000,3.58300000,2717327.90000000
1715385600000,3.58300000,3.66900000,3.49200000,3.49800000,486413.70000000
1715472000000,3.49800000,3.55400000,3.45000000,3.46900000,270558.80000000
1715558400000,3.46900000,3.64100000,3.31800000,3.61200000,546254.10000000
1715644800000,3.61200000,3.67900000,3.42500000,3.43600000,752264.90000000
1715731200000,3.43700000,3.67800000,3.41600000,3.63200000,380806.50000000
1715817600000,3.63400000,3.67300000,3.52600000,3.59900000,325124.20000000
1715904000000,3.60000000,3.75600000,3.57000000,3.69100000,366131.30000000
1715990400000,3.69100000,3.75400000,3.66300000,3.70500000,381774.00000000
1716076800000,3.70600000,3.73500000,3.54500000,3.57300000,173784.70000000
1716163200000,3.57400000,3.88700000,3.51400000,3.88200000,476991.40000000
1716249600000,3.88200000,3.98200000,3.81100000,3.90500000,798973.30000000
1716336000000,3.90400000,3.90900000,3.74500000,3.81700000,310887.90000000
1716422400000,3.81700000,3.85400000,3.50300000,3.70400000,629724.20000000
1716508800000,3.70600000,3.80400000,3.60100000,3.77400000,952501.20000000
1716595200000,3.77300000,3.80600000,3.75100000,3.77200000,194567.90000000
1716681600000,3.77300000,3.77400000,3.66100000,3.69100000,221129.40000000
1716768000000,3.69100000,3.85000000,3.65600000,3.81400000,571860.30000000
1716854400000,3.81400000,3.82100000,3.68000000,3.73000000,401296.40000000
1716940800000,3.73100000,3.79700000,3.65300000,3.66300000,336471.80000000
1717027200000,3.66400000,3.71300000,3.52800000,3.57800000,431278.40000000
1717113600000,3.57800000,3.57800000,3.45400000,3.49700000,305385.80000000
1717200000000,3.49700000,3.52900000,3.47400000,3.48400000,228045.10000000
1717286400000,3.48400000,3.51600000,3.41300000,3.43100000,211459.30000000
1717372800000,3.43100000,3.53800000,3.40500000,3.46700000,375040.50000000
1717459200000,3.46700000,3.53500000,3.43100000,3.53100000,256582.00000000
1717545600000,3.53400000,3.62900000,3.52000000,3.58600000,627889.70000000
1717632000000,3.58700000,3.61100000,3.49500000,3.54700000,344859.80000000
1717718400000,3.54900000,3.64500000,3.00000000,3.28700000,967970.30000000
1717804800000,3.28700000,3.29200000,3.07700000,3.10200000,484072.70000000
1717891200000,3.10300000,3.16400000,3.07600000,3.15800000,211428.80000000
1717977600000,3.15700000,3.19000000,3.05800000,3.11300000,282139.60000000
1718064000000,3.11400000,3.12100000,2.90000000,2.96400000,559266.30000000
1718150400000,2.96400000,3.13100000,2.90100000,3.07000000,539806.50000000
1718236800000,3.07000000,3.09600000,2.95300000,2.96800000,283701.70000000
1718323200000,2.96900000,3.02700000,2.80900000,2.88100000,395826.30000000
1718409600000,2.88300000,2.96400000,2.87500000,2.95000000,184780.90000000
1718496000000,2.95000000,3.00100000,2.89800000,2.97700000,152673.40000000
1718582400000,2.97800000,2.99100000,2.66400000,2.73800000,396673.10000000
1718668800000,2.73600000,2.75100000,2.36000000,2.51800000,1028206.70000000
1718755200000,2.51700000,2.58600000,2.48000000,2.52700000,350944.50000000
1718841600000,2.52600000,2.63500000,2.49100000,2.53500000,415118.30000000
1718928000000,2.53600000,2.59300000,2.50400000,2.54400000,247563.50000000
1719014400000,2.54400000,2.56300000,2.51900000,2.55300000,103711.00000000
1719100800000,2.55300000,2.60700000,2.49800000,2.50900000,172446.80000000
1719187200000,2.51000000,2.53300000,2.35800000,2.50000000,476858.40000000
1719273600000,2.49900000,2.60400000,2.49400000,2.57800000,216228.20000000
1719360000000,2.57800000,2.61300000,2.50900000,2.56600000,184561.50000000
1719446400000,2.56600000,2.62900000,2.52200000,2.60700000,174153.30000000
1719532800000,2.60800000,2.66500000,2.56200000,2.57100000,202025.50000000
1719619200000,2.57100000,2.61500000,2.50700000,2.51300000,125654.00000000
1719705600000,2.51400000,2.62500000,2.48800000,2.61800000,176853.80000000
1719792000000,2.61800000,2.65100000,2.54300000,2.56200000,195484.00000000
1719878400000,2.56100000,2.59200000,2.52800000,2.58300000,231390.90000000
1719964800000,2.58500000,2.58500000,2.42900000,2.45300000,195848.30000000
1720051200000,2.45500000,2.47100000,2.14900000,2.16600000,497682.40000000
1720137600000,2.16700000,2.18700000,1.88800000,2.16600000,1358651.40000000
1720224000000,2.16400000,2.29400000,2.13800000,2.28000000,407627.60000000
1720310400000,2.27900000,2.28100000,2.09800000,2.11200000,350407.80000000
1720396800000,2.11200000,2.26000000,2.02700000,2.18000000,472011.10000000
1720483200000,2.18000000,2.25600000,2.16700000,2.24900000,256387.30000000
1720569600000,2.24900000,2.30300000,2.21800000,2.26600000,161855.30000000
1720656000000,2.26400000,2.33800000,2.23300000,2.24800000,184154.00000000
1720742400000,2.24900000,2.33000000,2.23000000,2.32400000,200327.20000000
1720828800000,2.32500000,2.39800000,2.31000000,2.35600000,293096.10000000
1720915200000,2.35800000,2.45800000,2.35100000,2.44400000,1176996.80000000
1721001600000,2.44300000,2.57300000,2.44300000,2.57200000,250607.60000000
1721088000000,2.57000000,2.60600000,2.46200000,2.56700000,318841.50000000
1721174400000,2.56700000,2.75200000,2.56300000,2.65000000,1058541.40000000
1721260800000,2.65100000,2.84800000,2.60600000,2.67000000,1187122.90000000
1721347200000,2.67300000,2.76000000,2.58300000,2.75600000,507824.00000000
1721433600000,2.75600000,2.81200000,2.67800000,2.73200000,759286.20000000
1721520000000,2.73400000,2.80800000,2.61800000,2.79400000,679775.10000000
1721606400000,2.79600000,2.81400000,2.66800000,2.67100000,272857.10000000
1721692800000,2.67100000,2.74500000,2.54100000,2.60300000,430826.50000000
1721779200000,2.60300000,2.70800000,2.58000000,2.60200000,317631.10000000
1721865600000,2.60100000,2.61500000,2.37700000,2.46800000,363592.30000000
1721952000000,2.46800000,2.60000000,2.46500000,2.58900000,155923.30000000
1722038400000,2.58900000,2.79700000,2.58900000,2.72600000,984901.00000000
1722124800000,2.72500000,2.77600000,2.64700000,2.69800000,584322.10000000
1722211200000,2.69800000,2.79400000,2.68600000,2.74700000,453428.80000000
1722297600000,2.74600000,2.78000000,2.62700000,2.67500000,371056.60000000
1722384000000,2.67700000,2.71000000,2.55600000,2.56400000,411300.60000000
1722470400000,2.56400000,2.58200000,2.34900000,2.53200000,738467.40000000
1722556800000,2.53100000,2.53900000,2.31300000,2.34100000,401719.00000000
1722643200000,2.34000000,2.35500000,2.14200000,2.19000000,1017410.60000000
1722729600000,2.19200000,2.23200000,2.03300000,2.13800000,626514.00000000
1722816000000,2.13800000,2.16300000,1.78400000,1.99200000,2167274.20000000
1722902400000,1.99200000,2.10200000,1.99100000,2.06400000,620988.80000000
1722988800000,2.06400000,2.13400000,2.00400000,2.04800000,543222.50000000
1723075200000,2.04900000,2.25900000,2.00700000,2.25200000,452499.60000000
1723161600000,2.25300000,2.25400000,2.17000000,2.22800000,280208.10000000
1723248000000,2.22800000,2.26300000,2.21400000,2.24200000,163933.20000000
1723334400000,2.24200000,2.28800000,2.10000000,2.11600000,261118.40000000
1723420800000,2.11700000,2.24200000,2.10900000,2.20800000,329765.10000000
1723507200000,2.20700000,2.26400000,2.15600000,2.23500000,197022.50000000
1723593600000,2.23400000,2.50000000,2.23400000,2.35000000,2606753.60000000
1723680000000,2.34900000,2.35200000,2.18800000,2.23100000,584741.60000000
1723766400000,2.23100000,2.29900000,2.16400000,2.22800000,629370.10000000
1723852800000,2.22600000,2.24100000,2.18500000,2.23600000,516310.50000000
1723939200000,2.23500000,2.25300000,2.20400000,2.21800000,163337.90000000
1724025600000,2.21900000,2.34600000,2.19800000,2.33800000,469405.50000000
1724112000000,2.33900000,2.46800000,2.32500000,2.40600000,634432.00000000
1724198400000,2.40600000,2.52900000,2.36200000,2.51500000,474034.60000000
1724284800000,2.51400000,2.53500000,2.48000000,2.51900000,293693.40000000
1724371200000,2.51900000,2.65100000,2.48600000,2.62900000,405650.90000000
1724457600000,2.62900000,2.71000000,2.61500000,2.66000000,506038.70000000
1724544000000,2.65900000,2.68200000,2.55400000,2.64900000,265504.50000000
1724630400000,2.65100000,2.66700000,2.49000000,2.49700000,299629.10000000
1724716800000,2.49500000,2.53600000,2.29500000,2.34800000,399028.40000000
1724803200000,2.34800000,2.39600000,2.23900000,2.29500000,286391.60000000
1724889600000,2.29500000,2.37400000,2.25000000,2.30800000,270394.70000000
1724976000000,2.30500000,2.35600000,2.24200000,2.33900000,453914.90000000
1725062400000,2.33700000,2.35600000,2.26400000,2.27700000,298625.10000000
1725148800000,2.27900000,2.28000000,2.13300000,2.15900000,541681.70000000
1725235200000,2.15800000,2.26900000,2.15500000,2.24300000,517243.70000000
1725321600000,2.24200000,2.28000000,2.15700000,2.16000000,178987.90000000
1725408000000,2.16200000,2.21600000,2.05000000,2.17900000,342880.30000000
1725494400000,2.17900000,2.25900000,2.12900000,2.14600000,338433.70000000
1725580800000,2.14600000,2.19100000,2.01600000,2.07200000,612436.70000000
1725667200000,2.07300000,2.12900000,2.06300000,2.11000000,151052.20000000
1725753600000,2.11000000,2.20600000,2.09700000,2.18700000,227138.90000000
1725840000000,2.19000000,2.29500000,2.17400000,2.25800000,319711.60000000
1725926400000,2.25800000,2.27900000,2.22300000,2.26600000,196987.40000000
1726012800000,2.26600000,2.27100000,2.17700000,2.22300000,208707.60000000
1726099200000,2.22400000,2.29100000,2.22400000,2.26700000,229796.70000000
1726185600000,2.26900000,2.32100000,2.23900000,2.31300000,203239.10000000
1726272000000,2.31000000,2.35700000,2.27900000,2.30500000,510548.90000000
1726358400000,2.30700000,2.31600000,2.18500000,2.20100000,351142.20000000
1726444800000,2.20000000,2.23200000,2.16400000,2.19500000,260647.50000000
1726531200000,2.19500000,2.27500000,2.16700000,2.26000000,179101.40000000
1726617600000,2.26000000,2.30900000,2.18000000,2.30900000,244754.20000000
1726704000000,2.30800000,2.42600000,2.29200000,2.41000000,928979.00000000
1726790400000,2.41000000,2.49700000,2.37800000,2.45500000,489641.10000000
1726876800000,2.45400000,2.56700000,2.44900000,2.54400000,481962.30000000
1726963200000,2.54400000,2.54400000,2.40800000,2.47500000,249556.60000000
1727049600000,2.47700000,2.53400000,2.42800000,2.52300000,227485.70000000
1727136000000,2.52700000,2.62800000,2.47500000,2.58500000,731565.40000000
1727222400000,2.58500000,2.61900000,2.52200000,2.53600000,324320.20000000
1727308800000,2.53700000,2.65100000,2.48600000,2.64000000,221426.70000000
1727395200000,2.64000000,2.73500000,2.63100000,2.70900000,358918.60000000
1727481600000,2.70800000,2.73200000,2.59700000,2.65600000,249934.10000000
1727568000000,2.65900000,2.69700000,2.60200000,2.65900000,162573.70000000
1727654400000,2.66000000,2.80500000,2.56900000,2.60600000,1464821.30000000
1727740800000,2.60900000,2.72500000,2.32700000,2.39200000,1482951.00000000
1727827200000,2.39200000,2.51700000,2.34100000,2.36400000,548715.40000000
1727913600000,2.36200000,2.39300000,2.25700000,2.31200000,327062.00000000
1728000000000,2.31400000,2.38500000,2.29400000,2.38100000,246080.10000000
1728086400000,2.38200000,2.42500000,2.34500000,2.38100000,183601.00000000
1728172800000,2.38000000,2.44100000,2.36900000,2.44000000,126752.00000000
1728259200000,2.44100000,2.51800000,2.43200000,2.45900000,288289.80000000
1728345600000,2.46100000,2.54500000,2.40500000,2.43600000,451425.10000000
1728432000000,2.43600000,2.45800000,2.31600000,2.33100000,263048.00000000
1728518400000,2.33000000,2.38400000,2.29400000,2.38100000,293606.10000000
1728604800000,2.38200000,2.50600000,2.37500000,2.50300000,249038.30000000
1728691200000,2.50500000,2.57500000,2.50500000,2.51800000,229371.40000000
1728777600000,2.52100000,2.53400000,2.42600000,2.46800000,189419.90000000
1728864000000,2.46900000,2.61900000,2.43400000,2.60800000,297626.60000000
1728950400000,2.60900000,2.62800000,2.47200000,2.56800000,422701.60000000
1729036800000,2.56800000,2.58500000,2.51600000,2.52800000,248677.10000000
1729123200000,2.52700000,2.54600000,2.42600000,2.48000000,206998.70000000
1729209600000,2.48100000,2.55500000,2.46800000,2.55500000,170852.50000000
1729296000000,2.55300000,2.58800000,2.52800000,2.56600000,207985.40000000
1729382400000,2.56500000,2.65300000,2.52700000,2.64900000,338397.00000000
1729468800000,2.64700000,2.67500000,2.53200000,2.54400000,309922.60000000
1729555200000,2.54500000,2.55600000,2.45100000,2.47600000,293444.70000000
1729641600000,2.47700000,2.47800000,2.32900000,2.40100000,295053.40000000
1729728000000,2.40100000,2.43700000,2.32700000,2.40700000,343908.70000000
1729814400000,2.40800000,2.41300000,2.12000000,2.21700000,449093.70000000
1729900800000,2.21800000,2.26200000,2.17800000,2.22000000,298744.80000000
1729987200000,2.22000000,2.27500000,2.21300000,2.26300000,144826.60000000
1730073600000,2.26400000,2.29700000,2.19600000,2.29100000,307169.00000000
1730160000000,2.29000000,2.41400000,2.28800000,2.41100000,399197.30000000
1730246400000,2.41400000,2.42000000,2.35700000,2.36500000,290383.00000000
1730332800000,2.36500000,2.36700000,2.20700000,2.22900000,387579.50000000
1730419200000,2.22800000,2.27100000,2.17300000,2.21400000,223783.80000000
1730505600000,2.21400000,2.23600000,2.16700000,2.19100000,172406.20000000
1730592000000,2.19400000,2.19800000,2.07200000,2.13700000,420826.50000000
1730678400000,2.13500000,2.17100000,2.05800000,2.09300000,254827.20000000
1730764800000,2.09400000,2.22100000,2.09400000,2.19600000,243860.30000000
1730851200000,2.19400000,2.37300000,2.19200000,2.35800000,572563.00000000
1730937600000,2.35800000,2.43400000,2.32400000,2.40600000,436071.80000000
1731024000000,2.40700000,2.45800000,2.36200000,2.45100000,333862.70000000
1731110400000,2.45200000,2.51500000,2.40000000,2.51300000,387767.90000000
1731196800000,2.51300000,2.75900000,2.47000000,2.63700000,2023625.00000000
1731283200000,2.63900000,2.93000000,2.63100000,2.84100000,2065063.10000000
1731369600000,2.84500000,2.89100000,2.57800000,2.72200000,1649172.20000000
1731456000000,2.72200000,2.76400000,2.49200000,2.60200000,854730.60000000
1731542400000,2.60200000,3.00500000,2.60100000,2.69300000,4164351.10000000
1731628800000,2.69200000,2.88000000,2.61500000,2.86300000,1357410.00000000
1731715200000,2.86400000,3.23400000,2.83800000,3.22100000,2415375.90000000
1731801600000,3.22000000,3.25500000,2.87400000,2.93000000,1197856.00000000
1731888000000,2.93500000,3.29900000,2.90900000,3.22800000,1478278.00000000
1731974400000,3.22500000,3.34400000,3.03400000,3.12900000,1060060.00000000
1732060800000,3.13000000,3.15600000,2.90700000,2.97300000,743862.60000000
1732147200000,2.97300000,3.35400000,2.88100000,3.28000000,1984903.30000000
1732233600000,3.28100000,3.51200000,3.23800000,3.50200000,2115515.40000000
1732320000000,3.50300000,3.90000000,3.47000000,3.69100000,3008255.40000000
1732406400000,3.69200000,3.98000000,3.42400000,3.78800000,2237883.90000000
1732492800000,3.79100000,3.87300000,3.49900000,3.58100000,1223258.70000000
1732579200000,3.58000000,3.72900000,3.34900000,3.54100000,1096447.50000000
1732665600000,3.53800000,3.76700000,3.46600000,3.76100000,750253.40000000
1732752000000,3.76000000,3.79200000,3.58100000,3.69200000,816768.10000000
1732838400000,3.69400000,3.93400000,3.59300000,3.91500000,707927.80000000
1732924800000,3.91400000,3.99000000,3.81800000,3.92300000,859264.00000000
1733011200000,3.91600000,4.04100000,3.77000000,4.02300000,737858.20000000
1733097600000,4.02600000,4.35400000,3.80100000,4.26800000,3034608.20000000
1733184000000,4.26600000,5.74200000,4.08200000,5.73800000,5596744.70000000
1733270400000,5.73500000,5.74200000,4.75500000,5.01800000,3591490.70000000
1733356800000,5.02100000,5.04600000,4.60800000,4.76300000,1641212.80000000
1733443200000,4.76600000,5.01600000,4.52200000,4.80700000,1391920.30000000
1733529600000,4.80200000,4.98000000,4.68500000,4.84700000,1149461.30000000
1733616000000,4.84500000,5.04100000,4.73600000,4.98500000,1095240.90000000
1733702400000,4.98500000,5.02700000,3.29800000,4.02500000,2091840.50000000
1733788800000,4.02600000,4.07100000,3.52000000,3.89900000,2283805.40000000
1733875200000,3.89800000,4.19300000,3.70300000,4.15400000,1103849.30000000
1733961600000,4.15400000,4.38300000,4.09700000,4.18400000,1053130.10000000
1734048000000,4.18500000,4.21100000,4.02300000,4.16100000,694869.10000000
1734134400000,4.16000000,4.20700000,3.84900000,3.93200000,578392.80000000
1734220800000,3.93200000,4.06400000,3.83000000,4.05200000,565076.60000000
1734307200000,4.05400000,4.13800000,3.79600000,3.88200000,567316.70000000
1734393600000,3.88000000,3.95000000,3.67300000,3.71200000,592403.00000000
1734480000000,3.71600000,3.74000000,3.31400000,3.32500000,978372.60000000
1734566400000,3.32300000,3.37300000,2.91300000,3.01100000,1965330.10000000
1734652800000,3.01300000,3.17500000,2.65400000,3.15400000,1547471.60000000
1734739200000,3.15600000,3.32800000,2.96700000,3.02000000,649330.50000000
1734825600000,3.02200000,3.17100000,2.96300000,3.05200000,607980.10000000
1734912000000,3.05200000,3.31200000,2.97800000,3.25700000,663391.90000000
1734998400000,3.25400000,3.45700000,3.16500000,3.39000000,622805.00000000
1735084800000,3.39000000,3.45500000,3.26800000,3.30500000,436479.20000000
1735171200000,3.30400000,3.33400000,3.07200000,3.11400000,382495.00000000
1735257600000,3.11400000,3.24100000,2.99000000,3.11500000,363997.70000000
1735344000000,3.11800000,3.29900000,3.09500000,3.28300000,291373.50000000
1735430400000,3.28500000,3.28500000,3.08500000,3.11400000,296767.90000000
1735516800000,3.11200000,3.21600000,2.98300000,3.07900000,493370.30000000
1735603200000,3.08100000,3.12400000,2.95900000,3.01000000,436289.10000000
1735689600000,3.01100000,3.15900000,2.93200000,3.13400000,369410.90000000
1735776000000,3.13500000,3.26800000,3.13300000,3.21200000,450713.00000000
1735862400000,3.21300000,3.46200000,3.17600000,3.45600000,590551.80000000
1735948800000,3.46000000,3.49200000,3.38900000,3.42800000,445839.20000000
1736035200000,3.42900000,3.51000000,3.39500000,3.46400000,499212.80000000
1736121600000,3.46400000,3.63400000,3.42500000,3.57400000,580359.30000000
1736208000000,3.57100000,3.58000000,3.18800000,3.18900000,804157.70000000
1736294400000,3.19000000,3.23000000,2.93500000,3.08800000,1061148.10000000
1736380800000,3.08500000,3.25800000,3.07500000,3.20200000,1185667.60000000
1736467200000,3.20200000,3.35900000,3.09400000,3.28900000,913787.90000000
1736553600000,3.29000000,3.36200000,3.20900000,3.27600000,492760.20000000
1736640000000,3.27700000,3.28900000,3.13100000,3.17700000,346939.70000000
1736726400000,3.17500000,3.35000000,2.87700000,3.09300000,1082986.40000000
1736812800000,3.09300000,3.21700000,3.05700000,3.20700000,444849.90000000
1736899200000,3.20400000,3.37700000,3.11600000,3.36700000,819416.80000000
1736985600000,3.37000000,3.42100000,3.25400000,3.35100000,824640.50000000
1737072000000,3.35100000,3.54900000,3.35100000,3.50500000,1232009.70000000
1737158400000,3.50300000,3.51800000,3.24200000,3.31100000,731745.70000000
1737244800000,3.31000000,3.36100000,2.93500000,2.99300000,1648929.80000000
1737331200000,2.99400000,3.28500000,2.89300000,3.02100000,1258164.80000000
1737417600000,3.02300000,3.17600000,2.90500000,3.07600000,824979.00000000
1737504000000,3.07800000,3.11300000,2.92300000,2.93900000,868703.30000000
1737590400000,2.93700000,2.98500000,2.84500000,2.93200000,569004.50000000
1737676800000,2.93300000,3.00500000,2.83800000,2.87400000,363392.10000000
1737763200000,2.87300000,2.96400000,2.82700000,2.93800000,447611.70000000
1737849600000,2.93800000,3.00200000,2.86100000,2.86500000,278995.80000000
1737936000000,2.86300000,2.88100000,2.48000000,2.84200000,744624.20000000
1738022400000,2.83900000,2.87200000,2.66900000,2.70500000,674806.20000000
1738108800000,2.70200000,2.84300000,2.68200000,2.75900000,447676.40000000
1738195200000,2.75900000,2.94800000,2.72700000,2.88100000,383148.80000000
1738281600000,2.88200000,4.09900000,2.82000000,3.53800000,18711560.60000000
1738368000000,3.53800000,4.96600000,3.36700000,3.79000000,27471432.70000000
1738454400000,3.79000000,4.09100000,2.89800000,3.04300000,8510277.40000000
1738540800000,3.04300000,3.18200000,2.22300000,3.10800000,8395304.00000000
1738627200000,3.10800000,3.73200000,3.10300000,3.49800000,14432732.50000000
1738713600000,3.49600000,3.66300000,3.11000000,3.25200000,3876366.50000000
1738800000000,3.25200000,3.72000000,3.16500000,3.29500000,5781910.30000000
1738886400000,3.29600000,3.35300000,3.05700000,3.14400000,2895211.60000000
1738972800000,3.14300000,3.18700000,2.92900000,2.99500000,2337420.40000000
1739059200000,2.99500000,3.09500000,2.70200000,2.78400000,1714264.50000000
1739145600000,2.78600000,3.05700000,2.70800000,3.01600000,2739669.00000000
1739232000000,3.01600000,3.64800000,2.93500000,3.25700000,7166609.60000000
1739318400000,3.25700000,4.10000000,3.10600000,3.37100000,8849249.90000000
1739404800000,3.36900000,3.46100000,3.18600000,3.27200000,2880995.70000000
1739491200000,3.27300000,3.45000000,3.24200000,3.37100000,2694793.20000000
1739577600000,3.37000000,3.57100000,3.24700000,3.28100000,1876486.70000000
1739664000000,3.28000000,3.28600000,3.16900000,3.20300000,1037105.70000000
1739750400000,3.20200000,3.36800000,3.15900000,3.31900000,1732969.40000000
1739836800000,3.31800000,3.51800000,3.03500000,3.11100000,2765306.60000000
1739923200000,3.11100000,3.36300000,3.06400000,3.24500000,2472665.70000000
1740009600000,3.24600000,3.32400000,3.20400000,3.28000000,1818597.20000000
1740096000000,3.27800000,3.33900000,3.02300000,3.08000000,1898864.80000000
1740182400000,3.07700000,3.10100000,2.97400000,3.07500000,1487294.20000000
1740268800000,3.07500000,3.07800000,2.94700000,3.00500000,779190.40000000
1740355200000,3.00400000,3.01300000,2.60200000,2.64200000,1312183.30000000
1740441600000,2.64200000,2.74900000,2.47600000,2.64000000,1891352.90000000
1740528000000,2.63800000,2.64700000,2.44200000,2.56900000,1374641.40000000
1740614400000,2.57000000,2.65200000,2.52100000,2.59000000,804796.20000000
1740700800000,2.59100000,2.59500000,2.34000000,2.54600000,1199944.90000000
1740787200000,2.54400000,2.57400000,2.44500000,2.52300000,485942.50000000
1740873600000,2.52300000,2.73700000,2.48500000,2.71400000,1248427.60000000
1740960000000,2.71400000,2.71900000,2.26100000,2.28800000,2075523.70000000
1741046400000,2.28600000,2.36800000,2.14000000,2.33600000,1216631.60000000
1741132800000,2.33400000,2.39000000,2.27400000,2.36700000,813759.30000000
1741219200000,2.36800000,2.42500000,2.29000000,2.31400000,546574.00000000
1741305600000,2.31400000,2.40900000,2.19800000,2.30700000,1663194.50000000
1741392000000,2.30700000,2.31800000,2.22600000,2.24500000,406559.40000000
1741478400000,2.24500000,2.26400000,2.02000000,2.04500000,873835.40000000
1741564800000,2.04700000,2.18300000,1.94300000,1.98600000,984103.10000000
1741651200000,1.98700000,2.17600000,1.88700000,2.10800000,945103.90000000
1741737600000,2.11100000,2.16900000,2.04600000,2.13700000,990573.80000000
1741824000000,2.13600000,2.16200000,2.03800000,2.09800000,563949.90000000
1741910400000,2.09800000,2.18800000,2.08800000,2.14800000,538156.40000000
1741996800000,2.15100000,2.21900000,2.13800000,2.20900000,546074.70000000
1742083200000,2.20800000,2.26900000,2.09300000,2.10800000,775969.90000000
1742169600000,2.10700000,2.23800000,2.10300000,2.21400000,542224.50000000
1742256000000,2.21400000,2.23500000,2.03000000,2.23000000,956274.80000000
1742342400000,2.23000000,2.44700000,2.22400000,2.29400000,2868185.80000000
1742428800000,2.29300000,2.40400000,2.20000000,2.22100000,1656620.60000000
1742515200000,2.22100000,2.23300000,2.13200000,2.14500000,643503.10000000
1742601600000,2.14500000,2.18200000,2.13400000,2.14500000,419210.30000000
1742688000000,2.14600000,2.16200000,2.11400000,2.15600000,428529.60000000
1742774400000,2.15500000,2.25900000,2.12100000,2.23500000,602770.70000000
1742860800000,2.23400000,2.25200000,2.20100000,2.24300000,631402.80000000
1742947200000,2.24200000,2.27100000,2.18500000,2.20800000,495965.80000000
1743033600000,2.20900000,2.24500000,2.15300000,2.20200000,489165.40000000
1743120000000,2.20600000,2.20600000,2.01400000,2.05400000,1041627.40000000
1743206400000,2.05200000,2.06700000,1.91500000,1.93300000,627157.80000000
1743292800000,1.93300000,1.99400000,1.91200000,1.94000000,416997.80000000
1743379200000,1.94300000,1.96300000,1.88100000,1.91700000,837774.80000000
1743465600000,1.91700000,2.00400000,1.89700000,1.97400000,524708.60000000
1743552000000,1.97300000,1.97700000,1.81300000,1.83900000,839002.80000000
1743638400000,1.83900000,1.89400000,1.78800000,1.86000000,513897.80000000
1743724800000,1.86200000,1.89800000,1.80300000,1.88400000,489069.60000000
1743811200000,1.88300000,1.90200000,1.85400000,1.87800000,174349.90000000
1743897600000,1.88000000,1.92800000,1.69000000,1.72600000,856778.00000000
1743984000000,1.72500000,1.80100000,1.57100000,1.73300000,1424286.20000000
1744070400000,1.73100000,1.81000000,1.68500000,1.70300000,642780.00000000
1744156800000,1.70400000,1.93600000,1.64000000,1.89900000,1894209.90000000
1744243200000,1.90000000,1.97200000,1.84100000,1.88500000,1056966.20000000
1744329600000,1.88300000,1.96700000,1.85700000,1.93200000,899240.60000000
1744416000000,1.93100000,2.02400000,1.90300000,2.01400000,803341.50000000
1744502400000,2.01500000,2.19800000,1.95900000,1.97300000,2065592.50000000
1744588800000,1.97400000,2.00800000,1.93500000,1.94200000,1118518.20000000
1744675200000,1.94400000,1.98400000,1.92900000,1.94200000,738335.30000000
1744761600000,1.94300000,1.99800000,1.91200000,1.96400000,1080712.60000000
1744848000000,1.96500000,2.00100000,1.92500000,1.99000000,582352.70000000
1744934400000,1.99100000,2.21600000,1.97000000,2.12700000,2049413.70000000
1745020800000,2.12700000,2.19300000,2.09300000,2.13400000,962894.70000000
1745107200000,2.13400000,2.16500000,2.06000000,2.07900000,902428.80000000
1745193600000,2.08000000,2.17000000,2.07000000,2.08300000,781770.70000000
1745280000000,2.08500000,2.22700000,2.07600000,2.22700000,1417346.90000000
1745366400000,2.22700000,2.27600000,2.18900000,2.23400000,880351.00000000
1745452800000,2.23300000,2.26200000,2.16600000,2.24200000,802335.60000000
1745539200000,2.24100000,2.31400000,2.22900000,2.29300000,893956.30000000
1745625600000,2.29400000,2.37500000,2.24700000,2.27900000,871462.70000000
1745712000000,2.28100000,2.38600000,2.17300000,2.18100000,1452446.20000000
1745798400000,2.18200000,2.25100000,2.12000000,2.22000000,913963.30000000
1745884800000,2.21900000,2.23700000,2.15300000,2.18100000,606892.60000000
1745971200000,2.17900000,2.19800000,2.07400000,2.14300000,781375.90000000
1746057600000,2.14500000,2.22200000,2.13800000,2.20400000,601617.00000000
1746144000000,2.20500000,2.23000000,2.17700000,2.21800000,636834.00000000
1746230400000,2.21800000,2.22300000,2.10800000,2.13700000,508826.00000000
1746316800000,2.13500000,2.15500000,2.05800000,2.07300000,513296.00000000
1746403200000,2.07400000,2.14800000,2.05000000,2.10400000,575128.10000000
1746489600000,2.10400000,2.10900000,1.97100000,2.04500000,812747.10000000
1746576000000,2.04600000,2.12200000,2.03400000,2.10900000,751005.80000000
1746662400000,2.11000000,2.46500000,2.11000000,2.37500000,1573237.80000000
1746748800000,2.37500000,2.50000000,2.35400000,2.48200000,1531288.80000000
1746835200000,2.48200000,2.61600000,2.46100000,2.60300000,1087577.10000000
1746921600000,2.60200000,2.65100000,2.44800000,2.51900000,986402.20000000
1747008000000,2.51700000,2.74000000,2.45100000,2.55400000,1811116.10000000
1747094400000,2.55400000,2.63100000,2.40500000,2.60000000,975589.30000000
1747180800000,2.59600000,2.61000000,2.46900000,2.49500000,572409.70000000
1747267200000,2.49500000,2.52800000,2.28200000,2.38900000,889764.40000000
1747353600000,2.39000000,2.44500000,2.34500000,2.36400000,502700.90000000
1747440000000,2.36400000,2.36800000,2.25300000,2.29000000,665316.40000000
1747526400000,2.29000000,2.43100000,2.21500000,2.35100000,837736.10000000
1747612800000,2.35100000,2.36900000,2.18800000,2.26000000,660605.80000000
1747699200000,2.25900000,2.32800000,2.21100000,2.28500000,496791.30000000
1747785600000,2.28600000,2.34200000,2.24000000,2.31300000,498480.50000000
1747872000000,2.31300000,2.41700000,2.31000000,2.40500000,501779.30000000
1747958400000,2.40500000,2.44900000,2.22900000,2.24100000,781146.80000000
1748044800000,2.23900000,2.27800000,2.21900000,2.22800000,304187.20000000
1748131200000,2.22700000,2.23500000,2.14200000,2.22800000,474078.90000000
1748217600000,2.22800000,2.25500000,2.18000000,2.19900000,411175.90000000
1748304000000,2.19900000,2.27700000,2.14800000,2.23600000,354596.50000000
1748390400000,2.23900000,2.24400000,2.13900000,2.19600000,489207.30000000
1748476800000,2.19800000,2.24500000,2.13500000,2.14200000,428478.60000000
1748563200000,2.14100000,2.15500000,1.97300000,1.98200000,1048503.90000000
1748649600000,1.98100000,2.01100000,1.91100000,1.99500000,604394.60000000
1748736000000,1.99500000,2.02000000,1.96100000,2.01300000,456359.50000000
1748822400000,2.01400000,2.06900000,1.97000000,2.06500000,279466.10000000
1748908800000,2.06400000,2.11400000,2.05800000,2.08000000,273087.10000000
1748995200000,2.08100000,2.10900000,2.02800000,2.03900000,228985.30000000
1749081600000,2.03900000,2.08400000,1.92400000,1.95300000,482053.20000000
1749168000000,1.95200000,2.04500000,1.93900000,1.99200000,245521.20000000
1749254400000,1.99300000,2.07200000,1.99000000,2.06500000,169635.50000000
1749340800000,2.06400000,2.09700000,2.03900000,2.07700000,204024.90000000
1749427200000,2.07700000,2.18300000,2.03800000,2.17900000,496590.10000000
1749513600000,2.18100000,2.24300000,2.16400000,2.24000000,561724.90000000
1749600000000,2.24100000,2.28400000,2.18100000,2.20000000,545886.60000000
1749686400000,2.20100000,2.20200000,2.09000000,2.09000000,407566.80000000
1749772800000,2.08900000,2.09100000,1.94600000,2.03500000,928828.50000000
1749859200000,2.03400000,2.04200000,1.99000000,2.02200000,350208.20000000
1749945600000,2.02200000,2.04400000,1.99400000,2.02700000,317575.80000000
1750032000000,2.02700000,2.14900000,2.00800000,2.07600000,370710.40000000
1750118400000,2.07700000,2.10800000,1.96500000,1.99700000,518085.40000000
1750204800000,1.99600000,2.01800000,1.91400000,1.97000000,482399.90000000
1750291200000,1.97000000,1.99700000,1.93400000,1.97300000,324119.10000000
1750377600000,1.97300000,2.00700000,1.89200000,1.91600000,523527.20000000
1750464000000,1.91600000,1.94800000,1.81000000,1.84600000,496484.80000000
1750550400000,1.84800000,1.86100000,1.72600000,1.79700000,780399.90000000
1750636800000,1.79800000,1.99800000,1.79300000,1.98200000,648130.20000000
1750723200000,1.98300000,2.01700000,1.96100000,2.01600000,446321.10000000
1750809600000,2.01600000,2.01600000,1.96500000,1.97700000,378212.80000000
1750896000000,1.97800000,2.02000000,1.92300000,1.93400000,699759.50000000
1750982400000,1.93400000,1.96800000,1.91300000,1.92600000,496339.30000000
1751068800000,1.92700000,1.97100000,1.91600000,1.96500000,418766.00000000
1751155200000,1.96500000,2.04600000,1.94700000,2.02400000,507722.60000000
1751241600000,2.02400000,2.03500000,1.94100000,1.97100000,508192.60000000
1751328000000,1.97200000,1.97800000,1.86500000,1.87900000,508094.60000000
1751414400000,1.87700000,2.08400000,1.86200000,2.02800000,899383.30000000
1751500800000,2.02800000,2.07100000,2.02300000,2.04500000,525308.80000000
1751587200000,2.04500000,2.05700000,1.92100000,1.94900000,636359.40000000
1751673600000,1.94800000,1.96600000,1.91600000,1.95100000,461986.60000000
1751760000000,1.95000000,2.00300000,1.93700000,1.98400000,386396.30000000
1751846400000,1.98500000,2.00700000,1.95200000,1.97100000,490147.80000000
1751932800000,1.96900000,2.01700000,1.94200000,2.01400000,587080.20000000
1752019200000,2.01500000,2.38100000,1.99200000,2.11700000,2282172.80000000
1752105600000,2.11700000,2.23300000,2.08900000,2.22500000,1267755.20000000
1752192000000,2.22400000,2.31600000,2.18600000,2.22200000,1131632.90000000
1752278400000,2.22300000,2.29900000,2.18700000,2.26200000,558536.60000000
1752364800000,2.26300000,2.34300000,2.25200000,2.28400000,417021.00000000
1752451200000,2.28500000,2.36300000,2.23100000,2.26600000,495767.50000000
1752537600000,2.26500000,2.32300000,2.19900000,2.32000000,528630.20000000
1752624000000,2.32000000,2.41400000,2.27600000,2.33700000,621488.60000000
1752710400000,2.33900000,2.38000000,2.26800000,2.35700000,724366.20000000
1752796800000,2.35900000,2.57700000,2.33700000,2.38300000,1248482.40000000
1752883200000,2.38400000,2.49700000,2.34000000,2.49200000,852807.20000000
1752969600000,2.49300000,2.70900000,2.46300000,2.56300000,1778816.50000000
1753056000000,2.56500000,2.61800000,2.50800000,2.55400000,934242.10000000
1753142400000,2.55300000,2.55900000,2.41100000,2.53300000,1009039.70000000
1753228800000,2.53400000,2.53400000,2.26300000,2.33000000,936773.80000000
1753315200000,2.32900000,2.36100000,2.17600000,2.28200000,623779.20000000
1753401600000,2.27800000,2.31200000,2.20700000,2.30900000,477909.60000000
1753488000000,2.30900000,2.35600000,2.29800000,2.32500000,284923.70000000
1753574400000,2.32500000,2.37600000,2.30900000,2.37000000,315800.70000000
1753660800000,2.37000000,2.40200000,2.20000000,2.22500000,435592.00000000
1753747200000,2.22400000,2.32300000,2.17400000,2.22300000,561618.20000000
1753833600000,2.22200000,2.22200000,2.07400000,2.18200000,578596.70000000
1753920000000,2.18300000,2.23500000,2.09400000,2.10400000,418099.70000000
1754006400000,2.10600000,2.13300000,1.98600000,2.03500000,1296619.10000000
1754092800000,2.03500000,2.08400000,1.96500000,1.99900000,985094.20000000
1754179200000,2.00000000,2.06400000,1.97200000,2.05500000,462647.10000000
1754265600000,2.05600000,2.13700000,2.04900000,2.13000000,285673.10000000
1754352000000,2.13100000,2.14900000,2.01800000,2.05300000,326885.90000000
1754438400000,2.05200000,2.10900000,2.00800000,2.09900000,429520.20000000
1754524800000,2.09800000,2.15700000,2.04700000,2.15600000,1254768.80000000
1754611200000,2.15600000,2.19200000,2.11100000,2.17700000,1088853.00000000
1754697600000,2.17900000,2.25300000,2.17700000,2.21800000,393733.10000000
1754784000000,2.21800000,2.25600000,2.15300000,2.19700000,513657.70000000
1754870400000,2.19600000,2.24500000,2.07100000,2.08800000,546569.80000000
1754956800000,2.08700000,2.24100000,2.05900000,2.22400000,527214.00000000
1755043200000,2.22600000,2.29800000,2.20300000,2.28200000,935921.80000000
1755129600000,2.28300000,2.33100000,2.06900000,2.10800000,1128157.20000000
1755216000000,2.10800000,2.15300000,2.00600000,2.07900000,841013.30000000
1755302400000,2.07900000,2.17400000,2.07200000,2.16300000,805492.90000000
1755388800000,2.16400000,2.21100000,2.14800000,2.16000000,793610.60000000
1755475200000,2.15900000,2.16200000,2.03400000,2.07700000,650960.50000000
1755561600000,2.07700000,2.10700000,1.97700000,1.98600000,785831.20000000
1755648000000,1.98500000,2.17800000,1.95800000,2.11600000,3254546.30000000
1755734400000,2.11600000,2.45600000,2.11600000,2.32800000,11052055.80000000
1755820800000,2.32600000,2.45000000,2.12600000,2.37600000,4080462.70000000
1755907200000,2.37600000,2.83400000,2.35900000,2.56400000,7244001.40000000
1755993600000,2.56200000,3.48900000,2.43400000,3.10100000,13470685.20000000
1756080000000,3.09800000,3.37300000,2.92500000,3.08200000,11744401.60000000
1756166400000,3.08300000,3.13300000,2.83700000,2.95400000,5596218.80000000
1756252800000,2.95200000,3.16300000,2.79000000,2.97900000,4610929.90000000
1756339200000,2.97700000,3.01300000,2.78700000,2.80600000,2444369.50000000
1756425600000,2.80600000,3.00900000,2.59100000,2.66500000,3746248.50000000
1756512000000,2.66600000,3.12300000,2.63500000,2.96400000,10708005.40000000
1756598400000,2.96300000,3.01900000,2.70500000,2.71500000,3055139.90000000
1756684800000,2.71400000,2.90800000,2.53300000,2.60400000,5135240.00000000
1756771200000,2.60400000,2.65200000,2.55200000,2.64800000,2237624.00000000
1756857600000,2.64800000,2.73000000,2.56600000,2.66300000,2103436.50000000
1756944000000,2.66400000,2.88900000,2.65300000,2.74700000,5438362.30000000
1757030400000,2.74500000,2.81500000,2.65700000,2.72200000,2976692.60000000
1757116800000,2.72200000,2.82600000,2.67400000,2.69400000,2026992.70000000
1757203200000,2.69400000,2.71700000,2.66000000,2.69800000,1399285.40000000
1757289600000,2.69700000,2.72500000,2.63500000,2.71800000,1257065.70000000
1757376000000,2.71600000,2.71600000,2.58500000,2.61800000,1302213.00000000
1757462400000,2.61700000,2.63000000,2.56000000,2.59500000,855801.50000000
1757548800000,2.59300000,2.61600000,2.54100000,2.60000000,677588.00000000
1757635200000,2.60000000,2.64600000,2.54200000,2.63100000,1160172.20000000
1757721600000,2.63100000,2.67100000,2.57300000,2.63000000,1035235.80000000
1757808000000,2.63000000,2.63100000,2.47800000,2.51000000,1112773.50000000
1757894400000,2.50900000,2.54300000,2.39000000,2.43200000,1162081.10000000
1757980800000,2.43200000,2.45500000,2.39500000,2.43600000,580500.90000000
1758067200000,2.43600000,2.48600000,2.38600000,2.48100000,730408.40000000
1758153600000,2.48200000,2.50300000,2.45800000,2.48500000,625350.40000000
1758240000000,2.48600000,2.50100000,2.37600000,2.39900000,827103.40000000
1758326400000,2.39800000,2.42000000,2.37900000,2.38900000,241690.30000000
1758412800000,2.38900000,2.40900000,2.33500000,2.34300000,312974.50000000
1758499200000,2.34200000,2.35100000,2.08400000,2.17000000,1052395.60000000
1758585600000,2.16900000,2.20700000,2.13000000,2.15700000,413421.10000000
1758672000000,2.15700000,2.28300000,2.11300000,2.23600000,1083361.30000000
1758758400000,2.23600000,2.23600000,2.03800000,2.05200000,1233957.80000000
1758844800000,2.05400000,2.20300000,2.05200000,2.18900000,591394.80000000
1758931200000,2.18800000,2.19200000,2.13600000,2.14400000,451988.20000000
1759017600000,2.14400000,2.18500000,2.09200000,2.17900000,256878.10000000
1759104000000,2.17900000,2.20500000,2.11800000,2.17000000,433510.90000000
1759190400000,2.16800000,2.17200000,2.07600000,2.12600000,345701.60000000
1759276800000,2.12600000,2.25900000,2.09400000,2.25000000,735066.20000000
1759363200000,2.25100000,2.30700000,2.21600000,2.27600000,641852.40000000
1759449600000,2.27700000,2.31600000,2.22200000,2.29000000,479963.90000000
1759536000000,2.29000000,2.29600000,2.18700000,2.21900000,374167.10000000
1759622400000,2.21800000,2.29900000,2.19300000,2.20300000,450042.60000000
1759708800000,2.20100000,2.28600000,2.19200000,2.24500000,394740.20000000
1759795200000,2.24600000,2.27300000,2.10400000,2.11400000,687466.90000000
1759881600000,2.11200000,2.43200000,2.11100000,2.36400000,5719983.10000000
1759968000000,2.36300000,2.49000000,2.23600000,2.42000000,3507645.90000000
1760054400000,2.41900000,2.43000000,1.21900000,1.81900000,4360105.20000000
1760140800000,1.81700000,1.98100000,1.77600000,1.86200000,1732951.30000000
1760227200000,1.86100000,2.10400000,1.82500000,2.07000000,1139985.00000000
1760313600000,2.06900000,2.15300000,2.03300000,2.14000000,786471.40000000
1760400000000,2.14100000,2.20500000,1.94200000,2.08100000,1015129.30000000
1760486400000,2.08200000,2.10600000,1.96300000,1.99700000,414028.60000000
1760572800000,1.99600000,2.04600000,1.90900000,1.94500000,524906.50000000
1760659200000,1.94600000,1.96700000,1.80800000,1.90300000,532249.30000000
1760745600000,1.90300000,1.96300000,1.89500000,1.95100000,400815.10000000
1760832000000,1.95000000,2.00800000,1.90800000,1.97500000,576642.10000000
1760918400000,1.97700000,2.04100000,1.94700000,2.00500000,555696.40000000
1761004800000,2.00500000,2.06800000,1.92400000,1.95400000,582993.40000000
1761091200000,1.95400000,1.98600000,1.86100000,1.91200000,589655.80000000
1761177600000,1.91100000,1.99600000,1.90600000,1.98100000,515481.00000000
1761264000000,1.98200000,2.02000000,1.95700000,2.00000000,478377.80000000
1761350400000,2.00200000,2.01300000,1.97600000,2.00200000,377843.70000000
1761436800000,2.00200000,2.07000000,1.97400000,2.05500000,372493.50000000
1761523200000,2.05700000,2.08400000,1.99800000,2.01400000,567163.00000000
1761609600000,2.01500000,2.04200000,1.93100000,1.96900000,441263.70000000
1761696000000,1.96700000,2.01600000,1.92300000,1.96500000,537430.30000000
1761782400000,1.96400000,2.06200000,1.76200000,1.82400000,1533130.50000000
1761868800000,1.82500000,1.87300000,1.80400000,1.85500000,731946.60000000
1761955200000,1.85400000,1.92900000,1.84600000,1.92200000,661863.90000000
1762041600000,1.92100000,1.94400000,1.85000000,1.90600000,614958.20000000
1762128000000,1.90500000,1.90500000,1.64000000,1.71500000,896974.60000000
1762214400000,1.71400000,1.78000000,1.59300000,1.68100000,811617.70000000
1762300800000,1.68000000,1.77700000,1.60800000,1.76600000,528149.80000000
1762387200000,1.76600000,1.78500000,1.68800000,1.73900000,615608.40000000
1762473600000,1.74000000,2.02400000,1.73600000,1.98100000,1568458.60000000
1762560000000,1.98100000,2.01200000,1.88700000,1.93900000,741645.10000000
1762646400000,1.94000000,1.94800000,1.86200000,1.92700000,786468.50000000
1762732800000,1.92800000,1.98500000,1.91200000,1.95200000,518644.70000000
1762819200000,1.95400000,1.99800000,1.84500000,1.85100000,1237865.40000000
1762905600000,1.85300000,1.97600000,1.81800000,1.84000000,1067333.00000000
1762992000000,1.83900000,1.88700000,1.71900000,1.77300000,1036948.30000000
1763078400000,1.77300000,1.81400000,1.69900000,1.72500000,1000931.70000000
1763164800000,1.72400000,1.78700000,1.72200000,1.75500000,881840.20000000
1763251200000,1.75500000,1.77100000,1.67100000,1.71500000,762436.30000000
1763337600000,1.71500000,1.78800000,1.67400000,1.70500000,607486.40000000
1763424000000,1.70600000,1.77900000,1.67400000,1.74300000,583014.10000000
1763510400000,1.74200000,1.75000000,1.61800000,1.69200000,642964.20000000
1763596800000,1.69200000,1.73500000,1.56100000,1.60600000,851992.90000000
1763683200000,1.60800000,1.63400000,1.45200000,1.54100000,907948.80000000
1763769600000,1.54100000,1.56200000,1.50400000,1.54000000,210123.90000000
1763856000000,1.54100000,1.57400000,1.53100000,1.53400000,279940.90000000
1763942400000,1.53300000,1.59900000,1.50400000,1.57400000,282259.10000000
1764028800000,1.57400000,1.61400000,1.55300000,1.60800000,195531.70000000
1764115200000,1.60800000,1.61700000,1.55200000,1.60100000,151722.60000000
1764201600000,1.60100000,1.62700000,1.58800000,1.60700000,169666.00000000
1764288000000,1.60700000,1.64300000,1.58500000,1.61400000,235714.30000000
1764374400000,1.61400000,1.62100000,1.58700000,1.59700000,205984.70000000
1764460800000,1.59700000,1.60500000,1.53800000,1.53800000,206471.60000000
1764547200000,1.54000000,1.54200000,1.39800000,1.43800000,753566.50000000
1764633600000,1.43900000,1.54200000,1.39400000,1.51700000,386000.30000000
1764720000000,1.51700000,1.57300000,1.50100000,1.55400000,292466.70000000
1764806400000,1.55700000,1.56700000,1.47600000,1.49400000,259050.30000000
1764892800000,1.49300000,1.50900000,1.41200000,1.43600000,315260.30000000
1764979200000,1.43500000,1.44700000,1.41700000,1.44100000,111834.60000000
1765065600000,1.44100000,1.44800000,1.37200000,1.40900000,233662.30000000
1765152000000,1.40700000,1.47000000,1.40500000,1.45600000,166086.50000000
1765238400000,1.45600000,1.54400000,1.43500000,1.50200000,208568.90000000
1765324800000,1.50300000,1.52700000,1.46600000,1.47000000,196233.50000000
1765411200000,1.47000000,1.47300000,1.41400000,1.44900000,151492.50000000
1765497600000,1.44900000,1.46400000,1.38200000,1.41600000,132772.60000000
1765584000000,1.41500000,1.78900000,1.41300000,1.51500000,4219485.40000000
1765670400000,1.51400000,1.55900000,1.40500000,1.42800000,1362154.80000000
1765756800000,1.42800000,1.48700000,1.36000000,1.37400000,1330922.80000000
1765843200000,1.37400000,1.39100000,1.32600000,1.36700000,661639.90000000
1765929600000,1.36700000,1.37300000,1.27100000,1.27900000,434327.80000000
1766016000000,1.27900000,1.32400000,1.21100000,1.23300000,491153.70000000
1766102400000,1.23400000,1.32400000,1.21900000,1.31000000,358823.90000000
1766188800000,1.31000000,1.31600000,1.28800000,1.29400000,173973.30000000
1766275200000,1.29400000,1.29600000,1.23600000,1.25100000,148621.70000000
1766361600000,1.25100000,1.28600000,1.24000000,1.27100000,158282.70000000
1766448000000,1.27000000,1.27400000,1.22600000,1.26000000,124386.90000000
1766534400000,1.26100000,1.26300000,1.22000000,1.25500000,219163.70000000
1766620800000,1.25500000,1.25800000,1.20900000,1.21300000,160575.40000000
1766707200000,1.21300000,1.25400000,1.17900000,1.20700000,406509.30000000
1766793600000,1.20700000,1.32900000,1.19600000,1.30600000,2111516.50000000
1766880000000,1.30700000,1.32600000,1.26000000,1.26900000,774029.50000000
1766966400000,1.27000000,1.37300000,1.26500000,1.29400000,1517865.70000000
1767052800000,1.29300000,1.30000000,1.26100000,1.28300000,365254.60000000
1767139200000,1.28200000,1.61800000,1.26700000,1.34900000,10590153.80000000
1767225600000,1.34900000,1.38400000,1.28500000,1.33800000,1876092.50000000
1767312000000,1.33800000,1.39000000,1.31700000,1.38900000,1012280.30000000
1767398400000,1.38900000,1.40400000,1.35300000,1.37500000,432966.70000000
1767484800000,1.37500000,1.40700000,1.37500000,1.39100000,340482.90000000
1767571200000,1.39200000,1.46100000,1.37900000,1.44800000,575443.10000000
1767657600000,1.44800000,1.61600000,1.44600000,1.51700000,3410462.50000000
1767744000000,1.51700000,1.58700000,1.45100000,1.48000000,1277427.90000000
1767830400000,1.48000000,1.49300000,1.44300000,1.47600000,607365.30000000
1767916800000,1.47700000,1.50000000,1.45700000,1.49200000,621837.10000000
1768003200000,1.49200000,1.51700000,1.46700000,1.48800000,350674.60000000
1768089600000,1.49000000,1.52600000,1.42300000,1.43500000,794957.30000000
1768176000000,1.43700000,1.45800000,1.38200000,1.39000000,271619.80000000
1768262400000,1.38900000,1.48700000,1.38800000,1.46700000,530987.40000000
1768348800000,1.46700000,1.67100000,1.46600000,1.57200000,3880261.80000000
1768435200000,1.57000000,1.59100000,1.42300000,1.43700000,814849.10000000
1768521600000,1.43600000,1.45700000,1.39500000,1.45400000,251996.40000000
1768608000000,1.45300000,1.51400000,1.44300000,1.47600000,419268.40000000
1768694400000,1.47700000,1.48400000,1.39300000,1.39300000,304262.30000000
1768780800000,1.39200000,1.39200000,1.28000000,1.37900000,571836.50000000
1768867200000,1.37800000,1.38500000,1.29600000,1.30700000,326819.90000000
1768953600000,1.30800000,1.37200000,1.29500000,1.33000000,706733.70000000
1769040000000,1.33100000,1.35100000,1.27600000,1.29600000,615333.50000000
1769126400000,1.29700000,1.31100000,1.25700000,1.28400000,747896.40000000
1769212800000,1.28700000,1.29700000,1.27300000,1.28100000,147401.20000000
1769299200000,1.28100000,1.28800000,1.20200000,1.22500000,376487.80000000
1769385600000,1.22600000,1.27200000,1.22000000,1.25900000,208176.50000000
1769472000000,1.25900000,1.34000000,1.23200000,1.28700000,1922681.00000000
1769558400000,1.28500000,1.28500000,1.23600000,1.26100000,701921.10000000
1769644800000,1.26100000,1.26200000,1.15500000,1.17100000,446421.20000000
1769731200000,1.17100000,1.17300000,1.12100000,1.15400000,1042015.70000000
1769817600000,1.15500000,1.18200000,0.98200000,1.06700000,1103076.00000000
1769904000000,1.06600000,1.12400000,1.04700000,1.06300000,560537.80000000
1769990400000,1.06300000,1.11400000,1.01700000,1.10400000,886109.20000000
1770076800000,1.10500000,1.11400000,1.02800000,1.07300000,371854.60000000
1770163200000,1.07200000,1.09700000,1.01800000,1.04200000,470673.00000000
1770249600000,1.04300000,1.05100000,0.85700000,0.86800000,1344752.90000000
1770336000000,0.87000000,0.96600000,0.77000000,0.95200000,1008086.50000000
1770422400000,0.95300000,0.95400000,0.91200000,0.94400000,363463.70000000
1770508800000,0.94300000,0.95000000,0.91800000,0.92500000,176839.10000000
1770595200000,0.92500000,0.94200000,0.89400000,0.92600000,141106.80000000
1770681600000,0.92800000,0.92900000,0.89200000,0.89900000,168612.30000000
1770768000000,0.89900000,0.93100000,0.86900000,0.91600000,321881.60000000
1770854400000,0.91700000,0.97800000,0.91600000,0.95200000,631943.30000000
1770940800000,0.95300000,1.00000000,0.93600000,0.99500000,406651.50000000
1771027200000,0.99500000,1.03500000,0.99400000,1.02500000,218285.70000000
1771113600000,1.02600000,1.03400000,0.96900000,0.98400000,330872.00000000
1771200000000,0.98400000,1.00300000,0.97300000,0.98600000,146480.50000000
1771286400000,0.98600000,0.98600000,0.95200000,0.96400000,120064.30000000
1771372800000,0.96500000,1.00600000,0.94400000,0.94600000,726956.40000000
1771459200000,0.94700000,0.95100000,0.91000000,0.93900000,201375.30000000
1771545600000,0.93800000,0.98000000,0.91800000,0.96200000,1047887.90000000
1771632000000,0.96100000,0.97000000,0.94100000,0.94100000,176320.20000000
1771718400000,0.94100000,0.94400000,0.90500000,0.91400000,167426.10000000
1771804800000,0.91500000,0.91500000,0.86700000,0.88000000,262778.80000000
1771891200000,0.88100000,0.88700000,0.84600000,0.86900000,217248.80000000
1771977600000,0.87000000,0.98200000,0.87000000,0.95100000,319022.30000000
1772064000000,0.95200000,0.96500000,0.90100000,0.92500000,287813.00000000
1772150400000,0.92800000,0.95100000,0.89800000,0.90900000,229660.30000000
1772236800000,0.91000000,0.91800000,0.83900000,0.91000000,411509.90000000
1772323200000,0.91200000,0.93500000,0.87200000,0.89100000,270831.80000000
1772409600000,0.89200000,0.95600000,0.89100000,0.92800000,714501.20000000
1772496000000,0.92900000,0.93800000,0.88700000,0.91300000,337766.90000000
1772582400000,0.91200000,0.95800000,0.89800000,0.94000000,309417.80000000
1772668800000,0.94100000,0.95100000,0.91300000,0.92900000,289394.60000000
1772755200000,0.93000000,0.93500000,0.87800000,0.89100000,278618.40000000
1772841600000,0.89000000,0.89800000,0.86000000,0.87100000,136925.20000000
1772928000000,0.87200000,0.87600000,0.84700000,0.85500000,200381.40000000
1773014400000,0.85600000,0.89300000,0.85400000,0.86800000,173861.40000000
1773100800000,0.86800000,0.90600000,0.86700000,0.88000000,193369.70000000
1773187200000,0.88100000,0.90100000,0.87300000,0.89600000,244578.70000000
1773273600000,0.89700000,0.89700000,0.87100000,0.88300000,183967.00000000
1773360000000,0.88400000,0.93300000,0.88200000,0.90600000,294283.90000000
1773446400000,0.90500000,0.90700000,0.87400000,0.88200000,90183.30000000
1773532800000,0.88200000,1.07000000,0.87900000,0.94800000,4369159.80000000
1773619200000,0.94900000,0.98400000,0.92600000,0.95100000,1278736.60000000
1773705600000,0.95100000,0.97200000,0.92900000,0.94700000,405387.50000000
1773792000000,0.94700000,0.95100000,0.88400000,0.89300000,430736.50000000
1773878400000,0.89400000,0.92000000,0.86500000,0.88400000,575844.40000000
1773964800000,0.88400000,0.89100000,0.87300000,0.88600000,151851.00000000
1774051200000,0.88600000,0.89000000,0.84800000,0.85300000,150723.00000000
1774137600000,0.85300000,0.85700000,0.82500000,0.84200000,233074.20000000
1774224000000,0.84300000,0.89200000,0.82700000,0.88300000,310550.30000000
1774310400000,0.88300000,0.93700000,0.86700000,0.93200000,1924348.70000000
1774396800000,0.93100000,0.94300000,0.90000000,0.90500000,680624.00000000
1774483200000,0.90600000,0.92700000,0.83600000,0.84900000,382707.60000000
1774569600000,0.85000000,0.85400000,0.81400000,0.82100000,297665.60000000
1774656000000,0.82000000,0.84300000,0.80300000,0.81600000,296506.90000000
1774742400000,0.81700000,0.82100000,0.78600000,0.80000000,237652.60000000
1774828800000,0.80100000,0.83900000,0.79900000,0.81200000,689747.20000000
1774915200000,0.81100000,0.92900000,0.79800000,0.89100000,2636301.10000000
1775001600000,0.88900000,0.96400000,0.86100000,0.93200000,2088808.00000000
1775088000000,0.93200000,0.93400000,0.87800000,0.87900000,1085237.60000000
1775174400000,0.87900000,1.01200000,0.87200000,0.96900000,3049832.10000000
1775260800000,0.96900000,1.00700000,0.93600000,0.96000000,1735083.80000000
1775347200000,0.95900000,0.97500000,0.93300000,0.96900000,653161.90000000
1775433600000,0.96800000,0.97700000,0.91800000,0.92800000,498611.30000000
1775520000000,0.92700000,0.95600000,0.88400000,0.95100000,525238.50000000
1775606400000,0.95000000,0.95200000,0.90900000,0.90900000,230475.00000000
1775692800000,0.90900000,0.93400000,0.90600000,0.91800000,492786.30000000
1775779200000,0.91900000,0.94100000,0.90700000,0.91500000,535181.90000000
1775865600000,0.91400000,0.93200000,0.90700000,0.91900000,352416.60000000
1775952000000,0.91900000,0.91900000,0.87300000,0.88300000,265079.30000000
1776038400000,0.88500000,0.92100000,0.87700000,0.91900000,132903.10000000
1776124800000,0.92000000,0.92100000,0.89000000,0.90200000,188164.40000000
1776211200000,0.90300000,0.92000000,0.88900000,0.90700000,586058.10000000
1776297600000,0.90800000,0.94500000,0.88600000,0.94100000,672757.20000000
1776384000000,0.94000000,0.96800000,0.92400000,0.95400000,449531.80000000
1776470400000,0.95400000,0.97000000,0.91700000,0.91900000,499547.10000000
1776556800000,0.91700000,0.91800000,0.88200000,0.88500000,255667.60000000
1776643200000,0.88600000,0.92500000,0.88500000,0.91600000,228978.20000000
1776729600000,0.91500000,0.92100000,0.89500000,0.91100000,163995.40000000
1776816000000,0.91100000,0.93800000,0.90100000,0.90300000,386552.20000000
1776902400000,0.90400000,0.91100000,0.88300000,0.90700000,213689.70000000
1776988800000,0.90800000,0.91700000,0.89800000,0.90400000,188984.60000000
1777075200000,0.90400000,0.91900000,0.89100000,0.89500000,200104.10000000
1777161600000,0.89500000,0.91500000,0.89000000,0.90800000,180577.60000000
1777248000000,0.91000000,0.91800000,0.88000000,0.88900000,183017.80000000
1777334400000,0.89000000,0.89300000,0.88000000,0.88700000,125869.20000000
1777420800000,0.88800000,0.90200000,0.85900000,0.87500000,263189.80000000
1777507200000,0.87600000,0.88100000,0.86000000,0.86200000,230693.70000000
1777593600000,0.86300000,0.87800000,0.86300000,0.87400000,99574.40000000
1777680000000,0.87400000,0.88400000,0.86700000,0.88000000,108433.20000000
1777766400000,0.87900000,0.88000000,0.86800000,0.87200000,98102.70000000
1777852800000,0.87200000,0.89400000,0.86700000,0.87600000,169711.70000000
1777939200000,0.87700000,0.90200000,0.87600000,0.89500000,323990.30000000
1778025600000,0.89500000,0.93200000,0.89300000,0.92200000,364761.50000000
1778112000000,0.92200000,0.93700000,0.90500000,0.92000000,256379.00000000
1778198400000,0.92200000,0.97700000,0.91400000,0.96600000,236853.20000000
1778284800000,0.96600000,0.98600000,0.95900000,0.96000000,367897.70000000
1778371200000,0.96000000,1.29000000,0.94600000,1.04400000,7392540.90000000
1778457600000,1.04400000,1.09900000,1.01600000,1.03100000,2632938.60000000
1778544000000,1.03100000,1.05300000,1.00200000,1.03000000,1185255.60000000
1778630400000,1.03000000,1.05500000,0.97100000,0.98800000,744896.90000000
1778716800000,0.98700000,1.00900000,0.96900000,0.98200000,408743.00000000
1778803200000,0.98300000,0.99400000,0.91500000,0.93100000,458500.00000000
1778889600000,0.93100000,0.93500000,0.89400000,0.91000000,226484.20000000
1778976000000,0.90900000,0.92100000,0.86500000,0.88500000,311349.40000000
1779062400000,0.88500000,0.90000000,0.86600000,0.89900000,376309.10000000
1779148800000,0.89900000,0.90800000,0.87600000,0.88300000,294736.00000000
1779235200000,0.88400000,0.92800000,0.87100000,0.89700000,1836295.40000000
1779321600000,0.89600000,0.93700000,0.89600000,0.92600000,584224.10000000
1779408000000,0.92600000,0.93900000,0.89700000,0.90500000,566197.10000000
1779494400000,0.90400000,0.94900000,0.87900000,0.93000000,557061.50000000
1779580800000,0.93000000,0.93400000,0.88500000,0.89800000,220114.90000000
1779667200000,0.89800000,0.92300000,0.89700000,0.90500000,259500.50000000
1779753600000,0.90600000,0.92000000,0.87700000,0.88500000,363016.90000000
1779840000000,0.88400000,0.90100000,0.86600000,0.87000000,257704.90000000
1779926400000,0.87100000,0.87700000,0.83800000,0.86800000,461970.40000000
1780012800000,0.86800000,0.87500000,0.84200000,0.86300000,217790.70000000
1780099200000,0.86200000,0.88100000,0.86000000,0.86300000,205542.00000000
1780185600000,0.86300000,0.87600000,0.85500000,0.87200000,135716.80000000
1780272000000,0.87200000,0.88400000,0.84500000,0.86100000,425680.80000000
1780358400000,0.86000000,0.86200000,0.79500000,0.80500000,833667.40000000
1780444800000,0.80600000,0.83500000,0.78900000,0.81400000,284444.20000000
1780531200000,0.81600000,0.81900000,0.75100000,0.77000000,398933.00000000
1780617600000,0.76900000,0.77300000,0.67700000,0.69300000,825148.90000000
1780704000000,0.69600000,0.72000000,0.64800000,0.68700000,1011718.70000000
1780790400000,0.68700000,0.72600000,0.68700000,0.71100000,163311.70000000
1780876800000,0.71300000,0.72200000,0.69700000,0.70700000,212313.90000000
1780963200000,0.70800000,0.72300000,0.67900000,0.70100000,656697.90000000
1781049600000,0.70100000,0.70700000,0.67100000,0.68400000,301721.60000000
1781136000000,0.68300000,0.72100000,0.68300000,0.71500000,228713.70000000
1781222400000,0.71500000,0.72500000,0.70300000,0.71200000,139219.80000000
1781308800000,0.71500000,0.77700000,0.71500000,0.75200000,163431.20000000
1781395200000,0.75300000,0.77600000,0.71100000,0.74200000,276215.70000000
1781481600000,0.74400000,0.77100000,0.73600000,0.75200000,145031.30000000
1781568000000,0.75300000,0.76000000,0.73400000,0.74800000,114731.40000000
1781654400000,0.74900000,0.77100000,0.74000000,0.75500000,157469.60000000
1781740800000,0.75500000,0.75800000,0.73800000,0.74400000,42987.30000000
