openTime,open,high,low,close,volume
1577836800000,0.08726000,0.08985000,0.08638000,0.08656000,1147704.50000000
1577923200000,0.08657000,0.09099000,0.08255000,0.08443000,2194070.60000000
1578009600000,0.08446000,0.08857000,0.08210000,0.08771000,1296263.00000000
1578096000000,0.08771000,0.09493000,0.08687000,0.09394000,2053508.20000000
1578182400000,0.09394000,0.09650000,0.09237000,0.09421000,2058887.60000000
1578268800000,0.09421000,0.10399000,0.09271000,0.09987000,4394548.10000000
1578355200000,0.09946000,0.10040000,0.09288000,0.09608000,4284484.10000000
1578441600000,0.09605000,0.10149000,0.09307000,0.09873000,2444487.50000000
1578528000000,0.09879000,0.10135000,0.09139000,0.09294000,2290613.50000000
1578614400000,0.09288000,0.09797000,0.09140000,0.09509000,1593680.00000000
1578700800000,0.09510000,0.09897000,0.09388000,0.09437000,1072976.90000000
1578787200000,0.09388000,0.09687000,0.09310000,0.09589000,509777.40000000
1578873600000,0.09586000,0.09877000,0.09250000,0.09703000,3219050.70000000
1578960000000,0.09760000,0.10634000,0.09592000,0.10598000,4392414.60000000
1579046400000,0.10535000,0.10923000,0.10104000,0.10438000,4379688.20000000
1579132800000,0.10438000,0.10700000,0.10029000,0.10368000,1505904.70000000
1579219200000,0.10368000,0.11210000,0.10120000,0.11193000,2657466.40000000
1579305600000,0.11188000,0.11250000,0.10500000,0.10876000,1644769.00000000
1579392000000,0.10878000,0.11593000,0.10213000,0.11260000,3525344.10000000
1579478400000,0.11260000,0.11700000,0.10720000,0.10998000,2432633.80000000
1579564800000,0.11014000,0.11600000,0.10541000,0.11136000,2428237.20000000
1579651200000,0.11213000,0.11968000,0.11106000,0.11900000,5655638.70000000
1579737600000,0.11900000,0.11900000,0.10600000,0.10858000,2582010.70000000
1579824000000,0.10802000,0.10884000,0.09915000,0.10494000,2800852.70000000
1579910400000,0.10494000,0.10495000,0.09975000,0.10189000,959385.30000000
1579996800000,0.10099000,0.10445000,0.10020000,0.10222000,924028.50000000
1580083200000,0.10293000,0.10563000,0.10222000,0.10459000,2090810.60000000
1580169600000,0.10395000,0.11148000,0.10293000,0.10936000,4565866.40000000
1580256000000,0.10839000,0.11105000,0.10363000,0.10434000,2844294.70000000
1580342400000,0.10428000,0.10751000,0.10153000,0.10431000,2003239.20000000
1580428800000,0.10431000,0.10751000,0.10364000,0.10638000,1383643.40000000
1580515200000,0.10577000,0.10810000,0.10497000,0.10527000,1262342.10000000
1580601600000,0.10535000,0.10894000,0.10312000,0.10545000,1949045.30000000
1580688000000,0.10545000,0.11141000,0.10452000,0.10829000,4361234.40000000
1580774400000,0.10903000,0.12239000,0.10691000,0.12200000,8507561.40000000
1580860800000,0.12237000,0.12414000,0.11479000,0.12200000,5652292.20000000
1580947200000,0.12134000,0.12460000,0.11765000,0.12425000,4200289.80000000
1581033600000,0.12418000,0.12500000,0.11891000,0.12450000,3252391.50000000
1581120000000,0.12460000,0.12552000,0.11308000,0.11640000,3153778.20000000
1581206400000,0.11640000,0.12361000,0.11530000,0.12284000,2382759.80000000
1581292800000,0.12283000,0.13200000,0.11850000,0.13064000,5656046.90000000
1581379200000,0.13060000,0.13060000,0.12167000,0.12814000,4218277.60000000
1581465600000,0.12876000,0.13831000,0.12834000,0.13827000,5416501.60000000
1581552000000,0.13827000,0.18250000,0.13144000,0.17192000,40802316.80000000
1581638400000,0.17215000,0.17900000,0.14939000,0.15827000,21119084.40000000
1581724800000,0.15862000,0.16293000,0.13350000,0.14694000,11375235.40000000
1581811200000,0.14694000,0.14703000,0.12300000,0.13454000,8466750.40000000
1581897600000,0.13454000,0.14173000,0.11756000,0.13716000,9232865.70000000
1581984000000,0.13716000,0.14391000,0.12513000,0.14134000,9256863.70000000
1582070400000,0.14186000,0.14859000,0.12020000,0.12664000,7914569.70000000
1582156800000,0.12664000,0.13440000,0.12166000,0.13247000,5844240.90000000
1582243200000,0.13136000,0.13999000,0.12669000,0.12776000,6194111.50000000
1582329600000,0.12788000,0.14283000,0.12417000,0.12846000,2364774.80000000
1582416000000,0.12898000,0.14600000,0.12883000,0.14149000,5859129.00000000
1582502400000,0.14075000,0.15000000,0.13277000,0.14836000,9874806.90000000
1582588800000,0.14839000,0.14894000,0.13263000,0.13481000,10160263.50000000
1582675200000,0.13481000,0.13666000,0.10844000,0.11839000,11538081.00000000
1582761600000,0.11743000,0.12666000,0.10910000,0.12192000,5853857.20000000
1582848000000,0.12139000,0.13291000,0.10951000,0.12082000,5472392.90000000
1582934400000,0.12132000,0.12500000,0.11586000,0.11712000,2661865.50000000
1583020800000,0.11714000,0.11999000,0.11213000,0.11707000,2081815.90000000
1583107200000,0.11582000,0.13451000,0.11484000,0.12840000,6287233.40000000
1583193600000,0.12771000,0.13526000,0.12371000,0.13170000,6771723.70000000
1583280000000,0.13170000,0.13240000,0.12524000,0.13182000,5644780.80000000
1583366400000,0.13192000,0.14200000,0.12935000,0.14123000,6287641.00000000
1583452800000,0.14113000,0.14402000,0.13093000,0.13477000,5509166.20000000
1583539200000,0.13460000,0.14700000,0.13326000,0.13575000,6122122.50000000
1583625600000,0.13499000,0.13641000,0.10867000,0.11028000,7783616.70000000
1583712000000,0.11028000,0.11538000,0.09901000,0.10849000,8040116.90000000
1583798400000,0.10933000,0.11325000,0.10362000,0.11022000,6420239.90000000
1583884800000,0.11022000,0.11022000,0.09139000,0.09894000,16274268.50000000
1583971200000,0.09926000,0.09996000,0.04999000,0.05167000,15599400.30000000
1584057600000,0.05239000,0.06762000,0.03554000,0.06151000,11412981.00000000
1584144000000,0.06117000,0.06468000,0.05662000,0.06100000,4352607.80000000
1584230400000,0.06039000,0.06753000,0.05900000,0.06199000,4206886.80000000
1584316800000,0.06104000,0.06104000,0.04762000,0.05307000,6868410.10000000
1584403200000,0.05335000,0.05922000,0.05230000,0.05667000,3618519.20000000
1584489600000,0.05667000,0.05766000,0.05258000,0.05667000,3264802.60000000
1584576000000,0.05699000,0.06922000,0.05635000,0.06557000,6321329.70000000
1584662400000,0.06557000,0.08498000,0.06416000,0.07224000,11163623.00000000
1584748800000,0.07196000,0.08200000,0.06999000,0.07283000,6853506.30000000
1584835200000,0.07273000,0.07420000,0.06246000,0.06342000,4108820.00000000
1584921600000,0.06288000,0.07121000,0.06162000,0.06977000,2806569.10000000
1585008000000,0.06976000,0.07174000,0.06700000,0.07122000,2683099.10000000
1585094400000,0.07060000,0.07314000,0.06682000,0.06956000,3287489.90000000
1585180800000,0.06967000,0.07335000,0.06936000,0.07231000,6080780.20000000
1585267200000,0.07285000,0.07850000,0.07137000,0.07180000,3982299.30000000
1585353600000,0.07137000,0.07177000,0.06630000,0.07000000,3370518.50000000
1585440000000,0.07000000,0.07070000,0.06528000,0.06537000,812825.60000000
1585526400000,0.06521000,0.07388000,0.06521000,0.07265000,2105925.50000000
1585612800000,0.07269000,0.07589000,0.07185000,0.07421000,2694298.00000000
1585699200000,0.07426000,0.07480000,0.06918000,0.07407000,2081438.40000000
1585785600000,0.07439000,0.07867000,0.07237000,0.07811000,3954626.00000000
1585872000000,0.07764000,0.07926000,0.07344000,0.07600000,1734851.80000000
1585958400000,0.07600000,0.07937000,0.07489000,0.07870000,1229026.30000000
1586044800000,0.07870000,0.08300000,0.07870000,0.08015000,3993627.40000000
1586131200000,0.08049000,0.08788000,0.07968000,0.08718000,2787652.30000000
1586217600000,0.08792000,0.09092000,0.08336000,0.08479000,3108413.40000000
1586304000000,0.08479000,0.08927000,0.08370000,0.08775000,2247195.20000000
1586390400000,0.08761000,0.08818000,0.08403000,0.08698000,2388671.30000000
1586476800000,0.08690000,0.08760000,0.07699000,0.07962000,5148918.20000000
1586563200000,0.07908000,0.08217000,0.07699000,0.07899000,1195631.70000000
1586649600000,0.07899000,0.08222000,0.07747000,0.07894000,1396033.90000000
1586736000000,0.07894000,0.07894000,0.07444000,0.07716000,1706945.10000000
1586822400000,0.07717000,0.07991000,0.07638000,0.07801000,1457461.70000000
1586908800000,0.07745000,0.07850000,0.07440000,0.07443000,1009236.10000000
1586995200000,0.07441000,0.07970000,0.07144000,0.07888000,2941497.20000000
1587081600000,0.07899000,0.07900000,0.07737000,0.07762000,1196994.20000000
1587168000000,0.07798000,0.08156000,0.07719000,0.08125000,1896996.20000000
1587254400000,0.08122000,0.08400000,0.07846000,0.08174000,2154403.50000000
1587340800000,0.08207000,0.08775000,0.08118000,0.08323000,4851613.50000000
1587427200000,0.08282000,0.08702000,0.08252000,0.08578000,2791570.70000000
1587513600000,0.08536000,0.09390000,0.08513000,0.09174000,2286126.30000000
1587600000000,0.09174000,0.10481000,0.08995000,0.10075000,4084984.70000000
1587686400000,0.10075000,0.10336000,0.09708000,0.10163000,2778874.60000000
1587772800000,0.10101000,0.10828000,0.09968000,0.10681000,2050744.90000000
1587859200000,0.10724000,0.11711000,0.10724000,0.11209000,4261942.90000000
1587945600000,0.11209000,0.11562000,0.09245000,0.10775000,6834573.30000000
1588032000000,0.10775000,0.10956000,0.10406000,0.10900000,2588469.10000000
1588118400000,0.10901000,0.11916000,0.10838000,0.11645000,3331825.60000000
1588204800000,0.11622000,0.12700000,0.10819000,0.12033000,6758581.20000000
1588291200000,0.12014000,0.12886000,0.12014000,0.12735000,3592777.10000000
1588377600000,0.12668000,0.14179000,0.12655000,0.13928000,6700563.80000000
1588464000000,0.13934000,0.14928000,0.13500000,0.14434000,5047422.70000000
1588550400000,0.14500000,0.14699000,0.13108000,0.14639000,4007349.20000000
1588636800000,0.14693000,0.16100000,0.14461000,0.15591000,7591851.30000000
1588723200000,0.15591000,0.15741000,0.14605000,0.15461000,4137129.20000000
1588809600000,0.15461000,0.17099000,0.14859000,0.16445000,5339090.60000000
1588896000000,0.16475000,0.16887000,0.15721000,0.16302000,3427147.70000000
1588982400000,0.16306000,0.16974000,0.15630000,0.15758000,2083328.30000000
1589068800000,0.15758000,0.15758000,0.13202000,0.14191000,6311763.40000000
1589155200000,0.14189000,0.14940000,0.13231000,0.14692000,3379330.70000000
1589241600000,0.14734000,0.18600000,0.14734000,0.17894000,18912247.70000000
1589328000000,0.17886000,0.18277000,0.16503000,0.17177000,8228082.30000000
1589414400000,0.17178000,0.17299000,0.16030000,0.16809000,7050002.60000000
1589500800000,0.16817000,0.19710000,0.16729000,0.19186000,19656632.70000000
1589587200000,0.19186000,0.19710000,0.18000000,0.18355000,7422784.00000000
1589673600000,0.18300000,0.19594000,0.18246000,0.19206000,5371687.00000000
1589760000000,0.19153000,0.19440000,0.18180000,0.19440000,4063493.60000000
1589846400000,0.19438000,0.23324000,0.18850000,0.21800000,17906015.80000000
1589932800000,0.21731000,0.29880000,0.21521000,0.27895000,45079587.60000000
1590019200000,0.27922000,0.33000000,0.23827000,0.26400000,74127728.40000000
1590105600000,0.26430000,0.28121000,0.24532000,0.26799000,20408395.00000000
1590192000000,0.26897000,0.30900000,0.26076000,0.30170000,19813784.80000000
1590278400000,0.30186000,0.38400000,0.30088000,0.34231000,52330168.90000000
1590364800000,0.34235000,0.37770000,0.33042000,0.35327000,29775974.50000000
1590451200000,0.35330000,0.47200000,0.34513000,0.40301000,55642517.30000000
1590537600000,0.40301000,0.58900000,0.30125000,0.32402000,128330268.10000000
1590624000000,0.32492000,0.36000000,0.27272000,0.31117000,102953059.20000000
1590710400000,0.31113000,0.33662000,0.29000000,0.30948000,73564002.10000000
1590796800000,0.30952000,0.31095000,0.28231000,0.28650000,44649913.80000000
1590883200000,0.28666000,0.28990000,0.24152000,0.24692000,59815107.00000000
1590969600000,0.24683000,0.29186000,0.24343000,0.27108000,55503120.50000000
1591056000000,0.27108000,0.28293000,0.23000000,0.25468000,40130269.00000000
1591142400000,0.25468000,0.27992000,0.24958000,0.27607000,27847753.80000000
1591228800000,0.27607000,0.29400000,0.26600000,0.28491000,38015936.30000000
1591315200000,0.28491000,0.30500000,0.27512000,0.27883000,28796443.70000000
1591401600000,0.27883000,0.28923000,0.26999000,0.27058000,17333335.80000000
1591488000000,0.27049000,0.27080000,0.25000000,0.26517000,28395446.80000000
1591574400000,0.26503000,0.26609000,0.24999000,0.25492000,26886459.70000000
1591660800000,0.25467000,0.25782000,0.24668000,0.25235000,10451293.20000000
1591747200000,0.25235000,0.25305000,0.23600000,0.23920000,13830281.30000000
1591833600000,0.23921000,0.24939000,0.20010000,0.20451000,25622305.30000000
1591920000000,0.20441000,0.26100000,0.20000000,0.25264000,55447792.60000000
1592006400000,0.25255000,0.27100000,0.24400000,0.25154000,48278161.00000000
1592092800000,0.25195000,0.25219000,0.22600000,0.23149000,21049301.00000000
1592179200000,0.23165000,0.23931000,0.21016000,0.23446000,21768496.40000000
1592265600000,0.23420000,0.23850000,0.22427000,0.23414000,10635656.40000000
1592352000000,0.23390000,0.24034000,0.22321000,0.23479000,11826808.40000000
1592438400000,0.23431000,0.23431000,0.21787000,0.22312000,10294776.40000000
1592524800000,0.22312000,0.23478000,0.21977000,0.22406000,14225302.30000000
1592611200000,0.22406000,0.22612000,0.21600000,0.22138000,6370596.20000000
1592697600000,0.22138000,0.22612000,0.21916000,0.22057000,4439979.30000000
1592784000000,0.22057000,0.24300000,0.21926000,0.24201000,17762972.40000000
1592870400000,0.24248000,0.25854000,0.24000000,0.25747000,23971766.60000000
1592956800000,0.25747000,0.26435000,0.23381000,0.24508000,16344015.90000000
1593043200000,0.24539000,0.24630000,0.22731000,0.23649000,7994888.70000000
1593129600000,0.23599000,0.23610000,0.22572000,0.23130000,5487471.60000000
1593216000000,0.23127000,0.23399000,0.19230000,0.20986000,10032855.30000000
1593302400000,0.20973000,0.22500000,0.20850000,0.22443000,6029519.30000000
1593388800000,0.22424000,0.22800000,0.21800000,0.22600000,6051506.90000000
1593475200000,0.22562000,0.22790000,0.21890000,0.22173000,3160914.90000000
1593561600000,0.22140000,0.22792000,0.21721000,0.22173000,3610492.60000000
1593648000000,0.22181000,0.22484000,0.21349000,0.21889000,5611862.70000000
1593734400000,0.21889000,0.21993000,0.21000000,0.21607000,3909853.30000000
1593820800000,0.21605000,0.22350000,0.21353000,0.22307000,4456149.50000000
1593907200000,0.22246000,0.22305000,0.21150000,0.21596000,3131868.20000000
1593993600000,0.21645000,0.23299000,0.21594000,0.23023000,7872655.60000000
1594080000000,0.23010000,0.25800000,0.22739000,0.25795000,15306944.60000000
1594166400000,0.25732000,0.26450000,0.24471000,0.25102000,14982782.20000000
1594252800000,0.25153000,0.25165000,0.23303000,0.24106000,7205266.80000000
1594339200000,0.24106000,0.24790000,0.23075000,0.24307000,5988212.00000000
1594425600000,0.24360000,0.25805000,0.24308000,0.25334000,8377289.60000000
1594512000000,0.25385000,0.28350000,0.25373000,0.28050000,23604020.50000000
1594598400000,0.28050000,0.28079000,0.21801000,0.24542000,21391932.10000000
1594684800000,0.24470000,0.25500000,0.23347000,0.24127000,16580929.60000000
1594771200000,0.24160000,0.24193000,0.23140000,0.23720000,11321995.30000000
1594857600000,0.23744000,0.24875000,0.22030000,0.23464000,14912835.00000000
1594944000000,0.23425000,0.24560000,0.22969000,0.24131000,11761539.20000000
1595030400000,0.24076000,0.25181000,0.23683000,0.24894000,9751619.70000000
1595116800000,0.24894000,0.25051000,0.23496000,0.24120000,8568602.80000000
1595203200000,0.24090000,0.24302000,0.23120000,0.23595000,6214821.90000000
1595289600000,0.23595000,0.24250000,0.23147000,0.23951000,6988190.00000000
1595376000000,0.23966000,0.25700000,0.23883000,0.25576000,11174656.30000000
1595462400000,0.25599000,0.26536000,0.25400000,0.25890000,14715249.80000000
1595548800000,0.25889000,0.25901000,0.24604000,0.25072000,10186672.20000000
1595635200000,0.25119000,0.26379000,0.24964000,0.25877000,10204093.90000000
1595721600000,0.25878000,0.26097000,0.24706000,0.25083000,12447989.10000000
1595808000000,0.25088000,0.25237000,0.22510000,0.24240000,21993294.10000000
1595894400000,0.24248000,0.25150000,0.23982000,0.25112000,9857294.80000000
1595980800000,0.25112000,0.26000000,0.24673000,0.24783000,11644095.90000000
1596067200000,0.24782000,0.25939000,0.24571000,0.25745000,7240342.70000000
1596153600000,0.25745000,0.27200000,0.24995000,0.26938000,16589181.10000000
1596240000000,0.26940000,0.32320000,0.26612000,0.31647000,43171266.20000000
1596326400000,0.31645000,0.32068000,0.24900000,0.27995000,24900201.30000000
1596412800000,0.27970000,0.29646000,0.27751000,0.28687000,10987692.20000000
1596499200000,0.28696000,0.33950000,0.28696000,0.33185000,31868007.70000000
1596585600000,0.33149000,0.33949000,0.30550000,0.31382000,22988471.70000000
1596672000000,0.31350000,0.32155000,0.30387000,0.31719000,30569482.60000000
1596758400000,0.31792000,0.32498000,0.29075000,0.30778000,13182109.30000000
1596844800000,0.30743000,0.33485000,0.30370000,0.33064000,10534422.70000000
1596931200000,0.33036000,0.33100000,0.30900000,0.32145000,10183160.60000000
1597017600000,0.32164000,0.39400000,0.31471000,0.37231000,40989098.20000000
1597104000000,0.37271000,0.39400000,0.32370000,0.35598000,29111389.70000000
1597190400000,0.35598000,0.40400000,0.32597000,0.40377000,22679440.50000000
1597276800000,0.40400000,0.42298000,0.35736000,0.39628000,31970089.00000000
1597363200000,0.39518000,0.41482000,0.38122000,0.40127000,26119344.40000000
1597449600000,0.40146000,0.40441000,0.38100000,0.38413000,13702412.60000000
1597536000000,0.38450000,0.39759000,0.36875000,0.39647000,29704780.40000000
1597622400000,0.39567000,0.40959000,0.38238000,0.38679000,24946449.70000000
1597708800000,0.38640000,0.44890000,0.38400000,0.43526000,38355017.10000000
1597795200000,0.43497000,0.46400000,0.39275000,0.40443000,33096295.70000000
1597881600000,0.40375000,0.45842000,0.40255000,0.45499000,18595373.00000000
1597968000000,0.45525000,0.47900000,0.41400000,0.42093000,34697794.40000000
1598054400000,0.42030000,0.45500000,0.40090000,0.44905000,18519589.30000000
1598140800000,0.44980000,0.49090000,0.44323000,0.48402000,22213802.50000000
1598227200000,0.48413000,0.58867000,0.46903000,0.55199000,54944586.00000000
1598313600000,0.55202000,0.55719000,0.46709000,0.50751000,32997472.40000000
1598400000000,0.50729000,0.54706000,0.48500000,0.49529000,23551099.70000000
1598486400000,0.49528000,0.49939000,0.42431000,0.44932000,20742166.60000000
1598572800000,0.44980000,0.48888000,0.43170000,0.47443000,18852901.70000000
1598659200000,0.47443000,0.52384000,0.46483000,0.50518000,11932651.50000000
1598745600000,0.50434000,0.54590000,0.49461000,0.49811000,13330596.20000000
1598832000000,0.49811000,0.51370000,0.47000000,0.47619000,9739866.00000000
1598918400000,0.47676000,0.51287000,0.46888000,0.48900000,11339788.40000000
1599004800000,0.48898000,0.51000000,0.44666000,0.47499000,13362260.80000000
1599091200000,0.47408000,0.48395000,0.40000000,0.40190000,17543616.80000000
1599177600000,0.40153000,0.42564000,0.37221000,0.42422000,16631090.10000000
1599264000000,0.42559000,0.45805000,0.37000000,0.39346000,17224252.10000000
1599350400000,0.39438000,0.43500000,0.37528000,0.42602000,9943496.30000000
1599436800000,0.42703000,0.43378000,0.38101000,0.41567000,9138071.00000000
1599523200000,0.41566000,0.43587000,0.38850000,0.39840000,8846539.20000000
1599609600000,0.39918000,0.49000000,0.39643000,0.47727000,19121515.70000000
1599696000000,0.47725000,0.50986000,0.43589000,0.48698000,14810927.30000000
1599782400000,0.48772000,0.50252000,0.45345000,0.50008000,7647406.50000000
1599868800000,0.50020000,0.54941000,0.50020000,0.54873000,11516827.20000000
1599955200000,0.54779000,0.54950000,0.49461000,0.54238000,9876926.50000000
1600041600000,0.54151000,0.56719000,0.51968000,0.52979000,14442030.80000000
1600128000000,0.52952000,0.56275000,0.51762000,0.53596000,10183678.80000000
1600214400000,0.53499000,0.53781000,0.50000000,0.52668000,10589759.50000000
1600300800000,0.52667000,0.56120000,0.50484000,0.55972000,16048408.00000000
1600387200000,0.55964000,0.60199000,0.53511000,0.57489000,23193763.50000000
1600473600000,0.57632000,0.61000000,0.55663000,0.57862000,15219373.70000000
1600560000000,0.57841000,0.58993000,0.53293000,0.55705000,10292674.40000000
1600646400000,0.55705000,0.59659000,0.52700000,0.57114000,22425203.50000000
1600732800000,0.57021000,0.57861000,0.53308000,0.57472000,9257122.50000000
1600819200000,0.57348000,0.59199000,0.53905000,0.55482000,13849530.80000000
1600905600000,0.55501000,0.65299000,0.54702000,0.63897000,24088769.30000000
1600992000000,0.63943000,0.68820000,0.61080000,0.66533000,27481442.40000000
1601078400000,0.66527000,0.73120000,0.65210000,0.69650000,23314057.90000000
1601164800000,0.69650000,0.75180000,0.66617000,0.74923000,22369009.10000000
1601251200000,0.74923000,0.76000000,0.70755000,0.71583000,18407304.30000000
1601337600000,0.71593000,0.77925000,0.71000000,0.77833000,17914248.10000000
1601424000000,0.77833000,0.79893000,0.70900000,0.74859000,29996390.30000000
1601510400000,0.74860000,0.75980000,0.68100000,0.72770000,22901959.60000000
1601596800000,0.72775000,0.73684000,0.65100000,0.69902000,14689163.80000000
1601683200000,0.69879000,0.77770000,0.68641000,0.75199000,12608948.30000000
1601769600000,0.75170000,0.79436000,0.72600000,0.77240000,13813818.00000000
1601856000000,0.77070000,0.77739000,0.73769000,0.74280000,10475254.40000000
1601942400000,0.74361000,0.74770000,0.67000000,0.68625000,17514229.60000000
1602028800000,0.68534000,0.75029000,0.65871000,0.73954000,16545572.30000000
1602115200000,0.73952000,0.74199000,0.68300000,0.71955000,11148353.10000000
1602201600000,0.72000000,0.74800000,0.69454000,0.71524000,8435946.10000000
1602288000000,0.71532000,0.78100000,0.71276000,0.76602000,10663116.90000000
1602374400000,0.76602000,0.77500000,0.72400000,0.74501000,8068011.20000000
1602460800000,0.74503000,0.75491000,0.71666000,0.73336000,8755967.00000000
1602547200000,0.73205000,0.77000000,0.72750000,0.75400000,17749022.70000000
1602633600000,0.75475000,0.76000000,0.71900000,0.73438000,14351549.30000000
1602720000000,0.73535000,0.73539000,0.67283000,0.68850000,11879870.40000000
1602806400000,0.68850000,0.70425000,0.65522000,0.66165000,7248495.90000000
1602892800000,0.66054000,0.66054000,0.61411000,0.62437000,6290173.80000000
1602979200000,0.62420000,0.67235000,0.61833000,0.66983000,10639009.40000000
1603065600000,0.67000000,0.67800000,0.62606000,0.63118000,6195844.60000000
1603152000000,0.63177000,0.64018000,0.57277000,0.59840000,14160324.50000000
1603238400000,0.59873000,0.66107000,0.59533000,0.63730000,11674237.90000000
1603324800000,0.63729000,0.67300000,0.63502000,0.65472000,5918797.00000000
1603411200000,0.65473000,0.66848000,0.62123000,0.64431000,7214454.10000000
1603497600000,0.64455000,0.73000000,0.63446000,0.72109000,14580344.60000000
1603584000000,0.72007000,0.73106000,0.68548000,0.69502000,8078371.20000000
1603670400000,0.69578000,0.71555000,0.64119000,0.65423000,6940433.90000000
1603756800000,0.65367000,0.66998000,0.63250000,0.65889000,6119412.90000000
1603843200000,0.65888000,0.66213000,0.60800000,0.62367000,6087164.00000000
1603929600000,0.62395000,0.63227000,0.58230000,0.59395000,5687198.10000000
1604016000000,0.59280000,0.63443000,0.57672000,0.61076000,10037016.90000000
1604102400000,0.61084000,0.61786000,0.59612000,0.61054000,7573247.10000000
1604188800000,0.61001000,0.61937000,0.58062000,0.61157000,5899383.00000000
1604275200000,0.61175000,0.64000000,0.58579000,0.58875000,9571499.10000000
1604361600000,0.58802000,0.60300000,0.56300000,0.58275000,5983701.10000000
1604448000000,0.58278000,0.59853000,0.55310000,0.59120000,4999605.20000000
1604534400000,0.59170000,0.63400000,0.57300000,0.62873000,6770222.80000000
1604620800000,0.62925000,0.68791000,0.62621000,0.67759000,8649318.50000000
1604707200000,0.67850000,0.71616000,0.61151000,0.63820000,15096922.80000000
1604793600000,0.63878000,0.67608000,0.62934000,0.66452000,6228838.80000000
1604880000000,0.66446000,0.67358000,0.60785000,0.64278000,12892433.80000000
1604966400000,0.64255000,0.65825000,0.62030000,0.64041000,13161552.80000000
1605052800000,0.64114000,0.65385000,0.61001000,0.61132000,12284378.80000000
1605139200000,0.61096000,0.62772000,0.58800000,0.60069000,9740806.30000000
1605225600000,0.60052000,0.63480000,0.59132000,0.63125000,15139238.90000000
1605312000000,0.63186000,0.63819000,0.59430000,0.61226000,7827515.90000000
1605398400000,0.61251000,0.62255000,0.59291000,0.60341000,8498352.40000000
1605484800000,0.60277000,0.63033000,0.59492000,0.61961000,9762548.00000000
1605571200000,0.61910000,0.65598000,0.61793000,0.65411000,11695944.40000000
1605657600000,0.65409000,0.67948000,0.60979000,0.62259000,12115966.60000000
1605744000000,0.62266000,0.64098000,0.61079000,0.62245000,9253238.00000000
1605830400000,0.62256000,0.65489000,0.62160000,0.64345000,23479476.40000000
1605916800000,0.64352000,0.71100000,0.62503000,0.70207000,27481291.90000000
1606003200000,0.70205000,0.71000000,0.62200000,0.64934000,15217560.40000000
1606089600000,0.64968000,0.68796000,0.64500000,0.66535000,21137052.40000000
1606176000000,0.66529000,0.74570000,0.66223000,0.69194000,21761416.80000000
1606262400000,0.69146000,0.75129000,0.67560000,0.69374000,16783997.20000000
1606348800000,0.69471000,0.71306000,0.57335000,0.62041000,20953424.70000000
1606435200000,0.62061000,0.63653000,0.57744000,0.60688000,6531892.20000000
1606521600000,0.60691000,0.63250000,0.59072000,0.62438000,4693155.30000000
1606608000000,0.62451000,0.62568000,0.59803000,0.61777000,4258064.60000000
1606694400000,0.61824000,0.64534000,0.60495000,0.64280000,6735687.30000000
1606780800000,0.64274000,0.66426000,0.58400000,0.61372000,14011903.70000000
1606867200000,0.61385000,0.64791000,0.60277000,0.63198000,8297154.20000000
1606953600000,0.63177000,0.66772000,0.62520000,0.66365000,5734185.00000000
1607040000000,0.66364000,0.71310000,0.65077000,0.66648000,20131991.20000000
1607126400000,0.66652000,0.73890000,0.65655000,0.73778000,14525921.80000000
1607212800000,0.73832000,0.74334000,0.67719000,0.69941000,13064401.00000000
1607299200000,0.69933000,0.70051000,0.66602000,0.68216000,8253482.20000000
1607385600000,0.68247000,0.77200000,0.67836000,0.74500000,33388087.70000000
1607472000000,0.74500000,0.79670000,0.71023000,0.72396000,36531440.40000000
1607558400000,0.72396000,0.72783000,0.67835000,0.67992000,14152246.20000000
1607644800000,0.68037000,0.69413000,0.63714000,0.68052000,9773627.50000000
1607731200000,0.68059000,0.71704000,0.67950000,0.69225000,6909509.00000000
1607817600000,0.69243000,0.74230000,0.68221000,0.72938000,8640678.90000000
1607904000000,0.72940000,0.77000000,0.71627000,0.75209000,14936816.60000000
1607990400000,0.75242000,0.77602000,0.73346000,0.76353000,9269670.10000000
1608076800000,0.76406000,0.85681000,0.73854000,0.85623000,22350609.30000000
1608163200000,0.85562000,0.91265000,0.80500000,0.81540000,24249093.10000000
1608249600000,0.81502000,0.92133000,0.79600000,0.90713000,21689593.50000000
1608336000000,0.90702000,0.94500000,0.89387000,0.90017000,15021051.70000000
1608422400000,0.90004000,0.95100000,0.86745000,0.91500000,13694661.20000000
1608508800000,0.91447000,0.96750000,0.87730000,0.92725000,17993722.50000000
1608595200000,0.92673000,1.11945000,0.92158000,1.08618000,53230691.90000000
1608681600000,1.08570000,1.18622000,0.99900000,1.06912000,43607249.70000000
1608768000000,1.06886000,1.21919000,0.99137000,1.18574000,25644018.90000000
1608854400000,1.18575000,1.34619000,1.15949000,1.28291000,28104768.00000000
1608940800000,1.28108000,1.74200000,1.25501000,1.66866000,49513319.20000000
1609027200000,1.66830000,1.71446000,1.30000000,1.35045000,60664618.80000000
1609113600000,1.35005000,1.60782000,1.32000000,1.55606000,32934409.20000000
1609200000000,1.55880000,1.61486000,1.35203000,1.43206000,22301287.40000000
1609286400000,1.43210000,1.63622000,1.42038000,1.59692000,20537370.50000000
1609372800000,1.59545000,1.89000000,1.53065000,1.86224000,34122577.90000000
1609459200000,1.86057000,2.30100000,1.78000000,1.96621000,61686488.30000000
1609545600000,1.97024000,2.51000000,1.92616000,2.40024000,49550110.70000000
1609632000000,2.40426000,2.42000000,2.06110000,2.12597000,34800595.80000000
1609718400000,2.12904000,2.26175000,1.76110000,1.96868000,39107791.90000000
1609804800000,1.96989000,2.35586000,1.91301000,2.13193000,37264460.10000000
1609891200000,2.13223000,2.31500000,2.06601000,2.16676000,22699316.10000000
1609977600000,2.16720000,2.17317000,1.88450000,1.98791000,19169268.90000000
1610064000000,1.99127000,2.04085000,1.78001000,1.99427000,16842287.20000000
1610150400000,1.98806000,2.20214000,1.88947000,2.04103000,16532632.70000000
1610236800000,2.04116000,2.10400000,1.83991000,1.98621000,17604909.20000000
1610323200000,1.98593000,1.99058000,1.46000000,1.81684000,27178388.00000000
1610409600000,1.82056000,2.00000000,1.73501000,1.82150000,19010550.50000000
1610496000000,1.82300000,2.15440000,1.76388000,2.09522000,17511794.10000000
1610582400000,2.09774000,2.26017000,2.01411000,2.19146000,19837101.80000000
1610668800000,2.19163000,2.20842000,1.87600000,2.05549000,18049797.70000000
1610755200000,2.05202000,2.28000000,1.98000000,2.04406000,17359135.20000000
1610841600000,2.04301000,2.10991000,1.93395000,2.00854000,14187806.70000000
1610928000000,2.00756000,2.08888000,1.96382000,2.04695000,14452064.70000000
1611014400000,2.04633000,2.10610000,1.98300000,1.99800000,13780252.00000000
1611100800000,1.99801000,2.04220000,1.83681000,2.03281000,11811593.70000000
1611187200000,2.03294000,2.04242000,1.71000000,1.74180000,11484630.70000000
1611273600000,1.74026000,1.98220000,1.60509000,1.89757000,14016588.60000000
1611360000000,1.89660000,2.02000000,1.86421000,1.92880000,10153428.30000000
1611446400000,1.93071000,2.01363000,1.88034000,1.95055000,8255673.00000000
1611532800000,1.94903000,2.30626000,1.92808000,2.07529000,23655913.80000000
1611619200000,2.07752000,2.41950000,2.05559000,2.28700000,25414333.60000000
1611705600000,2.28384000,2.28703000,1.95623000,1.99307000,15025977.40000000
1611792000000,1.99113000,2.10544000,1.93000000,1.99193000,12325627.00000000
1611878400000,1.99072000,2.17600000,1.96638000,2.05641000,15277359.10000000
1611964800000,2.05678000,2.08000000,1.98417000,2.00197000,7356504.10000000
1612051200000,2.00316000,2.03688000,1.88200000,1.91015000,8503981.00000000
1612137600000,1.91001000,2.04875000,1.84426000,2.04053000,11320602.10000000
1612224000000,2.03704000,2.27000000,2.00354000,2.15330000,16065886.20000000
1612310400000,2.15577000,2.28000000,2.12801000,2.18751000,8480027.60000000
1612396800000,2.18721000,2.23000000,2.10227000,2.12900000,9697906.10000000
1612483200000,2.12895000,2.58440000,2.12052000,2.42866000,25677441.70000000
1612569600000,2.43299000,2.46413000,2.18620000,2.27908000,11910947.90000000
1612656000000,2.28036000,2.33103000,2.11241000,2.29069000,10250901.60000000
1612742400000,2.29316000,2.94000000,2.28471000,2.90949000,33986487.20000000
1612828800000,2.91044000,3.04727000,2.75210000,2.90652000,22630084.50000000
1612915200000,2.90877000,3.05000000,2.63100000,2.83099000,18042157.80000000
1613001600000,2.83335000,3.05500000,2.79359000,2.92562000,21499329.10000000
1613088000000,2.92427000,3.08700000,2.86284000,2.99681000,14644589.40000000
1613174400000,2.99436000,3.46152000,2.97549000,3.34869000,30959143.40000000
1613260800000,3.34718000,3.49500000,3.08800000,3.18318000,17048871.00000000
1613347200000,3.18805000,3.72000000,3.03479000,3.38903000,29721123.90000000
1613433600000,3.39875000,3.60000000,3.21333000,3.40843000,12333315.10000000
1613520000000,3.40538000,3.58800000,3.23000000,3.50799000,11666448.20000000
1613606400000,3.50984000,3.62990000,3.47690000,3.56669000,7662515.70000000
1613692800000,3.56623000,3.78851000,3.50000000,3.70937000,13976094.60000000
1613779200000,3.70856000,3.97000000,3.57834000,3.68594000,13171993.30000000
1613865600000,3.68123000,3.75262000,3.51354000,3.56677000,7274541.90000000
1613952000000,3.56963000,3.57336000,2.84129000,3.33586000,16123911.40000000
1614038400000,3.33329000,3.35385000,2.64178000,3.05975000,22252236.20000000
1614124800000,3.05988000,3.49828000,2.90143000,3.32063000,14363526.80000000
1614211200000,3.32060000,3.43386000,2.96005000,2.99269000,9940968.10000000
1614297600000,2.98686000,3.16256000,2.86740000,3.05508000,9470531.80000000
1614384000000,3.05768000,3.24900000,3.04720000,3.15641000,7027346.60000000
1614470400000,3.15567000,3.19909000,2.81757000,3.13475000,7357745.00000000
1614556800000,3.13731000,3.28790000,3.08223000,3.28194000,6820952.60000000
1614643200000,3.28194000,3.88888000,3.24001000,3.70038000,23849023.90000000
1614729600000,3.70041000,4.03000000,3.62990000,3.99035000,15958527.00000000
1614816000000,3.99198000,4.58000000,3.85060000,4.45092000,30559783.50000000
1614902400000,4.44997000,4.72000000,4.02234000,4.12896000,23428159.10000000
1614988800000,4.12896000,4.20000000,3.82500000,4.15675000,13118655.90000000
1615075200000,4.15828000,4.48999000,4.13236000,4.33521000,11912824.10000000
1615161600000,4.34004000,4.99111000,4.25142000,4.92836000,20218596.50000000
1615248000000,4.92943000,5.48857000,4.89110000,5.36426000,18184077.40000000
1615334400000,5.36861000,6.71000000,5.22051000,6.49261000,27855943.50000000
1615420800000,6.49762000,7.99990000,6.23129000,7.03079000,64356372.10000000
1615507200000,7.04039000,7.58000000,6.25000000,6.92649000,37650483.10000000
1615593600000,6.93311000,7.17000000,6.40572000,6.83000000,19044639.90000000
1615680000000,6.83000000,7.73777000,6.59094000,7.33788000,28657481.40000000
1615766400000,7.33792000,7.62000000,6.59488000,6.75292000,18028866.20000000
1615852800000,6.75248000,7.55000000,6.35933000,7.02166000,19449764.80000000
1615939200000,7.01727000,7.87000000,6.76000000,7.87000000,13441798.90000000
1616025600000,7.86243000,8.58000000,7.45000000,8.40472000,22664639.60000000
1616112000000,8.40980000,8.97000000,8.10023000,8.21023000,20131520.80000000
1616198400000,8.20479000,8.56000000,8.02706000,8.30181000,11017565.00000000
1616284800000,8.30181000,9.77000000,8.22836000,9.62516000,18708384.70000000
1616371200000,9.62166000,10.73725000,9.53993000,10.00622000,29888821.60000000
1616457600000,10.00921000,14.60893000,9.95586000,12.90000000,67080217.10000000
1616544000000,12.89024000,14.96141000,10.64068000,11.22360000,61137554.40000000
1616630400000,11.20957000,13.39998000,10.35000000,13.12322000,55710826.20000000
1616716800000,13.14299000,13.65558000,11.88226000,12.61731000,28127102.80000000
1616803200000,12.62616000,12.63592000,11.48250000,11.81375000,16112401.30000000
1616889600000,11.80320000,13.09000000,11.56000000,12.86302000,20350558.70000000
1616976000000,12.85637000,13.95000000,12.80000000,13.13282000,20104939.00000000
1617062400000,13.13374000,13.31000000,12.68283000,12.88211000,11135145.40000000
1617148800000,12.88928000,13.56119000,11.60000000,12.32709000,15213500.70000000
1617235200000,12.32791000,12.47943000,11.28061000,11.51814000,15626030.70000000
1617321600000,11.51198000,12.25000000,11.21624000,11.67188000,13442720.30000000
1617408000000,11.67281000,12.58871000,11.23000000,11.39042000,14265026.70000000
1617494400000,11.38159000,11.86555000,11.20505000,11.78727000,7702993.90000000
1617580800000,11.78590000,11.88207000,11.27353000,11.60442000,9512574.20000000
1617667200000,11.60498000,11.95176000,11.39600000,11.71977000,9642474.50000000
1617753600000,11.72655000,13.75000000,11.42755000,12.28770000,38361267.60000000
1617840000000,12.28778000,13.40939000,11.82746000,12.91336000,14861342.80000000
1617926400000,12.90768000,13.17863000,12.30449000,12.63749000,8285275.80000000
1618012800000,12.63874000,13.10000000,12.02456000,12.37453000,8246263.60000000
1618099200000,12.37701000,12.58526000,11.99664000,12.19659000,7206855.30000000
1618185600000,12.19897000,12.35523000,11.81345000,12.13286000,6737431.10000000
1618272000000,12.13286000,12.61162000,11.82172000,12.42308000,10359895.90000000
1618358400000,12.42000000,12.82885000,11.34500000,12.14722000,12916655.50000000
1618444800000,12.14403000,12.65100000,11.88525000,12.56580000,6950789.00000000
1618531200000,12.56505000,15.88000000,11.97027000,14.20003000,46776470.30000000
1618617600000,14.20007000,14.98000000,12.92219000,13.28915000,17763784.60000000
1618704000000,13.28519000,13.53479000,8.94111000,11.76513000,31899815.80000000
1618790400000,11.77109000,12.55999000,10.29000000,10.79894000,17434179.00000000
1618876800000,10.80439000,12.17734000,9.85413000,11.75186000,16432978.20000000
1618963200000,11.75543000,12.25954000,10.90000000,11.01359000,13308541.30000000
1619049600000,11.01993000,11.34342000,9.37862000,9.90408000,18503220.00000000
1619136000000,9.90345000,10.17076000,7.20000000,9.94528000,42026625.10000000
1619222400000,9.94098000,9.96916000,8.52153000,8.66017000,18542815.90000000
1619308800000,8.66099000,9.69000000,8.23200000,9.16700000,15379588.46500000
1619395200000,9.17400000,11.32700000,8.94200000,10.75900000,23658090.25200000
1619481600000,10.76200000,11.77500000,10.50000000,11.26500000,12601937.24000000
1619568000000,11.26400000,11.70600000,10.53000000,11.04100000,11610324.45500000
1619654400000,11.04500000,11.55000000,10.40000000,10.89600000,11404802.94400000
1619740800000,10.89900000,11.40900000,10.66300000,11.18400000,9644254.63000000
1619827200000,11.18200000,11.65000000,11.10900000,11.48500000,11868078.69600000
1619913600000,11.48600000,11.56800000,10.65800000,10.94600000,10937261.25700000
1620000000000,10.94700000,12.22200000,10.93100000,11.49800000,16874186.66400000
1620086400000,11.49500000,11.54100000,10.01300000,10.21100000,19580410.93700000
1620172800000,10.21000000,11.10000000,10.03100000,10.99200000,14923527.92300000
1620259200000,10.98600000,11.38600000,10.51200000,10.86800000,13103001.78000000
1620345600000,10.86800000,12.66800000,10.78800000,11.50700000,22850182.45300000
1620432000000,11.50600000,13.20000000,11.38200000,12.29700000,21036976.64700000
1620518400000,12.29800000,13.18000000,11.40000000,11.95600000,16116713.64900000
1620604800000,11.95600000,12.19000000,9.50000000,10.49100000,19212796.56300000
1620691200000,10.49000000,10.95800000,10.04200000,10.84200000,15894825.07400000
1620777600000,10.84300000,11.31900000,8.70500000,9.16000000,19585300.76800000
1620864000000,9.16000000,10.14400000,8.30400000,9.78000000,24861022.12900000
1620950400000,9.78000000,10.46800000,9.70200000,10.00500000,13208641.58900000
1621036800000,10.00400000,10.11300000,9.26000000,9.33800000,10696004.44400000
1621123200000,9.33700000,10.48300000,8.77900000,9.43300000,14946675.24500000
1621209600000,9.43100000,10.58500000,8.47500000,9.68800000,23620242.99100000
1621296000000,9.68500000,10.29200000,9.42900000,9.77500000,12668434.62800000
1621382400000,9.77900000,9.89200000,3.85000000,5.84400000,53454519.00100000
1621468800000,5.83700000,8.16000000,5.00000000,7.28700000,37461759.48800000
1621555200000,7.28600000,7.75900000,5.43100000,6.36200000,30961982.99700000
1621641600000,6.36400000,7.27500000,5.58100000,6.88400000,29025022.91600000
1621728000000,6.88100000,7.30000000,4.57000000,5.90200000,46836888.04500000
1621814400000,5.91700000,6.77300000,5.68700000,6.75600000,25108494.22300000
1621900800000,6.75600000,7.28500000,5.91200000,6.89600000,23469575.67000000
1621987200000,6.89500000,8.00000000,6.65600000,7.64700000,24435179.83500000
1622073600000,7.65000000,8.09800000,6.85400000,7.87900000,18006716.18300000
1622160000000,7.88100000,8.50000000,6.46700000,6.55700000,38414633.71100000
1622246400000,6.55800000,6.99300000,5.92700000,6.34200000,18518091.56800000
1622332800000,6.34300000,6.83800000,5.90900000,6.51200000,15235538.22800000
1622419200000,6.51200000,7.13600000,6.04200000,7.10600000,15377675.54000000
1622505600000,7.10400000,7.93700000,6.98300000,7.50400000,24729131.63400000
1622592000000,7.50600000,8.17300000,7.50400000,7.94400000,13986986.09800000
1622678400000,7.94700000,9.68900000,7.86200000,9.57300000,20291267.73700000
1622764800000,9.57300000,10.47700000,8.01700000,8.84100000,43518133.16300000
1622851200000,8.84500000,9.99500000,8.64200000,8.95000000,30036707.17900000
1622937600000,8.95100000,9.29300000,8.53000000,8.84400000,13239588.44900000
1623024000000,8.84400000,10.09300000,8.60000000,8.72900000,29429438.43600000
1623110400000,8.72700000,9.17800000,8.03500000,8.92000000,33647649.83200000
1623196800000,8.92100000,9.67600000,8.33300000,9.38500000,27706555.91900000
1623283200000,9.38400000,9.50300000,8.52100000,8.73200000,15419280.92200000
1623369600000,8.73600000,8.75000000,7.61300000,7.94300000,15313150.53700000
1623456000000,7.94000000,8.24300000,7.33700000,7.80800000,14943257.52100000
1623542400000,7.80800000,8.90000000,7.65200000,8.77100000,13714691.82800000
1623628800000,8.77100000,9.44300000,8.59400000,9.06200000,15526193.72300000
1623715200000,9.06200000,9.34000000,8.80400000,8.91500000,8888289.13600000
1623801600000,8.91300000,9.10400000,8.55800000,8.97300000,8940795.16600000
1623888000000,8.97200000,9.65500000,8.92600000,9.51900000,16461027.89400000
1623974400000,9.52000000,10.10300000,8.50300000,9.01100000,21558291.54300000
1624060800000,9.01100000,9.19300000,8.63700000,8.81100000,8306492.98400000
1624147200000,8.80800000,8.89800000,8.05000000,8.70000000,10442100.29000000
1624233600000,8.69900000,8.78700000,6.47700000,6.51800000,21620399.05400000
1624320000000,6.52200000,7.29900000,5.24000000,6.48800000,40243062.72600000
1624406400000,6.48900000,7.52600000,6.06800000,6.91800000,26825020.01500000
1624492800000,6.92000000,7.33600000,6.60200000,7.30400000,17848905.41000000
1624579200000,7.30400000,7.44600000,6.36900000,6.67700000,20189784.30800000
1624665600000,6.67500000,6.93400000,6.11900000,6.55700000,17847845.79500000
1624752000000,6.56100000,6.92900000,6.34900000,6.91800000,13244026.36400000
1624838400000,6.92000000,7.14300000,6.71000000,6.92900000,12973736.21300000
1624924800000,6.93000000,7.40000000,6.88000000,7.12200000,13815154.31400000
1625011200000,7.12300000,7.27000000,6.42500000,6.91700000,15194716.19000000
1625097600000,6.91600000,6.91700000,6.12700000,6.29700000,13570689.59800000
1625184000000,6.29700000,6.39600000,5.76000000,6.24300000,14329348.32800000
1625270400000,6.24200000,6.35100000,6.02800000,6.27200000,7213778.77200000
1625356800000,6.27300000,6.55800000,6.03800000,6.34000000,9139723.51100000
1625443200000,6.33900000,6.44300000,5.86400000,5.93800000,11315966.89900000
1625529600000,5.94000000,6.26600000,5.93700000,6.12300000,9934977.67600000
1625616000000,6.12300000,6.65500000,6.03600000,6.36900000,14545828.57100000
1625702400000,6.36800000,6.82900000,6.01000000,6.13700000,30205730.91900000
1625788800000,6.13600000,6.19900000,5.72200000,6.06900000,13974359.64800000
1625875200000,6.06900000,6.20400000,5.77500000,5.90000000,8871272.18000000
1625961600000,5.89900000,6.00000000,5.73600000,5.94000000,7609740.85800000
1626048000000,5.94000000,5.99600000,5.44000000,5.56000000,11102358.28200000
1626134400000,5.55900000,5.57900000,5.20500000,5.28400000,11995418.62400000
1626220800000,5.28400000,5.29500000,4.71000000,5.16600000,17499206.68400000
1626307200000,5.16600000,5.23700000,4.73500000,4.87600000,14370516.43900000
1626393600000,4.87500000,4.97300000,4.37500000,4.41600000,18055721.71900000
1626480000000,4.41500000,4.64400000,4.32100000,4.43700000,16297418.58100000
1626566400000,4.43700000,4.62600000,4.32900000,4.43300000,14128693.26800000
1626652800000,4.43400000,4.46300000,3.96400000,4.07100000,16470193.67400000
1626739200000,4.07200000,4.18300000,3.49500000,3.65800000,25446088.45200000
1626825600000,3.66000000,4.59900000,3.54500000,4.41800000,25734829.12600000
1626912000000,4.41600000,4.94600000,4.22300000,4.84200000,23512841.65600000
1626998400000,4.84200000,5.05000000,4.50400000,5.01300000,21708281.99100000
1627084800000,5.01300000,5.76800000,4.88200000,5.60800000,33023527.03500000
1627171200000,5.60800000,6.56500000,5.46400000,6.12700000,46371051.69300000
1627257600000,6.12600000,6.75000000,5.55400000,5.63800000,40182588.86200000
1627344000000,5.63800000,6.12200000,5.28700000,5.96800000,30108823.85900000
1627430400000,5.97000000,6.18900000,5.61700000,5.80500000,24550083.97900000
1627516800000,5.80500000,6.10800000,5.63700000,6.03600000,18494345.18200000
1627603200000,6.03700000,6.12000000,5.66100000,5.98000000,15489435.15300000
1627689600000,5.97800000,6.28600000,5.79000000,6.10200000,16200930.45000000
1627776000000,6.10000000,6.29000000,5.70000000,5.75000000,16643702.15200000
1627862400000,5.75000000,5.97500000,5.63400000,5.82500000,12167373.15200000
1627948800000,5.82600000,5.95000000,5.54800000,5.91500000,13227060.67600000
1628035200000,5.91500000,6.19000000,5.77000000,6.06900000,13551877.00800000
1628121600000,6.07000000,7.20000000,5.95600000,7.13500000,27249489.71900000
1628208000000,7.12500000,7.29000000,6.84500000,6.88700000,21340038.67300000
1628294400000,6.88900000,7.18000000,6.70100000,6.93600000,19450812.92500000
1628380800000,6.93600000,7.07300000,6.26500000,6.40800000,15699017.75400000
1628467200000,6.40900000,6.93300000,6.12200000,6.76700000,15902984.38700000
1628553600000,6.76600000,7.09700000,6.61100000,6.93800000,14208702.81700000
1628640000000,6.93800000,7.59400000,6.91800000,7.15200000,18643732.60500000
1628726400000,7.15200000,7.45000000,6.53100000,6.77200000,19809392.68100000
1628812800000,6.77200000,7.31000000,6.65900000,7.16200000,13099508.51400000
1628899200000,7.16400000,7.58600000,7.00600000,7.21700000,17029944.55400000
1628985600000,7.21700000,7.56600000,6.94100000,7.46200000,17054072.83200000
1629072000000,7.46100000,8.33500000,7.30700000,7.60500000,25173346.54500000
1629158400000,7.60100000,8.08700000,6.80300000,6.98000000,21875360.02400000
1629244800000,6.98000000,7.18300000,6.52100000,6.84300000,19575405.04900000
1629331200000,6.84600000,7.21800000,6.62300000,7.15100000,14660099.26500000
1629417600000,7.15100000,7.42000000,7.02400000,7.27600000,12427584.14000000
1629504000000,7.27700000,7.68300000,7.12000000,7.26400000,16705662.27100000
1629590400000,7.26500000,7.53500000,7.04700000,7.34100000,12257817.03100000
1629676800000,7.34200000,7.92300000,7.30200000,7.82900000,17707698.16100000
1629763200000,7.82800000,8.14900000,6.90000000,7.05700000,24242900.25700000
1629849600000,7.05800000,7.32400000,6.73200000,7.20700000,18144730.61500000
1629936000000,7.20600000,7.28200000,6.36100000,6.52500000,15704522.22500000
1630022400000,6.52400000,6.97700000,6.31000000,6.95100000,13859260.90600000
1630108800000,6.95200000,6.97000000,6.70600000,6.91800000,7490443.30000000
1630195200000,6.92000000,7.08400000,6.73100000,6.91400000,12331861.36300000
1630281600000,6.91400000,6.93700000,6.50000000,6.58300000,10270701.80000000
1630368000000,6.58300000,6.78000000,6.41400000,6.66100000,11850823.00000000
1630454400000,6.66100000,7.19400000,6.49600000,7.10900000,13459750.16800000
1630540800000,7.10900000,7.24600000,6.89300000,7.02400000,11423776.24000000
1630627200000,7.02400000,7.36800000,6.90000000,7.25600000,12594126.75600000
1630713600000,7.25600000,7.72300000,7.20300000,7.51700000,14431295.70200000
1630800000000,7.51800000,8.27000000,7.40500000,8.18800000,18565694.33300000
1630886400000,8.18700000,9.56500000,7.74700000,9.21500000,37660599.79400000
1630972800000,9.21200000,9.74700000,5.92400000,7.03200000,70689067.35700000
1631059200000,7.03500000,7.18100000,6.13100000,6.81300000,38699441.60000000
1631145600000,6.80500000,7.42900000,6.55100000,6.98800000,28088523.20000000
1631232000000,6.98800000,7.32000000,6.27500000,6.45500000,21434337.40000000
1631318400000,6.45300000,6.68900000,6.30700000,6.45000000,13433170.80000000
1631404800000,6.45000000,6.83400000,6.25800000,6.58800000,15681796.80000000
1631491200000,6.58800000,6.65400000,5.70000000,6.12500000,17538676.39300000
1631577600000,6.12400000,6.48000000,6.06400000,6.46600000,12235088.80000000
1631664000000,6.46600000,7.11400000,6.44600000,6.86700000,18116532.50000000
1631750400000,6.86700000,6.89900000,6.44900000,6.65300000,10849522.70000000
1631836800000,6.65300000,6.70700000,6.21900000,6.31900000,10215754.90000000
1631923200000,6.31900000,6.58700000,6.22300000,6.36700000,8335739.50000000
1632009600000,6.36600000,6.37200000,5.95500000,6.09900000,8771443.60000000
1632096000000,6.09900000,6.10400000,4.94600000,5.15700000,31961709.97600000
1632182400000,5.15600000,5.66300000,4.73500000,5.01600000,33207922.17400000
1632268800000,5.01600000,5.68400000,4.93900000,5.57500000,18980779.30000000
1632355200000,5.57500000,5.84900000,5.39500000,5.70700000,16489677.05700000
1632441600000,5.70600000,5.76600000,4.90000000,5.18100000,23331993.90000000
1632528000000,5.18000000,5.27900000,5.01000000,5.09800000,13633651.10000000
1632614400000,5.09600000,5.25400000,4.75000000,5.09900000,19558612.50000000
1632700800000,5.09900000,5.29600000,4.91300000,4.92400000,13469267.20000000
1632787200000,4.92300000,5.00800000,4.66300000,4.69000000,12535314.23500000
1632873600000,4.68900000,4.98100000,4.65900000,4.82700000,15313935.90000000
1632960000000,4.82600000,5.09300000,4.79900000,5.04800000,12155493.60000000
1633046400000,5.04800000,6.06900000,4.98600000,5.98300000,24731828.60000000
1633132800000,5.98300000,6.28800000,5.87000000,6.05100000,21531284.60000000
1633219200000,6.05100000,6.25900000,5.89000000,6.12300000,13925057.00000000
1633305600000,6.12300000,6.12600000,5.70400000,6.02000000,15528740.70000000
1633392000000,6.01900000,6.88700000,5.97900000,6.72900000,26466770.11800000
1633478400000,6.73500000,6.95500000,6.15300000,6.41700000,25608547.00000000
1633564800000,6.41700000,6.58300000,6.16600000,6.51200000,15802428.50000000
1633651200000,6.51200000,6.86900000,6.36700000,6.46300000,14382139.40000000
1633737600000,6.46400000,7.01100000,6.36800000,6.94000000,13475386.60000000
1633824000000,6.93900000,6.95300000,6.27600000,6.32700000,13139746.10000000
1633910400000,6.32500000,6.54700000,6.00100000,6.16700000,11871942.10000000
1633996800000,6.16800000,6.17000000,5.62200000,5.91500000,15008540.50000000
1634083200000,5.91400000,6.31300000,5.58800000,6.09000000,17043121.30000000
1634169600000,6.09100000,6.25900000,5.96800000,6.07100000,9612965.30000000
1634256000000,6.07200000,6.43600000,5.91200000,6.27100000,15962614.10000000
1634342400000,6.27100000,6.38400000,6.10100000,6.14400000,9109429.40000000
1634428800000,6.14400000,6.15400000,5.71000000,5.96600000,9256871.20000000
1634515200000,5.96600000,6.04900000,5.75400000,5.84800000,8462627.80000000
1634601600000,5.84800000,6.09000000,5.80900000,5.93300000,7169709.70000000
1634688000000,5.93200000,6.24600000,5.84000000,6.23000000,8424252.20000000
1634774400000,6.22900000,6.32000000,5.92000000,5.98600000,13583739.80000000
1634860800000,5.98500000,6.79100000,5.97700000,6.66700000,23451381.70000000
1634947200000,6.66700000,6.69800000,6.35000000,6.53400000,9520969.40000000
1635033600000,6.53300000,6.84300000,6.30900000,6.44300000,12868635.80000000
1635120000000,6.44300000,6.90000000,6.40100000,6.80200000,11002446.90000000
1635206400000,6.80200000,7.39300000,6.76100000,7.01800000,16778121.80000000
1635292800000,7.01900000,7.39100000,5.69000000,6.15500000,29967102.40000000
1635379200000,6.15700000,6.52000000,6.05800000,6.45500000,14487468.20000000
1635465600000,6.45300000,7.21300000,6.34000000,6.99900000,17673426.00000000
1635552000000,7.00000000,8.59000000,6.78000000,8.20800000,38310370.77900000
1635638400000,8.20300000,8.55900000,7.00000000,7.22000000,28325313.60000000
1635724800000,7.22000000,7.73100000,6.90100000,7.31100000,17598623.50000000
1635811200000,7.31300000,7.92800000,7.27300000,7.62000000,15372242.20000000
1635897600000,7.62000000,7.65000000,7.06600000,7.40800000,14412028.40000000
1635984000000,7.40800000,7.79000000,7.30000000,7.71500000,16519028.70000000
1636070400000,7.71400000,8.13800000,7.52300000,7.56200000,16061118.90000000
1636156800000,7.56100000,7.67100000,7.13500000,7.47200000,10250241.70000000
1636243200000,7.47200000,7.51000000,7.34300000,7.45300000,6144704.60000000
1636329600000,7.45200000,7.89900000,7.34900000,7.86900000,10963032.10000000
1636416000000,7.86900000,8.49000000,7.71900000,7.91100000,22141596.00000000
1636502400000,7.91200000,8.21500000,6.36200000,7.32400000,24156474.00000000
1636588800000,7.32400000,7.46100000,7.10700000,7.36000000,13861012.40000000
1636675200000,7.36000000,7.44400000,6.84900000,7.17600000,13021822.40000000
1636761600000,7.17600000,7.31700000,7.04000000,7.18600000,7006160.50000000
1636848000000,7.18500000,7.24700000,6.86400000,7.04700000,6236939.50000000
1636934400000,7.04700000,7.14800000,6.77900000,6.79800000,6567287.90000000
1637020800000,6.79800000,6.80200000,5.92400000,6.25200000,18445026.10000000
1637107200000,6.25500000,6.61600000,6.02800000,6.58900000,12802109.20000000
1637193600000,6.58900000,6.64800000,5.84700000,5.97600000,16065125.80000000
1637280000000,5.97600000,6.39200000,5.83000000,6.34200000,10455357.80000000
1637366400000,6.34200000,6.73000000,6.26300000,6.71100000,8386517.90000000
1637452800000,6.71300000,7.21000000,6.60500000,7.10600000,13017999.00000000
1637539200000,7.10500000,7.27500000,6.39300000,6.50900000,15788319.20000000
1637625600000,6.50800000,6.99600000,6.25700000,6.86800000,11020735.60000000
1637712000000,6.86800000,6.97500000,6.45800000,6.61500000,13536942.00000000
1637798400000,6.61400000,7.57000000,6.51900000,7.39300000,19155971.20000000
1637884800000,7.39200000,7.46500000,6.27800000,6.53900000,22331152.60000000
1637971200000,6.53400000,6.88700000,6.46600000,6.54200000,9543504.50000000
1638057600000,6.54100000,6.62400000,6.00600000,6.60800000,10439467.50000000
1638144000000,6.60900000,6.73600000,6.43600000,6.65700000,9308195.80000000
1638230400000,6.65700000,6.82700000,6.33100000,6.61400000,12030770.40000000
1638316800000,6.61500000,6.81900000,6.41800000,6.52500000,9562446.70000000
1638403200000,6.52400000,6.52500000,6.25500000,6.37500000,7866237.50000000
1638489600000,6.37500000,6.70600000,5.96700000,6.15100000,18581101.20000000
1638576000000,6.15000000,6.16500000,3.65400000,5.13100000,43226455.27500000
1638662400000,5.13100000,5.23600000,4.52300000,4.73900000,20230295.10000000
1638748800000,4.74000000,4.81800000,4.15100000,4.77800000,22113687.80000000
1638835200000,4.77700000,4.91200000,4.58000000,4.68100000,13413710.70000000
1638921600000,4.68000000,5.06400000,4.48100000,4.91800000,16923298.90000000
1639008000000,4.91900000,4.98700000,4.36200000,4.40500000,13773993.40000000
1639094400000,4.40400000,4.70500000,4.24800000,4.26500000,15352114.50000000
1639180800000,4.26400000,4.47000000,4.18000000,4.42700000,9990396.60000000
1639267200000,4.42700000,4.51500000,4.28700000,4.42200000,6653202.90000000
1639353600000,4.42200000,4.51600000,3.81200000,3.90200000,14569458.30000000
1639440000000,3.90200000,4.05500000,3.82500000,4.03600000,13453897.80000000
1639526400000,4.03500000,4.41900000,3.88500000,4.39200000,14274891.40000000
1639612800000,4.39200000,4.47700000,4.22900000,4.25000000,8777827.70000000
1639699200000,4.24900000,4.34900000,3.92500000,4.03800000,10344064.80000000
1639785600000,4.03800000,4.18400000,3.95800000,4.08700000,6112653.80000000
1639872000000,4.08700000,4.22000000,4.05300000,4.13600000,7074087.30000000
1639958400000,4.13500000,4.14400000,3.83900000,3.99800000,9214696.80000000
1640044800000,3.99800000,4.17800000,3.96400000,4.15100000,6298675.30000000
1640131200000,4.15000000,4.59800000,4.15000000,4.43700000,8895289.70000000
1640217600000,4.43800000,4.82400000,4.32100000,4.76500000,10698351.00000000
1640304000000,4.76400000,4.86800000,4.61100000,4.71500000,10721586.90000000
1640390400000,4.71500000,5.15800000,4.66200000,5.01600000,14214615.00000000
1640476800000,5.01700000,5.53700000,4.90100000,5.48300000,17964311.20000000
1640563200000,5.48400000,5.94600000,5.45000000,5.48100000,18866972.10000000
1640649600000,5.48100000,5.48200000,4.95400000,5.08300000,15994931.50000000
1640736000000,5.08300000,5.27900000,4.84100000,4.91300000,13148488.30000000
1640822400000,4.91400000,4.98800000,4.70700000,4.81200000,9352932.60000000
1640908800000,4.81100000,4.94200000,4.56100000,4.71000000,10525230.00000000
1640995200000,4.70900000,4.95600000,4.70400000,4.94200000,6538253.60000000
1641081600000,4.94100000,4.94700000,4.78300000,4.88300000,6273552.00000000
1641168000000,4.88200000,4.88300000,4.61600000,4.70300000,7149579.10000000
1641254400000,4.70400000,4.95000000,4.58500000,4.72400000,9180817.40000000
1641340800000,4.72500000,5.24400000,4.13800000,4.41100000,23220583.60000000
1641427200000,4.41200000,4.44800000,4.14900000,4.38400000,13758007.50000000
1641513600000,4.38300000,4.40200000,4.00400000,4.18900000,15563076.00000000
1641600000000,4.19000000,4.34000000,3.80000000,3.97200000,12768000.00000000
1641686400000,3.97300000,4.14600000,3.92500000,4.03600000,8504243.80000000
1641772800000,4.03600000,4.12800000,3.67800000,3.84000000,12237788.40000000
1641859200000,3.84000000,4.16100000,3.79900000,4.09600000,7857056.80000000
1641945600000,4.09600000,4.36400000,4.09300000,4.27200000,8058006.30000000
1642032000000,4.27400000,4.29600000,3.95700000,3.97900000,10207566.70000000
1642118400000,3.97900000,4.15000000,3.87500000,4.13600000,8185141.20000000
1642204800000,4.13600000,4.15900000,4.04500000,4.09200000,4966242.80000000
1642291200000,4.09300000,4.29500000,4.04100000,4.20500000,6150340.90000000
1642377600000,4.20600000,4.22100000,3.88700000,3.95700000,8350453.20000000
1642464000000,3.95800000,4.25200000,3.83300000,4.21400000,15711005.80000000
1642550400000,4.21300000,4.47900000,4.12600000,4.33400000,22545956.20000000
1642636800000,4.33300000,4.66500000,4.07600000,4.09300000,18892912.70000000
1642723200000,4.09400000,4.35600000,3.28000000,3.41100000,37245510.25300000
1642809600000,3.40900000,3.47200000,2.33600000,2.75800000,69853984.64700000
1642896000000,2.75900000,2.94100000,2.61400000,2.78400000,25576634.50000000
1642982400000,2.78400000,2.78400000,2.27400000,2.59700000,36458577.17200000
1643068800000,2.59600000,2.70900000,2.48400000,2.60500000,17981914.70000000
1643155200000,2.60500000,3.11500000,2.58500000,2.81200000,32751696.70000000
1643241600000,2.81200000,3.17500000,2.77100000,2.89500000,40030807.10000000
1643328000000,2.89300000,3.00600000,2.79600000,2.94300000,15570980.50000000
1643414400000,2.94400000,3.02400000,2.88200000,2.98700000,10112267.10000000
1643500800000,2.98800000,3.11500000,2.80900000,2.88000000,11214843.00000000
1643587200000,2.88000000,2.94800000,2.70500000,2.93800000,13643552.00000000
1643673600000,2.93800000,2.97700000,2.87400000,2.92000000,10156393.50000000
1643760000000,2.92100000,2.95300000,2.71000000,2.75100000,10123106.90000000
1643846400000,2.75000000,2.83400000,2.68200000,2.79800000,10416895.70000000
1643932800000,2.79800000,3.05800000,2.77100000,3.05100000,13735558.70000000
1644019200000,3.05100000,3.43800000,3.03700000,3.26700000,23068757.30000000
1644105600000,3.26600000,3.61400000,3.26600000,3.50500000,21265664.90000000
1644192000000,3.50500000,3.70400000,3.41300000,3.59500000,16973930.30000000
1644278400000,3.59500000,3.61000000,3.22700000,3.45100000,17799100.10000000
1644364800000,3.45100000,3.48000000,3.25200000,3.43900000,9624967.80000000
1644451200000,3.43900000,4.15000000,3.32300000,4.06300000,42124673.20000000
1644537600000,4.06500000,4.38800000,3.81200000,3.95200000,43349024.60000000
1644624000000,3.95200000,4.25000000,3.70900000,3.89900000,28127605.50000000
1644710400000,3.89900000,3.93900000,3.56800000,3.57600000,12139375.10000000
1644796800000,3.57600000,3.78200000,3.44800000,3.57100000,17721213.90000000
1644883200000,3.57200000,3.87100000,3.55800000,3.86000000,14096026.30000000
1644969600000,3.86000000,4.05200000,3.74800000,3.89900000,22213671.90000000
1645056000000,3.89800000,3.96700000,3.38900000,3.44600000,17255563.80000000
1645142400000,3.44600000,3.57000000,3.25800000,3.29900000,13559710.90000000
1645228800000,3.29800000,3.36500000,3.10400000,3.21800000,8524215.40000000
1645315200000,3.21900000,3.22400000,2.86900000,2.96500000,11078418.50000000
1645401600000,2.96500000,3.14600000,2.64800000,2.67600000,17110338.40000000
1645488000000,2.67500000,2.90800000,2.59500000,2.88300000,14166693.10000000
1645574400000,2.88300000,2.97800000,2.67500000,2.68700000,12976713.20000000
1645660800000,2.68600000,2.72200000,2.27100000,2.61500000,32575962.40000000
1645747200000,2.61500000,2.90200000,2.55500000,2.82400000,15684991.50000000
1645833600000,2.82400000,2.90600000,2.75900000,2.83900000,9860970.60000000
1645920000000,2.83900000,2.99200000,2.68800000,2.75000000,15172994.00000000
1646006400000,2.74900000,3.37900000,2.64300000,3.36000000,16928252.00000000
1646092800000,3.36100000,3.45000000,3.17200000,3.28600000,18142139.90000000
1646179200000,3.28600000,3.30700000,3.11700000,3.18100000,12220717.40000000
1646265600000,3.18200000,3.46000000,3.00400000,3.06800000,14402131.30000000
1646352000000,3.06800000,3.07600000,2.77700000,2.81700000,10011837.20000000
1646438400000,2.81700000,2.90900000,2.73400000,2.87600000,6219305.20000000
1646524800000,2.87600000,2.91300000,2.68800000,2.70700000,6246242.90000000
1646611200000,2.70600000,2.84500000,2.59800000,2.70700000,9128588.00000000
1646697600000,2.70700000,3.04100000,2.69100000,2.84200000,12487967.50000000
1646784000000,2.84100000,3.15100000,2.82300000,3.06000000,9751739.90000000
1646870400000,3.06000000,3.06700000,2.78400000,2.87100000,8267941.50000000
1646956800000,2.87000000,3.00800000,2.75200000,2.77500000,8326241.00000000
1647043200000,2.77500000,2.86900000,2.76900000,2.83200000,3974533.60000000
1647129600000,2.83200000,2.89200000,2.68400000,2.68800000,5155262.30000000
1647216000000,2.68800000,2.78900000,2.65600000,2.77600000,6056455.10000000
1647302400000,2.77700000,2.78600000,2.62800000,2.72100000,6331929.10000000
1647388800000,2.72100000,2.90600000,2.66400000,2.90200000,8435046.00000000
1647475200000,2.90200000,2.92600000,2.81500000,2.85000000,5366628.70000000
1647561600000,2.85000000,2.94500000,2.77400000,2.91400000,5780304.40000000
1647648000000,2.91400000,3.05000000,2.91100000,2.98200000,6833322.50000000
1647734400000,2.98200000,3.08000000,2.82100000,2.88000000,6532514.20000000
1647820800000,2.88000000,2.95700000,2.81400000,2.93100000,6251796.90000000
1647907200000,2.93000000,3.18700000,2.90100000,3.06700000,9729627.00000000
1647993600000,3.06600000,3.21400000,3.03000000,3.19800000,8745037.20000000
1648080000000,3.19800000,3.34500000,3.12600000,3.29100000,10850305.00000000
1648166400000,3.29100000,3.31000000,3.09300000,3.17100000,7353501.60000000
1648252800000,3.17000000,3.30300000,3.15100000,3.30100000,4305867.80000000
1648339200000,3.30100000,3.65000000,3.28200000,3.57800000,15435861.50000000
1648425600000,3.57900000,3.92200000,3.54400000,3.61700000,17753723.50000000
1648512000000,3.61900000,4.10900000,3.60700000,3.89800000,22787204.70000000
1648598400000,3.89700000,4.13800000,3.71000000,3.92100000,15173804.40000000
1648684800000,3.92200000,4.38000000,3.87700000,4.19800000,27447086.20000000
1648771200000,4.19800000,4.39000000,3.90000000,4.08700000,22636461.60000000
1648857600000,4.08900000,4.36900000,4.00000000,4.07800000,12584890.20000000
1648944000000,4.07700000,4.15000000,3.93100000,4.04000000,7564126.50000000
1649030400000,4.04100000,4.04600000,3.62500000,3.84400000,11982181.40000000
1649116800000,3.84300000,3.97300000,3.66600000,3.69100000,8848867.60000000
1649203200000,3.69200000,3.75600000,3.27700000,3.29000000,14760193.90000000
1649289600000,3.29100000,3.53400000,3.25200000,3.48200000,7198289.30000000
1649376000000,3.48200000,3.59800000,3.30100000,3.32900000,7573780.80000000
1649462400000,3.32700000,3.51600000,3.31700000,3.46100000,5083494.10000000
1649548800000,3.46100000,3.56400000,3.31700000,3.32900000,5448072.50000000
1649635200000,3.33000000,3.34500000,2.93800000,3.00900000,9568999.90000000
1649721600000,3.00900000,3.18100000,2.94600000,3.08900000,8650385.60000000
1649808000000,3.08900000,3.19900000,2.98100000,3.16900000,6429015.00000000
1649894400000,3.16900000,3.22000000,2.97100000,3.03500000,5663932.70000000
1649980800000,3.03600000,3.08400000,2.98300000,3.05000000,3905853.60000000
1650067200000,3.05100000,3.07700000,2.95900000,3.04900000,3040136.00000000
1650153600000,3.04900000,3.09400000,2.85400000,2.87000000,4602202.50000000
1650240000000,2.87000000,3.05000000,2.75400000,3.04100000,8548839.70000000
1650326400000,3.04100000,3.17700000,2.99600000,3.15400000,5920967.80000000
1650412800000,3.15400000,3.21300000,3.01700000,3.09500000,6581064.70000000
1650499200000,3.09500000,3.54100000,3.09000000,3.24600000,23990510.70000000
1650585600000,3.24600000,3.50000000,3.12100000,3.12900000,13072394.20000000
1650672000000,3.12900000,3.17100000,3.03400000,3.10500000,4577021.40000000
1650758400000,3.10500000,3.20800000,2.95200000,2.99600000,6065639.60000000
1650844800000,2.99600000,3.03200000,2.77000000,3.02900000,9038312.20000000
1650931200000,3.02900000,3.11900000,2.66500000,2.73300000,10995311.70000000
1651017600000,2.73200000,2.84500000,2.70000000,2.82000000,6672250.20000000
1651104000000,2.82000000,2.86100000,2.69600000,2.76800000,6490214.10000000
1651190400000,2.76900000,2.79200000,2.47200000,2.55900000,9063105.60000000
1651276800000,2.55900000,2.59700000,2.13000000,2.20900000,10088105.46900000
1651363200000,2.20800000,2.37700000,2.15900000,2.34700000,12507884.90000000
1651449600000,2.34700000,2.38400000,2.24300000,2.31300000,10741735.50000000
1651536000000,2.31300000,2.42800000,2.23300000,2.30600000,8344617.40000000
1651622400000,2.30700000,2.61100000,2.28000000,2.59600000,12354557.40000000
1651708800000,2.59900000,2.64300000,2.20600000,2.29300000,15093103.10000000
1651795200000,2.29400000,2.30000000,2.15200000,2.22300000,12425434.70000000
1651881600000,2.22300000,2.23200000,2.05200000,2.11000000,9908251.95400000
1651968000000,2.10900000,2.15800000,2.03900000,2.08600000,10410755.10000000
1652054400000,2.08600000,2.15500000,1.65200000,1.68100000,30491081.68800000
1652140800000,1.68000000,1.94200000,1.60200000,1.78100000,37544472.40000000
1652227200000,1.78000000,1.85100000,1.23900000,1.33200000,47529846.55000000
1652313600000,1.33100000,1.41700000,1.02700000,1.21000000,40649738.40000000
1652400000000,1.21000000,1.53800000,1.20100000,1.40100000,23634633.80000000
1652486400000,1.40100000,1.51600000,1.28800000,1.43200000,21314449.30000000
1652572800000,1.43200000,1.48100000,1.35100000,1.47500000,14350481.30000000
1652659200000,1.47500000,1.47500000,1.30200000,1.34600000,12455219.50000000
1652745600000,1.34600000,1.42800000,1.29500000,1.39000000,10861932.50000000
1652832000000,1.39000000,1.42800000,1.20500000,1.21700000,10609421.90000000
1652918400000,1.21700000,1.31800000,1.15400000,1.28300000,9360990.40000000
1653004800000,1.28400000,1.32800000,1.18400000,1.21900000,11213339.50000000
1653091200000,1.22000000,1.26800000,1.17900000,1.25000000,6660039.80000000
1653177600000,1.25000000,1.33300000,1.22000000,1.31400000,9631590.20000000
1653264000000,1.31300000,1.36900000,1.21000000,1.23100000,11689514.40000000
1653350400000,1.23200000,1.27800000,1.17200000,1.27300000,10931189.30000000
1653436800000,1.27200000,1.29500000,1.20700000,1.23500000,8701639.40000000
1653523200000,1.23500000,1.26900000,1.06700000,1.13300000,14031046.20000000
1653609600000,1.13200000,1.15400000,1.06400000,1.09800000,12170796.00000000
1653696000000,1.09800000,1.14500000,1.07500000,1.12700000,6590206.70000000
1653782400000,1.12800000,1.18000000,1.08300000,1.17300000,7349753.40000000
1653868800000,1.17300000,1.35000000,1.14800000,1.32900000,11072592.20000000
1653955200000,1.32900000,1.39700000,1.27400000,1.34100000,13419974.00000000
1654041600000,1.34200000,1.39700000,1.15500000,1.20000000,17192242.30000000
1654128000000,1.20000000,1.25200000,1.17300000,1.24300000,7736310.70000000
1654214400000,1.24300000,1.24800000,1.15900000,1.19600000,4691512.90000000
1654300800000,1.19600000,1.21700000,1.16000000,1.19500000,4317582.70000000
1654387200000,1.19600000,1.23000000,1.17000000,1.21000000,3729049.00000000
1654473600000,1.20900000,1.39500000,1.20700000,1.30900000,16228541.80000000
1654560000000,1.30900000,1.31000000,1.18400000,1.24200000,8312670.20000000
1654646400000,1.24100000,1.40900000,1.22500000,1.32500000,17889342.50000000
1654732800000,1.32500000,1.47200000,1.30500000,1.42000000,18195334.50000000
1654819200000,1.42000000,1.48500000,1.28400000,1.30900000,15642253.00000000
1654905600000,1.30900000,1.42500000,1.18600000,1.21600000,16547771.30000000
1654992000000,1.21600000,1.25500000,1.08000000,1.08500000,16247068.50000000
1655078400000,1.08300000,1.23000000,0.95600000,1.15600000,27856971.60000000
1655164800000,1.15500000,1.22500000,1.02200000,1.14500000,22597934.10000000
1655251200000,1.14400000,1.38000000,1.02300000,1.34200000,21114427.50000000
1655337600000,1.34200000,1.37600000,1.12600000,1.19300000,22801695.70000000
1655424000000,1.19300000,1.27700000,1.17400000,1.20900000,13257445.60000000
1655510400000,1.20800000,1.26800000,1.05600000,1.15700000,18963383.80000000
1655596800000,1.16000000,1.25000000,1.10800000,1.22100000,12869891.50000000
1655683200000,1.22100000,1.33300000,1.20800000,1.27600000,12168515.30000000
1655769600000,1.27600000,1.39500000,1.23700000,1.27200000,13541199.40000000
1655856000000,1.27300000,1.28400000,1.20300000,1.22100000,10734336.30000000
1655942400000,1.22200000,1.31500000,1.22000000,1.29700000,9097442.30000000
1656028800000,1.29800000,1.43500000,1.29100000,1.38700000,14154081.90000000
1656115200000,1.38800000,1.55000000,1.36600000,1.47300000,16106064.00000000
1656201600000,1.47300000,1.51000000,1.32700000,1.33600000,10374240.10000000
1656288000000,1.33600000,1.41500000,1.29100000,1.33000000,8829251.40000000
1656374400000,1.33000000,1.37700000,1.25200000,1.26300000,9020927.70000000
1656460800000,1.26200000,1.28700000,1.20100000,1.23500000,8590957.60000000
1656547200000,1.23700000,1.23800000,1.10800000,1.19800000,9936578.30000000
1656633600000,1.19800000,1.23100000,1.13300000,1.17000000,8303501.50000000
1656720000000,1.17100000,1.19200000,1.13700000,1.18500000,5657569.40000000
1656806400000,1.18400000,1.23200000,1.14700000,1.21800000,8501917.90000000
1656892800000,1.21800000,1.25500000,1.17700000,1.25200000,7211447.30000000
1656979200000,1.25300000,1.27000000,1.15800000,1.20000000,10264342.10000000
1657065600000,1.20000000,1.24000000,1.18100000,1.22700000,5518422.30000000
1657152000000,1.22600000,1.29700000,1.21700000,1.28100000,6738769.80000000
1657238400000,1.28200000,1.31100000,1.21700000,1.24200000,7094783.40000000
1657324800000,1.24100000,1.28500000,1.24100000,1.26700000,3758133.00000000
1657411200000,1.26700000,1.27100000,1.19300000,1.19500000,4218578.60000000
1657497600000,1.19600000,1.19600000,1.12800000,1.13900000,4634219.10000000
1657584000000,1.13900000,1.15300000,1.08500000,1.08800000,4797859.70000000
1657670400000,1.08700000,1.15400000,1.05500000,1.15000000,6560036.20000000
1657756800000,1.14900000,1.17300000,1.09300000,1.16600000,6104657.70000000
1657843200000,1.16500000,1.19100000,1.14400000,1.16600000,4845850.30000000
1657929600000,1.16600000,1.19600000,1.13300000,1.19200000,4237818.20000000
1658016000000,1.19200000,1.21400000,1.15500000,1.20300000,5937596.10000000
1658102400000,1.20300000,1.29900000,1.18800000,1.29300000,11381405.40000000
1658188800000,1.29300000,1.35300000,1.25100000,1.32600000,12088908.50000000
1658275200000,1.32700000,1.36500000,1.21200000,1.23000000,10993150.70000000
1658361600000,1.22900000,1.28300000,1.19000000,1.25700000,6220061.60000000
1658448000000,1.25600000,1.31000000,1.21000000,1.22300000,5447027.00000000
1658534400000,1.22300000,1.31900000,1.21100000,1.30100000,8571818.90000000
1658620800000,1.29900000,1.34400000,1.28100000,1.28800000,7041022.50000000
1658707200000,1.28700000,1.30000000,1.15800000,1.16100000,8040009.00000000
1658793600000,1.16100000,1.19900000,1.13900000,1.19800000,5137964.60000000
1658880000000,1.19600000,1.27900000,1.17200000,1.27900000,7475835.60000000
1658966400000,1.27900000,1.37000000,1.24600000,1.34600000,9717916.40000000
1659052800000,1.34600000,1.47600000,1.34600000,1.41600000,16985048.00000000
1659139200000,1.41600000,1.50000000,1.37000000,1.38800000,13681468.00000000
1659225600000,1.39000000,1.45000000,1.32300000,1.33800000,10211249.00000000
1659312000000,1.33800000,1.50000000,1.31300000,1.48200000,16564697.80000000
1659398400000,1.48200000,1.58500000,1.35200000,1.37000000,24343208.80000000
1659484800000,1.36900000,1.43800000,1.32200000,1.38100000,11362411.20000000
1659571200000,1.38200000,1.45200000,1.36300000,1.41600000,9352027.60000000
1659657600000,1.41700000,1.65400000,1.40900000,1.63200000,25036099.30000000
1659744000000,1.63300000,1.63500000,1.53600000,1.55300000,8867801.70000000
1659830400000,1.55300000,1.70000000,1.51700000,1.66200000,12204861.70000000
1659916800000,1.66200000,1.71500000,1.57900000,1.61800000,14393916.60000000
1660003200000,1.61700000,1.65200000,1.48600000,1.52300000,12234579.10000000
1660089600000,1.52300000,1.62800000,1.47200000,1.61200000,12070646.20000000
1660176000000,1.61200000,1.63800000,1.55600000,1.57000000,9854206.20000000
1660262400000,1.57000000,1.64500000,1.54200000,1.62300000,10501401.10000000
1660348800000,1.62400000,1.64300000,1.57600000,1.58800000,5804278.10000000
1660435200000,1.58900000,1.63600000,1.50300000,1.52500000,8316025.70000000
1660521600000,1.52600000,1.57600000,1.45700000,1.48800000,8392603.40000000
1660608000000,1.48800000,1.50800000,1.42700000,1.44600000,7117879.40000000
1660694400000,1.44600000,1.52100000,1.37200000,1.39300000,8389852.90000000
1660780800000,1.39300000,1.42800000,1.30100000,1.32400000,6389596.30000000
1660867200000,1.32300000,1.32600000,1.18000000,1.19900000,12075149.40000000
1660953600000,1.19800000,1.24400000,1.15600000,1.19400000,5991895.90000000
1661040000000,1.19300000,1.24600000,1.18300000,1.22900000,4332718.90000000
1661126400000,1.22900000,1.23000000,1.15300000,1.21500000,5027395.30000000
1661212800000,1.21600000,1.24100000,1.17200000,1.23700000,4025265.80000000
1661299200000,1.23700000,1.26400000,1.19400000,1.22500000,5718631.50000000
1661385600000,1.22400000,1.29200000,1.22400000,1.26100000,5132045.40000000
1661472000000,1.26000000,1.30000000,1.13600000,1.15300000,14727471.90000000
1661558400000,1.15300000,1.15700000,1.10200000,1.12500000,6412125.50000000
1661644800000,1.12600000,1.15200000,1.09000000,1.09700000,3601169.60000000
1661731200000,1.09800000,1.19000000,1.08100000,1.18300000,6169868.80000000
1661817600000,1.18200000,1.20000000,1.11300000,1.15300000,4925431.20000000
1661904000000,1.15300000,1.19900000,1.15300000,1.15800000,4390184.80000000
1661990400000,1.15800000,1.17400000,1.12100000,1.16400000,4593990.00000000
1662076800000,1.16400000,1.18000000,1.11700000,1.13300000,4478336.70000000
1662163200000,1.13300000,1.14600000,1.12100000,1.14500000,2007616.70000000
1662249600000,1.14500000,1.17200000,1.13100000,1.17000000,2584190.50000000
1662336000000,1.17000000,1.18000000,1.15300000,1.17600000,4208510.00000000
1662422400000,1.17600000,1.20900000,1.07000000,1.07100000,7005639.10000000
1662508800000,1.07200000,1.12600000,1.05300000,1.11000000,4722207.20000000
1662595200000,1.11000000,1.13200000,1.08800000,1.12500000,5018267.20000000
1662681600000,1.12500000,1.21900000,1.12300000,1.18800000,8100488.60000000
1662768000000,1.18800000,1.20800000,1.16900000,1.18800000,6138051.60000000
1662854400000,1.18900000,1.20900000,1.15400000,1.18000000,4225186.40000000
1662940800000,1.18000000,1.22400000,1.15400000,1.18700000,9292825.50000000
1663027200000,1.18700000,1.20500000,1.08100000,1.08700000,9526550.00000000
1663113600000,1.08600000,1.11900000,1.07500000,1.11100000,7538602.90000000
1663200000000,1.11000000,1.11700000,1.06700000,1.08700000,7015854.10000000
1663286400000,1.08600000,1.09300000,1.05900000,1.08400000,4450165.80000000
1663372800000,1.08500000,1.12400000,1.08400000,1.12100000,2855241.70000000
1663459200000,1.12200000,1.12300000,1.02700000,1.03600000,6416859.00000000
1663545600000,1.03500000,1.06400000,1.00800000,1.04900000,7087174.00000000
1663632000000,1.04900000,1.05700000,1.02000000,1.03700000,5850705.80000000
1663718400000,1.03700000,1.10300000,1.01600000,1.02900000,10467817.30000000
1663804800000,1.02800000,1.11900000,1.02400000,1.11400000,6427152.60000000
1663891200000,1.11400000,1.16100000,1.08700000,1.13900000,11184337.00000000
1663977600000,1.14000000,1.14900000,1.09400000,1.10100000,3771150.10000000
1664064000000,1.10100000,1.13000000,1.06400000,1.08100000,5566378.50000000
1664150400000,1.08000000,1.10800000,1.05200000,1.09500000,7953836.10000000
1664236800000,1.09600000,1.15500000,1.07000000,1.08700000,10297684.00000000
1664323200000,1.08700000,1.10900000,1.05500000,1.09100000,5691371.80000000
1664409600000,1.09100000,1.09700000,1.06800000,1.09300000,4831096.30000000
1664496000000,1.09300000,1.10700000,1.06600000,1.07300000,4766498.00000000
1664582400000,1.07300000,1.07900000,1.05000000,1.06100000,2916266.30000000
1664668800000,1.06000000,1.06700000,1.02700000,1.03000000,2739921.00000000
1664755200000,1.03000000,1.06800000,1.01800000,1.06500000,3365625.90000000
1664841600000,1.06600000,1.09000000,1.05600000,1.08200000,3004545.10000000
1664928000000,1.08200000,1.08900000,1.05000000,1.08900000,3014070.40000000
1665014400000,1.08900000,1.10700000,1.07300000,1.07400000,4805542.20000000
1665100800000,1.07400000,1.08400000,1.04800000,1.06400000,2603897.50000000
1665187200000,1.06300000,1.07000000,1.04800000,1.05200000,2088869.90000000
1665273600000,1.05200000,1.06300000,1.04000000,1.06200000,1461217.50000000
1665360000000,1.06300000,1.07200000,1.01400000,1.01700000,3439075.50000000
1665446400000,1.01700000,1.03300000,0.98300000,1.02000000,4302004.70000000
1665532800000,1.02100000,1.03200000,1.00700000,1.01400000,2275880.80000000
1665619200000,1.01500000,1.01700000,0.91100000,1.00600000,6419820.10000000
1665705600000,1.00700000,1.03600000,0.97900000,0.99100000,3249675.10000000
1665792000000,0.99100000,1.01100000,0.98400000,0.99200000,1625659.40000000
1665878400000,0.99200000,1.01500000,0.99100000,1.00700000,1825042.30000000
1665964800000,1.00700000,1.02600000,0.99600000,1.02000000,2687714.80000000
1666051200000,1.02000000,1.02800000,0.97800000,1.01000000,3352295.00000000
1666137600000,1.01000000,1.02800000,0.97300000,0.98200000,4691368.20000000
1666224000000,0.98200000,1.00700000,0.96600000,0.97900000,3136478.40000000
1666310400000,0.97800000,0.99700000,0.94100000,0.99600000,3428352.20000000
1666396800000,0.99600000,1.00900000,0.98200000,0.99700000,1641365.40000000
1666483200000,0.99800000,1.02800000,0.98300000,1.02100000,2925114.90000000
1666569600000,1.02200000,1.06600000,0.99600000,1.05100000,7199323.80000000
1666656000000,1.05200000,1.10100000,1.04500000,1.07500000,11192942.40000000
1666742400000,1.07600000,1.13000000,1.07500000,1.12000000,6593976.60000000
1666828800000,1.11900000,1.15100000,1.08100000,1.10800000,6894428.80000000
1666915200000,1.10800000,1.17700000,1.09500000,1.15400000,9214245.50000000
1667001600000,1.15300000,1.25000000,1.14800000,1.24400000,10718084.90000000
1667088000000,1.24400000,1.24900000,1.14900000,1.17200000,7183981.90000000
1667174400000,1.17200000,1.19300000,1.13500000,1.16500000,6914082.30000000
1667260800000,1.16500000,1.20600000,1.15100000,1.20200000,5407822.40000000
1667347200000,1.20200000,1.24400000,1.11500000,1.14700000,11359118.00000000
1667433600000,1.14700000,1.28100000,1.14300000,1.23400000,11440580.20000000
1667520000000,1.23400000,1.33700000,1.22200000,1.29500000,11291198.70000000
1667606400000,1.29500000,1.31800000,1.26600000,1.28700000,7317804.90000000
1667692800000,1.28700000,1.32400000,1.19600000,1.20000000,6904549.30000000
1667779200000,1.20000000,1.24000000,1.16000000,1.21000000,7486156.80000000
1667865600000,1.21000000,1.23000000,0.92500000,1.03100000,16653555.90000000
1667952000000,1.03100000,1.04200000,0.85100000,0.88800000,15327175.60000000
1668038400000,0.88900000,1.03100000,0.87400000,1.00300000,16376201.10000000
1668124800000,1.00200000,1.02000000,0.92000000,0.95400000,8116235.10000000
1668211200000,0.95300000,0.95800000,0.88400000,0.89300000,5956209.10000000
1668297600000,0.89400000,0.91500000,0.86200000,0.87400000,5762719.20000000
1668384000000,0.87300000,0.91000000,0.82400000,0.89800000,8163806.50000000
1668470400000,0.89800000,0.94300000,0.88500000,0.92100000,6152329.30000000
1668556800000,0.92000000,0.93800000,0.87600000,0.89500000,4579683.50000000
1668643200000,0.89600000,0.90300000,0.86600000,0.88100000,3545847.20000000
1668729600000,0.88000000,0.91900000,0.88000000,0.90000000,3419376.70000000
1668816000000,0.90100000,0.90600000,0.87700000,0.90200000,1820653.00000000
1668902400000,0.90300000,0.91300000,0.84100000,0.84700000,3890259.00000000
1668988800000,0.84700000,0.85500000,0.80800000,0.82900000,6373001.40000000
1669075200000,0.83000000,0.85300000,0.80100000,0.85100000,5415118.40000000
1669161600000,0.85100000,0.89000000,0.84700000,0.88900000,4546704.90000000
1669248000000,0.88800000,0.90100000,0.87000000,0.89500000,3958420.20000000
1669334400000,0.89500000,0.93000000,0.86700000,0.91500000,5891927.80000000
1669420800000,0.91500000,0.94000000,0.90500000,0.91300000,4211947.80000000
1669507200000,0.91200000,0.98200000,0.90900000,0.95500000,6702797.70000000
1669593600000,0.95600000,0.95900000,0.88700000,0.92100000,6624799.70000000
1669680000000,0.92000000,0.96000000,0.91000000,0.92600000,5958490.80000000
1669766400000,0.92700000,0.96700000,0.91500000,0.96100000,7122573.00000000
1669852800000,0.96100000,0.96400000,0.91200000,0.92400000,5605922.90000000
1669939200000,0.92400000,0.93000000,0.87800000,0.92200000,4350891.20000000
1670025600000,0.92200000,0.92400000,0.87500000,0.88600000,2869252.00000000
1670112000000,0.88700000,0.90300000,0.88300000,0.89100000,4068582.50000000
1670198400000,0.89100000,0.91000000,0.87300000,0.87800000,4219330.10000000
1670284800000,0.87800000,0.90600000,0.87300000,0.90300000,3666001.40000000
1670371200000,0.90400000,0.90600000,0.84600000,0.87500000,4394804.40000000
1670457600000,0.87600000,0.88100000,0.83700000,0.87600000,4361913.30000000
1670544000000,0.87700000,0.88200000,0.85100000,0.85900000,2610805.10000000
1670630400000,0.85900000,0.86700000,0.84900000,0.85300000,2301861.90000000
1670716800000,0.85300000,0.87100000,0.83900000,0.84500000,2416896.70000000
1670803200000,0.84500000,0.84500000,0.80400000,0.82800000,4028976.80000000
1670889600000,0.82800000,0.85000000,0.79200000,0.84900000,6919536.10000000
1670976000000,0.84900000,0.85500000,0.81300000,0.82700000,3481181.90000000
1671062400000,0.82600000,0.83300000,0.80800000,0.82200000,2464425.90000000
1671148800000,0.82200000,0.84100000,0.73000000,0.74100000,6551950.60000000
1671235200000,0.74200000,0.75500000,0.71200000,0.75200000,3957579.50000000
1671321600000,0.75200000,0.76100000,0.74100000,0.75000000,1813869.70000000
1671408000000,0.75000000,0.76100000,0.71500000,0.73400000,3533575.90000000
1671494400000,0.73400000,0.77800000,0.73000000,0.77400000,2976074.30000000
1671580800000,0.77400000,0.77600000,0.75300000,0.77000000,2009202.80000000
1671667200000,0.77000000,0.78700000,0.76000000,0.78600000,2507672.80000000
1671753600000,0.78600000,0.78900000,0.77600000,0.77800000,1584603.60000000
1671840000000,0.77900000,0.78500000,0.77100000,0.77400000,766532.90000000
1671926400000,0.77400000,0.77800000,0.75000000,0.75800000,1642962.20000000
1672012800000,0.75800000,0.77600000,0.75600000,0.77500000,1659691.60000000
1672099200000,0.77500000,0.77900000,0.74600000,0.75800000,1942700.10000000
1672185600000,0.75700000,0.76400000,0.72400000,0.75100000,4220065.00000000
1672272000000,0.75200000,0.75300000,0.71300000,0.72600000,2980941.40000000
1672358400000,0.72600000,0.73300000,0.70600000,0.72900000,3213604.30000000
1672444800000,0.73000000,0.73700000,0.71700000,0.72300000,2015698.90000000
1672531200000,0.72200000,0.73500000,0.71600000,0.73300000,1484000.70000000
1672617600000,0.73400000,0.75600000,0.72100000,0.75100000,3363019.00000000
1672704000000,0.75100000,0.75300000,0.72800000,0.73600000,2173780.10000000
1672790400000,0.73600000,0.75900000,0.73500000,0.75300000,3554506.30000000
1672876800000,0.75200000,0.78000000,0.74600000,0.75000000,3264068.30000000
1672963200000,0.75100000,0.76200000,0.73100000,0.76000000,2798036.70000000
1673049600000,0.76000000,0.77000000,0.75900000,0.76900000,1749198.80000000
1673136000000,0.76900000,0.79900000,0.75900000,0.79400000,2478193.40000000
1673222400000,0.79400000,0.83000000,0.79100000,0.80300000,7799546.90000000
1673308800000,0.80300000,0.82400000,0.79100000,0.81400000,5228016.20000000
1673395200000,0.81400000,0.83500000,0.78000000,0.83400000,5963532.40000000
1673481600000,0.83400000,0.86500000,0.80800000,0.84500000,8181318.00000000
1673568000000,0.84500000,0.89700000,0.83300000,0.89400000,5996152.80000000
1673654400000,0.89300000,0.95400000,0.85700000,0.91500000,11010516.80000000
1673740800000,0.91500000,0.93800000,0.88900000,0.92900000,7865818.10000000
1673827200000,0.92800000,0.95600000,0.88100000,0.91600000,8448906.80000000
1673913600000,0.91600000,0.98700000,0.90300000,0.96200000,9760288.30000000
1674000000000,0.96100000,0.97100000,0.86100000,0.86700000,9631779.50000000
1674086400000,0.86700000,0.89500000,0.86300000,0.89300000,3954988.40000000
1674172800000,0.89300000,1.01400000,0.88700000,1.00800000,7713600.50000000
1674259200000,1.00800000,1.04800000,0.98100000,1.00900000,9522304.50000000
1674345600000,1.01000000,1.07700000,0.99500000,1.06900000,10058612.90000000
1674432000000,1.06900000,1.12300000,1.04400000,1.06900000,10329075.50000000
1674518400000,1.06800000,1.09000000,0.97700000,0.99500000,7215767.70000000
1674604800000,0.99500000,1.06600000,0.97000000,1.05000000,8038501.40000000
1674691200000,1.05100000,1.08200000,1.02300000,1.05900000,8043934.20000000
1674777600000,1.05900000,1.19200000,1.01700000,1.11800000,17772292.60000000
1674864000000,1.11900000,1.12400000,1.06400000,1.07300000,4717461.00000000
1674950400000,1.07300000,1.11800000,1.06100000,1.10800000,5263741.40000000
1675036800000,1.10800000,1.12300000,0.98200000,1.01500000,6741693.60000000
1675123200000,1.01500000,1.03900000,1.00400000,1.02500000,5266477.30000000
1675209600000,1.02600000,1.08700000,0.97100000,1.08500000,6397740.20000000
1675296000000,1.08600000,1.13300000,1.05100000,1.06900000,6067317.90000000
1675382400000,1.07000000,1.13200000,1.06500000,1.11800000,6114492.20000000
1675468800000,1.11800000,1.13700000,1.09500000,1.11800000,3606778.50000000
1675555200000,1.11800000,1.17600000,1.06000000,1.09600000,8995969.50000000
1675641600000,1.09500000,1.11000000,1.06200000,1.07200000,4738564.90000000
1675728000000,1.07200000,1.20300000,1.07000000,1.19500000,8068884.30000000
1675814400000,1.19500000,1.20300000,1.10300000,1.14200000,6043193.00000000
1675900800000,1.14300000,1.20900000,1.01500000,1.04600000,11247385.80000000
1675987200000,1.04600000,1.06700000,1.02200000,1.05000000,5071286.10000000
1676073600000,1.05000000,1.08500000,1.04300000,1.07600000,2245165.20000000
1676160000000,1.07700000,1.11000000,1.05300000,1.06700000,3673263.20000000
1676246400000,1.06600000,1.07300000,1.00000000,1.04400000,5410978.00000000
1676332800000,1.04300000,1.07900000,1.01700000,1.07700000,4349578.40000000
1676419200000,1.07700000,1.16600000,1.05900000,1.16100000,5948613.70000000
1676505600000,1.16200000,1.24800000,1.12600000,1.12900000,11128497.80000000
1676592000000,1.13000000,1.22900000,1.12200000,1.21000000,10126634.70000000
1676678400000,1.21000000,1.26000000,1.18600000,1.19600000,6348024.90000000
1676764800000,1.19600000,1.23200000,1.16000000,1.19500000,6180403.50000000
1676851200000,1.19500000,1.29900000,1.16900000,1.28700000,8968027.60000000
1676937600000,1.28800000,1.30200000,1.20100000,1.24300000,7925821.40000000
1677024000000,1.24300000,1.25200000,1.13300000,1.19000000,6985864.70000000
1677110400000,1.19000000,1.22700000,1.16800000,1.19500000,5046099.20000000
1677196800000,1.19400000,1.26800000,1.15800000,1.17800000,9353347.70000000
1677283200000,1.17700000,1.24500000,1.14100000,1.20900000,8081741.20000000
1677369600000,1.21000000,1.23600000,1.18200000,1.22900000,5084420.80000000
1677456000000,1.22900000,1.23300000,1.15600000,1.18100000,4472577.00000000
1677542400000,1.18100000,1.18300000,1.12000000,1.12700000,3476000.60000000
1677628800000,1.12700000,1.20100000,1.12100000,1.19400000,4168293.60000000
1677715200000,1.19400000,1.20100000,1.13300000,1.16900000,4023821.80000000
1677801600000,1.17000000,1.17100000,1.04000000,1.05600000,7228603.20000000
1677888000000,1.05600000,1.06500000,0.99500000,1.02100000,3418458.60000000
1677974400000,1.02100000,1.04000000,0.99000000,0.99400000,2601956.70000000
1678060800000,0.99300000,1.02100000,0.96400000,1.01600000,3632372.00000000
1678147200000,1.01700000,1.03200000,0.97300000,1.00300000,3319255.40000000
1678233600000,1.00300000,1.01200000,0.94100000,0.95500000,3626887.50000000
1678320000000,0.95500000,0.98800000,0.86700000,0.88300000,5842194.80000000
1678406400000,0.88400000,0.91700000,0.85000000,0.90900000,5702171.90000000
1678492800000,0.90900000,0.93100000,0.85800000,0.90200000,3960268.40000000
1678579200000,0.90300000,0.98300000,0.89200000,0.97600000,4155577.20000000
1678665600000,0.97700000,1.02500000,0.95400000,1.02000000,7595102.00000000
1678752000000,1.02100000,1.10200000,1.01000000,1.06800000,8275411.80000000
1678838400000,1.06800000,1.10200000,0.97500000,1.01000000,6742123.50000000
1678924800000,1.01000000,1.03300000,0.99400000,1.01800000,4532203.60000000
1679011200000,1.01800000,1.08900000,1.00300000,1.08700000,5289371.20000000
1679097600000,1.08700000,1.09800000,1.02700000,1.03800000,4524187.70000000
1679184000000,1.03800000,1.09000000,1.03600000,1.06800000,4510371.90000000
1679270400000,1.06800000,1.07800000,1.00200000,1.01100000,5122255.20000000
1679356800000,1.01100000,1.05700000,0.98200000,1.04700000,4328861.30000000
1679443200000,1.04700000,1.05100000,0.96200000,0.99700000,7017814.90000000
1679529600000,0.99800000,1.05200000,0.98800000,1.04900000,3818830.10000000
1679616000000,1.04900000,1.05600000,0.99200000,1.00900000,3698322.00000000
1679702400000,1.01000000,1.01900000,0.98400000,1.00300000,2566652.90000000
1679788800000,1.00300000,1.03000000,0.99500000,1.01900000,1898036.20000000
1679875200000,1.02000000,1.02400000,0.93900000,0.97000000,4157765.90000000
1679961600000,0.97100000,0.98200000,0.95500000,0.97500000,4521194.80000000
1680048000000,0.97600000,1.05400000,0.97300000,1.04700000,5571748.60000000
1680134400000,1.04700000,1.05400000,0.99900000,1.02000000,5010347.10000000
1680220800000,1.02100000,1.04400000,0.99200000,1.04200000,3204982.90000000
1680307200000,1.04300000,1.08700000,1.03700000,1.08100000,4833070.90000000
1680393600000,1.08100000,1.09000000,1.02400000,1.04300000,3806154.40000000
1680480000000,1.04400000,1.07800000,1.01500000,1.05300000,7061319.00000000
1680566400000,1.05300000,1.13000000,1.04800000,1.09400000,8226854.60000000
1680652800000,1.09300000,1.13200000,1.07700000,1.09200000,4656852.30000000
1680739200000,1.09300000,1.09500000,1.06800000,1.08000000,3275621.90000000
1680825600000,1.07900000,1.08900000,1.04600000,1.05900000,2959459.30000000
1680912000000,1.05900000,1.06800000,1.04600000,1.05900000,2364841.80000000
1680998400000,1.05800000,1.06800000,1.03300000,1.05100000,4378005.50000000
1681084800000,1.05000000,1.08600000,1.03100000,1.08600000,3411390.60000000
1681171200000,1.08600000,1.09000000,1.05900000,1.06600000,3302769.00000000
1681257600000,1.06500000,1.06800000,1.01900000,1.04900000,3477417.80000000
1681344000000,1.04900000,1.08400000,1.03600000,1.08300000,3258420.10000000
1681430400000,1.08400000,1.13200000,1.07900000,1.12400000,5222423.10000000
1681516800000,1.12500000,1.14000000,1.10500000,1.12800000,3457349.20000000
1681603200000,1.12900000,1.15600000,1.05000000,1.13200000,3848384.40000000
1681689600000,1.13300000,1.13500000,1.08800000,1.11600000,3623139.90000000
1681776000000,1.11600000,1.24300000,1.10500000,1.22200000,12445605.00000000
1681862400000,1.22200000,1.22500000,1.07700000,1.09700000,9825350.00000000
1681948800000,1.09600000,1.10800000,1.02100000,1.03300000,5859768.60000000
1682035200000,1.03400000,1.04400000,0.96900000,0.99200000,4718678.90000000
1682121600000,0.99200000,1.04300000,0.98600000,1.04200000,2485812.40000000
1682208000000,1.04200000,1.04200000,0.99200000,1.01900000,2317664.40000000
1682294400000,1.01900000,1.03700000,0.98000000,1.00100000,2515872.10000000
1682380800000,1.00100000,1.03300000,0.97200000,1.02900000,3167215.90000000
1682467200000,1.02900000,1.06400000,0.95100000,0.99700000,5751814.20000000
1682553600000,0.99700000,1.03300000,0.99300000,1.01000000,4359097.70000000
1682640000000,1.01000000,1.01200000,0.98200000,1.00500000,2211478.60000000
1682726400000,1.00600000,1.03300000,1.00000000,1.02200000,2149218.90000000
1682812800000,1.02200000,1.02600000,0.98600000,0.98800000,2284125.80000000
1682899200000,0.98800000,0.99300000,0.96000000,0.98800000,2811567.40000000
1682985600000,0.98700000,0.99200000,0.97300000,0.98400000,1554527.30000000
1683072000000,0.98400000,1.00900000,0.95600000,1.00500000,2747876.60000000
1683158400000,1.00400000,1.01600000,0.98700000,0.99100000,2330908.10000000
1683244800000,0.99000000,1.01000000,0.96000000,1.00200000,2762878.60000000
1683331200000,1.00100000,1.00500000,0.94000000,0.96100000,2499252.30000000
1683417600000,0.96100000,0.96600000,0.94300000,0.94500000,1346579.00000000
1683504000000,0.94500000,0.95200000,0.85500000,0.89300000,4405731.80000000
1683590400000,0.89300000,0.90600000,0.88800000,0.89800000,2069107.40000000
1683676800000,0.89700000,0.93300000,0.86600000,0.92100000,4494492.10000000
1683763200000,0.92000000,0.92200000,0.87500000,0.89200000,2945876.70000000
1683849600000,0.89300000,0.91300000,0.86700000,0.91200000,2730147.70000000
1683936000000,0.91200000,0.91400000,0.89600000,0.90500000,1224009.90000000
1684022400000,0.90600000,0.90900000,0.88700000,0.89300000,1333815.20000000
1684108800000,0.89300000,0.92200000,0.88000000,0.90900000,2073758.20000000
1684195200000,0.90800000,0.91900000,0.89600000,0.90800000,1777335.40000000
1684281600000,0.90900000,0.94100000,0.90400000,0.93000000,2636153.20000000
1684368000000,0.93100000,0.93700000,0.89400000,0.91300000,1751137.00000000
1684454400000,0.91300000,0.92100000,0.90700000,0.91200000,1221556.10000000
1684540800000,0.91200000,0.91200000,0.88700000,0.88900000,1743748.40000000
1684627200000,0.88800000,0.89100000,0.83500000,0.85100000,3616227.90000000
1684713600000,0.85200000,0.86200000,0.83600000,0.85400000,1599967.30000000
1684800000000,0.85500000,0.87500000,0.85300000,0.87000000,1604331.70000000
1684886400000,0.87000000,0.87100000,0.83200000,0.84200000,2051347.40000000
1684972800000,0.84200000,0.84800000,0.81700000,0.84200000,2006072.90000000
1685059200000,0.84200000,0.84900000,0.82800000,0.84100000,1369394.30000000
1685145600000,0.84100000,0.85100000,0.83600000,0.85000000,1319014.80000000
1685232000000,0.85000000,0.88500000,0.84700000,0.87500000,2479857.60000000
1685318400000,0.87500000,0.88200000,0.85400000,0.86500000,2184584.80000000
1685404800000,0.86500000,0.88200000,0.85900000,0.87300000,2524737.40000000
1685491200000,0.87200000,0.87700000,0.82400000,0.83400000,2387005.10000000
1685577600000,0.83400000,0.85700000,0.81800000,0.83300000,1992436.60000000
1685664000000,0.83400000,0.85700000,0.82500000,0.84000000,2299458.00000000
1685750400000,0.84000000,0.84300000,0.82700000,0.83600000,1757320.40000000
1685836800000,0.83600000,0.85000000,0.83100000,0.83800000,1747134.00000000
1685923200000,0.83800000,0.83900000,0.74500000,0.77800000,5294567.30000000
1686009600000,0.77800000,0.81000000,0.76900000,0.80000000,2226447.60000000
1686096000000,0.80100000,0.80100000,0.75000000,0.75400000,2754683.20000000
1686182400000,0.75300000,0.77600000,0.74100000,0.75700000,1941144.50000000
1686268800000,0.75800000,0.77100000,0.74400000,0.74600000,1711696.90000000
1686355200000,0.74700000,0.74700000,0.57100000,0.65700000,11894176.30000000
1686441600000,0.65700000,0.66500000,0.64400000,0.64700000,3366125.60000000
1686528000000,0.64700000,0.65800000,0.62400000,0.65200000,3377722.20000000
1686614400000,0.65200000,0.66800000,0.63600000,0.64000000,2881175.60000000
1686700800000,0.64000000,0.65400000,0.60700000,0.62300000,3345835.10000000
1686787200000,0.62300000,0.65400000,0.62000000,0.64700000,2910892.90000000
1686873600000,0.64700000,0.66500000,0.63100000,0.65400000,2241095.80000000
1686960000000,0.65400000,0.66900000,0.64700000,0.65400000,2048171.10000000
1687046400000,0.65500000,0.65800000,0.63600000,0.64600000,1982885.60000000
1687132800000,0.64700000,0.66200000,0.63500000,0.64700000,2909044.40000000
1687219200000,0.64700000,0.66700000,0.62300000,0.66600000,2825880.60000000
1687305600000,0.66700000,0.72000000,0.66200000,0.71300000,4679414.30000000
1687392000000,0.71300000,0.73800000,0.70200000,0.71100000,4024903.40000000
1687478400000,0.71100000,0.76400000,0.71000000,0.75500000,4810825.10000000
1687564800000,0.75500000,0.77000000,0.72400000,0.74200000,4381518.80000000
1687651200000,0.74200000,0.88000000,0.74100000,0.76600000,13644066.50000000
1687737600000,0.76600000,0.77100000,0.71900000,0.73400000,5009564.40000000
1687824000000,0.73400000,0.75600000,0.72900000,0.74600000,2958470.90000000
1687910400000,0.74600000,0.74600000,0.67100000,0.69800000,4643871.30000000
1687996800000,0.69700000,0.71600000,0.68800000,0.69800000,2698930.50000000
1688083200000,0.69700000,0.74000000,0.66500000,0.73000000,6193958.70000000
1688169600000,0.73100000,0.76600000,0.71500000,0.76500000,3744051.30000000
1688256000000,0.76600000,0.77300000,0.73700000,0.76400000,5682322.50000000
1688342400000,0.76400000,0.78300000,0.75800000,0.77300000,4443769.30000000
1688428800000,0.77300000,0.78200000,0.74800000,0.77100000,4387387.80000000
1688515200000,0.77100000,0.79200000,0.72400000,0.73500000,5190080.30000000
1688601600000,0.73400000,0.77000000,0.70900000,0.71100000,3586516.20000000
1688688000000,0.71100000,0.73400000,0.70200000,0.72500000,2532950.10000000
1688774400000,0.72500000,0.73500000,0.70600000,0.72200000,2133353.30000000
1688860800000,0.72300000,0.73800000,0.71900000,0.72100000,1861377.70000000
1688947200000,0.72100000,0.74700000,0.69500000,0.73400000,3189004.50000000
1689033600000,0.73400000,0.75400000,0.72400000,0.75300000,1737582.40000000
1689120000000,0.75400000,0.78000000,0.74700000,0.75900000,4532480.10000000
1689206400000,0.75700000,0.83700000,0.75000000,0.83000000,11051132.60000000
1689292800000,0.83100000,0.84800000,0.77700000,0.80600000,7138171.80000000
1689379200000,0.80600000,0.81400000,0.78700000,0.80200000,2849675.60000000
1689465600000,0.80200000,0.80600000,0.76300000,0.76700000,2948441.20000000
1689552000000,0.76800000,0.79000000,0.75500000,0.77700000,3873306.20000000
1689638400000,0.77800000,0.78500000,0.74300000,0.75800000,2760684.80000000
1689724800000,0.75900000,0.78600000,0.75500000,0.76900000,3133748.00000000
1689811200000,0.77000000,0.81200000,0.76700000,0.79000000,3755726.40000000
1689897600000,0.79000000,0.84100000,0.78500000,0.80800000,5751600.90000000
1689984000000,0.80900000,0.81500000,0.78300000,0.79200000,2469709.50000000
1690070400000,0.79100000,0.83400000,0.78500000,0.82700000,3303640.00000000
1690156800000,0.82600000,0.83500000,0.77400000,0.78600000,4805303.60000000
1690243200000,0.78600000,0.86000000,0.78200000,0.85400000,7342074.90000000
1690329600000,0.85400000,0.86000000,0.81400000,0.82200000,9544924.10000000
1690416000000,0.82200000,0.83300000,0.78100000,0.78300000,4731683.10000000
1690502400000,0.78200000,0.79800000,0.77000000,0.79200000,3748748.10000000
1690588800000,0.79200000,0.81900000,0.79000000,0.81400000,2913226.60000000
1690675200000,0.81500000,0.82700000,0.77600000,0.80800000,2985152.10000000
1690761600000,0.80700000,0.81900000,0.77700000,0.78300000,2496812.70000000
1690848000000,0.78300000,0.78700000,0.75400000,0.77900000,6068731.20000000
1690934400000,0.77800000,0.78300000,0.73400000,0.75800000,3395477.90000000
1691020800000,0.75800000,0.77000000,0.75200000,0.75900000,2241114.90000000
1691107200000,0.75800000,0.77000000,0.75100000,0.75900000,1935248.60000000
1691193600000,0.75900000,0.76200000,0.74000000,0.74400000,1414981.20000000
1691280000000,0.74400000,0.75400000,0.72000000,0.72300000,2660949.30000000
1691366400000,0.72300000,0.73300000,0.69100000,0.71800000,3464491.30000000
1691452800000,0.71800000,0.73900000,0.71200000,0.73300000,2209047.90000000
1691539200000,0.73200000,0.74600000,0.73000000,0.74300000,1979682.80000000
1691625600000,0.74400000,0.74600000,0.73200000,0.74100000,1436983.70000000
1691712000000,0.74100000,0.75000000,0.73400000,0.74900000,1726172.90000000
1691798400000,0.74900000,0.75900000,0.73100000,0.73300000,2256495.40000000
1691884800000,0.73400000,0.74600000,0.73000000,0.73600000,1429652.50000000
1691971200000,0.73700000,0.75700000,0.73400000,0.74600000,2717043.10000000
1692057600000,0.74600000,0.76300000,0.66400000,0.71200000,5474165.20000000
1692144000000,0.71200000,0.71600000,0.65800000,0.67700000,5602663.60000000
1692230400000,0.67700000,0.69000000,0.56600000,0.61900000,8002868.70000000
1692316800000,0.61800000,0.68200000,0.61600000,0.62600000,4293161.20000000
1692403200000,0.62500000,0.63200000,0.61800000,0.62700000,2280100.50000000
1692489600000,0.62600000,0.63500000,0.61500000,0.62500000,1868646.40000000
1692576000000,0.62600000,0.62600000,0.59700000,0.62300000,2107296.10000000
1692662400000,0.62300000,0.62700000,0.59600000,0.62300000,3703658.40000000
1692748800000,0.62400000,0.65000000,0.62100000,0.64600000,3060767.50000000
1692835200000,0.64600000,0.64600000,0.61900000,0.63300000,3822251.20000000
1692921600000,0.63400000,0.63800000,0.61900000,0.63700000,4786325.00000000
1693008000000,0.63700000,0.64600000,0.63300000,0.63400000,2458249.70000000
1693094400000,0.63400000,0.63800000,0.60200000,0.61000000,5659995.90000000
1693180800000,0.61000000,0.62500000,0.59000000,0.61900000,5086010.10000000
1693267200000,0.62000000,0.65500000,0.60600000,0.65000000,6596758.00000000
1693353600000,0.65100000,0.65100000,0.63800000,0.64600000,4352351.90000000
1693440000000,0.64600000,0.68800000,0.61000000,0.61700000,13038826.10000000
1693526400000,0.61700000,0.62200000,0.59100000,0.60200000,3789017.60000000
1693612800000,0.60200000,0.61500000,0.59900000,0.60800000,2754186.10000000
1693699200000,0.60700000,0.61200000,0.60100000,0.61100000,1590828.50000000
1693785600000,0.61100000,0.62400000,0.59700000,0.60600000,3815256.10000000
1693872000000,0.60600000,0.63000000,0.60300000,0.62900000,3880166.10000000
1693958400000,0.62800000,0.63500000,0.61400000,0.63000000,2949139.70000000
1694044800000,0.63100000,0.63500000,0.61800000,0.63000000,2283154.90000000
1694131200000,0.63100000,0.63700000,0.62300000,0.63400000,2509670.80000000
1694217600000,0.63500000,0.63900000,0.62500000,0.62600000,1200619.10000000
1694304000000,0.62700000,0.62700000,0.59500000,0.60600000,4105722.60000000
1694390400000,0.60600000,0.60900000,0.57500000,0.58700000,4681976.20000000
1694476800000,0.58600000,0.60400000,0.57900000,0.58100000,5162060.50000000
1694563200000,0.58100000,0.59700000,0.57600000,0.59100000,2860054.20000000
1694649600000,0.59200000,0.61000000,0.58400000,0.60700000,3022824.30000000
1694736000000,0.60700000,0.61800000,0.59600000,0.61400000,2915708.50000000
1694822400000,0.61400000,0.62700000,0.60900000,0.61500000,1948109.80000000
1694908800000,0.61400000,0.61500000,0.59000000,0.59800000,2282877.00000000
1694995200000,0.59900000,0.61900000,0.59200000,0.60100000,6187074.10000000
1695081600000,0.60000000,0.61700000,0.59500000,0.61200000,4288763.00000000
1695168000000,0.61200000,0.61700000,0.58400000,0.59600000,6057335.10000000
1695254400000,0.59700000,0.60200000,0.57900000,0.59000000,3242646.70000000
1695340800000,0.59000000,0.60000000,0.58600000,0.60000000,2393824.80000000
1695427200000,0.60000000,0.69700000,0.60000000,0.64300000,36108677.30000000
1695513600000,0.64300000,0.64300000,0.61500000,0.62400000,4734268.80000000
1695600000000,0.62400000,0.65000000,0.61700000,0.63500000,4070067.20000000
1695686400000,0.63400000,0.65700000,0.62700000,0.63900000,4518477.50000000
1695772800000,0.63900000,0.64300000,0.62200000,0.63400000,3165145.10000000
1695859200000,0.63400000,0.65000000,0.63100000,0.64700000,3192194.70000000
1695945600000,0.64600000,0.64900000,0.63000000,0.64700000,2902083.30000000
1696032000000,0.64700000,0.65200000,0.63900000,0.64700000,2835053.10000000
1696118400000,0.64700000,0.67800000,0.64600000,0.67100000,3424370.40000000
1696204800000,0.67000000,0.67700000,0.61300000,0.62800000,4087113.00000000
1696291200000,0.62800000,0.63700000,0.62100000,0.62700000,2607986.80000000
1696377600000,0.62700000,0.62700000,0.60100000,0.62100000,3018490.20000000
1696464000000,0.62100000,0.62400000,0.61100000,0.61500000,1824177.70000000
1696550400000,0.61600000,0.63100000,0.61400000,0.62300000,1565955.20000000
1696636800000,0.62300000,0.62700000,0.61500000,0.61800000,964720.10000000
1696723200000,0.61800000,0.62100000,0.60700000,0.61400000,1072282.80000000
1696809600000,0.61500000,0.61900000,0.58000000,0.59400000,4098463.10000000
1696896000000,0.59400000,0.59800000,0.58600000,0.59300000,1975978.30000000
1696982400000,0.59300000,0.59600000,0.58000000,0.59500000,2039281.90000000
1697068800000,0.59400000,0.60000000,0.57500000,0.58300000,2100830.30000000
1697155200000,0.58400000,0.59000000,0.57800000,0.58200000,1708150.30000000
1697241600000,0.58100000,0.59300000,0.58000000,0.58900000,843379.80000000
1697328000000,0.59000000,0.60200000,0.58700000,0.59800000,1447806.20000000
1697414400000,0.59800000,0.61900000,0.59500000,0.60800000,3034575.40000000
1697500800000,0.60700000,0.60700000,0.58600000,0.59700000,2937069.40000000
1697587200000,0.59700000,0.60100000,0.58300000,0.58500000,2393547.80000000
1697673600000,0.58600000,0.58600000,0.56200000,0.56500000,4115902.40000000
1697760000000,0.56600000,0.59200000,0.56400000,0.58700000,2517840.00000000
1697846400000,0.58700000,0.61200000,0.58500000,0.60800000,1985238.50000000
1697932800000,0.60700000,0.62000000,0.59300000,0.61900000,2896581.40000000
1698019200000,0.61800000,0.65600000,0.61100000,0.65100000,5433071.40000000
1698105600000,0.65100000,0.68000000,0.63700000,0.66000000,11719517.90000000
1698192000000,0.66000000,0.67000000,0.64200000,0.66200000,5064248.80000000
1698278400000,0.66200000,0.67400000,0.62900000,0.65100000,6372286.70000000
1698364800000,0.65100000,0.66400000,0.63200000,0.64300000,3545194.80000000
1698451200000,0.64300000,0.67600000,0.64200000,0.67200000,2853709.40000000
1698537600000,0.67200000,0.69800000,0.66000000,0.68400000,4783423.90000000
1698624000000,0.68500000,0.70000000,0.67100000,0.69200000,4020098.50000000
1698710400000,0.69300000,0.73800000,0.66200000,0.72200000,9432968.20000000
1698796800000,0.72200000,0.84000000,0.72200000,0.76200000,25353854.30000000
1698883200000,0.76300000,0.77800000,0.73000000,0.76900000,6439599.40000000
1698969600000,0.76900000,0.77100000,0.73100000,0.75200000,4046669.60000000
1699056000000,0.75200000,0.77600000,0.74400000,0.77500000,2629848.80000000
1699142400000,0.77400000,0.80000000,0.76500000,0.79400000,5196345.90000000
1699228800000,0.79300000,0.83000000,0.78100000,0.82000000,4649468.10000000
1699315200000,0.82000000,0.83200000,0.79100000,0.82900000,4987672.40000000
1699401600000,0.83000000,0.89900000,0.81300000,0.88300000,5237153.90000000
1699488000000,0.88300000,0.93800000,0.83000000,0.93100000,14215454.60000000
1699574400000,0.93000000,1.04000000,0.91900000,1.03000000,12288175.90000000
1699660800000,1.03000000,1.19000000,1.00000000,1.02800000,13139041.80000000
1699747200000,1.02800000,1.03800000,0.98000000,0.99300000,5750539.60000000
1699833600000,0.99300000,1.00600000,0.91000000,0.91700000,8118422.20000000
1699920000000,0.91800000,0.94100000,0.87300000,0.92100000,5777201.90000000
1700006400000,0.92100000,0.97900000,0.90500000,0.96200000,5107408.30000000
1700092800000,0.96200000,0.97300000,0.91300000,0.93800000,5270238.90000000
1700179200000,0.93700000,1.00500000,0.89800000,0.93300000,7419755.40000000
1700265600000,0.93200000,0.93200000,0.86400000,0.93100000,2894074.00000000
1700352000000,0.93000000,0.98200000,0.90600000,0.96800000,4626635.20000000
1700438400000,0.96900000,0.97800000,0.93400000,0.96000000,4504937.90000000
1700524800000,0.96000000,0.97600000,0.85400000,0.85900000,5363263.70000000
1700611200000,0.85800000,0.95300000,0.85700000,0.95200000,3203404.70000000
1700697600000,0.95200000,0.95900000,0.92000000,0.94300000,2649746.60000000
1700784000000,0.94400000,1.01600000,0.94400000,0.98900000,6447467.40000000
1700870400000,0.99000000,1.04700000,0.97200000,1.01900000,5633346.40000000
1700956800000,1.02000000,1.02400000,0.95700000,0.98000000,3675913.40000000
1701043200000,0.98000000,1.00400000,0.93000000,0.95500000,4187662.20000000
1701129600000,0.95400000,0.97000000,0.91400000,0.95900000,2350189.90000000
1701216000000,0.96000000,0.98300000,0.94500000,0.96400000,3177475.40000000
1701302400000,0.96500000,1.08500000,0.96500000,1.01000000,17348814.30000000
1701388800000,1.01000000,1.02700000,0.98200000,0.99900000,5797995.90000000
1701475200000,0.99900000,1.12100000,0.99700000,1.09100000,10171782.70000000
1701561600000,1.09000000,1.09100000,1.04700000,1.08600000,4691108.20000000
1701648000000,1.08600000,1.11700000,1.03100000,1.11700000,8677168.90000000
1701734400000,1.11700000,1.17100000,1.09300000,1.11000000,7701633.70000000
1701820800000,1.11000000,1.20300000,1.03800000,1.04900000,14422382.50000000
1701907200000,1.04900000,1.07200000,1.01300000,1.06400000,6089093.70000000
1701993600000,1.06600000,1.16400000,1.05700000,1.16300000,7040555.80000000
1702080000000,1.16400000,1.20700000,1.14000000,1.16100000,10091497.20000000
1702166400000,1.16100000,1.19500000,1.11100000,1.14100000,5323869.40000000
1702252800000,1.14100000,1.14300000,0.97500000,1.04400000,9002693.70000000
1702339200000,1.04400000,1.08300000,1.02500000,1.05900000,5556946.40000000
1702425600000,1.06000000,1.11700000,1.00000000,1.11200000,5426258.30000000
1702512000000,1.11300000,1.14800000,1.04700000,1.11700000,7061637.90000000
1702598400000,1.11700000,1.11900000,1.03900000,1.04100000,3444575.10000000
1702684800000,1.04200000,1.11400000,1.02600000,1.09100000,4614149.90000000
1702771200000,1.09100000,1.11000000,1.04400000,1.04700000,3337045.70000000
1702857600000,1.04700000,1.05400000,0.94700000,1.02200000,8442149.80000000
1702944000000,1.02200000,1.03600000,1.00100000,1.02100000,6125561.40000000
1703030400000,1.02100000,1.10000000,1.00300000,1.08300000,6573608.90000000
1703116800000,1.08400000,1.17300000,1.06700000,1.16300000,11271156.20000000
1703203200000,1.16300000,1.20800000,1.12900000,1.15800000,8703148.80000000
1703289600000,1.15800000,1.19900000,1.11100000,1.14800000,6241134.20000000
1703376000000,1.14800000,1.30400000,1.13400000,1.26500000,19455989.80000000
1703462400000,1.26600000,1.42300000,1.23200000,1.41100000,18170874.50000000
1703548800000,1.41200000,1.42600000,1.20000000,1.40700000,14331051.00000000
1703635200000,1.40800000,1.45000000,1.29400000,1.35200000,7973029.90000000
1703721600000,1.35000000,1.41700000,1.26800000,1.33400000,13183479.60000000
1703808000000,1.33400000,1.33400000,1.24700000,1.27400000,7154962.40000000
1703894400000,1.27400000,1.36800000,1.25000000,1.25200000,8461492.90000000
1703980800000,1.25200000,1.30200000,1.22100000,1.25000000,4928541.90000000
1704067200000,1.25000000,1.34200000,1.23200000,1.33800000,5252332.70000000
1704153600000,1.33700000,1.45000000,1.32700000,1.36400000,10589068.90000000
1704240000000,1.36400000,1.44500000,1.04100000,1.18500000,18125508.30000000
1704326400000,1.18400000,1.22900000,1.15000000,1.21200000,6191150.50000000
1704412800000,1.21500000,1.23000000,1.09300000,1.15300000,7414740.20000000
1704499200000,1.15200000,1.15600000,1.06300000,1.10900000,3930379.40000000
1704585600000,1.10800000,1.12600000,1.02900000,1.04400000,4334529.10000000
1704672000000,1.04400000,1.10200000,0.97700000,1.09800000,8240693.10000000
1704758400000,1.09700000,1.10300000,0.97700000,1.01700000,8313128.00000000
1704844800000,1.01700000,1.11700000,0.99200000,1.08700000,8089205.30000000
1704931200000,1.08800000,1.18500000,1.08000000,1.13300000,10031644.70000000
1705017600000,1.13300000,1.16300000,1.00200000,1.04600000,9964714.80000000
1705104000000,1.04600000,1.07000000,1.01200000,1.06000000,3635536.80000000
1705190400000,1.06000000,1.06600000,1.01000000,1.01100000,3708911.90000000
1705276800000,1.01200000,1.06000000,1.01100000,1.03700000,3811533.70000000
1705363200000,1.03700000,1.08700000,1.02400000,1.07500000,5412439.70000000
1705449600000,1.07600000,1.08600000,1.04500000,1.06000000,4517663.10000000
1705536000000,1.06000000,1.08400000,0.98200000,0.98500000,5104874.50000000
1705622400000,0.98600000,1.01000000,0.93600000,1.00800000,6099931.10000000
1705708800000,1.00700000,1.03300000,0.99600000,1.02800000,2364236.90000000
1705795200000,1.02800000,1.04800000,1.00900000,1.01200000,2270160.50000000
1705881600000,1.01100000,1.01900000,0.93000000,0.94800000,5213739.50000000
1705968000000,0.94800000,0.96400000,0.88000000,0.93800000,5444689.00000000
1706054400000,0.93800000,0.97000000,0.93000000,0.96600000,2878925.80000000
1706140800000,0.96600000,0.97000000,0.93100000,0.93700000,2837937.10000000
1706227200000,0.93800000,0.98800000,0.92500000,0.98300000,3050397.70000000
1706313600000,0.98400000,1.02400000,0.98100000,1.00400000,3122237.30000000
1706400000000,1.00400000,1.02700000,0.99000000,1.01800000,5422737.30000000
1706486400000,1.01800000,1.04400000,0.98500000,1.03400000,5938637.80000000
1706572800000,1.03500000,1.05200000,1.00100000,1.00700000,5147925.60000000
1706659200000,1.00700000,1.01200000,0.95600000,0.97400000,6192685.80000000
1706745600000,0.97400000,0.98800000,0.95900000,0.97800000,3244465.90000000
1706832000000,0.97700000,1.00200000,0.97400000,1.00100000,2451957.00000000
1706918400000,1.00100000,1.01100000,0.98700000,0.98900000,1626222.10000000
1707004800000,0.98900000,0.99000000,0.95000000,0.95300000,2383253.80000000
1707091200000,0.95200000,0.97100000,0.93300000,0.96200000,2641514.30000000
1707177600000,0.96300000,0.97900000,0.93400000,0.94700000,3212440.80000000
1707264000000,0.94800000,0.99400000,0.93900000,0.99200000,2776499.30000000
1707350400000,0.99300000,1.01000000,0.98400000,0.99400000,3136917.70000000
1707436800000,0.99400000,1.05000000,0.99300000,1.03500000,5025886.20000000
1707523200000,1.03600000,1.04500000,1.01400000,1.02500000,2603644.50000000
1707609600000,1.02500000,1.04100000,1.01200000,1.01800000,2485503.90000000
1707696000000,1.01900000,1.08300000,1.00600000,1.07700000,4890465.60000000
1707782400000,1.07800000,1.09000000,1.04700000,1.07300000,4878706.80000000
1707868800000,1.07300000,1.11800000,1.06100000,1.08900000,4507668.60000000
1707955200000,1.09000000,1.14600000,1.08200000,1.11200000,5657416.20000000
1708041600000,1.11200000,1.14700000,1.09100000,1.12200000,6971697.90000000
1708128000000,1.12200000,1.18500000,1.09900000,1.17900000,6838302.00000000
1708214400000,1.17900000,1.19700000,1.14500000,1.16100000,5891602.50000000
1708300800000,1.16100000,1.33800000,1.15800000,1.27200000,14967661.30000000
1708387200000,1.27200000,1.27900000,1.12000000,1.20000000,13267472.10000000
1708473600000,1.20100000,1.20900000,1.12100000,1.17400000,5844041.60000000
1708560000000,1.17400000,1.24500000,1.14600000,1.21600000,6460615.50000000
1708646400000,1.21700000,1.25100000,1.16400000,1.19600000,6714373.00000000
1708732800000,1.19700000,1.42700000,1.17400000,1.32700000,26720145.00000000
1708819200000,1.32800000,1.40600000,1.26800000,1.40000000,9272726.50000000
1708905600000,1.40000000,1.81600000,1.36700000,1.81500000,45001459.80000000
1708992000000,1.81500000,2.32000000,1.76000000,1.86000000,89559133.70000000
1709078400000,1.85900000,2.17200000,1.75000000,1.94500000,60626539.30000000
1709164800000,1.94500000,1.97100000,1.77800000,1.84200000,23060206.80000000
1709251200000,1.84300000,2.05600000,1.83100000,2.04600000,20147851.70000000
1709337600000,2.04600000,2.18800000,1.90500000,2.14900000,20667980.50000000
1709424000000,2.14900000,2.55000000,2.07400000,2.38700000,33709027.10000000
1709510400000,2.38800000,2.51800000,2.21400000,2.35300000,18848206.30000000
1709596800000,2.35300000,3.37700000,2.24000000,2.77100000,69301986.00000000
1709683200000,2.77100000,3.21400000,2.61500000,2.89200000,27015929.00000000
1709769600000,2.89100000,3.09300000,2.81900000,2.95100000,18606325.00000000
1709856000000,2.95100000,3.30000000,2.82600000,3.04800000,22261912.20000000
1709942400000,3.04800000,3.33700000,2.97600000,3.17100000,14608873.90000000
1710028800000,3.17100000,3.37700000,2.88800000,3.22600000,19045653.40000000
1710115200000,3.22700000,3.82000000,3.05700000,3.46200000,33618116.50000000
1710201600000,3.46300000,3.53000000,3.25000000,3.42600000,14864527.10000000
1710288000000,3.42600000,3.44400000,3.26200000,3.36900000,8702437.70000000
1710374400000,3.36900000,3.58600000,3.09600000,3.35600000,13718379.80000000
1710460800000,3.35700000,3.36200000,2.81000000,3.11100000,16459291.70000000
1710547200000,3.11100000,3.13700000,2.68900000,2.74700000,10716797.20000000
1710633600000,2.74600000,3.20300000,2.63600000,3.13600000,14618133.20000000
1710720000000,3.13500000,3.35700000,2.93700000,3.00000000,17367266.90000000
1710806400000,2.99900000,3.03000000,2.51600000,2.56300000,21045272.40000000
1710892800000,2.56200000,3.05000000,2.40400000,3.04300000,18123455.20000000
1710979200000,3.04400000,3.07600000,2.75900000,2.85100000,11261304.00000000
1711065600000,2.85100000,3.02900000,2.68200000,2.80900000,9638294.40000000
1711152000000,2.81000000,2.89900000,2.75600000,2.78100000,8066640.10000000
1711238400000,2.78000000,2.96100000,2.70400000,2.91600000,5708289.60000000
1711324800000,2.91600000,3.14600000,2.85300000,3.09000000,10729719.00000000
1711411200000,3.09000000,3.24400000,3.05000000,3.06400000,9345848.90000000
1711497600000,3.06400000,3.12500000,2.91700000,2.98100000,8642275.00000000
1711584000000,2.98100000,3.00800000,2.85000000,2.94600000,5088171.10000000
1711670400000,2.94600000,3.04700000,2.86000000,2.92700000,6186924.70000000
1711756800000,2.92600000,2.92700000,2.78100000,2.80900000,5822720.70000000
1711843200000,2.80900000,3.15300000,2.79300000,3.08100000,9239589.90000000
1711929600000,3.08300000,3.15000000,2.74600000,2.86800000,10734237.20000000
1712016000000,2.86700000,2.86700000,2.53500000,2.58300000,9504846.30000000
1712102400000,2.58200000,2.63800000,2.45500000,2.50900000,6517338.50000000
1712188800000,2.50800000,2.64000000,2.45200000,2.56300000,5402283.90000000
1712275200000,2.56200000,2.62900000,2.46000000,2.58600000,6492876.70000000
1712361600000,2.58600000,2.70600000,2.57500000,2.64800000,9950253.60000000
1712448000000,2.64800000,2.70400000,2.62600000,2.68300000,3082082.60000000
1712534400000,2.68300000,2.92700000,2.61600000,2.90400000,8039814.50000000
1712620800000,2.90500000,3.10300000,2.82200000,2.86500000,15921766.80000000
1712707200000,2.86400000,3.09400000,2.62800000,3.03900000,9079153.20000000
1712793600000,3.03900000,3.10200000,2.86500000,2.89900000,8003264.00000000
1712880000000,2.89900000,3.08200000,2.25000000,2.43300000,16315527.50000000
1712966400000,2.43300000,2.43400000,1.71500000,1.98800000,24861710.30000000
1713052800000,1.98700000,2.20100000,1.86300000,2.16300000,13509102.70000000
1713139200000,2.16300000,2.28400000,1.94600000,2.01800000,12074445.60000000
1713225600000,2.01900000,2.06600000,1.90300000,2.03500000,6141383.10000000
1713312000000,2.03400000,2.06400000,1.89200000,1.99100000,7023929.90000000
1713398400000,1.99100000,2.10100000,1.93600000,2.07900000,5951433.80000000
1713484800000,2.07900000,2.12000000,1.88300000,2.05900000,8982524.20000000
1713571200000,2.05900000,2.33200000,2.02300000,2.32000000,6264089.20000000
1713657600000,2.31900000,2.36200000,2.19100000,2.25000000,6275266.40000000
1713744000000,2.25000000,2.37400000,2.21000000,2.35200000,6243280.20000000
1713830400000,2.35200000,2.48400000,2.33800000,2.39000000,9095121.10000000
1713916800000,2.38900000,2.57100000,2.27000000,2.32000000,9542122.20000000
1714003200000,2.32100000,2.49700000,2.26100000,2.47300000,8430838.30000000
1714089600000,2.47500000,2.51900000,2.33600000,2.37400000,7951188.70000000
1714176000000,2.37700000,2.39700000,2.21400000,2.34300000,5527488.30000000
1714262400000,2.34300000,2.37900000,2.24400000,2.25700000,3381593.20000000
1714348800000,2.25600000,2.51900000,2.12100000,2.18200000,12524027.10000000
1714435200000,2.18200000,2.24800000,1.93800000,2.01400000,8512269.80000000
1714521600000,2.01400000,2.06000000,1.87200000,2.03800000,9153163.40000000
1714608000000,2.03700000,2.08500000,1.96400000,2.04300000,6446243.90000000
1714694400000,2.04300000,2.20300000,2.00600000,2.18300000,4651998.80000000
1714780800000,2.18200000,2.22700000,2.15400000,2.17300000,3541229.70000000
1714867200000,2.17300000,2.27400000,2.12000000,2.24300000,4321701.80000000
1714953600000,2.24300000,2.36400000,2.21300000,2.23600000,6367775.70000000
1715040000000,2.23700000,2.28600000,2.13300000,2.13400000,4467025.30000000
1715126400000,2.13300000,2.22700000,2.09600000,2.14900000,4371336.60000000
1715212800000,2.14800000,2.23300000,2.08800000,2.21100000,3224219.50000000
1715299200000,2.21100000,2.33000000,2.06300000,2.07700000,6661905.70000000
1715385600000,2.07800000,2.10800000,1.98400000,2.00600000,4178982.70000000
1715472000000,2.00500000,2.02900000,1.97500000,1.99500000,2617003.30000000
1715558400000,1.99600000,2.06000000,1.90700000,1.99000000,5465556.70000000
1715644800000,1.99100000,2.00700000,1.91000000,1.92200000,3666069.50000000
1715731200000,1.92300000,2.10700000,1.91000000,2.08700000,4637845.90000000
1715817600000,2.08800000,2.20900000,2.08600000,2.19700000,8346377.50000000
1715904000000,2.19700000,2.26600000,2.15000000,2.22000000,4145526.70000000
1715990400000,2.22000000,2.24800000,2.18600000,2.20000000,2473099.30000000
1716076800000,2.20000000,2.23600000,2.12000000,2.14800000,2622044.20000000
1716163200000,2.14800000,2.50100000,2.12100000,2.49300000,10437012.70000000
1716249600000,2.49300000,2.56900000,2.42800000,2.48800000,6723514.50000000
1716336000000,2.48800000,2.56100000,2.39200000,2.46800000,5775506.10000000
1716422400000,2.46900000,2.49300000,2.18000000,2.33600000,5784607.30000000
1716508800000,2.33400000,2.35000000,2.24200000,2.32800000,2678793.40000000
1716595200000,2.32500000,2.37900000,2.31000000,2.36900000,2035470.70000000
1716681600000,2.36800000,2.38600000,2.25500000,2.28200000,2027036.10000000
1716768000000,2.28300000,2.40400000,2.24200000,2.35000000,2675569.00000000
1716854400000,2.35000000,2.35300000,2.23900000,2.27200000,2912685.90000000
1716940800000,2.27300000,2.34800000,2.21400000,2.22000000,3296351.30000000
1717027200000,2.22000000,2.28600000,2.17900000,2.19200000,2964833.40000000
1717113600000,2.19100000,2.19600000,2.11200000,2.13200000,3213995.10000000
1717200000000,2.13100000,2.14500000,2.08000000,2.09900000,2098540.60000000
1717286400000,2.09800000,2.14300000,2.06300000,2.06500000,2602951.20000000
1717372800000,2.06400000,2.18300000,2.05000000,2.12000000,4119933.50000000
1717459200000,2.11900000,2.15700000,2.06300000,2.14700000,2561943.10000000
1717545600000,2.14800000,2.27000000,2.14800000,2.23700000,4125590.80000000
1717632000000,2.23800000,2.32000000,2.18300000,2.19800000,3596273.90000000
1717718400000,2.19700000,2.23600000,1.85000000,1.99800000,7110939.90000000
1717804800000,1.99700000,2.03100000,1.89200000,1.92000000,3330686.70000000
1717891200000,1.92000000,2.00200000,1.91800000,1.98200000,1984067.30000000
1717977600000,1.98200000,1.98200000,1.89700000,1.91000000,2817725.30000000
1718064000000,1.90900000,1.92400000,1.75800000,1.79900000,4668449.00000000
1718150400000,1.79800000,1.98200000,1.75500000,1.92100000,4281613.20000000
1718236800000,1.92100000,1.92800000,1.74600000,1.75100000,3921269.60000000
1718323200000,1.75100000,1.77800000,1.60800000,1.66000000,4600110.30000000
1718409600000,1.66000000,1.73500000,1.64700000,1.68100000,1732319.50000000
1718496000000,1.68200000,1.72000000,1.66300000,1.68900000,1945445.70000000
1718582400000,1.68900000,1.69900000,1.47500000,1.54100000,5382463.10000000
1718668800000,1.54100000,1.54800000,1.33300000,1.41400000,8449898.20000000
1718755200000,1.41300000,1.50700000,1.38800000,1.47200000,3990935.80000000
1718841600000,1.47100000,1.60400000,1.46300000,1.52300000,5939096.00000000
1718928000000,1.52400000,1.55100000,1.47100000,1.50700000,3233062.40000000
1719014400000,1.50700000,1.56100000,1.47700000,1.55200000,1709402.80000000
1719100800000,1.55100000,1.59000000,1.48800000,1.50100000,3090035.10000000
1719187200000,1.50100000,1.54500000,1.42300000,1.51600000,5096632.10000000
1719273600000,1.51700000,1.65000000,1.50900000,1.61100000,3627948.70000000
1719360000000,1.61000000,1.66000000,1.57200000,1.58600000,2557851.60000000
1719446400000,1.58600000,1.64700000,1.54300000,1.57600000,3451964.10000000
1719532800000,1.57700000,1.58700000,1.50600000,1.51100000,2096069.50000000
1719619200000,1.51100000,1.53200000,1.48800000,1.49400000,1010875.00000000
1719705600000,1.49400000,1.58000000,1.47500000,1.56000000,2076913.50000000
1719792000000,1.56100000,1.61100000,1.55200000,1.58600000,2542944.30000000
1719878400000,1.58400000,1.63000000,1.52900000,1.56200000,1995219.50000000
1719964800000,1.56300000,1.57400000,1.44000000,1.44800000,2995358.90000000
1720051200000,1.44900000,1.45500000,1.28000000,1.29500000,5201054.50000000
1720137600000,1.29500000,1.29700000,1.14000000,1.27500000,11214099.80000000
1720224000000,1.27400000,1.37500000,1.25700000,1.36000000,2699099.60000000
1720310400000,1.36000000,1.36100000,1.24600000,1.25500000,2251943.10000000
1720396800000,1.25500000,1.35400000,1.18900000,1.27500000,5256379.30000000
1720483200000,1.27500000,1.34900000,1.25900000,1.33800000,3070359.70000000
1720569600000,1.33800000,1.41200000,1.32200000,1.36800000,3155604.90000000
1720656000000,1.36700000,1.45000000,1.33000000,1.33800000,3115236.40000000
1720742400000,1.33800000,1.40400000,1.32100000,1.39700000,2517980.80000000
1720828800000,1.39700000,1.43600000,1.38200000,1.41700000,1829613.10000000
1720915200000,1.41700000,1.46600000,1.40400000,1.46000000,2180485.20000000
1721001600000,1.46100000,1.55100000,1.44700000,1.54400000,3393874.70000000
1721088000000,1.54600000,1.57400000,1.45900000,1.52000000,4198291.40000000
1721174400000,1.52000000,1.57700000,1.48100000,1.48100000,3233306.10000000
1721260800000,1.48200000,1.52900000,1.43800000,1.48700000,2311474.20000000
1721347200000,1.48700000,1.60400000,1.45800000,1.57700000,3810156.50000000
1721433600000,1.57600000,1.65000000,1.56200000,1.63700000,2922063.00000000
1721520000000,1.63800000,1.67100000,1.54100000,1.64500000,3960701.00000000
1721606400000,1.64600000,1.65800000,1.52800000,1.53600000,2640686.70000000
1721692800000,1.53500000,1.56600000,1.42200000,1.44900000,4331411.00000000
1721779200000,1.45000000,1.53600000,1.43800000,1.46100000,2942920.70000000
1721865600000,1.46100000,1.46800000,1.33700000,1.40400000,4995607.40000000
1721952000000,1.40400000,1.51400000,1.39700000,1.50700000,2208635.70000000
1722038400000,1.50600000,1.57100000,1.47600000,1.50800000,2355224.10000000
1722124800000,1.50700000,1.51000000,1.43500000,1.45200000,1516865.20000000
1722211200000,1.45200000,1.56100000,1.45100000,1.47100000,3487581.90000000
1722297600000,1.47000000,1.53800000,1.37400000,1.39600000,5175584.50000000
1722384000000,1.39500000,1.44300000,1.35400000,1.36500000,4036004.00000000
1722470400000,1.36600000,1.39100000,1.25000000,1.35200000,5350059.20000000
1722556800000,1.35100000,1.36400000,1.23300000,1.24400000,3734663.60000000
1722643200000,1.24400000,1.30500000,1.17100000,1.20800000,5920704.90000000
1722729600000,1.20700000,1.23200000,1.08800000,1.13800000,5042400.60000000
1722816000000,1.13800000,1.15500000,0.89200000,1.06000000,21171552.10000000
1722902400000,1.05900000,1.14500000,1.05700000,1.10300000,4540430.50000000
1722988800000,1.10300000,1.14800000,1.04900000,1.06300000,4445477.60000000
1723075200000,1.06200000,1.22200000,1.04600000,1.21600000,4573807.90000000
1723161600000,1.21700000,1.21700000,1.14400000,1.17700000,2780270.30000000
1723248000000,1.17700000,1.19900000,1.16800000,1.18900000,1467969.30000000
1723334400000,1.18900000,1.21800000,1.10100000,1.11000000,2954509.80000000
1723420800000,1.11000000,1.20400000,1.10500000,1.19000000,3982035.40000000
1723507200000,1.19000000,1.23400000,1.14500000,1.20800000,2822995.30000000
1723593600000,1.20700000,1.22700000,1.15600000,1.16900000,2700176.00000000
1723680000000,1.16900000,1.23500000,1.13300000,1.15900000,4815335.30000000
1723766400000,1.16000000,1.19900000,1.11400000,1.14200000,2665415.40000000
1723852800000,1.14200000,1.15400000,1.13300000,1.14200000,1072280.60000000
1723939200000,1.14200000,1.17100000,1.12600000,1.12900000,1665692.70000000
1724025600000,1.12800000,1.16600000,1.10600000,1.16300000,2656303.60000000
1724112000000,1.16300000,1.20500000,1.14100000,1.18100000,3006829.40000000
1724198400000,1.18000000,1.26400000,1.16200000,1.23900000,3746800.20000000
1724284800000,1.23800000,1.33500000,1.22900000,1.32200000,4006916.40000000
1724371200000,1.32300000,1.42800000,1.31100000,1.41000000,4692201.30000000
1724457600000,1.41200000,1.45600000,1.38300000,1.41600000,3927905.20000000
1724544000000,1.41600000,1.41900000,1.34500000,1.37000000,2692818.50000000
1724630400000,1.37000000,1.40600000,1.31600000,1.32500000,3796510.50000000
1724716800000,1.32400000,1.39100000,1.23500000,1.25100000,4576297.60000000
1724803200000,1.25100000,1.30400000,1.20500000,1.24400000,3251323.70000000
1724889600000,1.24400000,1.32100000,1.20300000,1.22500000,3421445.20000000
1724976000000,1.22400000,1.24700000,1.16800000,1.22000000,3293235.50000000
1725062400000,1.22000000,1.23400000,1.18200000,1.20000000,1348131.60000000
1725148800000,1.20000000,1.20600000,1.13200000,1.14900000,2632615.80000000
1725235200000,1.14800000,1.20200000,1.14600000,1.18800000,2033715.50000000
1725321600000,1.18700000,1.20900000,1.12700000,1.13100000,2258517.40000000
1725408000000,1.13200000,1.17000000,1.07100000,1.14900000,3394330.00000000
1725494400000,1.14800000,1.15500000,1.09600000,1.10800000,2206282.70000000
1725580800000,1.10700000,1.15000000,1.05000000,1.09300000,4175682.60000000
1725667200000,1.09300000,1.16300000,1.09300000,1.12500000,2386754.20000000
1725753600000,1.12500000,1.18200000,1.11300000,1.16000000,2000928.70000000
1725840000000,1.16000000,1.21700000,1.15000000,1.18900000,2875605.50000000
1725926400000,1.18900000,1.22700000,1.17900000,1.20800000,1876985.10000000
1726012800000,1.20800000,1.20800000,1.15100000,1.18600000,2270215.60000000
1726099200000,1.18700000,1.21800000,1.18100000,1.19900000,2550827.30000000
1726185600000,1.19800000,1.30200000,1.19100000,1.29500000,7149970.10000000
1726272000000,1.29500000,1.33600000,1.27800000,1.29500000,4065059.60000000
1726358400000,1.29500000,1.35000000,1.29400000,1.29500000,3714300.80000000
1726444800000,1.29500000,1.38400000,1.27600000,1.31100000,5378338.10000000
1726531200000,1.31100000,1.34100000,1.26700000,1.29900000,3223890.40000000
1726617600000,1.29800000,1.40200000,1.25400000,1.39200000,3766612.20000000
1726704000000,1.39300000,1.43200000,1.37200000,1.40200000,3323593.60000000
1726790400000,1.40300000,1.43200000,1.36100000,1.41900000,3135984.30000000
1726876800000,1.42000000,1.45800000,1.39000000,1.44000000,3667448.10000000
1726963200000,1.44100000,1.44100000,1.35200000,1.39700000,2599261.40000000
1727049600000,1.39600000,1.42000000,1.35600000,1.38700000,4773445.70000000
1727136000000,1.38800000,1.41700000,1.34700000,1.40300000,4309066.60000000
1727222400000,1.40300000,1.43000000,1.36100000,1.38600000,4975236.80000000
1727308800000,1.38600000,1.55300000,1.38200000,1.52000000,10139074.40000000
1727395200000,1.52100000,1.54600000,1.48900000,1.51900000,3973091.00000000
1727481600000,1.52000000,1.55600000,1.44100000,1.45900000,4940482.80000000
1727568000000,1.45900000,1.51900000,1.42900000,1.47600000,3902428.60000000
1727654400000,1.47700000,1.50100000,1.38100000,1.40000000,3950081.80000000
1727740800000,1.39900000,1.47200000,1.30000000,1.30300000,8105638.60000000
1727827200000,1.30400000,1.33900000,1.20700000,1.23000000,5322988.00000000
1727913600000,1.22900000,1.26800000,1.18600000,1.23200000,4613623.40000000
1728000000000,1.23200000,1.29100000,1.22000000,1.28100000,2611095.80000000
1728086400000,1.27900000,1.31800000,1.26300000,1.28100000,2208580.20000000
1728172800000,1.28100000,1.34700000,1.27200000,1.33600000,2057036.00000000
1728259200000,1.33600000,1.37500000,1.29800000,1.30100000,3166735.80000000
1728345600000,1.30000000,1.31800000,1.27100000,1.28800000,2800482.20000000
1728432000000,1.28700000,1.30700000,1.21800000,1.22800000,2752508.30000000
1728518400000,1.22700000,1.23500000,1.16500000,1.20100000,3367186.40000000
1728604800000,1.20100000,1.29600000,1.19200000,1.28800000,2936927.40000000
1728691200000,1.28800000,1.32400000,1.28400000,1.29600000,2067689.70000000
1728777600000,1.29800000,1.30000000,1.23600000,1.28400000,2355143.80000000
1728864000000,1.28500000,1.36400000,1.26600000,1.35400000,4006486.90000000
1728950400000,1.35500000,1.37300000,1.29300000,1.33200000,4851327.50000000
1729036800000,1.33200000,1.34100000,1.27500000,1.30400000,3131564.30000000
1729123200000,1.30400000,1.31000000,1.22200000,1.24700000,2871236.60000000
1729209600000,1.24600000,1.30300000,1.24000000,1.29800000,2283449.50000000
1729296000000,1.29900000,1.32100000,1.27900000,1.29800000,1588008.80000000
1729382400000,1.29900000,1.36900000,1.27600000,1.36800000,2894750.80000000
1729468800000,1.36900000,1.39900000,1.32400000,1.32500000,4985454.90000000
1729555200000,1.32500000,1.33700000,1.27900000,1.29500000,3459773.30000000
1729641600000,1.29600000,1.29800000,1.20500000,1.24700000,3937419.00000000
1729728000000,1.24700000,1.29400000,1.24000000,1.26000000,3085392.20000000
1729814400000,1.26000000,1.26600000,1.08000000,1.13800000,4789844.40000000
1729900800000,1.13900000,1.15800000,1.11000000,1.14900000,3003021.60000000
1729987200000,1.15000000,1.18000000,1.13500000,1.17200000,1439548.30000000
1730073600000,1.17200000,1.19900000,1.12700000,1.19000000,3179531.30000000
1730160000000,1.19000000,1.24200000,1.18900000,1.22100000,4400103.00000000
1730246400000,1.22200000,1.22200000,1.17700000,1.19200000,3245597.60000000
1730332800000,1.19300000,1.19500000,1.11200000,1.12800000,3024619.10000000
1730419200000,1.12900000,1.15500000,1.09200000,1.11300000,3571661.50000000
1730505600000,1.11400000,1.12700000,1.08300000,1.10000000,1864129.40000000
1730592000000,1.10100000,1.10700000,1.00800000,1.05200000,3845121.70000000
1730678400000,1.05300000,1.08100000,1.00000000,1.02000000,3978500.50000000
1730764800000,1.02100000,1.11300000,1.02100000,1.09200000,3377746.20000000
1730851200000,1.09200000,1.22500000,1.09100000,1.21300000,7986297.60000000
1730937600000,1.21400000,1.24900000,1.17800000,1.21100000,5200031.90000000
1731024000000,1.21300000,1.26000000,1.17300000,1.22400000,6246869.80000000
1731110400000,1.22300000,1.33500000,1.20400000,1.30800000,7963353.40000000
1731196800000,1.30800000,1.44000000,1.27600000,1.38700000,12886448.40000000
1731283200000,1.38800000,1.65000000,1.38100000,1.55300000,23489809.40000000
1731369600000,1.55300000,1.61600000,1.38200000,1.44500000,18105068.00000000
1731456000000,1.44300000,1.46600000,1.31100000,1.40400000,14552274.70000000
1731542400000,1.40600000,1.42500000,1.27500000,1.29700000,9203960.40000000
1731628800000,1.29600000,1.38200000,1.26000000,1.36700000,6421296.10000000
1731715200000,1.36700000,1.55000000,1.35900000,1.53300000,14216742.40000000
1731801600000,1.53200000,1.57600000,1.40000000,1.43700000,12460170.60000000
1731888000000,1.43700000,1.84000000,1.42500000,1.71600000,30289406.50000000
1731974400000,1.71700000,1.84100000,1.67600000,1.71700000,19655725.50000000
1732060800000,1.71500000,1.72900000,1.59600000,1.63900000,8538529.80000000
1732147200000,1.63900000,1.72300000,1.57100000,1.71000000,12519399.40000000
1732233600000,1.71000000,1.79600000,1.65000000,1.78600000,11140890.30000000
1732320000000,1.78700000,1.98900000,1.75000000,1.88300000,19715388.70000000
1732406400000,1.88400000,2.05000000,1.63200000,1.96100000,19361562.80000000
1732492800000,1.96200000,1.96300000,1.82600000,1.86400000,12810643.80000000
1732579200000,1.86300000,2.07500000,1.84600000,2.03400000,25107442.80000000
1732665600000,2.03300000,2.11600000,1.93000000,2.06600000,12546374.60000000
1732752000000,2.06500000,2.14400000,1.95100000,2.12300000,9448709.70000000
1732838400000,2.12400000,2.44900000,2.09500000,2.39700000,17469647.40000000
1732924800000,2.39700000,3.17200000,2.28000000,3.06600000,58344700.50000000
1733011200000,3.06500000,3.14800000,2.83800000,2.88300000,31475758.30000000
1733097600000,2.88400000,2.95800000,2.69800000,2.84000000,24003336.90000000
1733184000000,2.84200000,3.05700000,2.70000000,2.97400000,25186951.50000000
1733270400000,2.97600000,3.14400000,2.87900000,2.96700000,21120692.80000000
1733356800000,2.96800000,3.25700000,2.80300000,3.02000000,23229937.70000000
1733443200000,3.02000000,3.25800000,2.95600000,3.14800000,15317680.40000000
1733529600000,3.15000000,3.35100000,3.00700000,3.05500000,12117945.40000000
1733616000000,3.05600000,3.08400000,2.95400000,3.04500000,6780074.60000000
1733702400000,3.04600000,3.04600000,2.10000000,2.48300000,25727505.40000000
1733788800000,2.48300000,2.53800000,2.14600000,2.37400000,18560069.70000000
1733875200000,2.37400000,2.67100000,2.29800000,2.58200000,12417686.60000000
1733961600000,2.58300000,2.82500000,2.55200000,2.67000000,9960303.30000000
1734048000000,2.67100000,2.76900000,2.59200000,2.74500000,6547003.50000000
1734134400000,2.74500000,2.84000000,2.54700000,2.61300000,5430749.50000000
1734220800000,2.61400000,2.75700000,2.52800000,2.74400000,5889194.40000000
1734307200000,2.74500000,2.80700000,2.57700000,2.72000000,8471937.20000000
1734393600000,2.72000000,2.79000000,2.61600000,2.70000000,7602119.10000000
1734480000000,2.70000000,2.73300000,2.30700000,2.32100000,11035910.00000000
1734566400000,2.31900000,2.35000000,1.99300000,2.02300000,15514542.90000000
1734652800000,2.02400000,2.16400000,1.74200000,2.11400000,17336805.50000000
1734739200000,2.11400000,2.39400000,2.08400000,2.15600000,10506850.80000000
1734825600000,2.15500000,2.29300000,2.07100000,2.14200000,8023943.50000000
1734912000000,2.14100000,2.37700000,2.07500000,2.32300000,9329765.10000000
1734998400000,2.32200000,2.45300000,2.23200000,2.36900000,6369379.20000000
1735084800000,2.36800000,2.44800000,2.32200000,2.36600000,5406940.40000000
1735171200000,2.36500000,2.39200000,2.11800000,2.14600000,5549528.60000000
1735257600000,2.14500000,2.33600000,2.12600000,2.17400000,7119829.10000000
1735344000000,2.17400000,2.43000000,2.15700000,2.39500000,6034725.70000000
1735430400000,2.39500000,2.45300000,2.29100000,2.30400000,7405180.70000000
1735516800000,2.30300000,2.43600000,2.22000000,2.33100000,8398370.50000000
1735603200000,2.33100000,2.40200000,2.18700000,2.22600000,6178316.60000000
1735689600000,2.22500000,2.37600000,2.14100000,2.35500000,7003891.90000000
1735776000000,2.35600000,2.48600000,2.35400000,2.41200000,6139110.40000000
1735862400000,2.41200000,2.53300000,2.37900000,2.50500000,6355998.00000000
1735948800000,2.50500000,2.54000000,2.44400000,2.46500000,3662980.80000000
1736035200000,2.46700000,2.50400000,2.40400000,2.45400000,2774971.30000000
1736121600000,2.45600000,2.62800000,2.40500000,2.56400000,5144756.20000000
1736208000000,2.56400000,2.57800000,2.27800000,2.28500000,8010783.40000000
1736294400000,2.28600000,2.32300000,2.05200000,2.15000000,6927726.90000000
1736380800000,2.14900000,2.20400000,2.06700000,2.11700000,6217986.60000000
1736467200000,2.11600000,2.20900000,2.08100000,2.17200000,4572130.50000000
1736553600000,2.17300000,2.20200000,2.10300000,2.15600000,3146531.50000000
1736640000000,2.15800000,2.24700000,2.08700000,2.11000000,9505919.70000000
1736726400000,2.11000000,2.17600000,1.89100000,2.06100000,7262632.50000000
1736812800000,2.06100000,2.19600000,2.03800000,2.16800000,4559648.20000000
1736899200000,2.17000000,2.40400000,2.13800000,2.39000000,6371646.70000000
1736985600000,2.39000000,2.48700000,2.32400000,2.40500000,6520347.90000000
1737072000000,2.40600000,2.52400000,2.40600000,2.51300000,5968286.80000000
1737158400000,2.51400000,2.53400000,2.22900000,2.29100000,6052893.60000000
1737244800000,2.29100000,2.36600000,1.95100000,2.00300000,17471522.90000000
1737331200000,2.00300000,2.20800000,1.92500000,2.01100000,10950984.70000000
1737417600000,2.01000000,2.18100000,1.93300000,2.11600000,5787702.80000000
1737504000000,2.11500000,2.16500000,2.02900000,2.04800000,3554722.20000000
1737590400000,2.04700000,2.09100000,1.97100000,2.03500000,4323348.60000000
1737676800000,2.03600000,2.08600000,1.96600000,1.97800000,3068901.80000000
1737763200000,1.97700000,2.02100000,1.95700000,2.00200000,1959852.20000000
1737849600000,2.00200000,2.04500000,1.93700000,1.94100000,2224072.80000000
1737936000000,1.94000000,1.94900000,1.74500000,1.90300000,7158000.70000000
1738022400000,1.90400000,1.95000000,1.77600000,1.79900000,3689213.40000000
1738108800000,1.80000000,1.96500000,1.79300000,1.89300000,4215638.40000000
1738195200000,1.89300000,2.03500000,1.88300000,1.95200000,2882090.20000000
1738281600000,1.95200000,2.20200000,1.89900000,1.93100000,8360144.50000000
1738368000000,1.93200000,2.06800000,1.75200000,1.77000000,6940148.30000000
1738454400000,1.76900000,1.79900000,1.45600000,1.54400000,11965757.80000000
1738540800000,1.54500000,1.57800000,1.14600000,1.56800000,20715556.60000000
1738627200000,1.56700000,1.58900000,1.37500000,1.43800000,8810586.90000000
1738713600000,1.43800000,1.47400000,1.35200000,1.36600000,5241857.60000000
1738800000000,1.36600000,1.41800000,1.28800000,1.30500000,4284451.00000000
1738886400000,1.30500000,1.41100000,1.27000000,1.32000000,5113650.00000000
1738972800000,1.31800000,1.34500000,1.27600000,1.33300000,3882231.70000000
1739059200000,1.33300000,1.36800000,1.21500000,1.27900000,4386613.10000000
1739145600000,1.27900000,1.40400000,1.23700000,1.37600000,9352736.40000000
1739232000000,1.37500000,1.46500000,1.34600000,1.36200000,4558241.00000000
1739318400000,1.36200000,1.45800000,1.28300000,1.43700000,6142985.30000000
1739404800000,1.43800000,1.45000000,1.35300000,1.37600000,3821045.40000000
1739491200000,1.37600000,1.46500000,1.37000000,1.41900000,3518248.80000000
1739577600000,1.41800000,1.43600000,1.34300000,1.36100000,2531521.40000000
1739664000000,1.36000000,1.38700000,1.32000000,1.34000000,2153278.40000000
1739750400000,1.33800000,1.38700000,1.29300000,1.32700000,4175020.40000000
1739836800000,1.32800000,1.33500000,1.21400000,1.25800000,4021462.60000000
1739923200000,1.25800000,1.28800000,1.22600000,1.27300000,3853319.30000000
1740009600000,1.27100000,1.34500000,1.26400000,1.34300000,2712730.10000000
1740096000000,1.34400000,1.42700000,1.29100000,1.31800000,6700422.90000000
1740182400000,1.31800000,1.36300000,1.31100000,1.35300000,1764597.60000000
1740268800000,1.35300000,1.35700000,1.28500000,1.31600000,2395771.70000000
1740355200000,1.31800000,1.34600000,1.12400000,1.14000000,8761425.70000000
1740441600000,1.13900000,1.18500000,1.06500000,1.16900000,10353848.60000000
1740528000000,1.16700000,1.20200000,1.13000000,1.18100000,5816545.50000000
1740614400000,1.18200000,1.23000000,1.14500000,1.17500000,3981174.80000000
1740700800000,1.17400000,1.18000000,1.05800000,1.16700000,7458903.50000000
1740787200000,1.16700000,1.18100000,1.11200000,1.17300000,3233815.50000000
1740873600000,1.17300000,1.30100000,1.13900000,1.29400000,7624116.60000000
1740960000000,1.29600000,1.31000000,1.07000000,1.08700000,8332044.80000000
1741046400000,1.08800000,1.09600000,0.95000000,1.03400000,12374770.20000000
1741132800000,1.03400000,1.10100000,1.02300000,1.08500000,4098356.60000000
1741219200000,1.08500000,1.11500000,1.04500000,1.06000000,4311899.10000000
1741305600000,1.06000000,1.09200000,1.00000000,1.04500000,5461376.40000000
1741392000000,1.04500000,1.05200000,0.99700000,1.00800000,2662479.20000000
1741478400000,1.00800000,1.01500000,0.88300000,0.89700000,6056940.00000000
1741564800000,0.89800000,0.94100000,0.80000000,0.81300000,8797936.90000000
1741651200000,0.81400000,0.88000000,0.75000000,0.85900000,10103040.70000000
1741737600000,0.85900000,0.91800000,0.83300000,0.90000000,6133034.40000000
1741824000000,0.90100000,0.90400000,0.83800000,0.86700000,4504050.00000000
1741910400000,0.86700000,0.91100000,0.86300000,0.89100000,3653018.90000000
1741996800000,0.89100000,0.92800000,0.88200000,0.91000000,2807082.20000000
1742083200000,0.91000000,0.91600000,0.85000000,0.86100000,3482080.50000000
1742169600000,0.86100000,0.93800000,0.85900000,0.91200000,5338460.50000000
1742256000000,0.91200000,0.91900000,0.87900000,0.91700000,3470935.90000000
1742342400000,0.91800000,0.96800000,0.89900000,0.96400000,7209416.90000000
1742428800000,0.96400000,0.96700000,0.92000000,0.94900000,4188860.10000000
1742515200000,0.94900000,0.96200000,0.90100000,0.91800000,3025426.60000000
1742601600000,0.91800000,0.95100000,0.90900000,0.92800000,2192966.60000000
1742688000000,0.92700000,0.93700000,0.90400000,0.91900000,2161375.10000000
1742774400000,0.92000000,0.99000000,0.90200000,0.98000000,4885278.90000000
1742860800000,0.98000000,0.99500000,0.96200000,0.99500000,3342551.20000000
1742947200000,0.99400000,1.02800000,0.97800000,1.01000000,3968840.00000000
1743033600000,1.01000000,1.02600000,0.96800000,0.98100000,3392033.20000000
1743120000000,0.98200000,0.98700000,0.87700000,0.89100000,4333312.80000000
1743206400000,0.89200000,0.89600000,0.81700000,0.83000000,2952225.30000000
1743292800000,0.82900000,0.84600000,0.79700000,0.81400000,3587030.00000000
1743379200000,0.81400000,0.82400000,0.78200000,0.80400000,5477985.60000000
1743465600000,0.80400000,0.86900000,0.80300000,0.83500000,3918697.30000000
1743552000000,0.83400000,0.86000000,0.76400000,0.77400000,6437080.10000000
1743638400000,0.77400000,0.81200000,0.74700000,0.78500000,4899262.90000000
1743724800000,0.78500000,0.79600000,0.75000000,0.78100000,4035301.20000000
1743811200000,0.78100000,0.80000000,0.76200000,0.78000000,2249856.00000000
1743897600000,0.77900000,0.78300000,0.68100000,0.70000000,6485760.50000000
1743984000000,0.70000000,0.74300000,0.62900000,0.71500000,11171523.90000000
1744070400000,0.71500000,0.74000000,0.68300000,0.68500000,4421726.30000000
1744156800000,0.68500000,0.77900000,0.66000000,0.76900000,7704257.90000000
1744243200000,0.76900000,0.76900000,0.70900000,0.72500000,5515626.10000000
1744329600000,0.72500000,0.75100000,0.72200000,0.73400000,6027845.00000000
1744416000000,0.73300000,0.77900000,0.71800000,0.76600000,5967028.70000000
1744502400000,0.76600000,0.77100000,0.69800000,0.70600000,6645317.40000000
1744588800000,0.70500000,0.73100000,0.67500000,0.68700000,9534511.40000000
1744675200000,0.68600000,0.69300000,0.66000000,0.66500000,6708119.00000000
1744761600000,0.66400000,0.67900000,0.62600000,0.63900000,8800413.90000000
1744848000000,0.63900000,0.64900000,0.61800000,0.62600000,5943478.50000000
1744934400000,0.62600000,0.65600000,0.62000000,0.64100000,4672592.30000000
1745020800000,0.64000000,0.68800000,0.63900000,0.67900000,6334691.00000000
1745107200000,0.67900000,0.68400000,0.64100000,0.65800000,5709872.10000000
1745193600000,0.65700000,0.69100000,0.62700000,0.63400000,10444401.50000000
1745280000000,0.63300000,0.68600000,0.60300000,0.68100000,14495715.90000000
1745366400000,0.68100000,0.71500000,0.67000000,0.69000000,17900304.80000000
1745452800000,0.69100000,0.72200000,0.65000000,0.71700000,13462638.40000000
1745539200000,0.71600000,0.76100000,0.71000000,0.74700000,10627525.30000000
1745625600000,0.74800000,0.77500000,0.73200000,0.74800000,6966567.80000000
1745712000000,0.74800000,0.76200000,0.70700000,0.70900000,6348487.90000000
1745798400000,0.71000000,0.76200000,0.68800000,0.75300000,8034719.10000000
1745884800000,0.75400000,0.80900000,0.73600000,0.75200000,12006742.60000000
1745971200000,0.75200000,0.76600000,0.71600000,0.74500000,7352945.60000000
1746057600000,0.74500000,0.77400000,0.74400000,0.75600000,5842472.80000000
1746144000000,0.75500000,0.78100000,0.74300000,0.77200000,5908085.50000000
1746230400000,0.77100000,0.77400000,0.71300000,0.71800000,3715035.00000000
1746316800000,0.71900000,0.72300000,0.67300000,0.68200000,5909645.60000000
1746403200000,0.68200000,0.70900000,0.68000000,0.69400000,4819217.30000000
1746489600000,0.69400000,0.70600000,0.66600000,0.70200000,6957490.80000000
1746576000000,0.70200000,0.72300000,0.69700000,0.71900000,8479021.40000000
1746662400000,0.71900000,0.84800000,0.71500000,0.83800000,12157035.70000000
1746748800000,0.83800000,0.90700000,0.83500000,0.90200000,10403428.40000000
1746835200000,0.90100000,1.00700000,0.89100000,1.00700000,10114572.30000000
1746921600000,1.00700000,1.08400000,0.96700000,0.99400000,15064669.10000000
1747008000000,0.99400000,1.07300000,0.96200000,1.01000000,11950134.30000000
1747094400000,1.00900000,1.07300000,0.94600000,1.05300000,8418938.00000000
1747180800000,1.05200000,1.08400000,0.98100000,0.99100000,6818318.30000000
1747267200000,0.99000000,0.99900000,0.87900000,0.90200000,12187752.60000000
1747353600000,0.90300000,0.93300000,0.87200000,0.88200000,4950901.20000000
1747440000000,0.88200000,0.88500000,0.83700000,0.84500000,4616964.50000000
1747526400000,0.84500000,0.93300000,0.83600000,0.92300000,8172424.00000000
1747612800000,0.92400000,0.92600000,0.82600000,0.89800000,7815985.30000000
1747699200000,0.89800000,0.92400000,0.87100000,0.91200000,5177394.10000000
1747785600000,0.91200000,0.94600000,0.87900000,0.90700000,7982654.60000000
1747872000000,0.90700000,0.98100000,0.90500000,0.97000000,6502191.60000000
1747958400000,0.97000000,1.00500000,0.86200000,0.86800000,8679242.10000000
1748044800000,0.86800000,0.88700000,0.85000000,0.85900000,4433870.40000000
1748131200000,0.85800000,0.87100000,0.81500000,0.86900000,4083913.50000000
1748217600000,0.86900000,0.88600000,0.83700000,0.84800000,3850055.60000000
1748304000000,0.84800000,0.90900000,0.82300000,0.88200000,7380509.10000000
1748390400000,0.88200000,0.90400000,0.84100000,0.88100000,4645850.30000000
1748476800000,0.88100000,0.90400000,0.82100000,0.82300000,6532334.70000000
1748563200000,0.82400000,0.82800000,0.72300000,0.73100000,13185501.30000000
1748649600000,0.73000000,0.76800000,0.69800000,0.75300000,6491166.50000000
1748736000000,0.75300000,0.77200000,0.73300000,0.76800000,2593103.20000000
1748822400000,0.76700000,0.79000000,0.74100000,0.78600000,4076589.30000000
1748908800000,0.78600000,0.81300000,0.77200000,0.78000000,4590621.00000000
1748995200000,0.78000000,0.80300000,0.74400000,0.75400000,4687533.70000000
1749081600000,0.75400000,0.77400000,0.69900000,0.71100000,5718468.20000000
1749168000000,0.71200000,0.76900000,0.70700000,0.73900000,4590928.40000000
1749254400000,0.74000000,0.78600000,0.73900000,0.76800000,3673969.60000000
1749340800000,0.76900000,0.77500000,0.74900000,0.76000000,3250000.70000000
1749427200000,0.75900000,0.80900000,0.73500000,0.80500000,4474142.20000000
1749513600000,0.80600000,0.83100000,0.78300000,0.83000000,4327164.40000000
1749600000000,0.83000000,0.83300000,0.77800000,0.79300000,3653591.50000000
1749686400000,0.79300000,0.79500000,0.73700000,0.74000000,5608852.60000000
1749772800000,0.74000000,0.74000000,0.67600000,0.71100000,10220459.20000000
1749859200000,0.71200000,0.71400000,0.68700000,0.70500000,2612039.90000000
1749945600000,0.70500000,0.71100000,0.68100000,0.69900000,2693331.20000000
1750032000000,0.70000000,0.74100000,0.68800000,0.70400000,5285062.20000000
1750118400000,0.70400000,0.71800000,0.66600000,0.68500000,4493245.40000000
1750204800000,0.68600000,0.70000000,0.65700000,0.69000000,3844835.80000000
1750291200000,0.69000000,0.69900000,0.66500000,0.68100000,2476603.90000000
1750377600000,0.68100000,0.70000000,0.64300000,0.65600000,3329099.60000000
1750464000000,0.65500000,0.66900000,0.60100000,0.62100000,3947855.50000000
1750550400000,0.62100000,0.62800000,0.56500000,0.59900000,7326574.80000000
1750636800000,0.59900000,0.67300000,0.59000000,0.66900000,5458291.90000000
1750723200000,0.67000000,0.70300000,0.66400000,0.69100000,3749308.30000000
1750809600000,0.69100000,0.69900000,0.66800000,0.67200000,2626102.60000000
1750896000000,0.67200000,0.69200000,0.65100000,0.65200000,2559633.60000000
1750982400000,0.65200000,0.67100000,0.64400000,0.66100000,1851262.10000000
1751068800000,0.66100000,0.67900000,0.65200000,0.67200000,1787663.30000000
1751155200000,0.67300000,0.72100000,0.66400000,0.70900000,2571063.80000000
1751241600000,0.71000000,0.71300000,0.67400000,0.69300000,3634194.60000000
1751328000000,0.69300000,0.69600000,0.64600000,0.65200000,2271858.70000000
1751414400000,0.65100000,0.72900000,0.64300000,0.71500000,3845188.30000000
1751500800000,0.71600000,0.73200000,0.70300000,0.71900000,3163902.40000000
1751587200000,0.71900000,0.72700000,0.67600000,0.68600000,2410946.90000000
1751673600000,0.68700000,0.69600000,0.67400000,0.69100000,1889156.20000000
1751760000000,0.69000000,0.71400000,0.67800000,0.70200000,1920235.30000000
1751846400000,0.70200000,0.71100000,0.67600000,0.68600000,2040117.80000000
1751932800000,0.68700000,0.70700000,0.67500000,0.69800000,2403143.20000000
1752019200000,0.69800000,0.74500000,0.69200000,0.73700000,4048389.30000000
1752105600000,0.73800000,0.79800000,0.73100000,0.79200000,5091861.20000000
1752192000000,0.79300000,0.83000000,0.77600000,0.78800000,7867556.20000000
1752278400000,0.78900000,0.81100000,0.75800000,0.78600000,4086370.70000000
1752364800000,0.78600000,0.83700000,0.77900000,0.81100000,4396210.90000000
1752451200000,0.81200000,0.85000000,0.78000000,0.79500000,5170771.40000000
1752537600000,0.79400000,0.83500000,0.75900000,0.83500000,6327141.70000000
1752624000000,0.83500000,0.88100000,0.81500000,0.84900000,7037274.20000000
1752710400000,0.85000000,0.87600000,0.82200000,0.86600000,7667209.40000000
1752796800000,0.86700000,0.94600000,0.85800000,0.87800000,11605097.90000000
1752883200000,0.87800000,0.91400000,0.85200000,0.90500000,4475216.00000000
1752969600000,0.90600000,0.98900000,0.89800000,0.96100000,7533888.80000000
1753056000000,0.96100000,1.01200000,0.93800000,0.96900000,8060304.30000000
1753142400000,0.97000000,0.98200000,0.90700000,0.97900000,8030298.50000000
1753228800000,0.97900000,1.00200000,0.86700000,0.89500000,12355655.00000000
1753315200000,0.89600000,0.91400000,0.82800000,0.86200000,7383397.10000000
1753401600000,0.86300000,0.88500000,0.82700000,0.88300000,5444996.40000000
1753488000000,0.88300000,0.91200000,0.87100000,0.88700000,3267830.30000000
1753574400000,0.88800000,0.93300000,0.88500000,0.93100000,3858638.60000000
1753660800000,0.93200000,0.95700000,0.85400000,0.86600000,5866146.00000000
1753747200000,0.86600000,0.88900000,0.83300000,0.85600000,6516224.60000000
1753833600000,0.85600000,0.85700000,0.79000000,0.83400000,4939386.80000000
1753920000000,0.83500000,0.86300000,0.78700000,0.79200000,9256015.70000000
1754006400000,0.79100000,0.79300000,0.72900000,0.75000000,8327956.20000000
1754092800000,0.75100000,0.75800000,0.71000000,0.72700000,3829146.30000000
1754179200000,0.72900000,0.75400000,0.71900000,0.74800000,2447124.80000000
1754265600000,0.74800000,0.78800000,0.74600000,0.78300000,3405932.10000000
1754352000000,0.78300000,0.78500000,0.73400000,0.75600000,5280249.90000000
1754438400000,0.75600000,0.78100000,0.73500000,0.76900000,3580538.70000000
1754524800000,0.76900000,0.81600000,0.76300000,0.81400000,6468610.00000000
1754611200000,0.81500000,0.84100000,0.80100000,0.83200000,4571269.70000000
1754697600000,0.83300000,0.88500000,0.82900000,0.87200000,4748053.80000000
1754784000000,0.87200000,0.88700000,0.84200000,0.87400000,5232213.40000000
1754870400000,0.87500000,0.90800000,0.82200000,0.83200000,7657809.30000000
1754956800000,0.83200000,0.89700000,0.81700000,0.88600000,5793795.70000000
1755043200000,0.88700000,0.92400000,0.87500000,0.91500000,6562669.20000000
1755129600000,0.91600000,0.92900000,0.81300000,0.83300000,7440046.60000000
1755216000000,0.83300000,0.85600000,0.79800000,0.82600000,4570964.90000000
1755302400000,0.82600000,0.86000000,0.82400000,0.85000000,3380009.80000000
1755388800000,0.85000000,0.86900000,0.83500000,0.83600000,3201165.20000000
1755475200000,0.83600000,0.83900000,0.78300000,0.79600000,6288065.20000000
1755561600000,0.79600000,0.80600000,0.76000000,0.76400000,5106541.60000000
1755648000000,0.76400000,0.80300000,0.75800000,0.79500000,3976433.70000000
1755734400000,0.79600000,0.80000000,0.77000000,0.77800000,2841606.90000000
1755820800000,0.77800000,0.86000000,0.74300000,0.85200000,8377341.10000000
1755907200000,0.85300000,0.85700000,0.82200000,0.83800000,3837632.70000000
1755993600000,0.83900000,0.87500000,0.80200000,0.84000000,7348930.30000000
1756080000000,0.84100000,0.87000000,0.74800000,0.76200000,11065054.40000000
1756166400000,0.76200000,0.80600000,0.75400000,0.79700000,4949364.40000000
1756252800000,0.79700000,0.80900000,0.78500000,0.79000000,4681417.60000000
1756339200000,0.78900000,0.83100000,0.78200000,0.82800000,4386761.80000000
1756425600000,0.82800000,0.83000000,0.76600000,0.77900000,5677928.20000000
1756512000000,0.77800000,0.79400000,0.76200000,0.78400000,1969130.00000000
1756598400000,0.78400000,0.81600000,0.78000000,0.78100000,4207965.00000000
1756684800000,0.78100000,0.81100000,0.74500000,0.76100000,7389731.60000000
1756771200000,0.76100000,0.79300000,0.75700000,0.78800000,8152581.90000000
1756857600000,0.78900000,0.80200000,0.77800000,0.79100000,3024260.30000000
1756944000000,0.79200000,0.79600000,0.75100000,0.76100000,3621566.40000000
1757030400000,0.76100000,0.80400000,0.76100000,0.78600000,4029350.10000000
1757116800000,0.78700000,0.79000000,0.76800000,0.77600000,1848827.50000000
1757203200000,0.77500000,0.79500000,0.77400000,0.78600000,1572338.20000000
1757289600000,0.78600000,0.81400000,0.78100000,0.80600000,4757443.30000000
1757376000000,0.80700000,0.84500000,0.80100000,0.81400000,5046870.60000000
1757462400000,0.81500000,0.83700000,0.80800000,0.83100000,3503617.30000000
1757548800000,0.83100000,0.84000000,0.81400000,0.83700000,2852487.80000000
1757635200000,0.83700000,0.86000000,0.81800000,0.85900000,3549187.90000000
1757721600000,0.85900000,0.88200000,0.85100000,0.87900000,5122655.00000000
1757808000000,0.87900000,0.88100000,0.83200000,0.84300000,2975969.80000000
1757894400000,0.84200000,0.85900000,0.79300000,0.80800000,3512351.60000000
1757980800000,0.80900000,0.83000000,0.79400000,0.82300000,2347654.70000000
1758067200000,0.82400000,0.84800000,0.79800000,0.84400000,3553389.10000000
1758153600000,0.84500000,0.86900000,0.83900000,0.86400000,3293162.30000000
1758240000000,0.86500000,0.87300000,0.81100000,0.81700000,3599817.60000000
1758326400000,0.81800000,0.83300000,0.81100000,0.81600000,2457625.60000000
1758412800000,0.81600000,0.82900000,0.80000000,0.80300000,2396997.50000000
1758499200000,0.80200000,0.80600000,0.71200000,0.74800000,6792407.60000000
1758585600000,0.74800000,0.75800000,0.72600000,0.73500000,3124028.70000000
1758672000000,0.73400000,0.76000000,0.72200000,0.73900000,3095173.10000000
1758758400000,0.74000000,0.74200000,0.67700000,0.68400000,7257598.80000000
1758844800000,0.68500000,0.72000000,0.68300000,0.71600000,3791956.90000000
1758931200000,0.71600000,0.71600000,0.69100000,0.69700000,1714630.00000000
1759017600000,0.69700000,0.71300000,0.67700000,0.70800000,2987226.50000000
1759104000000,0.70800000,0.70900000,0.67400000,0.69600000,3287291.40000000
1759190400000,0.69500000,0.69900000,0.66500000,0.68600000,4296500.10000000
1759276800000,0.68700000,0.73700000,0.68100000,0.72900000,3496256.60000000
1759363200000,0.72900000,0.74900000,0.71600000,0.74100000,3449797.30000000
1759449600000,0.74000000,0.78000000,0.72900000,0.75600000,6663948.00000000
1759536000000,0.75600000,0.75900000,0.71900000,0.73000000,2254081.30000000
1759622400000,0.73100000,0.76700000,0.72500000,0.73500000,5882131.10000000
1759708800000,0.73600000,0.78700000,0.73000000,0.77500000,3947519.80000000
1759795200000,0.77500000,0.78200000,0.72300000,0.73000000,4777027.10000000
1759881600000,0.73000000,0.74600000,0.72100000,0.73400000,4148438.00000000
1759968000000,0.73400000,0.73500000,0.69500000,0.70700000,3904502.90000000
1760054400000,0.70700000,0.74800000,0.20000000,0.46900000,31948922.60000000
1760140800000,0.46800000,0.53900000,0.45600000,0.48400000,21286738.70000000
1760227200000,0.48300000,0.57300000,0.47700000,0.57000000,10145974.60000000
1760313600000,0.56900000,0.61600000,0.55800000,0.60100000,10387015.80000000
1760400000000,0.60000000,0.60400000,0.53400000,0.57300000,8296136.40000000
1760486400000,0.57300000,0.58800000,0.54200000,0.55300000,5813387.60000000
1760572800000,0.55300000,0.58300000,0.53000000,0.53700000,8631994.90000000
1760659200000,0.53600000,0.54600000,0.49600000,0.54000000,8672175.40000000
1760745600000,0.54000000,0.56000000,0.53600000,0.55600000,4428716.40000000
1760832000000,0.55600000,0.57900000,0.54800000,0.56200000,5376672.00000000
1760918400000,0.56200000,0.57700000,0.54900000,0.56000000,3959546.10000000
1761004800000,0.56000000,0.60100000,0.53600000,0.55400000,6854922.30000000
1761091200000,0.55400000,0.56200000,0.52100000,0.53900000,7151770.80000000
1761177600000,0.53900000,0.56400000,0.53700000,0.55500000,4133178.20000000
1761264000000,0.55600000,0.56700000,0.54300000,0.55100000,3467833.80000000
1761350400000,0.55200000,0.55700000,0.54100000,0.55500000,2247308.60000000
1761436800000,0.55600000,0.57300000,0.54400000,0.56400000,6342197.40000000
1761523200000,0.56500000,0.57500000,0.53500000,0.53800000,5489544.10000000
1761609600000,0.53800000,0.54900000,0.51200000,0.51900000,4089613.30000000
1761696000000,0.51900000,0.54200000,0.51600000,0.52600000,3845544.40000000
1761782400000,0.52500000,0.53100000,0.46800000,0.48300000,5445549.90000000
1761868800000,0.48200000,0.49800000,0.47700000,0.48700000,3360355.30000000
1761955200000,0.48700000,0.50400000,0.48400000,0.50200000,3826880.10000000
1762041600000,0.50100000,0.50600000,0.48100000,0.49900000,4204647.90000000
1762128000000,0.49900000,0.49900000,0.40000000,0.42300000,12551897.70000000
1762214400000,0.42300000,0.43400000,0.37700000,0.40900000,13349019.60000000
1762300800000,0.40900000,0.43200000,0.39200000,0.42800000,6764847.10000000
1762387200000,0.42800000,0.43600000,0.40200000,0.41800000,5789106.50000000
1762473600000,0.41800000,0.53700000,0.41800000,0.51800000,15838256.00000000
1762560000000,0.51700000,0.54100000,0.48100000,0.50100000,8407687.70000000
1762646400000,0.50000000,0.50000000,0.46500000,0.48400000,5838003.30000000
1762732800000,0.48400000,0.49800000,0.47100000,0.49000000,5460752.10000000
1762819200000,0.49100000,0.50000000,0.45100000,0.45200000,6502967.90000000
1762905600000,0.45300000,0.48500000,0.44100000,0.44500000,6861643.40000000
1762992000000,0.44600000,0.45800000,0.41000000,0.42300000,5462179.70000000
1763078400000,0.42300000,0.43500000,0.40400000,0.41400000,5644995.10000000
1763164800000,0.41300000,0.43100000,0.41200000,0.42100000,2816825.20000000
1763251200000,0.42100000,0.42300000,0.39000000,0.40300000,5913413.00000000
1763337600000,0.40400000,0.42300000,0.38900000,0.39400000,6017531.50000000
1763424000000,0.39300000,0.41600000,0.38900000,0.40800000,5280781.00000000
1763510400000,0.40800000,0.41600000,0.37800000,0.40000000,10116122.70000000
1763596800000,0.40000000,0.41200000,0.36800000,0.37700000,10046898.40000000
1763683200000,0.37600000,0.38600000,0.33100000,0.35100000,14094655.90000000
1763769600000,0.35100000,0.35400000,0.33200000,0.34600000,6232680.20000000
1763856000000,0.34600000,0.36400000,0.34300000,0.35500000,3849169.10000000
1763942400000,0.35600000,0.37300000,0.34900000,0.36700000,5821151.20000000
1764028800000,0.36700000,0.37300000,0.35600000,0.36900000,3100195.20000000
1764115200000,0.37000000,0.37600000,0.35200000,0.36900000,3989657.80000000
1764201600000,0.36900000,0.37600000,0.36400000,0.37000000,2714609.00000000
1764288000000,0.36900000,0.37400000,0.35100000,0.35500000,4346424.40000000
1764374400000,0.35600000,0.36000000,0.34800000,0.35100000,2346574.00000000
1764460800000,0.35100000,0.35700000,0.33400000,0.33500000,4843936.20000000
1764547200000,0.33500000,0.33600000,0.30100000,0.31200000,7680683.50000000
1764633600000,0.31200000,0.34800000,0.30900000,0.34100000,7669444.80000000
1764720000000,0.34100000,0.35500000,0.33900000,0.35000000,6005037.30000000
1764806400000,0.35000000,0.35500000,0.33400000,0.34000000,4413381.50000000
1764892800000,0.34000000,0.34800000,0.32200000,0.33100000,5954124.10000000
1764979200000,0.33200000,0.34500000,0.32900000,0.34200000,3121617.10000000
1765065600000,0.34200000,0.34500000,0.32500000,0.33000000,3164454.60000000
1765152000000,0.33000000,0.35100000,0.32800000,0.34700000,3395828.70000000
1765238400000,0.34600000,0.36900000,0.33800000,0.35600000,3209647.00000000
1765324800000,0.35600000,0.36400000,0.34500000,0.34800000,3941684.10000000
1765411200000,0.34700000,0.35400000,0.33000000,0.34500000,10069136.80000000
1765497600000,0.34500000,0.36600000,0.33500000,0.34400000,5804153.80000000
1765584000000,0.34300000,0.36000000,0.34300000,0.35600000,4312026.60000000
1765670400000,0.35600000,0.35800000,0.33300000,0.33600000,3402511.60000000
1765756800000,0.33600000,0.34700000,0.31200000,0.32200000,5163205.60000000
1765843200000,0.32200000,0.33200000,0.31800000,0.32600000,3838954.80000000
1765929600000,0.32500000,0.33400000,0.29800000,0.30000000,15829829.80000000
1766016000000,0.30000000,0.30800000,0.27400000,0.27800000,10450081.80000000
1766102400000,0.27800000,0.30700000,0.27100000,0.30100000,6832487.40000000
1766188800000,0.30100000,0.30400000,0.29100000,0.29300000,2876787.60000000
1766275200000,0.29200000,0.29500000,0.27500000,0.27800000,4689125.20000000
1766361600000,0.27900000,0.29000000,0.27200000,0.27800000,7447927.20000000
1766448000000,0.27900000,0.28100000,0.26500000,0.27400000,4089190.00000000
1766534400000,0.27400000,0.28300000,0.26600000,0.27400000,7093753.10000000
1766620800000,0.27400000,0.28200000,0.25900000,0.26100000,9140066.90000000
1766707200000,0.26200000,0.27200000,0.25400000,0.26000000,5831598.10000000
1766793600000,0.26100000,0.27700000,0.25800000,0.27700000,4649333.30000000
1766880000000,0.27700000,0.28100000,0.26900000,0.27600000,6554022.00000000
1766966400000,0.27600000,0.28100000,0.26600000,0.26700000,8766227.70000000
1767052800000,0.26800000,0.27800000,0.26400000,0.27200000,8079677.40000000
1767139200000,0.27100000,0.27200000,0.26000000,0.26400000,5470250.80000000
1767225600000,0.26400000,0.28200000,0.26200000,0.27900000,3455908.10000000
1767312000000,0.28000000,0.29100000,0.27700000,0.29000000,4315331.00000000
1767398400000,0.29000000,0.29700000,0.28400000,0.29000000,3731285.10000000
1767484800000,0.29000000,0.30300000,0.28800000,0.30100000,4568351.70000000
1767571200000,0.30100000,0.32700000,0.29700000,0.32200000,7763939.40000000
1767657600000,0.32200000,0.33200000,0.30600000,0.32100000,8338080.20000000
1767744000000,0.32100000,0.32200000,0.30100000,0.30500000,3618364.30000000
1767830400000,0.30500000,0.30900000,0.29400000,0.30400000,3011422.50000000
1767916800000,0.30400000,0.31300000,0.29800000,0.30200000,2870100.00000000
1768003200000,0.30300000,0.31100000,0.29600000,0.30100000,1995576.00000000
1768089600000,0.30100000,0.30400000,0.29100000,0.29500000,2006537.10000000
1768176000000,0.29500000,0.30500000,0.28500000,0.28800000,2581569.20000000
1768262400000,0.28900000,0.32800000,0.28800000,0.32300000,4918815.40000000
1768348800000,0.32300000,0.32800000,0.31000000,0.31200000,4772160.20000000
1768435200000,0.31300000,0.32400000,0.29700000,0.30300000,4449737.90000000
1768521600000,0.30300000,0.31500000,0.30000000,0.31400000,3637070.00000000
1768608000000,0.31400000,0.37000000,0.31200000,0.34500000,16620160.60000000
1768694400000,0.34400000,0.36800000,0.31900000,0.31900000,10891067.30000000
1768780800000,0.31900000,0.33600000,0.29000000,0.32300000,9802360.30000000
1768867200000,0.32200000,0.32500000,0.29100000,0.29400000,6834989.20000000
1768953600000,0.29400000,0.31700000,0.29200000,0.30500000,7412412.80000000
1769040000000,0.30600000,0.32000000,0.29600000,0.30200000,5130336.60000000
1769126400000,0.30200000,0.31600000,0.29400000,0.30100000,5284218.80000000
1769212800000,0.30100000,0.30200000,0.29100000,0.29500000,2124166.50000000
1769299200000,0.29500000,0.29500000,0.26600000,0.27300000,4243389.30000000
1769385600000,0.27200000,0.27700000,0.26800000,0.27200000,3858972.10000000
1769472000000,0.27200000,0.27900000,0.26400000,0.27400000,3269478.70000000
1769558400000,0.27400000,0.27500000,0.25800000,0.26700000,3075032.90000000
1769644800000,0.26700000,0.26700000,0.24300000,0.24900000,5605596.80000000
1769731200000,0.25000000,0.25200000,0.23200000,0.24000000,6913616.80000000
1769817600000,0.24000000,0.24100000,0.19400000,0.22100000,12319602.10000000
1769904000000,0.22000000,0.22400000,0.20800000,0.21400000,8205919.80000000
1769990400000,0.21400000,0.22600000,0.20500000,0.22200000,10702543.60000000
1770076800000,0.22200000,0.22900000,0.20900000,0.21700000,8645126.30000000
1770163200000,0.21700000,0.22600000,0.20800000,0.21400000,8301710.80000000
1770249600000,0.21400000,0.21600000,0.17500000,0.18000000,16231457.20000000
1770336000000,0.18100000,0.21100000,0.15900000,0.20400000,12265682.30000000
1770422400000,0.20400000,0.21800000,0.19800000,0.21100000,5539580.20000000
1770508800000,0.21000000,0.21000000,0.19900000,0.20200000,2652878.70000000
1770595200000,0.20200000,0.20700000,0.19500000,0.20300000,4168031.40000000
1770681600000,0.20300000,0.20400000,0.19700000,0.20000000,4209130.40000000
1770768000000,0.20100000,0.20700000,0.19300000,0.20400000,6871271.60000000
1770854400000,0.20400000,0.21600000,0.20400000,0.20800000,6967079.50000000
1770940800000,0.20900000,0.22000000,0.20300000,0.21700000,4768154.40000000
1771027200000,0.21700000,0.22500000,0.21500000,0.22100000,4075463.30000000
1771113600000,0.22100000,0.22200000,0.20400000,0.20900000,4419887.20000000
1771200000000,0.20900000,0.21200000,0.20300000,0.21000000,3387846.20000000
1771286400000,0.20900000,0.21000000,0.20300000,0.20700000,2101911.60000000
1771372800000,0.20600000,0.20800000,0.19600000,0.19800000,2219160.40000000
1771459200000,0.19800000,0.20000000,0.18800000,0.19300000,4804310.90000000
1771545600000,0.19200000,0.20300000,0.18600000,0.20200000,5030722.10000000
1771632000000,0.20200000,0.21200000,0.20000000,0.20100000,3934412.20000000
1771718400000,0.20100000,0.20100000,0.19100000,0.19300000,2821618.30000000
1771804800000,0.19300000,0.19300000,0.18200000,0.18700000,5078449.70000000
1771891200000,0.18800000,0.19000000,0.18000000,0.18000000,5672116.70000000
1771977600000,0.18100000,0.20900000,0.17900000,0.20000000,8429089.80000000
1772064000000,0.19900000,0.20200000,0.18700000,0.19300000,5762244.90000000
1772150400000,0.19300000,0.19800000,0.18600000,0.18900000,4663296.10000000
1772236800000,0.18800000,0.19400000,0.17500000,0.19200000,6500866.10000000
1772323200000,0.19300000,0.20000000,0.18100000,0.18600000,4469222.30000000
1772409600000,0.18600000,0.19800000,0.18400000,0.19400000,5207154.00000000
1772496000000,0.19500000,0.20100000,0.18600000,0.19200000,5957906.60000000
1772582400000,0.19200000,0.20300000,0.18800000,0.19800000,4299581.00000000
1772668800000,0.19900000,0.20800000,0.19100000,0.19500000,7835286.80000000
1772755200000,0.19500000,0.19700000,0.18500000,0.18800000,2867385.50000000
1772841600000,0.18800000,0.19000000,0.17600000,0.17800000,2195282.80000000
1772928000000,0.17900000,0.18200000,0.17300000,0.17600000,3435953.20000000
1773014400000,0.17600000,0.18400000,0.17500000,0.17600000,3866242.30000000
1773100800000,0.17700000,0.18800000,0.17600000,0.18200000,6086019.60000000
1773187200000,0.18200000,0.18800000,0.17800000,0.18400000,7239553.90000000
1773273600000,0.18400000,0.18500000,0.17500000,0.17900000,4884503.40000000
1773360000000,0.17900000,0.18600000,0.17700000,0.17800000,4553225.00000000
1773446400000,0.17900000,0.17900000,0.17200000,0.17400000,3493805.60000000
1773532800000,0.17400000,0.18100000,0.17300000,0.17900000,6044977.00000000
1773619200000,0.17900000,0.19000000,0.17700000,0.18800000,8577828.40000000
1773705600000,0.18800000,0.19200000,0.18300000,0.18700000,6974832.10000000
1773792000000,0.18700000,0.19100000,0.17600000,0.18100000,7990152.80000000
1773878400000,0.18000000,0.18200000,0.17100000,0.17300000,5891046.30000000
1773964800000,0.17200000,0.17600000,0.16800000,0.17100000,4537293.40000000
1774051200000,0.17100000,0.17300000,0.16100000,0.16300000,3251477.50000000
1774137600000,0.16300000,0.16600000,0.15600000,0.15900000,4829251.00000000
1774224000000,0.16000000,0.16500000,0.15500000,0.16400000,5959847.10000000
1774310400000,0.16400000,0.16500000,0.15800000,0.16300000,5899818.90000000
1774396800000,0.16300000,0.16700000,0.16000000,0.16600000,4982696.40000000
1774483200000,0.16500000,0.16700000,0.15600000,0.15900000,6438960.10000000
1774569600000,0.15900000,0.16100000,0.15200000,0.15300000,6732406.30000000
1774656000000,0.15300000,0.15800000,0.15000000,0.15200000,4131600.60000000
1774742400000,0.15200000,0.15300000,0.14600000,0.14900000,4509097.80000000
1774828800000,0.14900000,0.15500000,0.14700000,0.15100000,7271040.70000000
1774915200000,0.15000000,0.15300000,0.14700000,0.14900000,3641814.70000000
1775001600000,0.14900000,0.15700000,0.14800000,0.15200000,7208819.80000000
1775088000000,0.15200000,0.15400000,0.14200000,0.14300000,8708083.00000000
1775174400000,0.14300000,0.15200000,0.14200000,0.14600000,6363683.60000000
1775260800000,0.14700000,0.17800000,0.14600000,0.15800000,48248307.40000000
1775347200000,0.15900000,0.16300000,0.15300000,0.15600000,8731461.90000000
1775433600000,0.15600000,0.16400000,0.15400000,0.15600000,11655470.60000000
1775520000000,0.15600000,0.16800000,0.15400000,0.16800000,10444122.60000000
1775606400000,0.16700000,0.16800000,0.15700000,0.15800000,7536667.20000000
1775692800000,0.15800000,0.17900000,0.15700000,0.17600000,23377970.00000000
1775779200000,0.17600000,0.18100000,0.17200000,0.17600000,15868079.90000000
1775865600000,0.17500000,0.18300000,0.17200000,0.17600000,10418773.20000000
1775952000000,0.17600000,0.17600000,0.16500000,0.16500000,6619558.80000000
1776038400000,0.16600000,0.18100000,0.16500000,0.17900000,7615642.30000000
1776124800000,0.17900000,0.18100000,0.17300000,0.17500000,6822223.50000000
1776211200000,0.17500000,0.18400000,0.17400000,0.18300000,4902574.60000000
1776297600000,0.18300000,0.20700000,0.18200000,0.19900000,27892012.30000000
1776384000000,0.20000000,0.21700000,0.19300000,0.21500000,15999580.30000000
1776470400000,0.21600000,0.27900000,0.21200000,0.21800000,59505418.90000000
1776556800000,0.21800000,0.22500000,0.20700000,0.21100000,15649079.90000000
1776643200000,0.21100000,0.23000000,0.21000000,0.22800000,12553277.10000000
1776729600000,0.22800000,0.23200000,0.21300000,0.21900000,11184728.50000000
1776816000000,0.21800000,0.22600000,0.21300000,0.21400000,9828439.80000000
1776902400000,0.21300000,0.22000000,0.20800000,0.22000000,9534088.80000000
1776988800000,0.22000000,0.22500000,0.21400000,0.21600000,7171353.10000000
1777075200000,0.21500000,0.22700000,0.21400000,0.22000000,8036351.90000000
1777161600000,0.21900000,0.22000000,0.21300000,0.21500000,3553137.00000000
1777248000000,0.21500000,0.21800000,0.20800000,0.21400000,3909415.40000000
1777334400000,0.21300000,0.21400000,0.20600000,0.20800000,3136356.90000000
1777420800000,0.20700000,0.21000000,0.19400000,0.20100000,4781905.50000000
1777507200000,0.20100000,0.20300000,0.19400000,0.19400000,2373169.70000000
1777593600000,0.19400000,0.20200000,0.19400000,0.20100000,2218923.30000000
1777680000000,0.20100000,0.20500000,0.19600000,0.20400000,3000865.10000000
1777766400000,0.20400000,0.22200000,0.20200000,0.21300000,13249383.10000000
1777852800000,0.21300000,0.21700000,0.20700000,0.20900000,7485082.40000000
1777939200000,0.21000000,0.21500000,0.20900000,0.21300000,3416642.40000000
1778025600000,0.21400000,0.22000000,0.21100000,0.21300000,7512367.90000000
1778112000000,0.21300000,0.21400000,0.20700000,0.21200000,7750578.00000000
1778198400000,0.21200000,0.23900000,0.21000000,0.23500000,13237019.50000000
1778284800000,0.23500000,0.24200000,0.23200000,0.23300000,9105749.00000000
1778371200000,0.23200000,0.24300000,0.22500000,0.23500000,8524270.10000000
1778457600000,0.23600000,0.24800000,0.22800000,0.24700000,9294188.80000000
1778544000000,0.24700000,0.26000000,0.23800000,0.23900000,20659433.90000000
1778630400000,0.23900000,0.24800000,0.22200000,0.22300000,10009077.20000000
1778716800000,0.22300000,0.23600000,0.21800000,0.22700000,7345297.10000000
1778803200000,0.22800000,0.22900000,0.20800000,0.21500000,6517044.00000000
1778889600000,0.21400000,0.21700000,0.20200000,0.20400000,3461138.90000000
1778976000000,0.20500000,0.20500000,0.19100000,0.19400000,3398591.10000000
1779062400000,0.19400000,0.20100000,0.18900000,0.19900000,3506940.10000000
1779148800000,0.19900000,0.20300000,0.19600000,0.19900000,4527170.70000000
1779235200000,0.19800000,0.20300000,0.19600000,0.20200000,4050106.40000000
1779321600000,0.20200000,0.20800000,0.20000000,0.20600000,3371984.60000000
1779408000000,0.20500000,0.21000000,0.19000000,0.19300000,5820207.30000000
1779494400000,0.19200000,0.20400000,0.18600000,0.19900000,4677258.90000000
1779580800000,0.19900000,0.20000000,0.18900000,0.19300000,2259023.20000000
1779667200000,0.19300000,0.20000000,0.19000000,0.19400000,2714168.40000000
1779753600000,0.19500000,0.20000000,0.18800000,0.19000000,5236733.60000000
1779840000000,0.19100000,0.19200000,0.18500000,0.18800000,3318658.10000000
1779926400000,0.18800000,0.18900000,0.17800000,0.18400000,4018505.50000000
1780012800000,0.18500000,0.19000000,0.18000000,0.18600000,3085427.60000000
1780099200000,0.18700000,0.19300000,0.18400000,0.18600000,2041004.30000000
1780185600000,0.18700000,0.19100000,0.18200000,0.19000000,1871910.10000000
1780272000000,0.19100000,0.20000000,0.18500000,0.19300000,4712468.50000000
1780358400000,0.19400000,0.19400000,0.17500000,0.17900000,4689884.70000000
1780444800000,0.18000000,0.19100000,0.17600000,0.18200000,3469020.80000000
1780531200000,0.18200000,0.18300000,0.16070000,0.16440000,6838745.70000000
1780617600000,0.16420000,0.16460000,0.14270000,0.15110000,8039801.70000000
1780704000000,0.15110000,0.15240000,0.14000000,0.14940000,3620914.10000000
1780790400000,0.14940000,0.15730000,0.14740000,0.15310000,2072152.30000000
1780876800000,0.15320000,0.15900000,0.14950000,0.15530000,1908811.30000000
1780963200000,0.15530000,0.15530000,0.14720000,0.15040000,3063944.00000000
1781049600000,0.15050000,0.15400000,0.14590000,0.14970000,3095494.70000000
1781136000000,0.15000000,0.16150000,0.14970000,0.15760000,3312447.60000000
1781222400000,0.15770000,0.15950000,0.15390000,0.15520000,2189002.40000000
1781308800000,0.15530000,0.16370000,0.15500000,0.16210000,2182474.40000000
1781395200000,0.16200000,0.16520000,0.15720000,0.16520000,2167707.00000000
1781481600000,0.16520000,0.17000000,0.16290000,0.16470000,3132597.80000000
1781568000000,0.16470000,0.16560000,0.15830000,0.16240000,1726172.60000000
1781654400000,0.16260000,0.16710000,0.15910000,0.16160000,2224801.70000000
1781740800000,0.16170000,0.16210000,0.15560000,0.15660000,571370.50000000
