openTime,open,high,low,close,volume
1577836800000,1.35320000,1.37450000,1.32170000,1.37000000,1197263.77000000
1577923200000,1.37000000,1.37830000,1.23000000,1.24280000,2104119.58000000
1578009600000,1.24190000,1.30720000,1.23300000,1.27850000,2231454.57000000
1578096000000,1.27980000,1.28990000,1.22160000,1.25570000,2072266.71000000
1578182400000,1.25630000,1.28080000,1.23450000,1.25450000,1634808.71000000
1578268800000,1.25470000,1.34000000,1.25260000,1.30470000,2339692.45000000
1578355200000,1.30310000,1.33230000,1.25170000,1.29290000,2943258.42000000
1578441600000,1.29690000,1.39500000,1.27650000,1.33070000,3138359.50000000
1578528000000,1.33150000,1.36630000,1.26330000,1.28110000,2319186.71000000
1578614400000,1.27970000,1.34880000,1.25500000,1.30640000,1942752.52000000
1578700800000,1.30650000,1.35000000,1.29550000,1.30410000,1506803.80000000
1578787200000,1.30400000,1.31950000,1.29500000,1.30720000,552038.21000000
1578873600000,1.30710000,1.30710000,1.25600000,1.27430000,1277806.35000000
1578960000000,1.27430000,1.34710000,1.27170000,1.32480000,3118476.85000000
1579046400000,1.32540000,1.40760000,1.28370000,1.34530000,3425836.51000000
1579132800000,1.34530000,1.54000000,1.30050000,1.49360000,3471285.45000000
1579219200000,1.49570000,1.54000000,1.41980000,1.47700000,3747032.54000000
1579305600000,1.47290000,1.55000000,1.41720000,1.48060000,1742968.44000000
1579392000000,1.47960000,1.52800000,1.36000000,1.42670000,2150794.60000000
1579478400000,1.42300000,1.59300000,1.40680000,1.59290000,3214303.24000000
1579564800000,1.59290000,1.61950000,1.49800000,1.53600000,2510293.13000000
1579651200000,1.53370000,1.64440000,1.52780000,1.59370000,2156529.47000000
1579737600000,1.59490000,1.62630000,1.49550000,1.55910000,3095923.93000000
1579824000000,1.56000000,1.57090000,1.49550000,1.51440000,1561561.46000000
1579910400000,1.51230000,1.54500000,1.45620000,1.49470000,1236040.65000000
1579996800000,1.49180000,1.53000000,1.46890000,1.52560000,905281.83000000
1580083200000,1.52560000,1.54800000,1.48540000,1.52070000,1516861.22000000
1580169600000,1.52040000,1.58000000,1.50800000,1.55080000,2120790.08000000
1580256000000,1.55100000,1.68810000,1.53880000,1.56980000,3148389.67000000
1580342400000,1.57000000,1.71000000,1.55740000,1.67730000,3231067.18000000
1580428800000,1.68210000,1.72400000,1.64550000,1.65640000,1693086.42000000
1580515200000,1.65860000,1.74900000,1.65490000,1.74900000,1001361.56000000
1580601600000,1.74830000,2.00940000,1.69210000,1.92900000,4545752.51000000
1580688000000,1.92610000,2.10990000,1.87000000,1.99680000,5610211.92000000
1580774400000,1.99660000,2.04000000,1.88650000,1.92300000,3626126.37000000
1580860800000,1.92320000,2.23290000,1.91090000,2.14410000,5400381.76000000
1580947200000,2.14410000,2.25000000,2.11730000,2.16910000,3974903.51000000
1581033600000,2.16920000,2.26400000,2.15770000,2.19000000,2557921.12000000
1581120000000,2.18990000,2.31970000,2.01000000,2.29470000,3120608.05000000
1581206400000,2.29470000,2.74900000,2.28200000,2.64230000,8144445.70000000
1581292800000,2.64210000,2.73840000,2.46140000,2.62200000,7522374.64000000
1581379200000,2.62190000,2.95870000,2.54520000,2.91140000,5927393.90000000
1581465600000,2.91140000,3.60890000,2.90610000,3.30010000,12377803.60000000
1581552000000,3.30010000,3.39200000,2.91150000,3.12390000,8453920.85000000
1581638400000,3.11600000,3.55760000,3.03540000,3.47970000,6986498.81000000
1581724800000,3.47860000,3.54990000,2.96890000,3.20480000,7005501.89000000
1581811200000,3.20480000,3.30000000,2.74800000,3.24990000,7678599.84000000
1581897600000,3.25000000,3.25000000,2.75280000,3.16090000,8414339.74000000
1581984000000,3.16100000,3.55660000,3.08920000,3.43280000,8915736.64000000
1582070400000,3.43690000,3.96000000,3.33940000,3.55390000,10763239.27000000
1582156800000,3.54430000,3.89990000,3.43810000,3.61240000,12186974.50000000
1582243200000,3.61020000,3.76000000,3.37920000,3.48180000,7796198.54000000
1582329600000,3.48000000,3.53500000,3.24150000,3.29980000,7279612.89000000
1582416000000,3.30480000,3.59000000,3.29920000,3.52000000,5561240.55000000
1582502400000,3.52010000,3.52900000,2.94000000,3.18500000,10892663.75000000
1582588800000,3.18320000,3.19930000,2.71110000,2.81180000,11997006.37000000
1582675200000,2.80700000,2.99000000,2.52600000,2.75390000,20893275.64000000
1582761600000,2.75390000,2.99540000,2.47000000,2.80000000,17400746.58000000
1582848000000,2.80000000,2.91000000,2.62050000,2.78450000,9905823.29000000
1582934400000,2.78480000,2.99900000,2.72730000,2.73290000,8293419.55000000
1583020800000,2.73310000,2.84980000,2.57000000,2.61350000,7555141.54000000
1583107200000,2.61370000,2.89110000,2.55050000,2.80010000,8623136.35000000
1583193600000,2.80210000,2.82380000,2.63880000,2.75950000,7966389.28000000
1583280000000,2.76090000,3.10000000,2.73100000,3.10000000,12333130.39000000
1583366400000,3.10000000,3.32690000,2.97640000,3.08950000,14837727.49000000
1583452800000,3.08830000,3.23260000,3.00000000,3.17480000,7638999.17000000
1583539200000,3.17390000,3.26580000,2.97130000,2.98570000,7757181.16000000
1583625600000,2.98570000,2.98770000,2.55700000,2.58940000,12501897.25000000
1583712000000,2.58970000,2.66970000,2.26000000,2.53960000,14436618.29000000
1583798400000,2.54040000,2.75000000,2.47560000,2.59430000,12816586.16000000
1583884800000,2.59290000,2.68360000,2.28070000,2.51020000,10472658.93000000
1583971200000,2.51010000,2.52370000,1.28160000,1.31900000,34346233.08000000
1584057600000,1.31930000,1.94980000,0.95000000,1.76740000,42775465.86000000
1584144000000,1.75920000,1.84000000,1.53300000,1.58590000,13656877.52000000
1584230400000,1.58090000,1.76480000,1.42490000,1.54520000,14590963.26000000
1584316800000,1.54460000,1.54460000,1.12000000,1.32320000,25566454.19000000
1584403200000,1.32320000,1.48000000,1.28510000,1.36450000,15960426.82000000
1584489600000,1.36400000,1.42060000,1.28230000,1.39980000,12819920.87000000
1584576000000,1.39860000,1.74000000,1.35670000,1.63190000,19257420.40000000
1584662400000,1.63160000,1.88020000,1.48000000,1.68250000,18832288.86000000
1584748800000,1.68320000,1.76690000,1.57490000,1.66190000,12582936.72000000
1584835200000,1.65960000,1.71760000,1.45000000,1.47250000,11507395.78000000
1584921600000,1.47210000,1.69910000,1.44320000,1.67770000,11947435.26000000
1585008000000,1.67520000,1.78180000,1.61670000,1.76110000,12744951.40000000
1585094400000,1.75940000,1.79170000,1.64270000,1.71100000,10075575.41000000
1585180800000,1.71300000,1.76000000,1.70000000,1.75460000,4770709.83000000
1585267200000,1.75530000,1.78080000,1.56500000,1.58740000,7126460.80000000
1585353600000,1.58530000,1.61360000,1.50510000,1.56170000,7053279.98000000
1585440000000,1.56170000,1.57950000,1.46200000,1.46840000,3984238.43000000
1585526400000,1.46810000,1.66000000,1.46190000,1.60660000,6206175.53000000
1585612800000,1.60630000,1.63840000,1.54710000,1.60700000,4635979.16000000
1585699200000,1.60850000,1.63340000,1.52040000,1.60890000,5734595.32000000
1585785600000,1.60710000,1.80000000,1.58100000,1.66710000,12746371.69000000
1585872000000,1.66520000,1.77910000,1.64850000,1.67530000,8512027.52000000
1585958400000,1.67640000,1.73000000,1.65200000,1.69570000,5261212.94000000
1586044800000,1.69750000,1.70690000,1.66190000,1.66500000,3187977.58000000
1586131200000,1.66330000,1.91450000,1.65780000,1.91450000,11231886.76000000
1586217600000,1.91490000,2.09910000,1.86680000,1.96090000,22696228.10000000
1586304000000,1.95840000,2.17590000,1.92330000,2.14270000,14206350.40000000
1586390400000,2.14520000,2.18000000,1.98500000,2.10780000,14207880.56000000
1586476800000,2.10780000,2.11480000,1.81000000,1.90780000,16843124.37000000
1586563200000,1.90630000,2.04290000,1.88660000,1.97350000,9767767.25000000
1586649600000,1.97530000,2.06440000,1.88700000,2.00420000,11814253.57000000
1586736000000,2.00240000,2.00430000,1.83920000,1.93530000,9693142.95000000
1586822400000,1.93470000,1.99550000,1.90290000,1.94550000,6244987.46000000
1586908800000,1.94490000,1.97690000,1.88870000,1.89890000,5564540.59000000
1586995200000,1.89890000,2.13930000,1.83870000,2.10620000,11388397.95000000
1587081600000,2.10650000,2.15840000,2.06000000,2.08700000,9030262.44000000
1587168000000,2.08550000,2.37620000,2.08440000,2.32720000,10913578.92000000
1587254400000,2.32540000,2.36980000,2.20700000,2.24210000,9705060.84000000
1587340800000,2.24230000,2.34900000,2.05810000,2.12630000,14701024.49000000
1587427200000,2.12470000,2.20680000,2.07760000,2.14680000,8808735.77000000
1587513600000,2.14600000,2.34890000,2.13670000,2.33700000,9208382.72000000
1587600000000,2.33700000,2.59200000,2.30480000,2.49800000,15265008.62000000
1587686400000,2.49800000,2.76930000,2.49390000,2.71480000,15577990.63000000
1587772800000,2.71400000,2.89800000,2.63280000,2.85860000,9345445.70000000
1587859200000,2.85850000,2.85940000,2.72680000,2.76370000,7458755.23000000
1587945600000,2.76840000,2.79220000,2.55000000,2.74190000,10774824.73000000
1588032000000,2.74220000,2.82000000,2.65850000,2.74320000,8362810.07000000
1588118400000,2.74510000,3.02540000,2.74010000,2.93530000,14620747.06000000
1588204800000,2.93650000,3.04180000,2.66230000,2.75260000,13302383.97000000
1588291200000,2.75120000,2.94880000,2.75040000,2.79750000,8774472.66000000
1588377600000,2.79700000,2.86570000,2.77280000,2.83490000,4399599.18000000
1588464000000,2.83490000,2.87490000,2.67640000,2.73600000,6004512.26000000
1588550400000,2.73610000,2.84710000,2.59030000,2.77660000,10071500.60000000
1588636800000,2.77650000,2.82950000,2.69380000,2.75020000,6069343.28000000
1588723200000,2.75000000,2.80470000,2.64000000,2.65740000,5183119.13000000
1588809600000,2.65740000,2.80470000,2.61000000,2.71800000,6503847.76000000
1588896000000,2.71620000,2.82100000,2.67820000,2.75000000,5898482.97000000
1588982400000,2.75000000,2.96550000,2.72320000,2.81060000,7834560.42000000
1589068800000,2.81040000,2.81860000,2.21310000,2.55360000,13627213.35000000
1589155200000,2.55470000,2.59360000,2.26250000,2.42600000,10968322.57000000
1589241600000,2.42320000,2.58000000,2.40490000,2.51030000,5994332.03000000
1589328000000,2.50910000,2.58910000,2.48230000,2.56960000,4034690.25000000
1589414400000,2.56960000,2.61670000,2.49150000,2.54500000,5733416.98000000
1589500800000,2.54600000,2.55200000,2.44150000,2.49010000,4464629.80000000
1589587200000,2.48930000,2.65770000,2.47250000,2.62620000,4858847.09000000
1589673600000,2.62860000,2.69210000,2.59990000,2.62340000,3841976.22000000
1589760000000,2.62340000,2.77150000,2.62020000,2.75300000,5020715.71000000
1589846400000,2.75420000,2.83720000,2.63290000,2.83530000,4841487.30000000
1589932800000,2.83530000,2.89750000,2.71350000,2.82400000,5277769.06000000
1590019200000,2.82200000,2.85820000,2.57000000,2.64350000,5217533.14000000
1590105600000,2.64490000,2.86610000,2.60610000,2.79710000,4777117.79000000
1590192000000,2.79950000,2.83150000,2.72590000,2.75940000,2670481.52000000
1590278400000,2.75980000,2.83240000,2.64030000,2.64330000,3676142.16000000
1590364800000,2.64040000,2.74390000,2.62300000,2.73600000,2936320.34000000
1590451200000,2.73440000,2.76270000,2.65380000,2.69650000,2763166.91000000
1590537600000,2.69600000,2.75590000,2.67530000,2.70930000,2146034.83000000
1590624000000,2.70780000,2.85000000,2.68090000,2.83190000,3217819.20000000
1590710400000,2.83100000,2.91000000,2.79440000,2.87290000,5400893.79000000
1590796800000,2.87500000,2.96890000,2.81810000,2.92410000,5577899.67000000
1590883200000,2.92200000,2.96510000,2.77220000,2.80600000,4969294.24000000
1590969600000,2.80600000,3.00420000,2.77930000,2.96640000,5916123.46000000
1591056000000,2.96620000,3.13170000,2.70000000,2.89610000,8912680.76000000
1591142400000,2.89400000,3.07630000,2.83000000,3.04150000,4526783.54000000
1591228800000,3.04100000,3.08400000,2.90350000,2.99750000,4682043.84000000
1591315200000,2.99790000,3.02170000,2.91660000,2.93330000,2590841.09000000
1591401600000,2.93250000,2.97160000,2.90350000,2.92410000,1461632.38000000
1591488000000,2.92410000,2.93720000,2.80590000,2.88500000,3123288.19000000
1591574400000,2.88500000,2.95000000,2.86330000,2.94310000,1775700.31000000
1591660800000,2.94560000,2.96210000,2.86620000,2.90140000,2071631.11000000
1591747200000,2.90280000,2.92840000,2.85360000,2.88620000,2761479.21000000
1591833600000,2.88580000,2.90750000,2.50170000,2.61330000,6525662.58000000
1591920000000,2.61330000,2.76300000,2.59000000,2.66550000,4186894.41000000
1592006400000,2.66800000,2.72380000,2.63780000,2.69530000,1585551.33000000
1592092800000,2.69550000,2.69900000,2.55260000,2.58830000,1506020.99000000
1592179200000,2.58630000,2.68410000,2.39020000,2.62790000,3864361.25000000
1592265600000,2.62790000,2.67140000,2.56430000,2.61300000,2307407.82000000
1592352000000,2.61380000,2.69560000,2.54500000,2.67910000,2987433.74000000
1592438400000,2.67910000,2.78300000,2.55220000,2.66250000,6237304.82000000
1592524800000,2.66340000,2.71740000,2.61110000,2.62470000,3630285.65000000
1592611200000,2.62340000,2.65610000,2.53300000,2.61620000,2117363.13000000
1592697600000,2.61490000,2.63150000,2.57580000,2.58950000,1224225.08000000
1592784000000,2.58980000,2.70590000,2.57490000,2.68000000,2202920.15000000
1592870400000,2.68160000,2.79550000,2.63540000,2.78370000,4716888.20000000
1592956800000,2.78300000,2.86000000,2.58200000,2.62650000,6945210.09000000
1593043200000,2.62600000,2.65200000,2.52400000,2.57900000,3537435.94000000
1593129600000,2.57810000,2.58010000,2.44370000,2.48490000,6152130.24000000
1593216000000,2.48670000,2.49520000,2.25000000,2.31320000,5058239.17000000
1593302400000,2.31330000,2.43430000,2.28360000,2.36790000,3054341.23000000
1593388800000,2.37010000,2.44310000,2.34290000,2.41220000,2648944.20000000
1593475200000,2.41130000,2.41710000,2.35400000,2.35760000,1929727.79000000
1593561600000,2.35840000,2.44630000,2.33500000,2.39850000,2954992.78000000
1593648000000,2.40020000,2.40710000,2.27120000,2.33470000,3181763.78000000
1593734400000,2.33320000,2.35170000,2.27160000,2.27640000,2696463.25000000
1593820800000,2.27460000,2.35460000,2.27000000,2.32940000,1815279.40000000
1593907200000,2.32830000,2.32960000,2.20800000,2.28440000,2847471.30000000
1593993600000,2.28640000,2.46430000,2.26560000,2.43880000,4277815.55000000
1594080000000,2.44000000,2.58850000,2.40370000,2.51050000,5995657.38000000
1594166400000,2.51050000,2.69490000,2.48130000,2.65200000,7137033.64000000
1594252800000,2.65000000,2.65500000,2.45660000,2.53100000,6133723.33000000
1594339200000,2.53100000,2.58930000,2.41230000,2.54340000,4738087.57000000
1594425600000,2.54460000,2.72810000,2.50800000,2.68200000,8129915.18000000
1594512000000,2.68460000,2.84350000,2.57900000,2.82210000,8993238.00000000
1594598400000,2.82400000,3.16560000,2.73010000,2.89990000,28432184.81000000
1594684800000,2.89990000,3.05770000,2.65000000,2.95570000,17643592.77000000
1594771200000,2.95760000,3.22470000,2.85450000,3.21500000,20177014.67000000
1594857600000,3.21580000,3.33000000,2.93930000,3.10100000,27940156.62000000
1594944000000,3.09880000,3.22830000,3.00450000,3.17000000,10953166.57000000
1595030400000,3.17000000,3.17190000,2.95500000,3.00790000,8949150.27000000
1595116800000,3.01000000,3.05670000,2.87480000,2.98250000,6603205.16000000
1595203200000,2.98650000,2.99000000,2.65000000,2.76820000,7217857.58000000
1595289600000,2.76620000,3.08690000,2.74020000,3.02270000,9566379.86000000
1595376000000,3.02130000,3.13620000,2.92130000,3.10570000,6506792.74000000
1595462400000,3.10570000,3.23290000,3.03590000,3.18810000,8773163.73000000
1595548800000,3.18970000,3.19850000,2.99040000,3.03060000,8134878.85000000
1595635200000,3.02940000,3.11460000,3.01660000,3.05790000,6723244.00000000
1595721600000,3.06030000,3.11130000,2.90000000,2.98590000,8266180.95000000
1595808000000,2.98390000,2.98390000,2.63260000,2.82750000,15628272.12000000
1595894400000,2.82620000,2.89550000,2.72000000,2.83230000,7213659.56000000
1595980800000,2.83260000,2.95290000,2.75200000,2.78100000,5520233.25000000
1596067200000,2.78040000,2.85190000,2.73490000,2.80270000,4340840.37000000
1596153600000,2.80260000,2.90640000,2.78170000,2.84010000,4617333.14000000
1596240000000,2.84200000,3.07890000,2.82100000,3.03900000,8238346.09000000
1596326400000,3.03890000,3.14000000,2.64450000,2.89300000,14751858.58000000
1596412800000,2.89350000,3.09100000,2.84000000,3.07030000,10298556.19000000
1596499200000,3.07040000,3.32800000,3.07040000,3.24380000,17026461.50000000
1596585600000,3.24430000,3.26220000,3.07050000,3.11150000,8902129.39000000
1596672000000,3.11160000,3.38310000,3.09670000,3.22870000,12759366.34000000
1596758400000,3.22730000,3.28770000,2.93000000,3.08100000,10353305.02000000
1596844800000,3.07950000,3.49250000,3.02620000,3.38200000,13808454.05000000
1596931200000,3.38200000,3.78290000,3.27680000,3.69240000,19986487.42000000
1597017600000,3.69150000,4.31840000,3.42200000,4.25580000,25577030.59000000
1597104000000,4.25770000,4.42990000,3.75000000,4.01000000,26537153.37000000
1597190400000,4.01140000,4.46710000,3.62510000,4.36050000,24485813.45000000
1597276800000,4.36070000,4.49360000,3.94000000,4.13560000,19346083.26000000
1597363200000,4.13570000,4.23490000,4.00620000,4.10940000,9444717.81000000
1597449600000,4.10910000,4.32000000,3.89000000,4.06750000,13574782.16000000
1597536000000,4.06770000,4.38500000,4.00100000,4.24010000,11022270.12000000
1597622400000,4.23740000,4.25600000,4.01390000,4.03230000,8682230.96000000
1597708800000,4.03670000,4.17000000,3.69000000,3.83200000,10645224.61000000
1597795200000,3.83210000,3.93000000,3.41780000,3.62470000,17203136.83000000
1597881600000,3.62950000,3.93900000,3.50360000,3.85460000,11260884.14000000
1597968000000,3.85800000,3.91490000,3.33140000,3.38850000,13354780.79000000
1598054400000,3.38470000,3.62290000,3.25710000,3.57580000,8825469.29000000
1598140800000,3.57260000,3.62340000,3.35960000,3.51880000,7221233.96000000
1598227200000,3.51730000,3.80510000,3.44130000,3.67910000,10548960.31000000
1598313600000,3.67970000,3.70390000,3.29290000,3.43470000,10112911.66000000
1598400000000,3.43430000,3.51000000,3.29580000,3.36660000,7180634.93000000
1598486400000,3.36620000,3.41840000,3.09550000,3.22350000,9782268.22000000
1598572800000,3.22470000,3.31480000,3.13200000,3.26350000,5905245.60000000
1598659200000,3.26260000,3.44170000,3.21110000,3.35120000,5574300.67000000
1598745600000,3.35000000,3.44070000,3.32650000,3.38610000,5315886.97000000
1598832000000,3.38720000,3.46980000,3.23790000,3.24320000,6018602.53000000
1598918400000,3.24320000,3.51950000,3.18070000,3.44480000,8789953.10000000
1599004800000,3.44300000,3.47300000,2.89000000,3.13990000,10433482.44000000
1599091200000,3.13910000,3.14090000,2.44000000,2.55280000,13384043.30000000
1599177600000,2.55390000,2.85230000,2.38000000,2.74180000,10426533.57000000
1599264000000,2.74290000,2.82900000,2.31000000,2.48210000,13487614.01000000
1599350400000,2.48170000,2.62820000,2.33430000,2.54950000,6570725.17000000
1599436800000,2.54840000,2.59290000,2.35560000,2.55820000,5838693.02000000
1599523200000,2.55870000,2.64810000,2.40000000,2.50150000,7254892.48000000
1599609600000,2.50150000,2.60000000,2.41310000,2.52830000,4490038.35000000
1599696000000,2.52750000,2.66480000,2.52710000,2.57570000,4908956.16000000
1599782400000,2.57400000,2.65190000,2.46600000,2.56910000,3948909.85000000
1599868800000,2.57210000,2.63890000,2.47000000,2.59780000,3751327.83000000
1599955200000,2.59990000,2.74340000,2.52770000,2.62490000,5765058.99000000
1600041600000,2.62480000,2.69970000,2.53570000,2.61220000,3562790.86000000
1600128000000,2.61430000,2.67910000,2.49680000,2.50020000,4695890.61000000
1600214400000,2.50010000,2.53670000,2.41360000,2.47110000,4496091.12000000
1600300800000,2.47000000,2.56050000,2.44100000,2.47200000,2819343.21000000
1600387200000,2.47200000,2.51720000,2.32430000,2.38940000,3821314.85000000
1600473600000,2.38860000,2.39270000,2.26280000,2.31900000,3573392.73000000
1600560000000,2.32000000,2.38950000,2.15930000,2.21960000,4326577.17000000
1600646400000,2.21880000,2.26540000,1.91170000,1.97270000,9863498.82000000
1600732800000,1.97530000,2.18460000,1.96210000,2.10720000,6914000.42000000
1600819200000,2.10770000,2.15190000,1.91580000,1.95320000,7161995.04000000
1600905600000,1.95340000,2.18160000,1.93620000,2.15520000,5270029.21000000
1600992000000,2.15450000,2.27880000,2.10000000,2.21000000,4925274.54000000
1601078400000,2.21000000,2.24090000,2.13860000,2.17010000,4201234.29000000
1601164800000,2.16890000,2.22450000,2.09370000,2.17690000,2863177.03000000
1601251200000,2.17680000,2.36540000,2.17510000,2.24490000,5232041.39000000
1601337600000,2.24650000,2.28210000,2.13020000,2.23050000,3943123.92000000
1601424000000,2.23050000,2.23770000,2.13660000,2.20040000,3028649.83000000
1601510400000,2.19870000,2.29860000,2.12990000,2.19220000,4010431.17000000
1601596800000,2.19230000,2.21000000,2.01290000,2.08670000,4363813.06000000
1601683200000,2.08720000,2.14350000,2.06960000,2.11430000,1848281.58000000
1601769600000,2.11250000,2.15080000,2.08550000,2.11130000,2036877.49000000
1601856000000,2.11130000,2.16700000,2.07760000,2.14290000,1882710.17000000
1601942400000,2.14270000,2.24680000,2.00570000,2.06120000,4939362.69000000
1602028800000,2.06090000,2.12800000,2.03360000,2.06740000,3529872.19000000
1602115200000,2.06640000,2.15200000,1.99460000,2.11210000,3743563.46000000
1602201600000,2.11230000,2.24260000,2.07450000,2.19550000,4150856.65000000
1602288000000,2.19550000,2.28550000,2.19100000,2.20850000,4038438.49000000
1602374400000,2.20680000,2.31770000,2.19000000,2.25120000,3578010.00000000
1602460800000,2.25070000,2.39070000,2.23020000,2.34240000,4821758.86000000
1602547200000,2.34350000,2.45500000,2.31470000,2.40130000,6162256.31000000
1602633600000,2.40140000,2.42260000,2.23390000,2.27470000,4339035.17000000
1602720000000,2.27330000,2.30690000,2.20790000,2.23860000,2620861.29000000
1602806400000,2.23860000,2.27710000,2.15370000,2.16600000,2601411.19000000
1602892800000,2.16650000,2.22100000,2.15130000,2.18730000,1434801.85000000
1602979200000,2.18550000,2.24340000,2.18170000,2.22700000,1519211.37000000
1603065600000,2.22640000,2.27000000,2.17470000,2.18810000,3441286.80000000
1603152000000,2.18840000,2.19110000,2.03660000,2.05310000,4087118.87000000
1603238400000,2.05260000,2.17740000,2.03950000,2.12460000,3781174.32000000
1603324800000,2.12290000,2.24480000,2.12150000,2.19220000,4689368.88000000
1603411200000,2.19220000,2.26800000,2.16700000,2.21770000,3451987.67000000
1603497600000,2.21790000,2.24040000,2.19180000,2.21960000,1992994.00000000
1603584000000,2.21850000,2.25120000,2.15110000,2.16490000,2893842.09000000
1603670400000,2.16640000,2.18130000,2.05490000,2.09020000,3457049.67000000
1603756800000,2.08900000,2.13180000,2.06260000,2.08360000,3277822.42000000
1603843200000,2.08340000,2.11850000,1.94000000,1.99910000,4420990.05000000
1603929600000,2.00030000,2.05180000,1.89340000,1.93410000,3715751.34000000
1604016000000,1.93270000,1.96490000,1.79410000,1.90250000,5119656.71000000
1604102400000,1.90260000,2.02140000,1.89370000,1.97700000,3330706.27000000
1604188800000,1.97500000,2.01150000,1.93390000,1.99550000,2494803.86000000
1604275200000,1.99430000,2.06950000,1.87590000,1.89450000,3181673.42000000
1604361600000,1.89420000,1.91420000,1.80650000,1.86980000,3972918.24000000
1604448000000,1.86990000,1.90680000,1.78120000,1.87590000,4057681.34000000
1604534400000,1.87650000,1.97100000,1.81660000,1.88300000,7703274.17000000
1604620800000,1.88340000,2.09930000,1.87500000,2.08890000,12786040.11000000
1604707200000,2.09070000,2.22200000,1.95210000,2.01860000,14916914.01000000
1604793600000,2.01850000,2.15650000,1.97340000,2.08690000,5203622.02000000
1604880000000,2.08940000,2.15710000,2.02350000,2.11600000,4119946.84000000
1604966400000,2.11790000,2.19090000,2.09470000,2.15220000,5466761.39000000
1605052800000,2.15160000,2.20000000,2.10870000,2.12540000,4805050.82000000
1605139200000,2.12440000,2.15360000,2.04210000,2.07340000,3760227.71000000
1605225600000,2.07390000,2.15480000,2.06370000,2.15130000,3112215.09000000
1605312000000,2.15170000,2.16330000,2.05010000,2.09800000,3132870.73000000
1605398400000,2.09810000,2.11080000,1.97930000,2.01490000,4017025.31000000
1605484800000,2.01500000,2.09960000,1.82660000,2.08250000,3888402.94000000
1605571200000,2.08290000,2.15500000,2.07250000,2.14350000,5583537.50000000
1605657600000,2.14540000,2.18800000,1.99900000,2.08340000,6078563.82000000
1605744000000,2.08640000,2.14420000,2.01960000,2.07710000,3962903.78000000
1605830400000,2.07730000,2.15180000,2.06220000,2.10690000,8576185.50000000
1605916800000,2.10620000,2.40060000,2.05000000,2.39360000,22161690.19000000
1606003200000,2.39450000,2.44000000,2.15290000,2.28090000,13556002.16000000
1606089600000,2.27920000,2.66120000,2.27370000,2.62110000,15941302.07000000
1606176000000,2.62110000,2.83000000,2.48350000,2.67270000,16076371.53000000
1606262400000,2.67070000,2.96470000,2.48200000,2.59950000,17842275.31000000
1606348800000,2.59690000,2.66170000,2.07820000,2.24560000,24180419.56000000
1606435200000,2.24660000,2.33820000,2.15540000,2.25210000,8527338.69000000
1606521600000,2.25130000,2.43350000,2.19980000,2.31990000,6071693.61000000
1606608000000,2.32160000,2.43860000,2.26810000,2.35860000,5123015.78000000
1606694400000,2.36220000,2.55650000,2.33260000,2.49140000,7185796.86000000
1606780800000,2.49210000,2.55260000,2.17120000,2.32210000,10483359.86000000
1606867200000,2.32180000,2.41730000,2.28570000,2.38850000,3851914.96000000
1606953600000,2.38850000,2.44980000,2.37500000,2.40500000,3891420.81000000
1607040000000,2.40420000,2.43410000,2.22170000,2.27670000,4386394.03000000
1607126400000,2.27450000,2.33240000,2.24000000,2.32370000,3059254.82000000
1607212800000,2.32480000,2.34050000,2.25330000,2.32370000,2378396.19000000
1607299200000,2.32530000,2.32790000,2.22620000,2.27460000,3157032.08000000
1607385600000,2.27590000,2.36320000,2.09760000,2.15360000,5501883.95000000
1607472000000,2.15110000,2.19990000,1.97000000,2.17430000,5102779.83000000
1607558400000,2.17470000,2.18360000,2.07630000,2.10550000,2086546.95000000
1607644800000,2.10590000,2.11420000,2.04460000,2.07910000,2210323.41000000
1607731200000,2.07980000,2.15890000,2.07100000,2.13570000,2453651.59000000
1607817600000,2.13730000,2.27650000,2.12540000,2.23200000,4191794.52000000
1607904000000,2.23200000,2.26650000,2.17510000,2.22430000,2838565.61000000
1607990400000,2.22430000,2.25970000,2.18110000,2.23070000,2391834.92000000
1608076800000,2.23110000,2.42000000,2.02010000,2.36690000,6131428.81000000
1608163200000,2.36700000,2.43700000,2.27000000,2.29640000,7659859.81000000
1608249600000,2.29670000,2.34900000,2.25680000,2.32500000,3252832.76000000
1608336000000,2.32530000,2.39100000,2.30020000,2.32370000,3862728.63000000
1608422400000,2.32260000,2.36000000,2.23380000,2.26740000,3637377.96000000
1608508800000,2.26790000,2.31340000,2.11890000,2.18010000,3537674.20000000
1608595200000,2.17960000,2.19620000,2.07520000,2.18240000,4048999.19000000
1608681600000,2.18230000,2.20150000,1.57080000,1.81900000,8755850.13000000
1608768000000,1.81870000,2.08920000,1.78000000,2.06000000,6934485.88000000
1608854400000,2.05920000,2.11810000,1.97720000,2.02860000,4015565.15000000
1608940800000,2.02920000,2.04200000,1.92360000,1.97930000,3762276.43000000
1609027200000,1.97940000,2.14780000,1.87850000,2.00400000,7803053.62000000
1609113600000,2.00380000,2.23920000,1.98370000,2.12130000,6540531.39000000
1609200000000,2.12280000,2.17690000,1.98040000,2.04290000,6773200.09000000
1609286400000,2.04290000,2.07760000,1.95870000,1.98900000,3751391.75000000
1609372800000,1.98960000,2.02300000,1.93620000,2.01070000,3458990.60000000
1609459200000,2.01020000,2.12670000,1.97000000,2.00750000,5966646.69000000
1609545600000,2.00810000,2.05740000,1.94230000,1.99920000,6189025.20000000
1609632000000,1.99890000,2.25000000,1.95050000,2.13450000,10918873.35000000
1609718400000,2.13460000,2.35470000,2.00240000,2.32840000,15524322.15000000
1609804800000,2.32900000,2.46120000,2.12650000,2.37700000,13003346.01000000
1609891200000,2.37610000,2.73680000,2.29400000,2.64760000,14573954.91000000
1609977600000,2.64750000,2.80000000,2.40000000,2.52940000,13163275.70000000
1610064000000,2.52940000,2.57270000,2.24370000,2.45470000,10517100.29000000
1610150400000,2.45700000,2.68860000,2.41270000,2.63570000,9126527.91000000
1610236800000,2.63570000,2.94660000,2.40000000,2.76210000,18051322.96000000
1610323200000,2.76260000,2.77000000,2.10100000,2.32820000,19291262.03000000
1610409600000,2.32970000,2.45000000,2.19100000,2.29800000,10849061.62000000
1610496000000,2.29790000,2.50480000,2.22610000,2.49990000,8458642.61000000
1610582400000,2.50260000,2.62000000,2.40520000,2.55280000,9553460.42000000
1610668800000,2.55350000,2.91050000,2.45570000,2.71180000,18692818.15000000
1610755200000,2.70870000,3.18380000,2.69710000,2.85400000,23966753.29000000
1610841600000,2.85070000,3.11820000,2.68330000,2.97140000,14670894.46000000
1610928000000,2.97160000,3.11230000,2.84000000,3.03310000,10498147.01000000
1611014400000,3.03300000,3.22630000,2.86890000,2.87450000,13125598.74000000
1611100800000,2.87450000,2.95120000,2.64500000,2.90990000,10486052.32000000
1611187200000,2.90990000,2.93350000,2.42430000,2.46050000,9691319.02000000
1611273600000,2.45870000,3.11000000,2.30000000,2.90890000,21880992.61000000
1611360000000,2.90810000,3.39900000,2.82300000,3.16390000,28152155.60000000
1611446400000,3.16170000,3.29500000,2.90390000,3.04490000,12848036.68000000
1611532800000,3.04310000,3.18320000,2.90010000,2.91880000,9205883.54000000
1611619200000,2.91860000,3.01270000,2.75020000,2.90740000,6943714.44000000
1611705600000,2.90390000,2.93890000,2.62680000,2.79310000,8195049.36000000
1611792000000,2.79040000,3.08880000,2.71510000,2.99770000,11454435.66000000
1611878400000,2.99430000,3.06920000,2.79300000,2.91160000,9938098.98000000
1611964800000,2.91080000,3.01930000,2.80320000,2.89910000,8315267.83000000
1612051200000,2.89910000,2.94850000,2.73100000,2.84440000,7745514.36000000
1612137600000,2.84400000,2.93440000,2.75500000,2.92480000,7066178.49000000
1612224000000,2.92370000,2.96000000,2.82800000,2.90920000,6413113.60000000
1612310400000,2.90930000,3.18850000,2.88490000,3.04940000,12521000.70000000
1612396800000,3.04890000,3.16900000,2.84000000,2.96500000,13965324.99000000
1612483200000,2.96500000,3.52610000,2.95070000,3.47350000,16649828.83000000
1612569600000,3.47350000,3.51540000,3.08180000,3.17310000,12605575.90000000
1612656000000,3.17290000,3.46740000,3.05300000,3.30500000,15460134.90000000
1612742400000,3.30740000,3.44170000,3.23300000,3.40670000,11138485.44000000
1612828800000,3.41250000,3.87470000,3.18590000,3.76070000,22387687.55000000
1612915200000,3.76140000,3.89700000,3.43950000,3.84690000,17965513.56000000
1613001600000,3.84680000,4.31650000,3.78740000,4.11230000,18455238.00000000
1613088000000,4.11500000,5.44110000,4.00210000,5.01530000,26932515.65000000
1613174400000,5.01470000,5.37810000,4.55380000,5.36840000,21518349.83000000
1613260800000,5.36840000,5.64710000,4.71260000,4.86260000,16097764.92000000
1613347200000,4.86310000,4.96330000,3.83700000,4.54060000,20579127.66000000
1613433600000,4.53530000,4.89280000,4.30540000,4.54480000,13950657.23000000
1613520000000,4.54520000,4.76840000,4.18280000,4.60600000,12536073.46000000
1613606400000,4.60280000,4.99800000,4.50090000,4.84360000,13266538.18000000
1613692800000,4.84480000,5.10940000,4.56750000,4.97070000,12114212.41000000
1613779200000,4.97070000,5.15100000,4.32100000,4.63680000,15895484.01000000
1613865600000,4.64060000,4.80510000,4.50140000,4.67590000,11079322.50000000
1613952000000,4.67500000,4.68560000,3.61050000,4.27520000,21560444.64000000
1614038400000,4.27590000,4.29770000,2.90130000,3.55190000,23622981.48000000
1614124800000,3.54880000,3.89890000,3.35420000,3.53240000,16068518.85000000
1614211200000,3.53410000,3.83830000,3.28470000,3.33690000,18442535.71000000
1614297600000,3.33750000,3.79920000,3.16810000,3.46920000,16572951.45000000
1614384000000,3.46930000,3.86660000,3.46250000,3.63440000,10346853.31000000
1614470400000,3.63450000,3.67300000,3.18670000,3.42570000,9958440.77000000
1614556800000,3.42560000,3.68870000,3.38890000,3.63360000,6680178.96000000
1614643200000,3.63360000,3.80570000,3.48520000,3.68980000,9486231.69000000
1614729600000,3.68720000,4.00000000,3.66000000,3.84340000,10373092.73000000
1614816000000,3.84350000,3.97090000,3.55930000,3.66320000,9116826.95000000
1614902400000,3.66470000,3.86050000,3.44190000,3.76210000,8932358.25000000
1614988800000,3.76310000,4.01430000,3.71170000,3.87200000,6604972.14000000
1615075200000,3.87320000,4.20690000,3.82180000,4.19490000,7924104.33000000
1615161600000,4.19150000,4.49000000,4.05270000,4.40000000,11278119.96000000
1615248000000,4.40040000,4.58980000,4.33140000,4.46640000,8132954.24000000
1615334400000,4.46740000,4.48050000,4.06290000,4.14390000,7360693.19000000
1615420800000,4.14020000,4.19470000,3.94330000,4.12200000,5110514.18000000
1615507200000,4.12150000,4.14510000,3.81110000,3.96910000,6531420.92000000
1615593600000,3.96460000,4.23710000,3.80000000,4.16510000,5396030.55000000
1615680000000,4.16540000,4.19170000,3.92480000,3.92480000,4589951.64000000
1615766400000,3.93020000,4.05540000,3.73010000,3.83240000,5449164.36000000
1615852800000,3.83140000,4.04970000,3.68600000,4.03910000,6229687.33000000
1615939200000,4.04210000,4.45500000,3.84090000,4.41220000,11114359.64000000
1616025600000,4.41220000,4.58000000,4.22500000,4.25940000,9312081.95000000
1616112000000,4.26370000,4.35190000,4.11150000,4.22580000,4902486.54000000
1616198400000,4.22300000,4.61000000,4.20270000,4.36000000,7668345.12000000
1616284800000,4.36300000,4.42860000,4.03790000,4.17080000,5428250.02000000
1616371200000,4.17080000,4.42570000,4.01790000,4.05320000,7994389.67000000
1616457600000,4.05550000,4.24290000,3.94980000,4.12920000,6864283.44000000
1616544000000,4.12620000,4.52710000,3.85000000,3.98530000,11050153.24000000
1616630400000,3.98450000,4.08140000,3.75000000,3.91740000,8313194.61000000
1616716800000,3.91680000,4.20280000,3.91250000,4.19000000,5012475.06000000
1616803200000,4.19570000,4.22500000,4.01760000,4.10300000,3705387.30000000
1616889600000,4.10530000,4.32240000,4.07000000,4.22990000,5179307.80000000
1616976000000,4.22900000,4.63470000,4.18040000,4.59360000,8217003.02000000
1617062400000,4.59400000,4.80000000,4.54090000,4.55840000,7528166.12000000
1617148800000,4.55830000,4.88830000,4.21770000,4.82710000,9343521.73000000
1617235200000,4.82620000,5.35000000,4.73840000,5.12280000,17481614.01000000
1617321600000,5.12480000,5.38000000,4.96420000,5.29980000,8783092.53000000
1617408000000,5.29790000,5.41000000,4.73370000,4.76720000,8585216.98000000
1617494400000,4.76700000,5.20540000,4.66260000,5.13480000,5395918.79000000
1617580800000,5.13230000,6.48000000,4.96580000,6.10390000,23882379.43000000
1617667200000,6.10760000,6.80000000,5.83690000,6.16430000,22685575.28000000
1617753600000,6.16740000,6.48360000,5.36970000,5.52700000,15978367.41000000
1617840000000,5.52570000,6.23310000,5.46390000,6.16540000,7839041.91000000
1617926400000,6.16180000,6.89200000,6.00590000,6.83720000,13816617.29000000
1618012800000,6.83760000,7.21000000,6.24300000,6.56580000,16251833.09000000
1618099200000,6.56740000,6.68790000,6.29390000,6.45160000,7473794.64000000
1618185600000,6.45180000,6.53750000,6.08640000,6.28630000,7192135.88000000
1618272000000,6.28260000,6.67800000,6.09730000,6.55760000,8747036.84000000
1618358400000,6.55740000,6.91080000,6.14240000,6.56620000,11671821.69000000
1618444800000,6.56890000,6.98000000,6.36880000,6.78970000,10841976.49000000
1618531200000,6.78730000,7.48000000,6.53320000,7.19950000,22163454.62000000
1618617600000,7.20070000,7.67450000,6.92500000,7.05680000,11070039.38000000
1618704000000,7.05680000,7.16860000,5.14710000,6.17600000,19981621.79000000
1618790400000,6.17600000,6.42240000,5.31630000,5.45130000,14482230.70000000
1618876800000,5.45260000,5.70980000,4.93750000,5.70450000,13709905.97000000
1618963200000,5.69990000,5.84000000,5.30260000,5.32860000,8759458.43000000
1619049600000,5.33010000,5.75820000,4.77700000,4.91270000,13183592.59000000
1619136000000,4.92000000,5.10980000,4.00000000,4.81990000,19278437.43000000
1619222400000,4.81990000,4.83340000,4.38990000,4.44030000,5943770.23000000
1619308800000,4.44100000,4.79510000,4.22520000,4.45190000,5601999.94000000
1619395200000,4.45240000,5.35360000,4.38370000,5.22600000,10704987.36000000
1619481600000,5.22420000,5.48990000,5.14600000,5.42960000,7073971.70000000
1619568000000,5.43210000,5.54890000,5.06690000,5.25230000,6408898.66000000
1619654400000,5.25440000,5.43490000,5.09180000,5.24100000,5124604.95000000
1619740800000,5.23760000,5.65000000,5.12090000,5.61080000,7208478.29000000
1619827200000,5.61000000,5.90000000,5.48440000,5.82080000,5831345.06000000
1619913600000,5.81650000,5.85700000,5.44850000,5.60370000,4638235.07000000
1620000000000,5.60480000,6.10180000,5.58660000,6.00630000,9229220.72000000
1620086400000,6.00620000,6.06260000,5.41690000,5.48730000,12986236.43000000
1620172800000,5.48640000,6.70850000,5.40120000,6.60030000,18478301.04000000
1620259200000,6.60200000,8.05000000,6.43890000,7.57460000,32905884.96000000
1620345600000,7.57970000,8.42000000,6.75000000,7.08560000,26110790.18000000
1620432000000,7.08400000,7.32000000,6.80870000,6.97580000,12534318.54000000
1620518400000,6.97010000,7.16000000,6.49130000,7.09540000,8394378.25000000
1620604800000,7.09610000,7.25400000,5.86460000,6.19170000,11542377.44000000
1620691200000,6.18610000,7.26770000,5.91230000,7.12470000,16604535.85000000
1620777600000,7.12560000,7.34150000,5.85000000,5.93920000,18003156.55000000
1620864000000,5.93920000,6.41630000,5.67620000,6.12520000,16367212.86000000
1620950400000,6.12520000,6.51320000,6.03330000,6.47370000,8641125.42000000
1621036800000,6.47440000,6.51790000,5.72710000,5.77840000,8510113.30000000
1621123200000,5.78390000,6.24000000,5.34460000,5.67370000,11231652.84000000
1621209600000,5.67370000,5.67520000,5.03730000,5.16890000,14145176.50000000
1621296000000,5.17360000,5.98810000,5.09010000,5.74080000,13189092.47000000
1621382400000,5.74080000,5.83770000,2.68980000,3.60700000,39395572.48000000
1621468800000,3.61690000,4.47800000,3.15000000,4.18260000,23540169.16000000
1621555200000,4.18240000,4.39610000,3.09190000,3.67210000,19521821.51000000
1621641600000,3.67000000,3.74500000,3.19200000,3.43400000,13558489.71000000
1621728000000,3.43730000,3.60380000,2.42960000,2.90710000,21959557.01000000
1621814400000,2.90660000,3.61660000,2.83080000,3.54260000,14112500.30000000
1621900800000,3.54270000,3.75700000,3.23820000,3.66010000,12314817.23000000
1621987200000,3.66250000,3.97920000,3.57570000,3.92460000,9990300.07000000
1622073600000,3.92670000,4.17310000,3.56960000,3.87440000,10758061.89000000
1622160000000,3.87440000,3.93270000,3.25100000,3.38820000,12539225.95000000
1622246400000,3.39100000,3.57040000,3.00000000,3.20380000,8946892.49000000
1622332800000,3.20870000,3.45340000,3.01970000,3.28570000,6339616.87000000
1622419200000,3.28420000,3.61270000,3.14400000,3.60600000,7187097.29000000
1622505600000,3.60500000,3.70020000,3.43290000,3.66630000,8793804.16000000
1622592000000,3.66680000,3.87490000,3.57130000,3.81250000,7505803.87000000
1622678400000,3.81490000,3.99000000,3.72350000,3.87870000,5228255.31000000
1622764800000,3.87910000,3.92290000,3.36540000,3.55290000,6455360.13000000
1622851200000,3.54990000,3.69120000,3.25650000,3.42930000,4682008.56000000
1622937600000,3.42900000,3.90000000,3.40460000,3.83240000,8327581.96000000
1623024000000,3.83720000,4.13870000,3.43750000,3.48720000,15222713.23000000
1623110400000,3.48400000,3.58490000,3.07430000,3.44730000,12433538.01000000
1623196800000,3.44670000,3.53690000,3.22410000,3.51060000,8824433.51000000
1623283200000,3.51060000,3.54780000,3.17880000,3.27740000,5820386.77000000
1623369600000,3.27720000,3.37140000,3.08260000,3.13730000,4903353.58000000
1623456000000,3.13450000,3.22530000,2.92000000,3.14300000,5151566.71000000
1623542400000,3.14290000,3.32400000,3.00140000,3.31360000,4524852.38000000
1623628800000,3.31400000,3.35500000,3.18560000,3.34850000,4241280.52000000
1623715200000,3.35100000,3.39340000,3.21080000,3.27100000,3401392.16000000
1623801600000,3.27170000,3.32810000,3.08830000,3.11500000,3273488.92000000
1623888000000,3.11710000,3.43900000,3.10740000,3.36950000,9662019.88000000
1623974400000,3.37300000,3.38520000,2.99280000,3.09760000,6030213.87000000
1624060800000,3.09770000,3.17920000,3.01800000,3.03800000,3325355.02000000
1624147200000,3.02930000,3.11770000,2.87550000,3.07700000,3735237.45000000
1624233600000,3.07570000,3.09960000,2.48000000,2.48550000,7957343.19000000
1624320000000,2.48610000,2.65830000,2.11750000,2.37490000,12562747.59000000
1624406400000,2.37500000,2.78970000,2.27740000,2.68870000,6436856.70000000
1624492800000,2.68860000,2.85000000,2.57060000,2.83080000,3727231.62000000
1624579200000,2.83210000,2.88200000,2.48300000,2.52250000,5812029.00000000
1624665600000,2.52100000,2.62250000,2.38510000,2.53950000,3987792.66000000
1624752000000,2.54330000,2.63000000,2.45210000,2.62240000,3401022.56000000
1624838400000,2.62610000,2.73840000,2.56250000,2.70570000,2625301.43000000
1624924800000,2.70380000,2.99300000,2.69580000,2.97760000,5531031.31000000
1625011200000,2.97520000,3.04600000,2.75110000,3.04320000,4565709.60000000
1625097600000,3.04640000,3.06610000,2.83670000,2.94190000,3692539.69000000
1625184000000,2.94190000,2.98220000,2.74810000,2.95290000,3166121.73000000
1625270400000,2.95210000,3.02850000,2.87360000,3.02850000,2010905.16000000
1625356800000,3.02730000,3.11080000,2.91010000,3.04080000,2404361.88000000
1625443200000,3.03920000,3.03920000,2.79130000,2.82900000,4447300.67000000
1625529600000,2.82910000,2.98380000,2.80180000,2.86470000,3371905.85000000
1625616000000,2.86190000,2.96710000,2.81410000,2.87800000,3891847.40000000
1625702400000,2.87500000,2.89990000,2.61720000,2.69160000,4046666.03000000
1625788800000,2.69350000,2.80000000,2.57790000,2.75030000,2763472.09000000
1625875200000,2.75030000,2.84010000,2.69390000,2.78320000,2481562.75000000
1625961600000,2.78600000,2.89130000,2.73200000,2.84410000,3049014.09000000
1626048000000,2.84800000,2.95150000,2.75930000,2.80660000,3743404.79000000
1626134400000,2.80690000,2.91870000,2.76490000,2.80940000,4705804.92000000
1626220800000,2.81050000,2.82070000,2.53450000,2.71600000,5380495.74000000
1626307200000,2.71540000,2.75120000,2.52190000,2.57610000,3237208.82000000
1626393600000,2.57750000,2.64330000,2.40000000,2.40880000,4531095.36000000
1626480000000,2.40890000,2.48380000,2.36940000,2.40490000,3728017.42000000
1626566400000,2.40700000,2.49440000,2.38110000,2.42910000,2921612.38000000
1626652800000,2.42760000,2.45140000,2.26180000,2.28720000,4038299.93000000
1626739200000,2.28870000,2.33560000,2.09890000,2.15140000,5374059.71000000
1626825600000,2.15370000,2.44060000,2.10280000,2.39760000,4843999.69000000
1626912000000,2.39760000,2.50970000,2.33350000,2.50130000,3564101.93000000
1626998400000,2.50030000,2.69330000,2.49510000,2.68520000,4661222.26000000
1627084800000,2.68830000,2.82080000,2.64750000,2.81690000,5273691.16000000
1627171200000,2.81710000,2.90640000,2.71770000,2.89190000,4821090.34000000
1627257600000,2.88940000,3.11740000,2.82290000,2.83750000,9654469.50000000
1627344000000,2.83930000,2.92970000,2.74000000,2.86230000,5145738.38000000
1627430400000,2.86160000,2.90120000,2.75750000,2.81330000,4190241.65000000
1627516800000,2.81080000,2.86610000,2.73630000,2.85090000,2975922.84000000
1627603200000,2.85120000,2.97000000,2.76200000,2.96700000,4001550.43000000
1627689600000,2.96700000,3.10520000,2.90690000,3.03550000,4706904.62000000
1627776000000,3.03620000,3.18080000,2.90000000,2.95050000,5994904.68000000
1627862400000,2.94900000,3.31270000,2.88620000,3.12500000,8863482.93000000
1627948800000,3.12660000,3.20650000,2.97240000,3.05470000,5346797.03000000
1628035200000,3.05720000,3.18990000,2.99310000,3.17690000,3094495.66000000
1628121600000,3.17800000,3.27390000,3.07060000,3.21960000,6074778.25000000
1628208000000,3.22120000,3.36370000,3.14820000,3.35750000,4870888.84000000
1628294400000,3.35820000,3.53610000,3.30010000,3.42220000,7300812.89000000
1628380800000,3.42410000,3.48930000,3.15390000,3.17800000,4203173.45000000
1628467200000,3.17840000,3.34750000,3.10330000,3.28670000,6105111.37000000
1628553600000,3.28510000,3.35200000,3.18010000,3.26430000,8624983.81000000
1628640000000,3.26710000,3.56580000,3.25900000,3.44380000,11311326.25000000
1628726400000,3.44530000,3.61780000,3.21930000,3.34910000,8490155.68000000
1628812800000,3.35140000,3.59620000,3.29690000,3.59280000,8753775.65000000
1628899200000,3.59280000,3.71830000,3.46470000,3.69520000,9725662.38000000
1628985600000,3.69530000,3.76200000,3.55000000,3.73550000,6054822.47000000
1629072000000,3.73510000,3.89440000,3.58870000,3.63200000,7833837.88000000
1629158400000,3.63290000,3.80310000,3.37780000,3.40240000,7673774.44000000
1629244800000,3.40170000,3.46920000,3.22980000,3.34270000,6050677.55000000
1629331200000,3.34430000,3.65000000,3.28500000,3.63980000,7805476.05000000
1629417600000,3.64030000,3.73460000,3.58240000,3.72790000,5864740.23000000
1629504000000,3.72590000,3.83350000,3.61230000,3.68950000,8547397.50000000
1629590400000,3.69290000,3.88380000,3.66770000,3.79770000,7212714.16000000
1629676800000,3.79850000,4.35000000,3.77360000,4.30590000,26107161.90000000
1629763200000,4.30590000,4.47260000,3.88920000,3.96260000,21831817.65000000
1629849600000,3.95890000,5.45100000,3.95610000,5.09200000,45351851.50000000
1629936000000,5.09210000,5.12300000,4.30100000,4.43800000,28083613.84000000
1630022400000,4.43300000,5.52700000,4.22600000,5.24000000,30242293.02000000
1630108800000,5.24000000,5.68900000,5.01700000,5.63200000,16401100.52000000
1630195200000,5.63700000,6.14300000,5.39000000,5.89000000,26994642.15000000
1630281600000,5.88600000,6.00000000,5.27700000,5.39100000,24573105.60000000
1630368000000,5.38900000,5.59800000,5.00200000,5.16400000,12923136.90000000
1630454400000,5.16000000,5.51300000,5.01100000,5.42400000,7602105.30000000
1630540800000,5.42400000,5.44100000,5.20000000,5.29300000,5082845.90000000
1630627200000,5.29300000,5.47900000,5.11200000,5.31200000,6283431.10000000
1630713600000,5.31100000,5.59400000,5.24100000,5.39900000,7231768.80000000
1630800000000,5.40000000,5.59900000,5.26300000,5.56900000,7443146.00000000
1630886400000,5.56400000,5.77100000,5.39700000,5.59900000,10656009.40000000
1630972800000,5.59900000,5.71500000,3.88400000,4.41300000,23129349.88000000
1631059200000,4.41300000,4.50800000,3.89000000,4.33600000,11203265.30000000
1631145600000,4.33700000,5.70000000,4.26300000,5.58100000,26924096.80000000
1631232000000,5.58100000,6.87400000,5.31500000,6.18400000,73980825.58000000
1631318400000,6.18500000,6.95400000,6.04700000,6.11900000,30251724.54000000
1631404800000,6.11900000,7.23700000,5.90100000,7.02600000,28172819.27000000
1631491200000,7.02600000,7.89300000,6.28000000,7.16400000,56889220.98000000
1631577600000,7.16600000,8.03100000,6.82900000,7.10800000,31582158.44000000
1631664000000,7.10900000,7.64600000,6.72100000,6.89700000,23365223.80000000
1631750400000,6.89500000,7.06900000,6.44900000,6.93600000,18219970.40000000
1631836800000,6.94200000,6.96900000,6.04700000,6.11600000,15149224.70000000
1631923200000,6.11300000,6.73000000,5.91600000,6.39900000,15265580.50000000
1632009600000,6.40200000,6.93500000,6.11000000,6.51900000,16820793.90000000
1632096000000,6.51700000,6.55700000,5.05600000,5.30300000,28354717.10000000
1632182400000,5.29800000,5.52000000,4.47700000,4.68500000,21436475.30000000
1632268800000,4.68500000,5.67900000,4.51100000,5.57100000,14346851.30000000
1632355200000,5.57100000,6.59500000,5.49900000,6.21400000,24752370.20000000
1632441600000,6.21200000,7.40000000,5.80100000,6.98700000,43568280.10000000
1632528000000,6.98700000,7.50000000,6.77600000,6.82300000,29004890.90000000
1632614400000,6.82100000,7.07500000,6.40400000,6.50900000,22367980.60000000
1632700800000,6.50900000,6.66300000,6.00400000,6.03400000,14135300.00000000
1632787200000,6.03100000,6.27000000,5.43600000,5.47100000,14805227.50000000
1632873600000,5.47100000,6.08300000,5.34100000,5.64100000,13662796.90000000
1632960000000,5.64200000,6.10800000,5.59300000,6.07300000,10917298.50000000
1633046400000,6.07200000,6.86700000,6.01100000,6.69000000,17771302.10000000
1633132800000,6.69000000,7.78600000,6.51900000,7.34300000,20824732.30000000
1633219200000,7.34000000,8.94600000,7.34000000,8.71100000,37905041.62000000
1633305600000,8.71100000,9.17100000,8.18700000,8.36000000,28961760.76000000
1633392000000,8.35900000,8.87000000,7.74900000,7.97500000,14346579.30000000
1633478400000,7.98300000,8.58600000,7.19200000,7.79500000,20350872.50000000
1633564800000,7.79200000,8.12200000,7.45100000,7.63400000,13754204.10000000
1633651200000,7.63600000,7.81900000,7.22200000,7.30100000,20602768.90000000
1633737600000,7.29700000,7.63400000,7.20500000,7.62200000,6880120.40000000
1633824000000,7.62200000,8.09600000,6.92900000,6.97100000,15282188.70000000
1633910400000,6.96600000,7.39400000,6.63300000,6.89800000,9871419.50000000
1633996800000,6.89700000,7.27400000,6.61200000,7.11800000,12512953.70000000
1634083200000,7.11700000,7.32100000,6.84500000,7.29600000,8232243.80000000
1634169600000,7.30000000,7.41500000,7.05100000,7.14000000,7165747.50000000
1634256000000,7.13700000,7.15100000,6.73600000,6.84800000,8457417.70000000
1634342400000,6.84700000,7.14000000,6.82900000,6.91200000,6034973.40000000
1634428800000,6.91000000,6.98300000,6.34900000,6.62200000,6327318.50000000
1634515200000,6.62300000,6.67200000,6.37400000,6.54900000,5979426.80000000
1634601600000,6.54600000,6.89700000,6.50700000,6.74100000,7208245.10000000
1634688000000,6.74100000,7.13100000,6.56600000,7.01800000,7128070.60000000
1634774400000,7.01700000,7.14600000,6.60700000,6.65400000,7624259.60000000
1634860800000,6.65100000,6.90200000,6.54900000,6.70800000,5173654.20000000
1634947200000,6.70600000,6.82200000,6.63400000,6.74000000,3363561.50000000
1635033600000,6.73600000,6.74600000,6.27500000,6.47200000,4842122.30000000
1635120000000,6.47600000,6.71900000,6.42000000,6.63400000,5438347.20000000
1635206400000,6.63300000,7.17300000,6.61800000,6.81700000,10773921.60000000
1635292800000,6.82000000,6.89100000,5.55000000,5.89000000,16277622.20000000
1635379200000,5.89100000,6.26100000,5.80000000,6.13500000,8723790.80000000
1635465600000,6.13500000,6.74200000,6.07200000,6.56000000,7952166.50000000
1635552000000,6.56100000,6.79100000,6.17300000,6.29500000,7573727.20000000
1635638400000,6.29500000,6.55800000,6.01100000,6.35200000,6671735.20000000
1635724800000,6.34900000,6.38000000,6.04500000,6.24000000,5318992.60000000
1635811200000,6.23800000,6.36100000,5.71000000,6.26000000,5424496.50000000
1635897600000,6.26000000,6.50000000,6.05100000,6.32100000,7330950.40000000
1635984000000,6.31700000,6.48400000,6.09200000,6.34200000,5013658.70000000
1636070400000,6.34100000,6.86000000,6.22900000,6.45700000,10133353.20000000
1636156800000,6.45500000,6.82400000,6.23100000,6.43900000,4761412.20000000
1636243200000,6.43800000,6.46500000,6.28400000,6.36800000,3844432.00000000
1636329600000,6.36900000,6.56400000,6.28000000,6.49900000,5322314.30000000
1636416000000,6.49900000,6.62300000,6.24400000,6.30100000,7314429.60000000
1636502400000,6.30100000,6.47100000,5.27100000,5.79200000,11218526.90000000
1636588800000,5.79200000,6.06000000,5.69700000,5.86100000,5964752.40000000
1636675200000,5.86000000,5.98900000,5.55500000,5.76400000,5390832.80000000
1636761600000,5.76500000,5.99200000,5.65000000,5.88600000,6183291.00000000
1636848000000,5.88900000,6.07000000,5.68500000,5.82700000,2892098.40000000
1636934400000,5.82400000,5.96600000,5.66800000,5.71800000,4081796.40000000
1637020800000,5.71800000,5.72100000,4.95600000,5.20900000,11586700.50000000
1637107200000,5.20800000,5.32500000,4.97500000,5.24200000,5931307.00000000
1637193600000,5.24200000,5.28200000,4.64100000,4.79500000,7665017.50000000
1637280000000,4.79100000,5.31800000,4.68100000,5.27000000,4908713.90000000
1637366400000,5.27200000,5.60700000,5.26600000,5.52400000,5925456.70000000
1637452800000,5.52400000,5.55900000,5.20200000,5.21700000,3743833.50000000
1637539200000,5.22200000,5.23400000,4.90300000,5.01700000,5013008.80000000
1637625600000,5.01100000,5.21600000,4.93000000,5.11100000,4046904.60000000
1637712000000,5.10900000,5.18200000,4.78100000,4.88900000,4531299.40000000
1637798400000,4.88900000,5.18100000,4.82400000,5.07000000,4011716.20000000
1637884800000,5.07100000,5.20700000,4.48000000,4.65900000,5963371.70000000
1637971200000,4.66100000,4.77400000,4.56700000,4.61800000,2155811.70000000
1638057600000,4.61800000,4.65800000,4.26300000,4.65300000,3111551.70000000
1638144000000,4.64600000,5.77800000,4.63000000,5.61000000,15547901.10000000
1638230400000,5.61100000,5.93000000,5.23900000,5.47900000,18156702.50000000
1638316800000,5.48700000,5.51600000,5.12400000,5.24500000,7039233.50000000
1638403200000,5.24000000,5.32300000,5.00900000,5.09800000,4785321.40000000
1638489600000,5.09900000,5.36300000,4.65000000,4.80000000,6372112.80000000
1638576000000,4.80100000,4.81200000,3.22600000,4.13400000,16140376.19000000
1638662400000,4.13600000,4.24200000,3.75000000,3.87100000,5893724.60000000
1638748800000,3.87400000,4.19600000,3.66000000,4.15000000,10129338.00000000
1638835200000,4.14900000,5.69900000,4.05700000,5.65600000,30994494.90000000
1638921600000,5.65600000,6.02000000,5.12000000,5.68300000,37294155.80000000
1639008000000,5.68400000,6.19000000,4.80600000,4.84000000,22100253.10000000
1639094400000,4.83800000,4.97300000,4.30400000,4.33500000,13917464.50000000
1639180800000,4.34000000,4.63300000,4.24500000,4.52300000,6989249.10000000
1639267200000,4.52600000,4.67600000,4.31800000,4.51000000,4361734.70000000
1639353600000,4.51200000,4.53100000,3.90700000,4.04900000,7917245.80000000
1639440000000,4.04700000,4.60300000,4.03000000,4.51500000,15579356.10000000
1639526400000,4.52000000,4.56600000,4.05500000,4.48700000,12018851.70000000
1639612800000,4.48800000,4.70100000,4.30000000,4.30900000,8002228.80000000
1639699200000,4.31000000,4.38800000,4.06000000,4.14000000,6623276.50000000
1639785600000,4.14200000,4.33900000,4.07600000,4.24100000,4068825.90000000
1639872000000,4.23900000,4.31000000,4.11700000,4.13900000,3220995.60000000
1639958400000,4.13800000,4.26200000,3.86700000,4.10600000,6281561.60000000
1640044800000,4.10400000,4.25700000,4.05100000,4.23200000,3580846.90000000
1640131200000,4.23100000,4.69300000,4.22900000,4.54400000,7649360.40000000
1640217600000,4.54100000,4.81500000,4.45100000,4.76900000,8128476.30000000
1640304000000,4.76900000,4.81000000,4.42700000,4.49600000,6895692.00000000
1640390400000,4.49500000,4.71900000,4.43800000,4.58300000,5413121.10000000
1640476800000,4.58500000,4.91300000,4.45400000,4.86400000,9826346.60000000
1640563200000,4.86500000,5.17000000,4.76700000,5.10200000,8753496.90000000
1640649600000,5.10000000,5.10600000,4.42100000,4.49100000,6733611.30000000
1640736000000,4.48700000,4.54000000,4.21300000,4.37300000,4951940.50000000
1640822400000,4.37500000,4.52600000,4.22000000,4.34400000,4103022.00000000
1640908800000,4.34400000,4.51800000,4.17900000,4.34000000,4293935.10000000
1640995200000,4.34100000,4.78400000,4.33800000,4.74600000,8479661.40000000
1641081600000,4.74700000,4.78700000,4.58300000,4.65400000,3501746.00000000
1641168000000,4.65400000,5.04500000,4.51300000,4.80300000,9831425.70000000
1641254400000,4.80400000,5.36500000,4.58100000,5.04300000,19157201.20000000
1641340800000,5.04400000,5.30500000,4.27600000,4.50900000,13471583.40000000
1641427200000,4.50700000,4.54500000,4.21400000,4.45200000,9656885.80000000
1641513600000,4.45500000,4.48500000,4.05000000,4.25300000,7526890.40000000
1641600000000,4.26000000,4.37100000,3.85900000,4.00500000,5133283.70000000
1641686400000,4.00600000,4.34600000,3.96800000,4.21700000,4970468.70000000
1641772800000,4.21500000,4.26400000,3.78200000,4.02600000,5556379.30000000
1641859200000,4.02700000,4.22400000,3.93600000,4.16800000,3526449.30000000
1641945600000,4.16800000,4.46100000,4.14600000,4.38300000,5728197.00000000
1642032000000,4.39000000,4.42400000,4.09100000,4.12000000,4485916.00000000
1642118400000,4.11900000,4.31900000,4.07400000,4.28700000,2880680.30000000
1642204800000,4.28900000,4.36100000,4.22600000,4.27700000,2369667.30000000
1642291200000,4.27400000,4.34300000,4.19500000,4.29000000,2184902.20000000
1642377600000,4.28800000,4.31300000,3.99400000,4.05000000,2444311.20000000
1642464000000,4.05200000,4.21000000,3.92500000,4.11200000,4303191.70000000
1642550400000,4.11200000,4.14300000,3.80700000,3.87800000,4202824.90000000
1642636800000,3.87600000,4.08500000,3.67800000,3.70200000,3173761.40000000
1642723200000,3.70200000,3.77000000,3.25800000,3.33500000,9546749.90000000
1642809600000,3.33400000,3.43600000,2.69700000,2.95800000,9362771.72000000
1642896000000,2.95300000,3.15900000,2.83600000,3.07900000,4255344.80000000
1642982400000,3.07900000,3.08000000,2.53900000,2.96800000,7196637.86000000
1643068800000,2.97100000,3.01900000,2.84100000,2.92000000,4356762.90000000
1643155200000,2.92200000,3.22900000,2.85300000,2.94800000,4396701.20000000
1643241600000,2.94500000,3.05400000,2.73600000,2.90400000,3618839.40000000
1643328000000,2.90600000,3.04700000,2.83000000,3.02600000,3668043.70000000
1643414400000,3.02700000,3.13600000,3.00400000,3.09400000,2315822.80000000
1643500800000,3.09400000,3.50500000,3.08800000,3.27000000,7549789.00000000
1643587200000,3.27000000,3.53000000,3.09800000,3.48800000,5897089.20000000
1643673600000,3.48800000,3.76900000,3.47400000,3.74000000,5710100.10000000
1643760000000,3.73900000,3.90000000,3.57000000,3.75100000,11277713.00000000
1643846400000,3.75400000,3.97200000,3.60700000,3.83800000,11357951.90000000
1643932800000,3.83500000,4.03200000,3.67300000,4.01100000,7506024.40000000
1644019200000,4.00900000,4.08000000,3.85600000,3.93300000,5256336.60000000
1644105600000,3.93400000,3.99900000,3.76800000,3.92200000,4378283.40000000
1644192000000,3.92400000,4.19400000,3.83500000,4.14400000,5489045.20000000
1644278400000,4.14400000,4.46000000,4.00300000,4.39400000,11811170.10000000
1644364800000,4.39600000,4.60600000,4.32200000,4.44100000,8846617.00000000
1644451200000,4.43800000,4.58000000,4.10500000,4.12000000,9091162.40000000
1644537600000,4.12000000,4.46800000,4.01700000,4.30700000,9095067.40000000
1644624000000,4.30500000,4.43100000,4.04500000,4.10800000,8172179.50000000
1644710400000,4.10700000,4.13000000,3.81300000,3.84700000,2753043.50000000
1644796800000,3.84700000,3.99800000,3.73200000,3.94400000,3379738.80000000
1644883200000,3.94400000,4.18800000,3.89800000,4.15000000,3178835.20000000
1644969600000,4.15000000,4.19200000,3.94500000,4.04200000,3029680.40000000
1645056000000,4.04200000,4.05500000,3.61400000,3.67300000,4329456.60000000
1645142400000,3.67200000,3.86200000,3.58800000,3.62200000,3568824.20000000
1645228800000,3.62100000,3.69900000,3.47200000,3.60000000,2691956.80000000
1645315200000,3.60100000,3.60400000,3.21800000,3.27000000,4335365.20000000
1645401600000,3.27000000,3.47500000,2.94300000,2.97100000,7941883.30000000
1645488000000,2.97200000,3.07800000,2.81500000,3.06500000,10809216.50000000
1645574400000,3.06500000,3.22600000,2.92800000,2.93500000,6445969.20000000
1645660800000,2.93700000,3.07200000,2.56000000,3.03200000,13725765.00000000
1645747200000,3.03200000,3.25500000,2.95900000,3.21000000,6790056.90000000
1645833600000,3.21000000,3.49000000,3.19800000,3.42700000,6094442.40000000
1645920000000,3.42700000,3.45200000,3.05500000,3.11400000,6217967.80000000
1646006400000,3.11400000,3.56600000,3.03600000,3.53500000,5683679.30000000
1646092800000,3.53500000,3.66800000,3.42200000,3.49400000,4375349.70000000
1646179200000,3.49600000,3.65000000,3.37000000,3.49200000,4801827.40000000
1646265600000,3.49300000,3.52200000,3.30100000,3.39300000,3040303.50000000
1646352000000,3.39100000,3.40100000,3.04000000,3.08200000,3489185.50000000
1646438400000,3.08100000,3.16700000,2.97600000,3.14600000,2469771.00000000
1646524800000,3.14600000,3.17600000,2.96000000,2.97300000,2190627.40000000
1646611200000,2.97300000,3.07800000,2.83900000,2.92000000,4636404.00000000
1646697600000,2.92000000,3.04300000,2.90600000,3.01000000,3110985.10000000
1646784000000,3.01000000,3.19000000,3.00800000,3.17400000,2746015.20000000
1646870400000,3.17400000,3.24200000,2.95600000,3.05300000,3590455.90000000
1646956800000,3.05300000,3.10900000,2.95900000,2.98500000,2875080.00000000
1647043200000,2.98500000,3.08300000,2.98100000,3.02400000,1656113.20000000
1647129600000,3.02400000,3.08400000,2.90400000,2.90500000,1748364.40000000
1647216000000,2.90600000,3.01700000,2.85700000,2.99700000,2281548.20000000
1647302400000,2.99500000,3.01200000,2.88200000,2.96900000,2233416.90000000
1647388800000,2.96900000,3.10500000,2.92200000,3.09900000,4380211.00000000
1647475200000,3.09800000,3.15600000,3.06300000,3.08100000,2314243.20000000
1647561600000,3.08100000,3.17400000,3.01600000,3.15100000,2750014.30000000
1647648000000,3.15100000,3.29300000,3.15000000,3.25900000,2683435.20000000
1647734400000,3.25800000,3.43300000,3.20300000,3.33500000,6172047.60000000
1647820800000,3.33400000,3.33800000,3.19300000,3.23900000,3274820.70000000
1647907200000,3.23900000,3.39100000,3.22300000,3.30000000,3760063.90000000
1647993600000,3.29900000,3.57000000,3.29200000,3.45600000,5256448.40000000
1648080000000,3.45600000,3.56900000,3.41300000,3.53400000,3149479.60000000
1648166400000,3.53400000,3.58500000,3.43200000,3.51500000,3331678.50000000
1648252800000,3.51400000,3.78900000,3.47800000,3.65800000,4950399.00000000
1648339200000,3.65800000,3.86600000,3.63600000,3.86200000,3526877.80000000
1648425600000,3.86100000,3.98500000,3.68000000,3.71400000,4405030.10000000
1648512000000,3.71300000,3.92700000,3.70000000,3.79300000,4472232.50000000
1648598400000,3.79200000,3.88300000,3.65100000,3.83200000,3637426.90000000
1648684800000,3.83200000,4.02500000,3.66000000,3.72200000,7414861.20000000
1648771200000,3.72200000,3.98000000,3.54000000,3.90400000,5319246.50000000
1648857600000,3.90400000,4.13300000,3.88400000,3.91400000,5857894.30000000
1648944000000,3.91500000,4.06700000,3.88500000,4.04200000,3525949.30000000
1649030400000,4.04100000,4.04200000,3.71500000,3.89800000,3340828.00000000
1649116800000,3.89800000,3.93000000,3.65600000,3.67400000,2827962.70000000
1649203200000,3.67400000,3.67400000,3.23400000,3.28800000,4376194.90000000
1649289600000,3.28700000,3.43100000,3.23800000,3.38700000,2643621.20000000
1649376000000,3.38300000,3.42400000,3.12900000,3.16900000,3811057.90000000
1649462400000,3.16700000,3.20900000,3.07100000,3.20500000,3428555.20000000
1649548800000,3.20500000,3.30100000,3.10800000,3.12400000,2177303.90000000
1649635200000,3.12400000,3.14500000,2.94300000,2.96100000,4250732.60000000
1649721600000,2.96100000,3.20000000,2.94400000,3.06600000,3448069.90000000
1649808000000,3.06600000,3.20000000,3.03500000,3.17600000,1906828.70000000
1649894400000,3.17800000,3.28000000,3.06600000,3.09900000,2312759.70000000
1649980800000,3.09800000,3.24100000,3.09200000,3.19400000,2495686.80000000
1650067200000,3.19500000,3.29500000,3.15900000,3.28200000,1692819.80000000
1650153600000,3.28200000,3.29500000,3.07500000,3.08400000,1949700.90000000
1650240000000,3.08300000,3.18800000,2.92700000,3.17600000,3165318.10000000
1650326400000,3.17500000,3.26500000,3.12800000,3.23000000,2092615.00000000
1650412800000,3.22900000,3.27200000,3.09700000,3.14700000,3585269.40000000
1650499200000,3.14700000,3.23900000,2.96400000,3.03100000,3562052.90000000
1650585600000,3.03000000,3.15900000,2.98200000,3.08100000,3622391.20000000
1650672000000,3.08200000,3.09800000,2.99000000,3.00000000,1640017.80000000
1650758400000,3.00100000,3.04300000,2.92900000,2.96000000,2590323.10000000
1650844800000,2.96000000,2.96700000,2.79200000,2.95200000,4184413.00000000
1650931200000,2.95200000,2.97300000,2.74500000,2.74700000,3742003.80000000
1651017600000,2.74800000,2.85500000,2.70400000,2.82000000,2696128.70000000
1651104000000,2.82000000,2.85700000,2.73600000,2.80400000,3149307.90000000
1651190400000,2.80500000,2.82500000,2.64000000,2.68700000,3515230.90000000
1651276800000,2.68600000,2.75100000,2.42900000,2.53400000,3749334.42000000
1651363200000,2.53400000,2.60500000,2.46400000,2.57100000,3312516.20000000
1651449600000,2.57100000,2.60900000,2.39000000,2.49500000,5094554.74000000
1651536000000,2.49600000,2.58600000,2.42300000,2.48900000,2817191.40000000
1651622400000,2.48900000,2.74700000,2.47500000,2.70300000,3683872.60000000
1651708800000,2.70400000,2.88000000,2.41100000,2.48800000,8538720.60000000
1651795200000,2.48700000,2.52900000,2.40000000,2.50500000,4591943.90000000
1651881600000,2.50400000,2.64300000,2.41900000,2.51600000,6631566.10000000
1651968000000,2.51500000,2.64100000,2.51300000,2.55800000,8707244.50000000
1652054400000,2.55900000,2.66300000,2.00000000,2.01300000,12550218.74000000
1652140800000,2.01200000,2.29200000,1.99400000,2.11200000,11572063.20000000
1652227200000,2.11100000,2.18400000,1.70000000,1.79000000,16434278.01000000
1652313600000,1.78500000,1.89200000,1.45100000,1.67900000,16863289.42000000
1652400000000,1.67900000,1.93600000,1.65700000,1.76900000,7667180.00000000
1652486400000,1.76800000,1.87100000,1.65100000,1.82500000,3647328.60000000
1652572800000,1.82400000,1.92800000,1.77700000,1.91800000,3499077.30000000
1652659200000,1.91800000,1.92000000,1.72100000,1.77600000,4550668.60000000
1652745600000,1.77600000,1.87400000,1.75100000,1.86000000,2838742.70000000
1652832000000,1.86000000,1.89200000,1.66600000,1.68000000,3518566.30000000
1652918400000,1.68000000,1.77700000,1.61200000,1.75600000,3858457.20000000
1653004800000,1.75700000,1.80100000,1.67500000,1.74100000,4066998.80000000
1653091200000,1.74200000,1.86300000,1.69900000,1.82100000,4486632.80000000
1653177600000,1.82100000,2.01100000,1.78200000,1.97500000,8233687.90000000
1653264000000,1.97500000,2.06600000,1.86700000,1.87500000,6257763.20000000
1653350400000,1.87600000,2.15700000,1.85600000,2.11800000,13829485.00000000
1653436800000,2.11900000,2.14700000,1.99300000,2.13100000,7598611.10000000
1653523200000,2.13000000,2.26100000,1.81900000,1.86300000,13834143.70000000
1653609600000,1.86300000,1.89600000,1.75700000,1.81800000,9318885.30000000
1653696000000,1.81900000,1.98000000,1.80800000,1.97100000,7013040.60000000
1653782400000,1.97100000,2.03600000,1.91300000,1.98500000,6339300.90000000
1653868800000,1.98500000,2.20800000,1.97000000,2.13800000,6962325.60000000
1653955200000,2.13800000,2.19800000,2.02200000,2.09100000,5761415.30000000
1654041600000,2.09200000,2.13200000,1.91200000,1.94700000,5696787.80000000
1654128000000,1.94800000,2.01400000,1.86300000,1.98400000,5046534.20000000
1654214400000,1.98300000,1.99000000,1.87100000,1.90500000,2733034.30000000
1654300800000,1.90400000,1.92500000,1.84200000,1.91200000,2557380.60000000
1654387200000,1.91200000,1.99200000,1.86900000,1.95500000,2360053.60000000
1654473600000,1.95500000,2.17300000,1.94800000,2.06100000,5308362.00000000
1654560000000,2.06100000,2.21100000,1.95000000,2.06700000,13601110.50000000
1654646400000,2.06700000,2.17400000,1.99000000,2.09300000,9021496.30000000
1654732800000,2.09300000,2.26900000,2.05700000,2.22700000,9371977.80000000
1654819200000,2.22800000,2.36800000,1.95100000,1.97000000,10255387.50000000
1654905600000,1.96900000,2.07200000,1.79000000,1.79900000,10319612.70000000
1654992000000,1.80000000,1.86600000,1.63000000,1.63700000,9964790.50000000
1655078400000,1.63400000,1.65300000,1.33700000,1.40200000,14605148.92000000
1655164800000,1.40100000,1.47000000,1.28500000,1.44800000,9324863.80000000
1655251200000,1.44900000,1.53800000,1.30000000,1.52900000,8865974.70000000
1655337600000,1.53000000,1.55000000,1.33100000,1.35900000,14596907.50000000
1655424000000,1.36100000,1.46900000,1.34700000,1.39000000,6258054.60000000
1655510400000,1.39000000,1.41700000,1.19500000,1.28700000,6513820.20000000
1655596800000,1.28700000,1.41700000,1.21000000,1.39000000,5701648.00000000
1655683200000,1.39100000,1.46200000,1.31900000,1.44300000,5469807.00000000
1655769600000,1.44400000,1.52400000,1.39600000,1.42800000,7731935.80000000
1655856000000,1.42900000,1.43100000,1.33200000,1.34100000,4709720.70000000
1655942400000,1.34300000,1.45300000,1.33100000,1.43900000,3687948.50000000
1656028800000,1.43900000,1.58000000,1.43700000,1.53500000,3912115.10000000
1656115200000,1.53500000,1.57800000,1.45500000,1.54100000,2695059.40000000
1656201600000,1.54200000,1.59800000,1.43600000,1.44300000,2777074.80000000
1656288000000,1.44300000,1.64400000,1.43800000,1.60100000,8259498.00000000
1656374400000,1.60100000,1.68400000,1.50500000,1.51300000,7835404.30000000
1656460800000,1.51300000,1.56300000,1.45900000,1.47800000,4658749.00000000
1656547200000,1.47800000,1.48500000,1.34500000,1.42600000,4301728.90000000
1656633600000,1.42700000,1.47300000,1.33000000,1.37800000,7013427.10000000
1656720000000,1.38000000,1.51100000,1.35700000,1.45400000,8792364.60000000
1656806400000,1.45500000,1.47600000,1.39700000,1.44700000,4315863.30000000
1656892800000,1.44800000,1.56300000,1.43700000,1.53600000,4788968.30000000
1656979200000,1.53700000,1.55900000,1.42900000,1.46900000,3909449.20000000
1657065600000,1.46800000,1.58700000,1.45800000,1.54600000,3780096.70000000
1657152000000,1.54500000,1.59500000,1.53600000,1.56900000,5756159.10000000
1657238400000,1.56900000,1.60300000,1.50000000,1.52700000,3555128.40000000
1657324800000,1.52700000,1.65600000,1.52600000,1.62200000,5382477.30000000
1657411200000,1.62300000,1.66500000,1.53700000,1.62600000,3652052.60000000
1657497600000,1.62500000,1.70900000,1.56200000,1.57400000,9860707.50000000
1657584000000,1.57400000,1.62500000,1.42300000,1.43500000,6180475.90000000
1657670400000,1.43500000,1.52300000,1.39800000,1.52100000,6321681.70000000
1657756800000,1.52100000,1.58300000,1.45900000,1.56500000,4128124.50000000
1657843200000,1.56500000,1.62200000,1.55000000,1.57300000,3742546.20000000
1657929600000,1.57200000,1.63400000,1.53900000,1.60300000,1754287.70000000
1658016000000,1.60200000,1.64000000,1.56500000,1.57400000,2973656.50000000
1658102400000,1.57600000,1.74900000,1.56600000,1.73000000,4864486.90000000
1658188800000,1.73000000,1.79600000,1.65600000,1.74300000,4206854.50000000
1658275200000,1.74300000,1.77800000,1.60300000,1.62100000,6487259.50000000
1658361600000,1.62100000,1.68800000,1.55900000,1.67200000,3616367.50000000
1658448000000,1.67400000,1.74200000,1.61100000,1.63300000,2483095.10000000
1658534400000,1.63300000,1.68300000,1.60100000,1.65000000,2006742.70000000
1658620800000,1.65000000,1.72100000,1.65000000,1.68200000,2298426.10000000
1658707200000,1.68200000,1.68800000,1.50600000,1.50900000,3095880.00000000
1658793600000,1.50800000,1.55800000,1.47300000,1.55500000,5115436.30000000
1658880000000,1.55500000,1.64600000,1.52700000,1.64400000,5178522.50000000
1658966400000,1.64400000,1.75000000,1.60000000,1.71800000,4491195.30000000
1659052800000,1.71900000,1.77900000,1.66200000,1.70800000,3874930.50000000
1659139200000,1.70900000,1.86200000,1.70900000,1.81900000,7290390.40000000
1659225600000,1.81900000,1.85200000,1.73200000,1.73900000,3657008.90000000
1659312000000,1.73800000,1.85800000,1.72300000,1.81300000,3489838.40000000
1659398400000,1.81100000,1.83300000,1.67700000,1.71400000,3256909.50000000
1659484800000,1.71300000,1.78700000,1.66600000,1.71800000,2141151.80000000
1659571200000,1.71800000,1.85900000,1.71400000,1.81400000,3794262.40000000
1659657600000,1.81500000,1.88900000,1.80900000,1.86400000,2254389.70000000
1659744000000,1.86400000,1.90000000,1.84300000,1.87800000,1452756.40000000
1659830400000,1.87700000,1.93400000,1.84000000,1.88900000,1319334.70000000
1659916800000,1.88900000,1.94700000,1.86300000,1.89400000,2347280.90000000
1660003200000,1.89300000,1.92000000,1.75100000,1.80200000,2261103.70000000
1660089600000,1.80200000,1.87600000,1.74200000,1.87500000,1990680.90000000
1660176000000,1.87600000,1.95800000,1.87000000,1.90000000,2319381.70000000
1660262400000,1.90100000,1.92600000,1.85700000,1.92400000,1438996.00000000
1660348800000,1.92400000,1.94500000,1.88800000,1.91000000,1063496.20000000
1660435200000,1.91100000,1.95800000,1.79800000,1.81900000,3531838.00000000
1660521600000,1.81900000,1.86700000,1.77500000,1.82000000,2707012.70000000
1660608000000,1.82000000,1.90900000,1.77900000,1.88600000,3312312.40000000
1660694400000,1.88700000,2.03800000,1.84600000,1.88600000,5495425.70000000
1660780800000,1.88600000,1.89000000,1.77800000,1.78800000,2073639.10000000
1660867200000,1.78800000,1.78800000,1.55100000,1.57500000,5237813.00000000
1660953600000,1.57600000,1.63800000,1.52300000,1.55900000,2528498.90000000
1661040000000,1.56000000,1.64900000,1.55100000,1.63300000,2791898.90000000
1661126400000,1.63300000,1.63600000,1.52000000,1.58800000,3125518.80000000
1661212800000,1.58800000,1.60700000,1.53700000,1.59300000,1569830.30000000
1661299200000,1.59300000,1.64300000,1.55400000,1.60000000,2569654.10000000
1661385600000,1.60000000,1.68100000,1.59700000,1.66900000,2566229.70000000
1661472000000,1.66800000,1.67200000,1.46100000,1.48300000,3594419.60000000
1661558400000,1.48300000,1.48800000,1.42900000,1.46200000,2599680.10000000
1661644800000,1.46300000,1.49300000,1.42100000,1.42700000,1674521.40000000
1661731200000,1.42600000,1.53600000,1.41800000,1.53000000,1959298.60000000
1661817600000,1.52900000,1.55000000,1.44800000,1.49600000,1869484.50000000
1661904000000,1.49700000,1.58000000,1.49700000,1.51000000,1928917.10000000
1661990400000,1.50900000,1.54000000,1.47300000,1.54000000,1390077.50000000
1662076800000,1.54000000,1.56500000,1.46500000,1.49100000,2539843.10000000
1662163200000,1.49100000,1.52900000,1.47000000,1.52400000,1050918.40000000
1662249600000,1.52300000,1.55900000,1.51000000,1.55600000,965026.90000000
1662336000000,1.55600000,1.56600000,1.50100000,1.54700000,1627023.50000000
1662422400000,1.54700000,1.59200000,1.42600000,1.42700000,3410399.80000000
1662508800000,1.42700000,1.50300000,1.40000000,1.48900000,1517963.50000000
1662595200000,1.48800000,1.60300000,1.46900000,1.58700000,3355291.30000000
1662681600000,1.58800000,1.66500000,1.58200000,1.64300000,3768771.00000000
1662768000000,1.64300000,1.68000000,1.62500000,1.66300000,1981658.10000000
1662854400000,1.66300000,1.75700000,1.64600000,1.68300000,3476485.30000000
1662940800000,1.68300000,1.72400000,1.61300000,1.65500000,3160928.60000000
1663027200000,1.65500000,1.69100000,1.52000000,1.52800000,5369988.60000000
1663113600000,1.52800000,1.62200000,1.51200000,1.60500000,3036192.30000000
1663200000000,1.60400000,1.61500000,1.50800000,1.52000000,4246626.90000000
1663286400000,1.52000000,1.55800000,1.49900000,1.52000000,3073475.40000000
1663372800000,1.52000000,1.56700000,1.52000000,1.55000000,1394955.10000000
1663459200000,1.55000000,1.57200000,1.42500000,1.43800000,2666555.60000000
1663545600000,1.43800000,1.51000000,1.40900000,1.48200000,3618791.40000000
1663632000000,1.48300000,1.52300000,1.45300000,1.46300000,2834672.40000000
1663718400000,1.46300000,1.52500000,1.38300000,1.40800000,6469037.80000000
1663804800000,1.40700000,1.52600000,1.40700000,1.50800000,3848443.70000000
1663891200000,1.50900000,1.55200000,1.42800000,1.51600000,3359562.20000000
1663977600000,1.51600000,1.55500000,1.46800000,1.47500000,1803371.50000000
1664064000000,1.47600000,1.50800000,1.43800000,1.45700000,1263839.70000000
1664150400000,1.45800000,1.47900000,1.42300000,1.47400000,1671985.50000000
1664236800000,1.47500000,1.54200000,1.42200000,1.44300000,2635872.70000000
1664323200000,1.44200000,1.45500000,1.38900000,1.44100000,2823854.00000000
1664409600000,1.44100000,1.44900000,1.40700000,1.43900000,1874146.50000000
1664496000000,1.43900000,1.46400000,1.40800000,1.42300000,2216756.60000000
1664582400000,1.42400000,1.43500000,1.39800000,1.40900000,662909.30000000
1664668800000,1.41000000,1.42000000,1.36300000,1.37400000,1218234.00000000
1664755200000,1.37600000,1.45200000,1.35700000,1.43800000,2210018.70000000
1664841600000,1.43800000,1.46900000,1.42700000,1.45700000,1473010.30000000
1664928000000,1.45800000,1.45800000,1.40400000,1.43000000,1213830.70000000
1665014400000,1.43100000,1.45500000,1.41700000,1.42800000,2330251.00000000
1665100800000,1.42700000,1.43400000,1.39000000,1.41000000,1246764.00000000
1665187200000,1.40900000,1.42600000,1.39900000,1.40600000,537400.00000000
1665273600000,1.40600000,1.43000000,1.40300000,1.42800000,614260.40000000
1665360000000,1.42800000,1.44300000,1.36300000,1.37000000,1322297.30000000
1665446400000,1.37000000,1.37000000,1.32700000,1.34300000,1524801.40000000
1665532800000,1.34400000,1.36300000,1.34000000,1.35200000,889541.30000000
1665619200000,1.35200000,1.42300000,1.25900000,1.38400000,5739972.10000000
1665705600000,1.38400000,1.43600000,1.35400000,1.36700000,2212400.20000000
1665792000000,1.36800000,1.38300000,1.34300000,1.35500000,752429.80000000
1665878400000,1.35600000,1.37200000,1.33900000,1.35500000,896093.60000000
1665964800000,1.35500000,1.39700000,1.34400000,1.38900000,1260213.10000000
1666051200000,1.39000000,1.40900000,1.35100000,1.37500000,1801203.00000000
1666137600000,1.37500000,1.38200000,1.31500000,1.32600000,2203202.20000000
1666224000000,1.32600000,1.35700000,1.30700000,1.32000000,1571085.90000000
1666310400000,1.32000000,1.35400000,1.29000000,1.34300000,1508362.20000000
1666396800000,1.34300000,1.35100000,1.32800000,1.34100000,514659.70000000
1666483200000,1.34100000,1.38100000,1.33100000,1.37400000,1215436.80000000
1666569600000,1.37400000,1.40600000,1.33600000,1.35300000,5132380.00000000
1666656000000,1.35300000,1.42000000,1.34400000,1.38700000,2251389.90000000
1666742400000,1.38800000,1.45800000,1.38700000,1.43500000,2553732.70000000
1666828800000,1.43400000,1.49400000,1.40300000,1.41200000,2165791.00000000
1666915200000,1.41200000,1.46100000,1.39300000,1.44100000,1710608.90000000
1667001600000,1.44200000,1.48200000,1.42400000,1.44300000,2351854.40000000
1667088000000,1.44500000,1.48300000,1.39800000,1.42200000,1728442.40000000
1667174400000,1.42200000,1.47400000,1.40900000,1.42600000,2494096.20000000
1667260800000,1.42600000,1.43800000,1.40200000,1.41400000,2359960.60000000
1667347200000,1.41400000,1.42700000,1.35000000,1.38200000,2655912.50000000
1667433600000,1.38200000,1.42500000,1.35600000,1.36900000,5855479.20000000
1667520000000,1.36900000,1.44900000,1.35900000,1.44800000,7115630.00000000
1667606400000,1.44900000,1.47800000,1.41700000,1.44600000,3988641.50000000
1667692800000,1.44600000,1.45500000,1.36700000,1.37200000,2483776.30000000
1667779200000,1.37100000,1.40100000,1.33200000,1.36100000,3203066.70000000
1667865600000,1.36100000,1.38000000,1.05600000,1.17300000,8145018.30000000
1667952000000,1.17200000,1.18600000,0.97800000,1.01900000,9110031.50000000
1668038400000,1.01900000,1.15900000,1.00300000,1.14300000,4928073.40000000
1668124800000,1.14200000,1.15200000,1.03400000,1.06900000,3332056.50000000
1668211200000,1.07000000,1.07300000,1.01500000,1.04000000,2122702.50000000
1668297600000,1.04000000,1.08100000,0.99200000,1.00900000,3570257.40000000
1668384000000,1.00900000,1.03200000,0.93600000,1.01600000,4351979.20000000
1668470400000,1.01600000,1.04800000,0.99800000,1.02600000,2606049.60000000
1668556800000,1.02600000,1.03400000,0.96700000,0.98700000,4247842.30000000
1668643200000,0.98700000,0.99100000,0.96000000,0.97400000,1445480.80000000
1668729600000,0.97500000,0.99600000,0.96400000,0.98100000,1619583.00000000
1668816000000,0.98100000,1.01200000,0.96500000,0.99900000,1237233.30000000
1668902400000,0.99800000,1.02000000,0.96700000,0.97300000,2247582.80000000
1668988800000,0.97300000,0.97700000,0.92100000,0.93800000,3183046.70000000
1669075200000,0.93800000,0.96900000,0.91200000,0.96900000,3642814.90000000
1669161600000,0.96900000,1.00500000,0.96400000,1.00100000,2192514.80000000
1669248000000,1.00100000,1.02800000,0.98900000,1.00400000,2800973.70000000
1669334400000,1.00400000,1.00800000,0.97500000,0.99000000,1369185.10000000
1669420800000,0.99100000,1.02200000,0.97600000,0.98800000,4631649.50000000
1669507200000,0.98800000,1.01200000,0.97900000,0.98800000,1214657.60000000
1669593600000,0.98800000,1.00100000,0.94700000,0.97700000,1579596.10000000
1669680000000,0.97600000,0.99700000,0.96800000,0.97600000,2818454.40000000
1669766400000,0.97700000,1.02500000,0.97700000,1.01900000,2594291.40000000
1669852800000,1.01900000,1.02400000,0.99100000,1.00300000,1559804.60000000
1669939200000,1.00300000,1.04000000,0.99000000,1.02800000,2240048.20000000
1670025600000,1.02800000,1.03300000,0.99200000,0.99300000,977705.50000000
1670112000000,0.99400000,1.00800000,0.99000000,1.00500000,1074933.40000000
1670198400000,1.00400000,1.03100000,0.99900000,1.00500000,1449191.80000000
1670284800000,1.00600000,1.02900000,1.00300000,1.01300000,1958428.10000000
1670371200000,1.01300000,1.01900000,0.96800000,0.98400000,2411970.20000000
1670457600000,0.98500000,1.00600000,0.97100000,1.00000000,1294300.40000000
1670544000000,1.00100000,1.00500000,0.97900000,0.98400000,1354570.30000000
1670630400000,0.98500000,1.00400000,0.98200000,0.99600000,650991.00000000
1670716800000,0.99700000,1.01000000,0.98700000,0.98700000,883985.00000000
1670803200000,0.98700000,0.98800000,0.94900000,0.96000000,1971422.10000000
1670889600000,0.96000000,0.98100000,0.91500000,0.97200000,3281407.60000000
1670976000000,0.97100000,0.98200000,0.94500000,0.95000000,2471695.90000000
1671062400000,0.95000000,0.97600000,0.92300000,0.95700000,5962996.50000000
1671148800000,0.95600000,0.96300000,0.82500000,0.83900000,4303562.30000000
1671235200000,0.83900000,0.86500000,0.82600000,0.84300000,6698927.20000000
1671321600000,0.84300000,0.84900000,0.82500000,0.83600000,1859650.10000000
1671408000000,0.83600000,0.84700000,0.75800000,0.77600000,3428344.60000000
1671494400000,0.77600000,0.81100000,0.77500000,0.80500000,1775177.30000000
1671580800000,0.80500000,0.81000000,0.78800000,0.80700000,1765326.30000000
1671667200000,0.80700000,0.81000000,0.77700000,0.80600000,1457319.40000000
1671753600000,0.80600000,0.81600000,0.79600000,0.80400000,1127271.00000000
1671840000000,0.80200000,0.80700000,0.79700000,0.80000000,486849.30000000
1671926400000,0.79900000,0.80100000,0.77300000,0.78400000,942277.70000000
1672012800000,0.78400000,0.79700000,0.78200000,0.79600000,744647.00000000
1672099200000,0.79700000,0.79800000,0.76500000,0.77300000,1582324.90000000
1672185600000,0.77300000,0.77400000,0.73000000,0.73800000,2365473.30000000
1672272000000,0.73800000,0.74400000,0.70800000,0.72600000,1935933.10000000
1672358400000,0.72500000,0.73300000,0.69900000,0.72300000,1764548.60000000
1672444800000,0.72300000,0.72700000,0.71300000,0.71600000,871272.60000000
1672531200000,0.71600000,0.72100000,0.70500000,0.71900000,732873.60000000
1672617600000,0.71900000,0.74600000,0.70700000,0.73900000,1707347.90000000
1672704000000,0.73900000,0.75900000,0.73500000,0.75500000,2467649.50000000
1672790400000,0.75400000,0.77700000,0.75000000,0.76800000,1641125.70000000
1672876800000,0.76800000,0.77700000,0.74700000,0.76200000,1699023.40000000
1672963200000,0.76200000,0.77300000,0.74600000,0.77200000,1907272.20000000
1673049600000,0.77200000,0.79600000,0.77100000,0.79100000,1282090.90000000
1673136000000,0.79200000,0.82800000,0.78100000,0.82100000,1317220.20000000
1673222400000,0.82200000,0.85500000,0.81800000,0.83000000,3034904.10000000
1673308800000,0.83100000,0.84600000,0.81600000,0.83200000,2570175.40000000
1673395200000,0.83200000,0.86000000,0.80700000,0.85900000,2933108.10000000
1673481600000,0.85800000,0.89400000,0.83200000,0.89000000,4349830.00000000
1673568000000,0.88900000,0.93000000,0.87500000,0.91800000,2935350.40000000
1673654400000,0.91700000,1.04000000,0.91700000,1.00700000,7182093.60000000
1673740800000,1.00800000,1.08600000,0.97900000,1.02800000,7683566.30000000
1673827200000,1.02900000,1.04800000,0.99100000,1.00900000,3234978.00000000
1673913600000,1.01000000,1.06400000,0.98800000,1.01600000,2669368.60000000
1674000000000,1.01800000,1.03900000,0.93800000,0.95300000,3698499.30000000
1674086400000,0.95300000,1.07000000,0.95100000,0.99400000,5516977.60000000
1674172800000,0.99300000,1.07000000,0.97200000,1.06500000,2674801.90000000
1674259200000,1.06500000,1.18700000,1.05100000,1.10000000,7962578.90000000
1674345600000,1.09900000,1.13800000,1.08100000,1.10700000,3549751.30000000
1674432000000,1.10700000,1.13100000,1.09100000,1.11300000,3361484.00000000
1674518400000,1.11300000,1.15400000,1.04300000,1.05700000,3385286.90000000
1674604800000,1.05700000,1.11800000,1.02500000,1.09100000,3008758.40000000
1674691200000,1.09100000,1.11600000,1.07300000,1.09200000,2182869.10000000
1674777600000,1.09400000,1.12800000,1.06100000,1.12600000,3064591.20000000
1674864000000,1.12600000,1.14500000,1.08600000,1.09600000,1923081.20000000
1674950400000,1.09600000,1.18700000,1.08300000,1.16000000,6884435.60000000
1675036800000,1.15900000,1.16200000,1.03100000,1.05700000,5031168.60000000
1675123200000,1.05700000,1.07800000,1.04600000,1.05800000,2926473.60000000
1675209600000,1.05800000,1.10000000,1.01700000,1.09300000,3604982.30000000
1675296000000,1.09400000,1.14200000,1.07700000,1.09200000,3618153.90000000
1675382400000,1.09200000,1.16200000,1.08600000,1.14400000,3642077.00000000
1675468800000,1.14400000,1.17700000,1.12800000,1.16500000,4133616.30000000
1675555200000,1.16600000,1.24000000,1.14000000,1.18800000,5900602.60000000
1675641600000,1.18800000,1.19100000,1.13500000,1.14500000,3265637.50000000
1675728000000,1.14500000,1.22000000,1.13700000,1.21700000,3188378.90000000
1675814400000,1.21700000,1.26500000,1.17900000,1.22500000,3360341.20000000
1675900800000,1.22600000,1.23300000,1.05100000,1.07800000,4522490.40000000
1675987200000,1.07700000,1.10600000,1.05700000,1.08800000,3018889.20000000
1676073600000,1.08800000,1.09700000,1.06400000,1.08400000,1517590.50000000
1676160000000,1.08400000,1.11200000,1.05900000,1.07900000,1504113.20000000
1676246400000,1.07900000,1.08100000,1.00300000,1.03900000,2597760.60000000
1676332800000,1.03800000,1.06400000,1.01600000,1.06100000,2281163.80000000
1676419200000,1.06200000,1.15000000,1.04900000,1.14800000,2604801.50000000
1676505600000,1.15000000,1.17300000,1.08700000,1.09300000,2752055.10000000
1676592000000,1.09300000,1.17900000,1.08800000,1.15300000,3502291.50000000
1676678400000,1.15300000,1.19000000,1.14600000,1.17400000,2184701.50000000
1676764800000,1.17400000,1.21500000,1.15900000,1.18900000,2560615.20000000
1676851200000,1.18900000,1.28000000,1.15800000,1.25800000,3814222.60000000
1676937600000,1.25700000,1.30100000,1.19300000,1.22100000,3848274.20000000
1677024000000,1.22100000,1.46900000,1.22100000,1.43700000,33705646.60000000
1677110400000,1.43600000,1.49000000,1.33000000,1.34700000,18044136.60000000
1677196800000,1.34700000,1.34700000,1.21300000,1.23700000,6657939.40000000
1677283200000,1.23700000,1.24800000,1.15000000,1.19600000,3233923.70000000
1677369600000,1.19600000,1.21900000,1.18600000,1.21500000,2002702.60000000
1677456000000,1.21400000,1.22300000,1.16200000,1.18600000,2876242.90000000
1677542400000,1.18500000,1.19400000,1.12700000,1.13700000,2044642.70000000
1677628800000,1.13700000,1.20400000,1.12800000,1.20300000,2083583.20000000
1677715200000,1.20300000,1.20300000,1.13600000,1.17900000,2352760.80000000
1677801600000,1.17900000,1.18000000,1.05700000,1.14500000,4609981.60000000
1677888000000,1.14500000,1.14900000,1.08900000,1.11300000,2056500.20000000
1677974400000,1.11300000,1.14400000,1.10500000,1.11400000,1709019.80000000
1678060800000,1.11300000,1.14700000,1.09600000,1.13600000,2251479.20000000
1678147200000,1.13600000,1.14700000,1.08200000,1.10900000,1782000.20000000
1678233600000,1.11000000,1.11300000,1.01500000,1.02700000,2649760.90000000
1678320000000,1.02800000,1.07200000,0.96300000,0.99100000,4959833.10000000
1678406400000,0.99000000,1.01700000,0.95500000,1.01100000,5491181.70000000
1678492800000,1.01100000,1.03000000,0.95200000,0.98200000,3054380.30000000
1678579200000,0.98200000,1.05500000,0.95800000,1.05000000,2434386.50000000
1678665600000,1.05100000,1.10200000,1.02300000,1.08800000,3551383.60000000
1678752000000,1.08800000,1.23500000,1.06200000,1.19300000,11208607.10000000
1678838400000,1.19400000,1.23900000,1.11900000,1.14600000,7530469.70000000
1678924800000,1.14800000,1.20700000,1.12700000,1.18500000,3799702.20000000
1679011200000,1.18500000,1.25500000,1.16900000,1.25500000,3896073.70000000
1679097600000,1.25500000,1.26300000,1.18100000,1.18900000,2975911.10000000
1679184000000,1.18900000,1.26100000,1.18300000,1.24000000,3020141.90000000
1679270400000,1.24100000,1.26800000,1.15900000,1.16300000,3537321.80000000
1679356800000,1.16400000,1.19700000,1.13300000,1.18600000,3350752.70000000
1679443200000,1.18700000,1.19000000,1.07900000,1.11200000,3722205.10000000
1679529600000,1.11300000,1.18700000,1.11000000,1.16400000,2966859.40000000
1679616000000,1.16300000,1.17900000,1.11100000,1.13000000,2419556.30000000
1679702400000,1.13000000,1.14200000,1.09500000,1.11000000,1570426.40000000
1679788800000,1.10900000,1.15400000,1.10200000,1.13700000,1688590.80000000
1679875200000,1.13800000,1.15300000,1.05700000,1.07700000,3710648.00000000
1679961600000,1.07700000,1.09600000,1.06100000,1.08900000,2522214.30000000
1680048000000,1.08900000,1.14900000,1.08500000,1.13700000,3189636.40000000
1680134400000,1.13700000,1.15400000,1.09100000,1.10800000,3329935.40000000
1680220800000,1.10900000,1.13500000,1.08800000,1.11900000,2638585.20000000
1680307200000,1.11800000,1.13200000,1.10700000,1.12600000,2379178.50000000
1680393600000,1.12600000,1.13400000,1.08500000,1.09900000,1806940.60000000
1680480000000,1.09900000,1.13000000,1.07300000,1.11300000,3636878.60000000
1680566400000,1.11300000,1.13100000,1.09600000,1.11500000,2583070.30000000
1680652800000,1.11500000,1.14800000,1.10700000,1.13400000,2563869.80000000
1680739200000,1.13500000,1.17500000,1.11400000,1.13400000,5846752.90000000
1680825600000,1.13400000,1.13700000,1.08200000,1.10000000,4207351.50000000
1680912000000,1.10000000,1.10800000,1.09500000,1.10000000,1431179.30000000
1680998400000,1.09900000,1.10900000,1.07600000,1.10000000,1291102.00000000
1681084800000,1.10000000,1.12800000,1.08600000,1.12100000,2781198.50000000
1681171200000,1.12100000,1.13000000,1.10400000,1.11500000,2411288.70000000
1681257600000,1.11400000,1.11700000,1.07700000,1.09400000,2778653.70000000
1681344000000,1.09500000,1.12800000,1.08200000,1.12300000,2393189.50000000
1681430400000,1.12500000,1.16300000,1.12300000,1.15200000,3609670.60000000
1681516800000,1.15200000,1.16600000,1.13300000,1.15800000,2532851.80000000
1681603200000,1.15700000,1.19000000,1.14100000,1.17700000,2421572.00000000
1681689600000,1.17900000,1.18000000,1.13000000,1.14200000,2647511.50000000
1681776000000,1.14200000,1.17600000,1.13100000,1.16200000,2339270.20000000
1681862400000,1.16200000,1.16200000,1.03600000,1.05900000,4000816.10000000
1681948800000,1.05900000,1.06700000,1.02100000,1.02700000,2937524.00000000
1682035200000,1.02700000,1.04900000,0.98900000,1.00000000,2897568.70000000
1682121600000,1.00100000,1.03300000,0.99800000,1.03000000,1567601.00000000
1682208000000,1.03000000,1.03300000,0.99200000,1.01600000,1579295.40000000
1682294400000,1.01600000,1.03300000,0.99000000,1.00200000,2160205.70000000
1682380800000,1.00100000,1.02600000,0.97400000,1.02000000,3360174.30000000
1682467200000,1.02000000,1.05500000,0.95800000,1.00300000,3100876.90000000
1682553600000,1.00300000,1.04200000,1.00000000,1.03100000,2948017.90000000
1682640000000,1.03100000,1.03200000,1.00300000,1.01400000,2501865.20000000
1682726400000,1.01400000,1.03100000,1.00900000,1.02700000,1273537.90000000
1682812800000,1.02800000,1.03300000,0.99700000,0.99900000,1406443.00000000
1682899200000,1.00000000,1.01300000,0.96800000,0.98400000,1632377.00000000
1682985600000,0.98300000,0.99600000,0.97800000,0.99100000,1777710.20000000
1683072000000,0.99200000,1.00300000,0.96200000,0.99800000,1510772.40000000
1683158400000,0.99800000,1.00500000,0.98400000,0.99300000,1183815.30000000
1683244800000,0.99300000,1.03100000,0.99000000,1.02100000,2212302.80000000
1683331200000,1.02100000,1.02900000,0.97600000,0.98000000,1488126.60000000
1683417600000,0.98100000,0.98500000,0.95900000,0.96400000,1042948.00000000
1683504000000,0.96400000,0.97000000,0.88400000,0.91100000,3670859.70000000
1683590400000,0.91100000,0.92100000,0.89700000,0.90600000,1904819.10000000
1683676800000,0.90700000,0.92500000,0.86900000,0.91600000,2194062.90000000
1683763200000,0.91600000,0.91600000,0.86600000,0.89200000,2011138.10000000
1683849600000,0.89200000,0.89600000,0.85700000,0.89500000,2182167.60000000
1683936000000,0.89500000,0.89600000,0.88100000,0.88500000,1078820.30000000
1684022400000,0.88500000,0.89700000,0.87300000,0.88700000,863008.00000000
1684108800000,0.88800000,0.90400000,0.87400000,0.89100000,1307461.40000000
1684195200000,0.89000000,0.90200000,0.87600000,0.90000000,1363191.00000000
1684281600000,0.89900000,0.91800000,0.88000000,0.90900000,1939126.70000000
1684368000000,0.90900000,0.91600000,0.89000000,0.90000000,1607505.10000000
1684454400000,0.90000000,0.90400000,0.88500000,0.89300000,1387579.20000000
1684540800000,0.89300000,0.90400000,0.88500000,0.90300000,641835.00000000
1684627200000,0.90300000,0.90500000,0.89200000,0.89600000,1261832.80000000
1684713600000,0.89700000,0.90100000,0.88200000,0.88800000,1369046.20000000
1684800000000,0.88900000,0.91100000,0.88400000,0.89500000,1446156.00000000
1684886400000,0.89500000,0.89600000,0.85400000,0.87000000,1693777.90000000
1684972800000,0.87000000,0.87500000,0.85200000,0.87100000,1277387.60000000
1685059200000,0.87100000,0.88500000,0.86600000,0.88200000,1508372.60000000
1685145600000,0.88100000,0.89700000,0.87800000,0.89500000,835110.10000000
1685232000000,0.89500000,0.93200000,0.89200000,0.92600000,1667553.60000000
1685318400000,0.92600000,0.94100000,0.92400000,0.93300000,1895998.70000000
1685404800000,0.93300000,0.94900000,0.92500000,0.93100000,1549616.90000000
1685491200000,0.93000000,0.93600000,0.89100000,0.90300000,1832575.50000000
1685577600000,0.90400000,0.90800000,0.88400000,0.88700000,1183138.70000000
1685664000000,0.88700000,0.91100000,0.87600000,0.91000000,952045.10000000
1685750400000,0.91000000,0.92200000,0.90000000,0.91400000,570448.80000000
1685836800000,0.91500000,0.92500000,0.90800000,0.91300000,715864.10000000
1685923200000,0.91300000,0.91500000,0.82200000,0.85600000,2437898.70000000
1686009600000,0.85600000,0.88700000,0.83700000,0.88000000,2409249.10000000
1686096000000,0.88000000,0.88100000,0.84100000,0.84500000,1415597.00000000
1686182400000,0.84500000,0.85000000,0.83200000,0.84200000,1032972.20000000
1686268800000,0.84200000,0.84300000,0.82000000,0.82600000,918761.90000000
1686355200000,0.82700000,0.82700000,0.64900000,0.72900000,7514657.60000000
1686441600000,0.73000000,0.73500000,0.71100000,0.72000000,1481094.90000000
1686528000000,0.72000000,0.72700000,0.70200000,0.72200000,1441881.40000000
1686614400000,0.72300000,0.75100000,0.71600000,0.72100000,2131625.50000000
1686700800000,0.72200000,0.80300000,0.70900000,0.72700000,11219886.50000000
1686787200000,0.72800000,0.76400000,0.70200000,0.72200000,5917736.60000000
1686873600000,0.72200000,0.73000000,0.70300000,0.71700000,2053383.00000000
1686960000000,0.71800000,0.73700000,0.71200000,0.72800000,1836825.80000000
1687046400000,0.72900000,0.74400000,0.71600000,0.71800000,1185293.90000000
1687132800000,0.71800000,0.73400000,0.70800000,0.72800000,1591075.70000000
1687219200000,0.72800000,0.74100000,0.70700000,0.74100000,2175207.80000000
1687305600000,0.74100000,0.77900000,0.73700000,0.77600000,3185072.00000000
1687392000000,0.77500000,0.79800000,0.76200000,0.76200000,2467739.20000000
1687478400000,0.76300000,0.81900000,0.76200000,0.79600000,2735480.40000000
1687564800000,0.79600000,0.82800000,0.79100000,0.82500000,2422663.80000000
1687651200000,0.82600000,0.85600000,0.81300000,0.82000000,2014203.20000000
1687737600000,0.82100000,0.82700000,0.78700000,0.79700000,1792122.90000000
1687824000000,0.79800000,0.81000000,0.79200000,0.80600000,1491346.50000000
1687910400000,0.80600000,0.80600000,0.73500000,0.76100000,1593091.10000000
1687996800000,0.76100000,0.78100000,0.75500000,0.76900000,1236618.70000000
1688083200000,0.76900000,0.82800000,0.75900000,0.80600000,2847237.70000000
1688169600000,0.80700000,0.83300000,0.79700000,0.82700000,2100064.80000000
1688256000000,0.82700000,0.83700000,0.80600000,0.83600000,1265609.10000000
1688342400000,0.83600000,0.87000000,0.83000000,0.85000000,3498645.00000000
1688428800000,0.85000000,0.87000000,0.81800000,0.82600000,2004817.90000000
1688515200000,0.82600000,0.84100000,0.79500000,0.80600000,1816820.70000000
1688601600000,0.80500000,0.82900000,0.77400000,0.77900000,1308692.10000000
1688688000000,0.78000000,0.79900000,0.77200000,0.79500000,1198593.50000000
1688774400000,0.79500000,0.81600000,0.78900000,0.81500000,965619.10000000
1688860800000,0.81600000,0.82500000,0.80700000,0.81200000,749601.40000000
1688947200000,0.81300000,0.83100000,0.79600000,0.81400000,1337526.50000000
1689033600000,0.81400000,0.83700000,0.80900000,0.82900000,1424490.00000000
1689120000000,0.82900000,0.84500000,0.81500000,0.82300000,1326283.50000000
1689206400000,0.82400000,0.91200000,0.81800000,0.90600000,3354698.70000000
1689292800000,0.90600000,0.93900000,0.84900000,0.87700000,2868643.90000000
1689379200000,0.87700000,0.90000000,0.86900000,0.88100000,1330696.20000000
1689465600000,0.88200000,0.88400000,0.85500000,0.85900000,1173763.40000000
1689552000000,0.86000000,0.88800000,0.84100000,0.86300000,2409243.40000000
1689638400000,0.86300000,0.87000000,0.81800000,0.82500000,2038993.40000000
1689724800000,0.82500000,0.85200000,0.82100000,0.83900000,1605953.30000000
1689811200000,0.83900000,0.93000000,0.83800000,0.86600000,8795360.30000000
1689897600000,0.86600000,0.86600000,0.84000000,0.85000000,2192313.50000000
1689984000000,0.85000000,0.85800000,0.83000000,0.83900000,1318038.60000000
1690070400000,0.83800000,0.88600000,0.83300000,0.87400000,1900878.70000000
1690156800000,0.87500000,0.89300000,0.79400000,0.81100000,4399848.80000000
1690243200000,0.81000000,0.81600000,0.80200000,0.81200000,1331073.80000000
1690329600000,0.81200000,0.82400000,0.80200000,0.81500000,1421131.60000000
1690416000000,0.81400000,0.82800000,0.79900000,0.81000000,1508669.00000000
1690502400000,0.81000000,0.83100000,0.80700000,0.82800000,1295454.60000000
1690588800000,0.82800000,0.84400000,0.82700000,0.84200000,943694.30000000
1690675200000,0.84100000,0.84600000,0.81300000,0.83600000,1365028.80000000
1690761600000,0.83600000,0.84900000,0.81700000,0.82500000,1235597.20000000
1690848000000,0.82500000,0.84200000,0.79300000,0.84100000,1532310.20000000
1690934400000,0.84200000,0.85800000,0.83000000,0.83500000,2406915.90000000
1691020800000,0.83500000,0.84600000,0.81100000,0.81700000,1763981.40000000
1691107200000,0.81600000,0.81900000,0.79800000,0.81000000,1411684.70000000
1691193600000,0.80900000,0.81200000,0.79900000,0.80900000,1043514.40000000
1691280000000,0.80800000,0.81600000,0.80100000,0.80400000,1235886.30000000
1691366400000,0.80400000,0.81200000,0.77300000,0.79300000,1500913.80000000
1691452800000,0.79400000,0.80900000,0.78900000,0.80000000,859010.20000000
1691539200000,0.80000000,0.80800000,0.78600000,0.79500000,993388.10000000
1691625600000,0.79400000,0.79800000,0.78300000,0.79000000,897041.00000000
1691712000000,0.79000000,0.80000000,0.78500000,0.79500000,864698.50000000
1691798400000,0.79500000,0.80700000,0.78900000,0.79300000,1345383.40000000
1691884800000,0.79400000,0.80300000,0.78900000,0.79300000,1123542.20000000
1691971200000,0.79300000,0.81000000,0.78700000,0.79900000,1308459.20000000
1692057600000,0.79900000,0.80000000,0.73100000,0.76400000,1919071.00000000
1692144000000,0.76300000,0.76800000,0.71800000,0.73200000,2634931.80000000
1692230400000,0.73300000,0.73700000,0.61900000,0.68200000,3232021.40000000
1692316800000,0.68200000,0.70600000,0.68100000,0.70100000,1949568.90000000
1692403200000,0.70100000,0.71400000,0.69400000,0.71000000,695335.00000000
1692489600000,0.71000000,0.71500000,0.70000000,0.71100000,979414.70000000
1692576000000,0.71100000,0.72900000,0.67600000,0.69800000,1981079.40000000
1692662400000,0.69800000,0.70100000,0.66400000,0.69100000,1438462.20000000
1692748800000,0.69100000,0.71400000,0.68900000,0.70700000,800911.90000000
1692835200000,0.70800000,0.71100000,0.68900000,0.69400000,1015995.20000000
1692921600000,0.69300000,0.70100000,0.67800000,0.69700000,1021824.90000000
1693008000000,0.69700000,0.71600000,0.67900000,0.68100000,11081495.00000000
1693094400000,0.68200000,0.70000000,0.67900000,0.70000000,1091382.60000000
1693180800000,0.69900000,0.71000000,0.69000000,0.70700000,1293345.90000000
1693267200000,0.70600000,0.74100000,0.68800000,0.73000000,2517603.10000000
1693353600000,0.73100000,0.73200000,0.70900000,0.71400000,762165.60000000
1693440000000,0.71500000,0.72000000,0.67700000,0.68600000,1296168.30000000
1693526400000,0.68600000,0.69000000,0.66700000,0.68200000,1100892.00000000
1693612800000,0.68200000,0.69200000,0.67900000,0.68900000,634864.70000000
1693699200000,0.68900000,0.69900000,0.68300000,0.68800000,670332.10000000
1693785600000,0.68800000,0.70100000,0.68700000,0.69700000,792400.20000000
1693872000000,0.69700000,0.71200000,0.68600000,0.69900000,1868584.30000000
1693958400000,0.69800000,0.70400000,0.68200000,0.69300000,958329.80000000
1694044800000,0.69200000,0.70000000,0.68200000,0.69700000,1070527.80000000
1694131200000,0.69700000,0.70300000,0.68400000,0.69500000,872021.90000000
1694217600000,0.69500000,0.69800000,0.68900000,0.69700000,558102.00000000
1694304000000,0.69700000,0.69700000,0.66500000,0.67600000,3111249.50000000
1694390400000,0.67500000,0.67800000,0.63800000,0.64100000,3342857.90000000
1694476800000,0.64100000,0.66800000,0.63300000,0.63500000,3668007.40000000
1694563200000,0.63600000,0.65400000,0.62900000,0.64500000,1421123.30000000
1694649600000,0.64400000,0.65600000,0.63700000,0.65600000,1256264.20000000
1694736000000,0.65600000,0.67900000,0.65200000,0.67600000,1035271.00000000
1694822400000,0.67600000,0.70100000,0.67400000,0.68200000,2196661.90000000
1694908800000,0.68200000,0.68800000,0.64900000,0.65900000,2442571.20000000
1694995200000,0.65900000,0.68200000,0.65500000,0.67000000,1139791.20000000
1695081600000,0.67100000,0.68200000,0.66800000,0.67900000,678523.10000000
1695168000000,0.68000000,0.68600000,0.66600000,0.67600000,870609.70000000
1695254400000,0.67500000,0.68200000,0.65400000,0.65800000,862216.90000000
1695340800000,0.65800000,0.66800000,0.65300000,0.66800000,1048321.90000000
1695427200000,0.66700000,0.67200000,0.65600000,0.66600000,950575.70000000
1695513600000,0.66500000,0.66700000,0.64800000,0.65000000,875618.60000000
1695600000000,0.65000000,0.67200000,0.64100000,0.65900000,2373810.20000000
1695686400000,0.65900000,0.66200000,0.64800000,0.65600000,758191.70000000
1695772800000,0.65600000,0.66700000,0.64600000,0.65300000,1022315.00000000
1695859200000,0.65300000,0.66900000,0.65100000,0.66700000,1781174.90000000
1695945600000,0.66800000,0.68200000,0.66500000,0.68000000,2185310.90000000
1696032000000,0.68100000,0.68700000,0.67800000,0.68200000,852056.30000000
1696118400000,0.68200000,0.71000000,0.68000000,0.70600000,1343061.80000000
1696204800000,0.70600000,0.71300000,0.67000000,0.67700000,4364853.20000000
1696291200000,0.67700000,0.68900000,0.66800000,0.67100000,1390531.00000000
1696377600000,0.67100000,0.68400000,0.65300000,0.68100000,2371182.70000000
1696464000000,0.68100000,0.68600000,0.66700000,0.66800000,1134195.00000000
1696550400000,0.66800000,0.68100000,0.66200000,0.68000000,1090175.30000000
1696636800000,0.67900000,0.68600000,0.67000000,0.67600000,1587132.00000000
1696723200000,0.67600000,0.68000000,0.67100000,0.67600000,829019.20000000
1696809600000,0.67600000,0.67900000,0.63500000,0.64800000,2458420.50000000
1696896000000,0.64900000,0.74600000,0.64700000,0.69000000,24480035.00000000
1696982400000,0.68900000,0.68900000,0.65200000,0.65600000,7165992.90000000
1697068800000,0.65700000,0.65800000,0.63300000,0.64200000,5151298.80000000
1697155200000,0.64300000,0.66200000,0.64200000,0.65200000,2903565.50000000
1697241600000,0.65200000,0.66900000,0.64800000,0.65700000,5680166.40000000
1697328000000,0.65600000,0.66100000,0.64700000,0.65300000,2179672.80000000
1697414400000,0.65300000,0.67800000,0.65000000,0.65800000,3442412.20000000
1697500800000,0.65900000,0.66100000,0.63600000,0.65100000,1465234.70000000
1697587200000,0.65000000,0.65600000,0.62700000,0.63000000,2839481.10000000
1697673600000,0.63000000,0.63300000,0.61600000,0.62500000,2999941.50000000
1697760000000,0.62500000,0.65200000,0.62500000,0.64500000,2344559.50000000
1697846400000,0.64600000,0.67100000,0.64300000,0.67000000,2040173.00000000
1697932800000,0.66900000,0.68500000,0.65400000,0.67500000,3661880.30000000
1698019200000,0.67500000,0.71200000,0.66700000,0.70600000,4620087.80000000
1698105600000,0.70800000,0.72500000,0.68600000,0.71100000,4853283.80000000
1698192000000,0.71000000,0.72500000,0.69300000,0.71300000,3636967.40000000
1698278400000,0.71300000,0.73100000,0.68700000,0.71100000,3698453.50000000
1698364800000,0.71100000,0.71400000,0.68800000,0.70800000,2837221.80000000
1698451200000,0.70800000,0.73700000,0.70800000,0.73100000,2648927.90000000
1698537600000,0.73100000,0.75300000,0.71700000,0.74500000,2628565.70000000
1698624000000,0.74500000,0.76200000,0.73100000,0.75300000,3312666.80000000
1698710400000,0.75200000,0.76300000,0.71700000,0.75600000,3977022.20000000
1698796800000,0.75500000,0.79500000,0.73900000,0.78600000,4782892.90000000
1698883200000,0.78700000,0.80500000,0.77100000,0.80000000,4220898.40000000
1698969600000,0.79900000,0.79900000,0.76500000,0.78200000,3106211.40000000
1699056000000,0.78200000,0.79000000,0.76800000,0.79000000,1654005.80000000
1699142400000,0.79000000,0.89000000,0.78400000,0.80900000,5287893.10000000
1699228800000,0.80900000,0.83300000,0.79300000,0.83300000,4322919.20000000
1699315200000,0.83200000,0.85100000,0.81100000,0.83700000,5496024.00000000
1699401600000,0.83700000,0.92000000,0.83700000,0.86900000,8263851.90000000
1699488000000,0.86800000,0.88900000,0.75400000,0.85200000,6630994.30000000
1699574400000,0.85200000,0.90000000,0.84100000,0.89700000,5076799.00000000
1699660800000,0.89800000,0.91800000,0.86000000,0.91300000,3857368.30000000
1699747200000,0.91300000,0.94100000,0.88700000,0.93100000,4618467.40000000
1699833600000,0.93100000,0.94700000,0.88300000,0.88700000,4959642.80000000
1699920000000,0.88700000,0.96200000,0.81400000,0.85200000,9485001.80000000
1700006400000,0.85200000,0.88800000,0.83900000,0.88800000,3622546.20000000
1700092800000,0.88800000,0.90200000,0.82900000,0.83600000,4511665.50000000
1700179200000,0.83600000,0.88500000,0.81100000,0.85200000,3602785.00000000
1700265600000,0.85200000,0.85200000,0.80400000,0.83900000,2181471.60000000
1700352000000,0.84000000,0.86200000,0.82100000,0.85900000,1607795.20000000
1700438400000,0.86000000,0.86700000,0.83400000,0.84200000,2051038.90000000
1700524800000,0.84200000,0.85100000,0.76200000,0.76600000,5404650.20000000
1700611200000,0.76500000,0.81100000,0.76200000,0.80800000,4798858.50000000
1700697600000,0.80800000,0.81800000,0.79700000,0.81300000,3183903.10000000
1700784000000,0.81300000,0.82800000,0.81000000,0.82300000,3021506.60000000
1700870400000,0.82300000,0.85200000,0.81700000,0.84600000,2311004.30000000
1700956800000,0.84700000,0.84900000,0.81600000,0.84100000,3437312.40000000
1701043200000,0.84100000,0.84500000,0.78600000,0.80800000,2484936.00000000
1701129600000,0.80800000,0.82300000,0.78500000,0.81300000,3047981.80000000
1701216000000,0.81400000,0.84500000,0.81100000,0.82400000,3430163.50000000
1701302400000,0.82500000,0.83400000,0.81100000,0.83300000,2100456.80000000
1701388800000,0.83300000,0.84600000,0.82500000,0.84400000,1725776.10000000
1701475200000,0.84300000,0.87300000,0.84100000,0.87000000,2512008.40000000
1701561600000,0.87000000,0.87200000,0.83700000,0.85300000,2901474.60000000
1701648000000,0.85400000,0.88000000,0.83800000,0.87600000,4175147.90000000
1701734400000,0.87700000,0.89600000,0.85400000,0.89400000,5338701.60000000
1701820800000,0.89500000,0.90500000,0.86400000,0.88100000,4044275.70000000
1701907200000,0.88100000,0.92500000,0.87900000,0.90700000,4813564.20000000
1701993600000,0.90700000,0.94600000,0.90200000,0.94500000,2715674.40000000
1702080000000,0.94500000,0.99800000,0.94500000,0.97400000,5230954.30000000
1702166400000,0.97400000,0.98800000,0.94100000,0.96300000,2532301.30000000
1702252800000,0.96300000,0.96800000,0.81200000,0.87300000,5350183.10000000
1702339200000,0.87300000,0.93100000,0.87100000,0.93000000,3985057.20000000
1702425600000,0.93000000,0.93500000,0.86900000,0.91900000,4894918.70000000
1702512000000,0.92000000,0.98000000,0.90500000,0.97900000,4396442.70000000
1702598400000,0.97800000,0.98000000,0.91000000,0.91500000,3566525.60000000
1702684800000,0.91600000,0.95100000,0.90200000,0.94400000,2559442.60000000
1702771200000,0.94400000,0.94600000,0.90400000,0.91000000,2138756.70000000
1702857600000,0.91000000,0.91600000,0.83700000,0.89300000,3956092.70000000
1702944000000,0.89300000,0.91300000,0.85900000,0.86400000,5640525.20000000
1703030400000,0.86300000,0.90700000,0.85700000,0.88300000,3448050.30000000
1703116800000,0.88400000,0.93800000,0.88100000,0.92800000,3702721.40000000
1703203200000,0.92800000,1.01600000,0.92400000,0.99100000,11382986.30000000
1703289600000,0.99100000,1.04400000,0.95000000,0.98800000,6985594.10000000
1703376000000,0.98800000,1.01100000,0.96600000,0.98000000,6818674.40000000
1703462400000,0.98100000,1.04800000,0.97400000,1.04100000,7229501.10000000
1703548800000,1.04100000,1.06900000,0.97000000,1.04800000,9601559.50000000
1703635200000,1.04900000,1.13600000,1.01700000,1.11200000,10812325.80000000
1703721600000,1.11300000,1.13000000,1.03700000,1.05300000,6692009.20000000
1703808000000,1.05300000,1.07000000,1.00300000,1.03000000,4856696.50000000
1703894400000,1.03000000,1.05700000,1.00800000,1.01800000,3655089.40000000
1703980800000,1.01900000,1.04200000,0.98900000,1.00800000,2468417.60000000
1704067200000,1.00900000,1.11400000,1.00800000,1.10100000,8392109.60000000
1704153600000,1.10200000,1.19500000,1.05000000,1.06600000,5339234.40000000
1704240000000,1.06600000,1.12400000,0.85200000,0.97700000,10769752.50000000
1704326400000,0.97600000,0.98700000,0.95000000,0.97500000,4528575.70000000
1704412800000,0.97500000,0.98300000,0.90100000,0.94000000,6125544.90000000
1704499200000,0.94000000,0.94100000,0.88500000,0.92200000,2530225.80000000
1704585600000,0.92200000,0.94000000,0.86400000,0.87300000,2743362.40000000
1704672000000,0.87300000,0.94500000,0.81500000,0.93700000,4805440.20000000
1704758400000,0.93800000,0.94200000,0.86100000,0.89100000,3704989.20000000
1704844800000,0.89100000,0.96900000,0.85000000,0.94400000,4823991.10000000
1704931200000,0.94400000,1.21000000,0.93900000,1.08400000,22538761.20000000
1705017600000,1.08400000,1.12200000,0.98700000,1.02700000,12689823.40000000
1705104000000,1.02800000,1.11800000,0.99500000,1.08000000,4368188.70000000
1705190400000,1.08000000,1.19100000,1.05700000,1.11300000,13019732.60000000
1705276800000,1.11400000,1.24800000,1.11200000,1.16400000,12672490.70000000
1705363200000,1.16400000,1.19700000,1.10600000,1.12800000,5284644.50000000
1705449600000,1.12800000,1.14400000,1.07100000,1.10000000,3057867.90000000
1705536000000,1.09900000,1.10500000,1.01700000,1.04300000,3732236.20000000
1705622400000,1.04400000,1.04700000,0.96700000,1.02200000,3445168.10000000
1705708800000,1.02100000,1.04500000,1.00900000,1.03500000,1684611.10000000
1705795200000,1.03500000,1.04900000,1.01900000,1.02100000,1311019.30000000
1705881600000,1.02200000,1.03100000,0.94500000,0.95800000,3460984.10000000
1705968000000,0.95900000,0.97900000,0.89800000,0.94100000,3751493.00000000
1706054400000,0.94100000,0.97300000,0.93300000,0.95200000,3366132.50000000
1706140800000,0.95200000,0.95400000,0.91200000,0.93400000,2435508.80000000
1706227200000,0.93500000,0.97400000,0.92400000,0.97200000,2378720.90000000
1706313600000,0.97300000,1.00500000,0.96700000,1.00400000,1695690.40000000
1706400000000,1.00400000,1.01500000,0.96600000,0.97800000,3216461.70000000
1706486400000,0.97800000,1.01000000,0.96200000,1.01000000,2535551.30000000
1706572800000,1.00900000,1.03400000,0.97600000,0.98200000,5533765.10000000
1706659200000,0.98100000,0.99100000,0.95200000,0.96800000,4419452.00000000
1706745600000,0.96700000,0.98600000,0.93900000,0.98400000,3553503.50000000
1706832000000,0.98400000,1.02600000,0.98100000,1.01800000,3565776.40000000
1706918400000,1.01900000,1.03700000,0.98900000,0.99800000,2765268.80000000
1707004800000,0.99700000,0.99700000,0.95700000,0.95900000,1641249.30000000
1707091200000,0.95800000,0.99000000,0.94400000,0.96700000,1822700.70000000
1707177600000,0.96600000,0.99000000,0.96400000,0.97900000,1969792.10000000
1707264000000,0.98000000,1.01000000,0.96400000,1.00600000,2031958.90000000
1707350400000,1.00600000,1.01600000,0.99400000,1.01400000,1929307.80000000
1707436800000,1.01500000,1.05000000,1.01100000,1.03800000,2953065.70000000
1707523200000,1.03800000,1.04900000,1.01900000,1.04000000,2133677.50000000
1707609600000,1.04000000,1.05000000,1.02500000,1.03200000,1405436.50000000
1707696000000,1.03200000,1.05400000,1.00900000,1.04700000,2153174.00000000
1707782400000,1.04700000,1.05900000,1.01700000,1.04400000,2581700.80000000
1707868800000,1.04300000,1.07200000,1.02900000,1.06900000,2567459.70000000
1707955200000,1.07000000,1.09900000,1.05500000,1.07800000,5443295.10000000
1708041600000,1.07900000,1.09500000,1.04200000,1.08000000,4586785.70000000
1708128000000,1.08000000,1.08800000,1.03200000,1.06200000,2824060.90000000
1708214400000,1.06200000,1.08400000,1.05900000,1.07500000,1987450.80000000
1708300800000,1.07500000,1.10000000,1.06800000,1.09500000,3297823.70000000
1708387200000,1.09500000,1.15000000,1.04700000,1.10700000,8463973.40000000
1708473600000,1.10800000,1.11300000,1.04200000,1.08600000,5883804.10000000
1708560000000,1.08700000,1.14200000,1.06000000,1.10900000,5476623.90000000
1708646400000,1.10900000,1.11700000,1.06300000,1.08800000,4797339.30000000
1708732800000,1.08700000,1.13000000,1.05100000,1.12700000,3848942.90000000
1708819200000,1.12800000,1.13400000,1.10300000,1.11700000,1940787.70000000
1708905600000,1.11700000,1.14900000,1.08400000,1.14300000,4192926.70000000
1708992000000,1.14200000,1.16500000,1.11100000,1.14100000,5275784.40000000
1709078400000,1.14100000,1.22100000,1.12500000,1.19900000,10448863.00000000
1709164800000,1.19900000,1.38000000,1.19000000,1.23700000,13389064.80000000
1709251200000,1.23700000,1.28400000,1.22100000,1.28300000,3604950.20000000
1709337600000,1.28300000,1.43300000,1.24900000,1.42400000,6449949.20000000
1709424000000,1.42400000,1.42400000,1.28100000,1.37200000,6722116.90000000
1709510400000,1.37300000,1.48600000,1.35100000,1.41900000,8945225.30000000
1709596800000,1.41900000,1.50200000,1.15200000,1.30500000,18798691.60000000
1709683200000,1.30500000,1.40200000,1.26100000,1.40100000,8971506.00000000
1709769600000,1.40200000,1.52300000,1.39300000,1.47900000,12734025.50000000
1709856000000,1.48000000,1.49400000,1.34500000,1.43900000,8785276.50000000
1709942400000,1.43900000,1.45800000,1.41900000,1.44000000,4012788.40000000
1710028800000,1.44000000,1.46000000,1.38100000,1.42300000,5529200.60000000
1710115200000,1.42200000,1.53400000,1.34100000,1.52500000,9836930.50000000
1710201600000,1.52600000,1.58700000,1.41100000,1.55800000,14700153.30000000
1710288000000,1.55800000,1.60000000,1.47500000,1.53900000,8380198.70000000
1710374400000,1.53900000,1.54100000,1.40400000,1.49000000,8689483.30000000
1710460800000,1.49000000,1.50400000,1.28400000,1.39700000,9728296.40000000
1710547200000,1.39800000,1.43200000,1.26300000,1.29100000,8073953.40000000
1710633600000,1.29100000,1.35700000,1.23200000,1.34200000,4175910.80000000
1710720000000,1.34100000,1.35900000,1.24800000,1.27000000,4617017.50000000
1710806400000,1.27000000,1.28500000,1.11700000,1.14300000,8601519.30000000
1710892800000,1.14200000,1.26700000,1.10100000,1.26200000,6696693.20000000
1710979200000,1.26100000,1.28000000,1.21800000,1.24500000,4537994.20000000
1711065600000,1.24500000,1.26600000,1.18200000,1.22800000,4507218.80000000
1711152000000,1.22800000,1.27500000,1.21400000,1.23800000,3961391.30000000
1711238400000,1.23700000,1.30000000,1.23500000,1.29400000,3157746.80000000
1711324800000,1.29400000,1.36500000,1.28400000,1.34900000,5923559.20000000
1711411200000,1.34900000,1.38400000,1.32700000,1.37800000,6429913.30000000
1711497600000,1.37900000,1.45500000,1.32900000,1.39300000,13399867.10000000
1711584000000,1.39200000,1.41800000,1.33800000,1.41300000,6578000.40000000
1711670400000,1.41400000,1.44600000,1.39000000,1.41900000,5783668.00000000
1711756800000,1.41900000,1.42400000,1.36100000,1.36900000,3310451.10000000
1711843200000,1.37000000,1.41000000,1.36300000,1.40100000,2814324.40000000
1711929600000,1.40000000,1.41400000,1.31200000,1.35000000,6568334.30000000
1712016000000,1.34900000,1.35000000,1.21500000,1.23200000,5430344.40000000
1712102400000,1.23200000,1.26200000,1.18900000,1.21600000,3477527.50000000
1712188800000,1.21500000,1.29600000,1.19000000,1.26900000,2128590.70000000
1712275200000,1.26900000,1.27400000,1.20100000,1.25000000,2621992.10000000
1712361600000,1.24900000,1.27300000,1.24500000,1.26400000,1812057.80000000
1712448000000,1.26400000,1.28100000,1.25300000,1.27100000,1627150.60000000
1712534400000,1.27000000,1.33200000,1.24500000,1.32700000,2675652.20000000
1712620800000,1.32800000,1.33700000,1.26200000,1.26600000,3612328.00000000
1712707200000,1.26500000,1.28100000,1.20400000,1.27600000,3335846.90000000
1712793600000,1.27600000,1.33800000,1.25800000,1.28300000,4303828.20000000
1712880000000,1.28300000,1.30200000,0.96000000,1.10100000,8174415.80000000
1712966400000,1.10000000,1.11600000,0.87000000,0.98700000,12642018.30000000
1713052800000,0.98600000,1.05800000,0.94700000,1.04800000,6472798.80000000
1713139200000,1.04700000,1.11800000,0.96500000,0.99800000,7782133.00000000
1713225600000,0.99800000,1.03300000,0.96000000,1.00200000,7647371.90000000
1713312000000,1.00200000,1.00900000,0.92600000,0.94600000,6010239.60000000
1713398400000,0.94500000,0.98400000,0.92000000,0.97400000,4715374.00000000
1713484800000,0.97400000,0.99800000,0.89700000,0.98400000,6267858.50000000
1713571200000,0.98400000,1.08700000,0.97100000,1.08100000,4386952.70000000
1713657600000,1.08000000,1.08400000,1.02500000,1.04100000,3229308.20000000
1713744000000,1.04100000,1.07300000,1.03100000,1.06300000,2901251.90000000
1713830400000,1.06200000,1.07200000,1.04000000,1.05000000,3269410.20000000
1713916800000,1.04900000,1.10400000,0.99900000,1.00900000,5048849.10000000
1714003200000,1.01000000,1.03400000,0.98800000,1.01400000,3141801.30000000
1714089600000,1.01500000,1.02300000,0.98600000,0.99900000,4661539.40000000
1714176000000,1.00000000,1.02100000,0.96100000,1.00700000,4882634.80000000
1714262400000,1.00700000,1.02500000,0.99100000,0.99600000,3151455.40000000
1714348800000,0.99500000,1.07900000,0.96300000,0.98500000,4116559.90000000
1714435200000,0.98500000,0.99300000,0.88200000,0.91500000,6614090.60000000
1714521600000,0.91500000,0.93300000,0.87000000,0.92500000,5524025.50000000
1714608000000,0.92500000,0.94800000,0.89700000,0.93700000,3454461.20000000
1714694400000,0.93700000,0.98400000,0.92500000,0.97600000,4287708.10000000
1714780800000,0.97500000,0.98200000,0.96300000,0.96600000,3257429.40000000
1714867200000,0.96600000,0.98100000,0.94700000,0.96500000,2335794.90000000
1714953600000,0.96500000,0.99100000,0.93500000,0.94000000,4654629.40000000
1715040000000,0.94000000,0.95200000,0.91900000,0.92300000,4578081.90000000
1715126400000,0.92300000,0.94900000,0.91000000,0.92100000,4276703.80000000
1715212800000,0.92100000,0.94500000,0.90200000,0.94000000,2830494.50000000
1715299200000,0.93900000,0.96700000,0.89500000,0.91000000,4869797.80000000
1715385600000,0.90900000,0.92600000,0.90500000,0.90800000,3460786.20000000
1715472000000,0.90700000,0.91100000,0.88400000,0.88900000,2172778.00000000
1715558400000,0.88900000,0.91400000,0.85900000,0.88500000,5493536.20000000
1715644800000,0.88500000,0.89800000,0.86600000,0.87000000,11048681.00000000
1715731200000,0.87000000,0.92100000,0.85800000,0.91600000,6407299.40000000
1715817600000,0.91700000,0.93000000,0.90000000,0.92400000,6558077.00000000
1715904000000,0.92400000,0.95500000,0.91700000,0.94100000,5074479.90000000
1715990400000,0.94100000,0.95300000,0.93000000,0.94600000,3588038.80000000
1716076800000,0.94700000,0.95400000,0.90200000,0.91000000,2680849.40000000
1716163200000,0.91100000,0.98700000,0.89800000,0.98600000,8387467.80000000
1716249600000,0.98600000,1.01200000,0.97900000,0.98900000,7547613.80000000
1716336000000,0.99000000,1.00100000,0.95500000,0.96700000,7957957.40000000
1716422400000,0.96800000,0.99100000,0.90400000,0.94600000,11639837.20000000
1716508800000,0.94600000,0.98600000,0.92800000,0.98400000,7633963.00000000
1716595200000,0.98400000,1.00600000,0.97500000,0.99600000,3603126.70000000
1716681600000,0.99500000,0.99600000,0.95300000,0.96000000,4938016.80000000
1716768000000,0.95900000,1.01000000,0.94900000,0.99600000,6743091.70000000
1716854400000,0.99600000,0.99700000,0.95700000,0.97200000,11103279.30000000
1716940800000,0.97300000,0.99300000,0.94500000,0.94700000,7393728.70000000
1717027200000,0.94700000,0.97900000,0.92600000,0.95900000,4892308.70000000
1717113600000,0.95800000,0.97100000,0.93500000,0.95900000,4002536.80000000
1717200000000,0.95900000,0.96000000,0.93800000,0.93900000,1836534.20000000
1717286400000,0.93900000,0.95000000,0.91900000,0.92500000,2883866.60000000
1717372800000,0.92500000,0.94900000,0.91700000,0.92800000,3811540.50000000
1717459200000,0.92700000,0.95000000,0.91300000,0.94900000,3586186.00000000
1717545600000,0.94800000,0.96000000,0.94300000,0.95700000,3101301.70000000
1717632000000,0.95700000,0.96000000,0.92900000,0.93800000,1591743.40000000
1717718400000,0.93700000,0.95300000,0.79700000,0.87400000,7412624.60000000
1717804800000,0.87400000,0.87900000,0.82400000,0.82900000,7977369.10000000
1717891200000,0.82900000,0.85500000,0.82700000,0.85100000,5825097.50000000
1717977600000,0.85100000,0.86600000,0.83500000,0.84700000,11385714.40000000
1718064000000,0.84700000,0.85600000,0.79300000,0.81500000,11365234.50000000
1718150400000,0.81500000,0.86200000,0.79700000,0.84800000,8310260.40000000
1718236800000,0.84800000,0.85400000,0.80700000,0.81500000,4289675.00000000
1718323200000,0.81500000,0.85000000,0.79700000,0.81400000,4251959.70000000
1718409600000,0.81400000,0.82400000,0.80800000,0.81700000,2280154.90000000
1718496000000,0.81700000,0.82100000,0.80500000,0.81700000,2167309.70000000
1718582400000,0.81800000,0.82200000,0.74000000,0.76200000,4534452.70000000
1718668800000,0.76100000,0.76300000,0.67800000,0.75200000,9627201.60000000
1718755200000,0.75200000,0.78500000,0.74800000,0.77600000,5497987.30000000
1718841600000,0.77600000,0.80100000,0.77100000,0.77900000,2173883.20000000
1718928000000,0.77800000,0.79600000,0.76600000,0.77900000,6647168.40000000
1719014400000,0.77800000,0.78300000,0.76900000,0.77300000,938634.70000000
1719100800000,0.77200000,0.78300000,0.76500000,0.77400000,2172837.60000000
1719187200000,0.77400000,0.78200000,0.73100000,0.77600000,10260860.20000000
1719273600000,0.77600000,0.80500000,0.77300000,0.79400000,3991317.50000000
1719360000000,0.79300000,0.80200000,0.76900000,0.77200000,2396441.40000000
1719446400000,0.77200000,0.79300000,0.75800000,0.77600000,2917330.80000000
1719532800000,0.77600000,0.78200000,0.75700000,0.76000000,2229815.80000000
1719619200000,0.76000000,0.78800000,0.75900000,0.76900000,907985.10000000
1719705600000,0.76800000,0.79800000,0.75600000,0.79500000,3158884.80000000
1719792000000,0.79400000,0.80600000,0.78400000,0.78600000,2733575.50000000
1719878400000,0.78600000,0.80800000,0.78200000,0.80400000,3047355.30000000
1719964800000,0.80400000,0.80400000,0.75800000,0.76800000,3650379.30000000
1720051200000,0.76700000,0.77100000,0.67600000,0.68200000,4947330.30000000
1720137600000,0.68200000,0.74200000,0.61900000,0.72700000,7709762.20000000
1720224000000,0.72800000,0.75500000,0.71700000,0.74500000,3158394.90000000
1720310400000,0.74500000,0.75000000,0.68800000,0.69000000,3332275.10000000
1720396800000,0.69000000,0.73500000,0.66700000,0.71500000,3687366.50000000
1720483200000,0.71500000,0.75400000,0.70800000,0.75100000,3745219.50000000
1720569600000,0.75200000,0.76700000,0.73900000,0.74600000,706021.00000000
1720656000000,0.74600000,0.77600000,0.74000000,0.74900000,2888050.90000000
1720742400000,0.75000000,0.77100000,0.73600000,0.77100000,2975348.70000000
1720828800000,0.77000000,0.79600000,0.76800000,0.78600000,1235515.90000000
1720915200000,0.78500000,0.79600000,0.77500000,0.79200000,1510737.30000000
1721001600000,0.79200000,0.82300000,0.79000000,0.82200000,4456484.90000000
1721088000000,0.82300000,0.83100000,0.78600000,0.82200000,6561678.70000000
1721174400000,0.82300000,0.83700000,0.80400000,0.80400000,5252459.50000000
1721260800000,0.80500000,0.82400000,0.78300000,0.79900000,3344983.60000000
1721347200000,0.80000000,0.83000000,0.78600000,0.80900000,5420943.40000000
1721433600000,0.81000000,0.81500000,0.78900000,0.80500000,2827731.90000000
1721520000000,0.80500000,0.81100000,0.76700000,0.80600000,1654532.60000000
1721606400000,0.80500000,0.81100000,0.76700000,0.77100000,2411212.70000000
1721692800000,0.77200000,0.78800000,0.74300000,0.76000000,4677688.30000000
1721779200000,0.75900000,0.77500000,0.73800000,0.74400000,2989848.60000000
1721865600000,0.74400000,0.74900000,0.71600000,0.74500000,3601479.30000000
1721952000000,0.74300000,0.78100000,0.74300000,0.77900000,2482546.30000000
1722038400000,0.77900000,0.78900000,0.76400000,0.77700000,1403726.10000000
1722124800000,0.77700000,0.78200000,0.76300000,0.77400000,1892647.60000000
1722211200000,0.77400000,0.79800000,0.75200000,0.75600000,3531281.40000000
1722297600000,0.75600000,0.76900000,0.73900000,0.75300000,3123032.80000000
1722384000000,0.75200000,0.75800000,0.73000000,0.73200000,3653257.00000000
1722470400000,0.73200000,0.73800000,0.69000000,0.72700000,5758094.60000000
1722556800000,0.72700000,0.73000000,0.68000000,0.68900000,5235270.90000000
1722643200000,0.69000000,0.70800000,0.66400000,0.68500000,4607280.70000000
1722729600000,0.68500000,0.69500000,0.63700000,0.66200000,3174577.20000000
1722816000000,0.66200000,0.66500000,0.54100000,0.61400000,7024076.50000000
1722902400000,0.61400000,0.65800000,0.61400000,0.64400000,7917926.50000000
1722988800000,0.64500000,0.68300000,0.63100000,0.64000000,5233567.90000000
1723075200000,0.63900000,0.70800000,0.63100000,0.70500000,3570511.80000000
1723161600000,0.70400000,0.70600000,0.67700000,0.68700000,1904508.20000000
1723248000000,0.68700000,0.69300000,0.67400000,0.68700000,3297016.30000000
1723334400000,0.68700000,0.69500000,0.65000000,0.65300000,3097123.30000000
1723420800000,0.65300000,0.68700000,0.65100000,0.67700000,4772026.70000000
1723507200000,0.67700000,0.69700000,0.66200000,0.68300000,3473018.10000000
1723593600000,0.68400000,0.68700000,0.65200000,0.65500000,3751641.80000000
1723680000000,0.65400000,0.67000000,0.63200000,0.64400000,3889797.60000000
1723766400000,0.64400000,0.65700000,0.63000000,0.64900000,4479633.00000000
1723852800000,0.64900000,0.65800000,0.64200000,0.65700000,1510850.60000000
1723939200000,0.65600000,0.66900000,0.64600000,0.64700000,1547709.60000000
1724025600000,0.64700000,0.66200000,0.64400000,0.65900000,2030010.70000000
1724112000000,0.65900000,0.67800000,0.65000000,0.66500000,2515614.70000000
1724198400000,0.66500000,0.70400000,0.65900000,0.69400000,2025330.70000000
1724284800000,0.69300000,0.70500000,0.68400000,0.69600000,1479156.10000000
1724371200000,0.69600000,0.74700000,0.69300000,0.74200000,2477415.20000000
1724457600000,0.74200000,0.75600000,0.73200000,0.75000000,1219413.30000000
1724544000000,0.75000000,0.75100000,0.72100000,0.73800000,2233262.00000000
1724630400000,0.73900000,0.75100000,0.70400000,0.70600000,3208560.30000000
1724716800000,0.70600000,0.72200000,0.65800000,0.67600000,3176651.50000000
1724803200000,0.67500000,0.69000000,0.64800000,0.67000000,2811620.00000000
1724889600000,0.66900000,0.69100000,0.66200000,0.67200000,1997267.80000000
1724976000000,0.67200000,0.68200000,0.65000000,0.67300000,1308767.70000000
1725062400000,0.67400000,0.67800000,0.65400000,0.66000000,644069.80000000
1725148800000,0.65900000,0.66100000,0.62400000,0.63000000,855203.60000000
1725235200000,0.63100000,0.66100000,0.62800000,0.65600000,1725733.00000000
1725321600000,0.65600000,0.66500000,0.62200000,0.62400000,991116.60000000
1725408000000,0.62400000,0.65200000,0.59800000,0.64000000,1640745.20000000
1725494400000,0.63900000,0.64300000,0.61100000,0.61700000,1623220.10000000
1725580800000,0.61800000,0.63000000,0.57700000,0.59800000,2164995.00000000
1725667200000,0.59700000,0.61700000,0.59300000,0.60700000,973311.50000000
1725753600000,0.60700000,0.62400000,0.60300000,0.61800000,1404583.70000000
1725840000000,0.61900000,0.64800000,0.61600000,0.64300000,2004148.90000000
1725926400000,0.64300000,0.65100000,0.63300000,0.64500000,1529059.10000000
1726012800000,0.64500000,0.64500000,0.61700000,0.63100000,1283389.70000000
1726099200000,0.63200000,0.64700000,0.62800000,0.64500000,1178071.80000000
1726185600000,0.64500000,0.66100000,0.64200000,0.65700000,1481029.60000000
1726272000000,0.65700000,0.65800000,0.64300000,0.65000000,620193.00000000
1726358400000,0.65000000,0.65500000,0.62300000,0.62800000,818363.30000000
1726444800000,0.62800000,0.63700000,0.61800000,0.62800000,2288729.70000000
1726531200000,0.62800000,0.64500000,0.62200000,0.63700000,2055862.30000000
1726617600000,0.63700000,0.65200000,0.61700000,0.65000000,1356388.30000000
1726704000000,0.65000000,0.68500000,0.65000000,0.67900000,1219014.10000000
1726790400000,0.68100000,0.69800000,0.67300000,0.69300000,1989368.90000000
1726876800000,0.69300000,0.70800000,0.69100000,0.70500000,1827174.40000000
1726963200000,0.70600000,0.70600000,0.67300000,0.69200000,756066.10000000
1727049600000,0.69300000,0.71400000,0.68200000,0.69800000,3925470.40000000
1727136000000,0.69800000,0.71700000,0.68400000,0.71100000,1783907.80000000
1727222400000,0.71000000,0.71800000,0.69900000,0.70700000,1920729.10000000
1727308800000,0.70700000,0.74200000,0.69800000,0.74000000,1934226.80000000
1727395200000,0.73900000,0.75700000,0.73700000,0.75600000,1674840.40000000
1727481600000,0.75500000,0.76400000,0.73100000,0.74200000,945045.20000000
1727568000000,0.74100000,0.75800000,0.72800000,0.74600000,1048982.60000000
1727654400000,0.74500000,0.74700000,0.70000000,0.70500000,2067270.80000000
1727740800000,0.70500000,0.71900000,0.64200000,0.65900000,2274859.90000000
1727827200000,0.65800000,0.68000000,0.63500000,0.64400000,1975561.50000000
1727913600000,0.64300000,0.65100000,0.62100000,0.63800000,1847580.50000000
1728000000000,0.63900000,0.66100000,0.63400000,0.65700000,1157902.60000000
1728086400000,0.65700000,0.66800000,0.65100000,0.66400000,539263.60000000
1728172800000,0.66300000,0.67900000,0.66100000,0.67800000,699769.40000000
1728259200000,0.67800000,0.68700000,0.66100000,0.66200000,1612002.30000000
1728345600000,0.66300000,0.66900000,0.65000000,0.65500000,1623614.00000000
1728432000000,0.65500000,0.66300000,0.63500000,0.65000000,1592924.70000000
1728518400000,0.65000000,0.66000000,0.62900000,0.65000000,2534187.30000000
1728604800000,0.65100000,0.68400000,0.64900000,0.68300000,1709009.00000000
1728691200000,0.68400000,0.70400000,0.68300000,0.69300000,969279.20000000
1728777600000,0.69400000,0.69700000,0.67700000,0.68700000,958983.40000000
1728864000000,0.68900000,0.71300000,0.68300000,0.70700000,1710309.20000000
1728950400000,0.70800000,0.71500000,0.68000000,0.70100000,2815657.80000000
1729036800000,0.70200000,0.70400000,0.68600000,0.69200000,1697077.30000000
1729123200000,0.69100000,0.69700000,0.67000000,0.67700000,2412106.00000000
1729209600000,0.67800000,0.69500000,0.67400000,0.69400000,1486228.70000000
1729296000000,0.69400000,0.70300000,0.68600000,0.69400000,796581.60000000
1729382400000,0.69400000,0.71200000,0.68500000,0.71100000,1320510.10000000
1729468800000,0.71100000,0.71500000,0.68700000,0.69400000,2477580.90000000
1729555200000,0.69500000,0.70300000,0.67700000,0.68400000,2067421.10000000
1729641600000,0.68500000,0.68500000,0.64700000,0.66200000,1906272.60000000
1729728000000,0.66200000,0.67600000,0.66000000,0.66900000,1989999.20000000
1729814400000,0.66900000,0.67400000,0.61300000,0.62600000,4456533.00000000
1729900800000,0.62600000,0.63900000,0.61800000,0.63100000,3376537.20000000
1729987200000,0.63000000,0.64400000,0.62900000,0.63900000,912921.70000000
1730073600000,0.63800000,0.65500000,0.62800000,0.64800000,1294000.10000000
1730160000000,0.64800000,0.68000000,0.64800000,0.67800000,1751167.40000000
1730246400000,0.67800000,0.68000000,0.65900000,0.66100000,1487320.00000000
1730332800000,0.66200000,0.66500000,0.62700000,0.63000000,1642232.70000000
1730419200000,0.62900000,0.64200000,0.61600000,0.62800000,4041403.10000000
1730505600000,0.62800000,0.63600000,0.61500000,0.62300000,1413445.70000000
1730592000000,0.62400000,0.62500000,0.59400000,0.59900000,3261291.00000000
1730678400000,0.59900000,0.60700000,0.57800000,0.59300000,2779926.50000000
1730764800000,0.59200000,0.61700000,0.59100000,0.61500000,2342181.60000000
1730851200000,0.61500000,0.65900000,0.61400000,0.65200000,3352588.30000000
1730937600000,0.65300000,0.66400000,0.63800000,0.65700000,3265429.10000000
1731024000000,0.65700000,0.67300000,0.64200000,0.67100000,3810593.30000000
1731110400000,0.67100000,0.68900000,0.65800000,0.68700000,2552292.60000000
1731196800000,0.68800000,0.74400000,0.68200000,0.71900000,6799687.10000000
1731283200000,0.72000000,0.75500000,0.70200000,0.75200000,6127619.80000000
1731369600000,0.75200000,0.77100000,0.69200000,0.74000000,9362018.40000000
1731456000000,0.74000000,0.75200000,0.68800000,0.73200000,10178766.50000000
1731542400000,0.73300000,0.75600000,0.69500000,0.71000000,6044012.10000000
1731628800000,0.71100000,0.75100000,0.68500000,0.74800000,5296598.90000000
1731715200000,0.74900000,0.88700000,0.74500000,0.86900000,10420615.60000000
1731801600000,0.87000000,0.88200000,0.77300000,0.79300000,11779010.60000000
1731888000000,0.79400000,1.40000000,0.78200000,1.17700000,114325860.10000000
1731974400000,1.17700000,1.24400000,1.02200000,1.05300000,68478236.70000000
1732060800000,1.05400000,1.17400000,0.99700000,1.05800000,37276990.20000000
1732147200000,1.05800000,1.11600000,1.00800000,1.05700000,19423550.30000000
1732233600000,1.05700000,1.15200000,1.02800000,1.12700000,29046790.30000000
1732320000000,1.12700000,1.22600000,1.11000000,1.15100000,30176095.50000000
1732406400000,1.15000000,1.62000000,1.13800000,1.41200000,82239199.00000000
1732492800000,1.41200000,1.41400000,1.22400000,1.24400000,32583509.80000000
1732579200000,1.24400000,1.28900000,1.13400000,1.20000000,31418682.10000000
1732665600000,1.19900000,1.31300000,1.17000000,1.26900000,17155277.30000000
1732752000000,1.27000000,1.29200000,1.22500000,1.27900000,10815804.30000000
1732838400000,1.27800000,1.39600000,1.23600000,1.36800000,13360810.30000000
1732924800000,1.36900000,1.86500000,1.30800000,1.67100000,53275880.40000000
1733011200000,1.67100000,1.80100000,1.54600000,1.66300000,42386338.70000000
1733097600000,1.66300000,1.75100000,1.54400000,1.64100000,37072237.80000000
1733184000000,1.64100000,1.74800000,1.50000000,1.71600000,37306006.60000000
1733270400000,1.71700000,1.85500000,1.50000000,1.72100000,30916653.60000000
1733356800000,1.72000000,1.74500000,1.61500000,1.64800000,25494548.10000000
1733443200000,1.64800000,1.78700000,1.61300000,1.75500000,19068809.20000000
1733529600000,1.75500000,1.90900000,1.72400000,1.79200000,25591278.50000000
1733616000000,1.79300000,1.84600000,1.72100000,1.75400000,10717263.10000000
1733702400000,1.75500000,1.75500000,1.25100000,1.43700000,29627243.70000000
1733788800000,1.43700000,1.48000000,1.27100000,1.42000000,28628923.10000000
1733875200000,1.42000000,1.51500000,1.35800000,1.47800000,17232716.70000000
1733961600000,1.47800000,1.55400000,1.45100000,1.47800000,14350819.50000000
1734048000000,1.47800000,1.49700000,1.42900000,1.47600000,15063558.50000000
1734134400000,1.47600000,1.49400000,1.37700000,1.40800000,10489253.30000000
1734220800000,1.40900000,1.55700000,1.37000000,1.50400000,20423024.70000000
1734307200000,1.50500000,1.53900000,1.39900000,1.45800000,34273138.90000000
1734393600000,1.45900000,1.55400000,1.42700000,1.44600000,31196654.90000000
1734480000000,1.44800000,1.50800000,1.30500000,1.32900000,29482883.10000000
1734566400000,1.33000000,1.35500000,1.14900000,1.20200000,22969268.70000000
1734652800000,1.20400000,1.27800000,1.08100000,1.24800000,27124555.80000000
1734739200000,1.24800000,1.45700000,1.24100000,1.30000000,27546118.00000000
1734825600000,1.30000000,1.30000000,1.20300000,1.25300000,12836306.60000000
1734912000000,1.25400000,1.36500000,1.21700000,1.35700000,13160933.50000000
1734998400000,1.35600000,1.46200000,1.32200000,1.43100000,9867335.40000000
1735084800000,1.43100000,1.44800000,1.39200000,1.44300000,7570007.20000000
1735171200000,1.44300000,1.46100000,1.32600000,1.34800000,11233404.30000000
1735257600000,1.34900000,1.40100000,1.31000000,1.34300000,8480285.20000000
1735344000000,1.34300000,1.47000000,1.31800000,1.43000000,7396092.10000000
1735430400000,1.43100000,1.44200000,1.32800000,1.33900000,8266632.10000000
1735516800000,1.33900000,1.41200000,1.27200000,1.35400000,14543389.10000000
1735603200000,1.35400000,1.36900000,1.28000000,1.28600000,11991230.80000000
1735689600000,1.28600000,1.38700000,1.26300000,1.36700000,5874930.60000000
1735776000000,1.36600000,1.46500000,1.35300000,1.36800000,14022188.90000000
1735862400000,1.36800000,1.44400000,1.35000000,1.43700000,5047141.00000000
1735948800000,1.43700000,1.46600000,1.40100000,1.41800000,6164365.80000000
1736035200000,1.41800000,1.45300000,1.40000000,1.44800000,4983240.10000000
1736121600000,1.44700000,1.49100000,1.42200000,1.44900000,10863799.70000000
1736208000000,1.44800000,1.47200000,1.30600000,1.30800000,7126354.00000000
1736294400000,1.30900000,1.34400000,1.25900000,1.32500000,9823675.60000000
1736380800000,1.32500000,1.57900000,1.23700000,1.27400000,23069625.60000000
1736467200000,1.27600000,1.29500000,1.23100000,1.28400000,9348240.30000000
1736553600000,1.28500000,1.31000000,1.25500000,1.28000000,6021822.90000000
1736640000000,1.28300000,1.30400000,1.24300000,1.25700000,9750717.30000000
1736726400000,1.25700000,1.28800000,1.16200000,1.23600000,13970490.00000000
1736812800000,1.23600000,1.27800000,1.22500000,1.27200000,5753933.60000000
1736899200000,1.27200000,1.35400000,1.25400000,1.35000000,6844790.00000000
1736985600000,1.35000000,1.40300000,1.32400000,1.35400000,8661713.10000000
1737072000000,1.35500000,1.42700000,1.35500000,1.41800000,6278919.70000000
1737158400000,1.41900000,1.42800000,1.30600000,1.33000000,5077790.10000000
1737244800000,1.33000000,1.35900000,1.19600000,1.22000000,8719599.00000000
1737331200000,1.22000000,1.33300000,1.19000000,1.23900000,11194157.90000000
1737417600000,1.24000000,1.24900000,1.18200000,1.22300000,6439283.60000000
1737504000000,1.22300000,1.22800000,1.17400000,1.18100000,3487357.40000000
1737590400000,1.18000000,1.19900000,1.13600000,1.17100000,4698392.90000000
1737676800000,1.17100000,1.19900000,1.13500000,1.14400000,3305797.70000000
1737763200000,1.14400000,1.17500000,1.13000000,1.15400000,2016459.10000000
1737849600000,1.15400000,1.17600000,1.11700000,1.11700000,4251411.40000000
1737936000000,1.11600000,1.12400000,1.01100000,1.10100000,9564885.30000000
1738022400000,1.10000000,1.11200000,1.03800000,1.04600000,2515718.60000000
1738108800000,1.04600000,1.09200000,1.02800000,1.06100000,4181570.80000000
1738195200000,1.06100000,1.12100000,1.05300000,1.09100000,2556724.50000000
1738281600000,1.09200000,1.13600000,1.07200000,1.09400000,2958278.70000000
1738368000000,1.09400000,1.10400000,1.00000000,1.00700000,3351739.70000000
1738454400000,1.00600000,1.02600000,0.84500000,0.88800000,12233231.00000000
1738540800000,0.88700000,0.95100000,0.68300000,0.93800000,25925535.40000000
1738627200000,0.93900000,0.94900000,0.84200000,0.87800000,10321241.30000000
1738713600000,0.87800000,0.91200000,0.85400000,0.86400000,5548375.50000000
1738800000000,0.86400000,0.88400000,0.82100000,0.83200000,5940747.50000000
1738886400000,0.83300000,0.88000000,0.81200000,0.83900000,6636570.60000000
1738972800000,0.83800000,0.87900000,0.82600000,0.87700000,3283930.30000000
1739059200000,0.87800000,0.92200000,0.84600000,0.88100000,4008210.80000000
1739145600000,0.88000000,0.90100000,0.85200000,0.89200000,4204324.20000000
1739232000000,0.89200000,0.93000000,0.85600000,0.86400000,4721200.70000000
1739318400000,0.86400000,0.92400000,0.84400000,0.91900000,3942823.40000000
1739404800000,0.91900000,0.92500000,0.87400000,0.89900000,2235761.30000000
1739491200000,0.90000000,0.92900000,0.88800000,0.91400000,2751755.30000000
1739577600000,0.91400000,0.92600000,0.87700000,0.88600000,4110108.20000000
1739664000000,0.88600000,0.91000000,0.87200000,0.89800000,4205582.30000000
1739750400000,0.89800000,0.92300000,0.87500000,0.89100000,2390164.20000000
1739836800000,0.89100000,0.89600000,0.82500000,0.85400000,4098484.20000000
1739923200000,0.85400000,0.87700000,0.84100000,0.87300000,1995647.60000000
1740009600000,0.87200000,0.89900000,0.86300000,0.89600000,2216816.90000000
1740096000000,0.89600000,0.91900000,0.85300000,0.87200000,2857220.60000000
1740182400000,0.87200000,0.89900000,0.86900000,0.89400000,2424580.10000000
1740268800000,0.89400000,0.89600000,0.85900000,0.86500000,1478810.40000000
1740355200000,0.86600000,0.86700000,0.76300000,0.77400000,4670652.50000000
1740441600000,0.77400000,0.79300000,0.72600000,0.77800000,6399800.30000000
1740528000000,0.77800000,0.79000000,0.74200000,0.76100000,3932466.70000000
1740614400000,0.76100000,0.78700000,0.74000000,0.76200000,2622994.70000000
1740700800000,0.76200000,0.77400000,0.69800000,0.76700000,5195989.10000000
1740787200000,0.76600000,0.77300000,0.73700000,0.76400000,2044671.80000000
1740873600000,0.76400000,0.86200000,0.75100000,0.85900000,4678743.30000000
1740960000000,0.85800000,0.87000000,0.73300000,0.74200000,4933782.00000000
1741046400000,0.74200000,0.74700000,0.68000000,0.73600000,6030905.60000000
1741132800000,0.73500000,0.77800000,0.73200000,0.77600000,3292614.50000000
1741219200000,0.77500000,0.79900000,0.75800000,0.76600000,2500034.50000000
1741305600000,0.76600000,0.79900000,0.72700000,0.76200000,3267823.00000000
1741392000000,0.76200000,0.76600000,0.73300000,0.74200000,1548182.60000000
1741478400000,0.74100000,0.74600000,0.67300000,0.68000000,2233941.40000000
1741564800000,0.68000000,0.72700000,0.63800000,0.63900000,6516413.10000000
1741651200000,0.64000000,0.69100000,0.60800000,0.67500000,5760513.40000000
1741737600000,0.67600000,0.70700000,0.65800000,0.68700000,3083673.10000000
1741824000000,0.68700000,0.70100000,0.66200000,0.67600000,2935825.00000000
1741910400000,0.67700000,0.71500000,0.67400000,0.70900000,2237080.70000000
1741996800000,0.70800000,0.71700000,0.70000000,0.71200000,1132831.70000000
1742083200000,0.71200000,0.71800000,0.67600000,0.68100000,1775717.90000000
1742169600000,0.68100000,0.71800000,0.68000000,0.71700000,1827546.80000000
1742256000000,0.71600000,0.71800000,0.67900000,0.70900000,1770966.90000000
1742342400000,0.70900000,0.73000000,0.70900000,0.72900000,2835947.00000000
1742428800000,0.73000000,0.73300000,0.70200000,0.70900000,1984752.00000000
1742515200000,0.70900000,0.71300000,0.68200000,0.68500000,1654950.70000000
1742601600000,0.68600000,0.71100000,0.67900000,0.69200000,2046207.90000000
1742688000000,0.69200000,0.70200000,0.68100000,0.69500000,1225322.20000000
1742774400000,0.69500000,0.73100000,0.68200000,0.72300000,1861547.10000000
1742860800000,0.72200000,0.73200000,0.71100000,0.73200000,1512953.00000000
1742947200000,0.73200000,0.74900000,0.71200000,0.72200000,2381581.10000000
1743033600000,0.72200000,0.73900000,0.71500000,0.73000000,1276924.00000000
1743120000000,0.73000000,0.73300000,0.67200000,0.67900000,1421378.30000000
1743206400000,0.67800000,0.68500000,0.64300000,0.65200000,3550797.20000000
1743292800000,0.65200000,0.66400000,0.64200000,0.65400000,868342.40000000
1743379200000,0.65500000,0.66500000,0.63200000,0.65300000,2055064.20000000
1743465600000,0.65300000,0.67900000,0.64900000,0.66200000,1048301.40000000
1743552000000,0.66200000,0.69400000,0.63700000,0.63700000,3504873.00000000
1743638400000,0.63700000,0.68300000,0.62100000,0.65000000,5926849.30000000
1743724800000,0.65000000,0.66100000,0.63000000,0.65500000,2090024.40000000
1743811200000,0.65400000,0.66500000,0.64900000,0.65600000,688711.00000000
1743897600000,0.65600000,0.65700000,0.57000000,0.58200000,1972442.30000000
1743984000000,0.58200000,0.61100000,0.53100000,0.59500000,10970866.80000000
1744070400000,0.59400000,0.61400000,0.57000000,0.57500000,2382122.70000000
1744156800000,0.57600000,0.62100000,0.55200000,0.60500000,5698528.10000000
1744243200000,0.60500000,0.60500000,0.53000000,0.54300000,7853110.70000000
1744329600000,0.54300000,0.55700000,0.53400000,0.54300000,6478701.60000000
1744416000000,0.54200000,0.55800000,0.53200000,0.55800000,5249357.60000000
1744502400000,0.55700000,0.56000000,0.49400000,0.50400000,7424906.90000000
1744588800000,0.50300000,0.51500000,0.49000000,0.49400000,6680910.60000000
1744675200000,0.49500000,0.52600000,0.48900000,0.49400000,7050840.30000000
1744761600000,0.49400000,0.51400000,0.49100000,0.49200000,5498136.80000000
1744848000000,0.49200000,0.50600000,0.48600000,0.49800000,4324281.10000000
1744934400000,0.49900000,0.50500000,0.48900000,0.50000000,2094747.50000000
1745020800000,0.50000000,0.50700000,0.49800000,0.50500000,2463968.00000000
1745107200000,0.50500000,0.51100000,0.48500000,0.49500000,2973947.00000000
1745193600000,0.49500000,0.51800000,0.49300000,0.50100000,4873163.30000000
1745280000000,0.50100000,0.53900000,0.49200000,0.53400000,5519933.90000000
1745366400000,0.53500000,0.55000000,0.52800000,0.54100000,5343576.10000000
1745452800000,0.54200000,0.55500000,0.51900000,0.55300000,10510162.20000000
1745539200000,0.55200000,0.56700000,0.54600000,0.56600000,3906359.70000000
1745625600000,0.56600000,0.58500000,0.55600000,0.57200000,3253599.70000000
1745712000000,0.57200000,0.57800000,0.54400000,0.55000000,3621063.20000000
1745798400000,0.55100000,0.56700000,0.53400000,0.55500000,3842126.30000000
1745884800000,0.55400000,0.57500000,0.54700000,0.55500000,3471752.60000000
1745971200000,0.55500000,0.56300000,0.53300000,0.55200000,5692108.00000000
1746057600000,0.55200000,0.57000000,0.55000000,0.56500000,3852677.60000000
1746144000000,0.56500000,0.57300000,0.55700000,0.57100000,3090675.80000000
1746230400000,0.57100000,0.57600000,0.54400000,0.55700000,3273132.00000000
1746316800000,0.55600000,0.56100000,0.53400000,0.53600000,4020359.40000000
1746403200000,0.53600000,0.54500000,0.52900000,0.54000000,2803642.90000000
1746489600000,0.54000000,0.54400000,0.51400000,0.53600000,3445630.70000000
1746576000000,0.53600000,0.54700000,0.52800000,0.54100000,3390802.90000000
1746662400000,0.54100000,0.60200000,0.53800000,0.59700000,4472382.20000000
1746748800000,0.59700000,0.63600000,0.59100000,0.63100000,3951274.60000000
1746835200000,0.63100000,0.69000000,0.62500000,0.69000000,4461041.80000000
1746921600000,0.69000000,0.69700000,0.65100000,0.66700000,2927605.40000000
1747008000000,0.66700000,0.70200000,0.64400000,0.68300000,6258158.30000000
1747094400000,0.68300000,0.70200000,0.64700000,0.69400000,3450332.00000000
1747180800000,0.69300000,0.70100000,0.66200000,0.67100000,2943864.90000000
1747267200000,0.67100000,0.67900000,0.62400000,0.63900000,3923213.30000000
1747353600000,0.64000000,0.66930000,0.63010000,0.63540000,3712021.10000000
1747440000000,0.63530000,0.63770000,0.60430000,0.61210000,3088952.50000000
1747526400000,0.61230000,0.64470000,0.59920000,0.63560000,2466942.00000000
1747612800000,0.63640000,0.63710000,0.59080000,0.61540000,2876275.30000000
1747699200000,0.61530000,0.63310000,0.60120000,0.62440000,2241212.40000000
1747785600000,0.62490000,0.64550000,0.61200000,0.63520000,2811301.20000000
1747872000000,0.63550000,0.66160000,0.63440000,0.65690000,2443365.10000000
1747958400000,0.65740000,0.67450000,0.61360000,0.61660000,3130604.50000000
1748044800000,0.61650000,0.63490000,0.61300000,0.61570000,1501934.00000000
1748131200000,0.61520000,0.61940000,0.59520000,0.61920000,1629661.60000000
1748217600000,0.61940000,0.62540000,0.60470000,0.61100000,1520470.30000000
1748304000000,0.61130000,0.62850000,0.59660000,0.62150000,2406258.00000000
1748390400000,0.62140000,0.64610000,0.61400000,0.64440000,3253605.30000000
1748476800000,0.64440000,0.65790000,0.61260000,0.61640000,5072228.60000000
1748563200000,0.61640000,0.62130000,0.56040000,0.56330000,4976473.90000000
1748649600000,0.56320000,0.57500000,0.54580000,0.57100000,3231874.70000000
1748736000000,0.57150000,0.57560000,0.55610000,0.57110000,1611223.30000000
1748822400000,0.57150000,0.58140000,0.55900000,0.58050000,2476650.20000000
1748908800000,0.58050000,0.59640000,0.57980000,0.58620000,1940382.20000000
1748995200000,0.58620000,0.59380000,0.56890000,0.57570000,1369701.50000000
1749081600000,0.57520000,0.58280000,0.53330000,0.54040000,2941919.00000000
1749168000000,0.54040000,0.56540000,0.53870000,0.55510000,1907143.00000000
1749254400000,0.55530000,0.57240000,0.55360000,0.57050000,1092238.60000000
1749340800000,0.57060000,0.58160000,0.56320000,0.57180000,2281567.00000000
1749427200000,0.57160000,0.59390000,0.55690000,0.59320000,3269308.40000000
1749513600000,0.59340000,0.62520000,0.59050000,0.62250000,4138808.20000000
1749600000000,0.62230000,0.63780000,0.60300000,0.61290000,5385191.50000000
1749686400000,0.61280000,0.61600000,0.58700000,0.58770000,7043754.70000000
1749772800000,0.58770000,0.58780000,0.54880000,0.57140000,4422545.50000000
1749859200000,0.57140000,0.57400000,0.55220000,0.55970000,1690086.80000000
1749945600000,0.55970000,0.56380000,0.54700000,0.56130000,1162050.70000000
1750032000000,0.56140000,0.58260000,0.55350000,0.56280000,2801789.10000000
1750118400000,0.56280000,0.56910000,0.53240000,0.53950000,2022150.10000000
1750204800000,0.54000000,0.54600000,0.52140000,0.53700000,2432446.90000000
1750291200000,0.53710000,0.54280000,0.52470000,0.53240000,1915140.30000000
1750377600000,0.53250000,0.53880000,0.50490000,0.51680000,2924613.50000000
1750464000000,0.51680000,0.52540000,0.49100000,0.50550000,2272705.60000000
1750550400000,0.50570000,0.50900000,0.47200000,0.49550000,4343218.20000000
1750636800000,0.49550000,0.53450000,0.48840000,0.53270000,3787964.50000000
1750723200000,0.53280000,0.54100000,0.52760000,0.53630000,3679133.10000000
1750809600000,0.53640000,0.54370000,0.52300000,0.52770000,2779918.00000000
1750896000000,0.52770000,0.53980000,0.51660000,0.52330000,1852144.50000000
1750982400000,0.52330000,0.53690000,0.51990000,0.52800000,1925367.40000000
1751068800000,0.52810000,0.53650000,0.52170000,0.53520000,876688.40000000
1751155200000,0.53530000,0.55040000,0.52810000,0.54970000,1471223.70000000
1751241600000,0.54990000,0.55070000,0.53010000,0.53840000,1601872.90000000
1751328000000,0.53850000,0.54230000,0.51320000,0.51630000,2161973.30000000
1751414400000,0.51630000,0.55600000,0.51390000,0.55040000,2682268.40000000
1751500800000,0.55090000,0.56020000,0.54770000,0.55170000,2003720.40000000
1751587200000,0.55170000,0.55500000,0.52450000,0.53030000,1871849.30000000
1751673600000,0.53030000,0.53390000,0.51760000,0.52710000,1362649.90000000
1751760000000,0.52700000,0.53690000,0.51790000,0.52950000,1512457.50000000
1751846400000,0.52960000,0.53560000,0.51440000,0.52300000,1312670.60000000
1751932800000,0.52290000,0.53960000,0.51780000,0.53560000,2418043.10000000
1752019200000,0.53550000,0.56330000,0.53270000,0.56020000,2661580.00000000
1752105600000,0.56020000,0.59280000,0.55580000,0.59270000,3374165.00000000
1752192000000,0.59270000,0.62080000,0.58470000,0.59930000,5205010.90000000
1752278400000,0.59920000,0.65000000,0.59100000,0.62320000,8526328.60000000
1752364800000,0.62310000,0.65290000,0.61580000,0.64400000,4114967.90000000
1752451200000,0.64410000,0.66400000,0.62750000,0.63850000,5333622.90000000
1752537600000,0.63850000,0.65450000,0.61870000,0.65130000,3435715.50000000
1752624000000,0.65130000,0.67230000,0.64020000,0.65640000,3042858.10000000
1752710400000,0.65660000,0.67690000,0.63840000,0.67040000,6232345.40000000
1752796800000,0.67050000,0.75850000,0.66420000,0.69660000,16676427.00000000
1752883200000,0.69680000,1.17000000,0.68330000,1.03430000,119452843.60000000
1752969600000,1.03430000,1.22940000,0.95790000,1.07270000,140551189.80000000
1753056000000,1.07270000,1.09940000,0.99050000,0.99270000,26121946.80000000
1753142400000,0.99280000,1.00070000,0.93050000,0.96750000,16655864.00000000
1753228800000,0.96740000,1.02320000,0.86590000,0.87900000,19889284.90000000
1753315200000,0.87910000,1.02720000,0.84270000,0.87520000,24367186.20000000
1753401600000,0.87510000,0.95040000,0.83750000,0.89560000,12540643.90000000
1753488000000,0.89550000,0.91730000,0.87640000,0.89910000,6749111.80000000
1753574400000,0.89910000,0.90650000,0.87690000,0.90270000,4319409.70000000
1753660800000,0.90260000,0.92810000,0.85510000,0.86150000,6443483.70000000
1753747200000,0.86170000,0.91950000,0.83020000,0.85130000,12378257.20000000
1753833600000,0.85150000,0.86230000,0.79030000,0.83090000,5282657.30000000
1753920000000,0.83100000,0.84010000,0.77220000,0.77730000,3708873.10000000
1754006400000,0.77740000,0.78460000,0.73320000,0.75480000,6114469.40000000
1754092800000,0.75480000,0.76120000,0.71900000,0.73880000,3233461.30000000
1754179200000,0.73880000,0.76670000,0.72450000,0.76060000,2444781.10000000
1754265600000,0.76080000,0.79300000,0.75410000,0.78820000,2439939.50000000
1754352000000,0.78820000,0.82980000,0.75650000,0.76760000,8947213.90000000
1754438400000,0.76760000,0.79200000,0.74680000,0.78010000,2760704.00000000
1754524800000,0.78000000,0.80970000,0.77400000,0.80810000,3365539.30000000
1754611200000,0.80800000,0.83490000,0.79510000,0.82300000,6831286.20000000
1754697600000,0.82300000,0.99950000,0.82160000,0.90610000,25855220.50000000
1754784000000,0.90610000,0.90800000,0.86020000,0.88100000,7284806.80000000
1754870400000,0.88100000,0.89730000,0.80750000,0.81690000,7395105.20000000
1754956800000,0.81680000,0.96550000,0.80560000,0.86600000,22606466.50000000
1755043200000,0.86590000,0.89080000,0.85000000,0.88730000,7010953.50000000
1755129600000,0.88730000,0.90020000,0.82330000,0.83440000,7968079.60000000
1755216000000,0.83430000,0.85780000,0.80530000,0.83310000,3266606.50000000
1755302400000,0.83300000,0.88200000,0.82780000,0.84840000,5246332.90000000
1755388800000,0.84840000,0.87860000,0.84500000,0.85710000,3029635.70000000
1755475200000,0.85710000,0.85860000,0.80600000,0.81940000,3158642.10000000
1755561600000,0.81950000,0.83390000,0.78040000,0.78170000,3907290.30000000
1755648000000,0.78170000,0.82370000,0.77730000,0.81970000,2180294.10000000
1755734400000,0.81960000,0.85390000,0.79660000,0.79980000,5058572.40000000
1755820800000,0.79970000,0.87610000,0.77470000,0.86790000,5344792.80000000
1755907200000,0.86750000,0.87890000,0.84770000,0.85770000,2443353.20000000
1755993600000,0.85760000,0.86750000,0.81890000,0.83020000,3532651.10000000
1756080000000,0.83020000,0.84360000,0.76660000,0.78110000,5005527.20000000
1756166400000,0.78120000,0.79980000,0.77610000,0.79360000,2499374.00000000
1756252800000,0.79370000,0.80380000,0.78230000,0.78720000,1955799.10000000
1756339200000,0.78710000,0.80380000,0.77490000,0.78420000,2473470.40000000
1756425600000,0.78420000,0.78450000,0.71670000,0.73350000,6602559.70000000
1756512000000,0.73340000,0.74470000,0.72500000,0.73690000,2596108.20000000
1756598400000,0.73700000,0.74900000,0.71730000,0.71990000,2479691.40000000
1756684800000,0.71960000,0.74300000,0.69210000,0.70640000,4540895.30000000
1756771200000,0.70690000,0.72910000,0.70360000,0.72640000,2953830.10000000
1756857600000,0.72650000,0.73900000,0.72300000,0.72670000,1606270.60000000
1756944000000,0.72680000,0.73010000,0.69960000,0.70600000,1889985.20000000
1757030400000,0.70590000,0.73110000,0.70520000,0.71540000,2344915.80000000
1757116800000,0.71520000,0.71760000,0.70370000,0.70730000,1102152.30000000
1757203200000,0.70740000,0.71420000,0.70490000,0.70980000,1684520.10000000
1757289600000,0.70980000,0.73020000,0.70590000,0.72770000,2652106.80000000
1757376000000,0.72760000,0.74620000,0.71430000,0.72080000,2521075.60000000
1757462400000,0.72080000,0.74290000,0.71520000,0.73900000,1946357.10000000
1757548800000,0.73900000,0.75840000,0.72590000,0.75600000,2393168.00000000
1757635200000,0.75590000,0.80060000,0.75390000,0.77630000,6659855.60000000
1757721600000,0.77650000,0.81190000,0.76860000,0.79710000,4740678.60000000
1757808000000,0.79730000,0.80220000,0.75410000,0.76880000,2293875.00000000
1757894400000,0.76890000,0.77750000,0.74850000,0.75520000,3010367.50000000
1757980800000,0.75500000,0.79590000,0.75070000,0.76880000,4926711.50000000
1758067200000,0.76880000,0.79380000,0.75630000,0.78850000,3211680.30000000
1758153600000,0.78860000,0.80580000,0.77500000,0.79180000,2570286.30000000
1758240000000,0.79190000,0.83140000,0.74990000,0.75530000,5993934.60000000
1758326400000,0.75530000,0.77170000,0.74960000,0.76050000,1038493.60000000
1758412800000,0.76040000,0.76280000,0.74840000,0.74930000,858919.10000000
1758499200000,0.74920000,0.75220000,0.67470000,0.69860000,4313594.20000000
1758585600000,0.69850000,0.70910000,0.68570000,0.69940000,2021431.00000000
1758672000000,0.69950000,0.72070000,0.69450000,0.69780000,1544704.90000000
1758758400000,0.69800000,0.70000000,0.64240000,0.65780000,2989997.80000000
1758844800000,0.65810000,0.68590000,0.65480000,0.68000000,2057135.40000000
1758931200000,0.68000000,0.68000000,0.66660000,0.67040000,973965.20000000
1759017600000,0.67050000,0.67560000,0.65130000,0.67410000,1329698.80000000
1759104000000,0.67430000,0.67730000,0.65140000,0.66930000,1649298.10000000
1759190400000,0.66930000,0.67230000,0.64880000,0.66830000,1439678.90000000
1759276800000,0.66850000,0.70290000,0.66800000,0.70250000,2792934.60000000
1759363200000,0.70260000,0.71740000,0.68960000,0.71170000,2829297.30000000
1759449600000,0.71230000,0.73530000,0.70310000,0.71850000,2326426.90000000
1759536000000,0.71880000,0.72060000,0.68020000,0.69320000,1739737.80000000
1759622400000,0.69330000,0.77900000,0.68830000,0.71440000,7111881.40000000
1759708800000,0.71480000,0.73180000,0.70060000,0.71730000,3498911.30000000
1759795200000,0.71680000,0.71810000,0.67010000,0.67910000,4268817.50000000
1759881600000,0.67920000,0.70070000,0.66980000,0.68580000,1875106.60000000
1759968000000,0.68580000,0.68680000,0.65790000,0.67750000,1881914.80000000
1760054400000,0.67750000,0.69030000,0.43380000,0.56180000,10709095.20000000
1760140800000,0.56220000,0.60690000,0.55410000,0.57960000,5856435.70000000
1760227200000,0.57980000,0.64140000,0.57130000,0.63010000,3051337.20000000
1760313600000,0.63050000,0.66050000,0.62290000,0.65700000,3119731.30000000
1760400000000,0.65750000,0.65960000,0.58980000,0.62850000,3711075.60000000
1760486400000,0.62850000,0.64110000,0.59640000,0.60830000,3033320.60000000
1760572800000,0.60840000,0.62510000,0.58510000,0.59610000,1797452.30000000
1760659200000,0.59620000,0.60700000,0.55530000,0.57750000,2566032.60000000
1760745600000,0.57760000,0.59220000,0.57630000,0.58640000,2074802.50000000
1760832000000,0.58650000,0.60550000,0.57670000,0.59660000,1917230.80000000
1760918400000,0.59660000,0.61370000,0.58700000,0.59810000,1580202.30000000
1761004800000,0.59810000,0.61980000,0.57730000,0.58680000,2316938.50000000
1761091200000,0.58690000,0.61300000,0.56610000,0.58250000,5050385.90000000
1761177600000,0.58210000,0.60190000,0.57980000,0.59440000,868019.10000000
1761264000000,0.59450000,0.60810000,0.58870000,0.60280000,1407807.40000000
1761350400000,0.60290000,0.61000000,0.59460000,0.60590000,873922.90000000
1761436800000,0.60550000,0.62120000,0.60020000,0.61410000,1271519.30000000
1761523200000,0.61420000,0.62300000,0.59630000,0.60030000,1492058.50000000
1761609600000,0.60010000,0.62110000,0.58080000,0.59210000,1817000.20000000
1761696000000,0.59140000,0.60200000,0.57390000,0.58970000,1446041.10000000
1761782400000,0.58980000,0.59640000,0.54670000,0.56450000,2802030.40000000
1761868800000,0.56450000,0.58610000,0.56240000,0.58050000,2749052.50000000
1761955200000,0.58080000,0.58780000,0.57450000,0.57810000,1337712.80000000
1762041600000,0.57830000,0.58280000,0.56120000,0.58020000,1964297.30000000
1762128000000,0.58010000,0.58020000,0.51340000,0.53310000,3656740.40000000
1762214400000,0.53300000,0.54090000,0.49540000,0.51840000,4563466.30000000
1762300800000,0.51860000,0.54090000,0.50010000,0.53530000,2196598.00000000
1762387200000,0.53540000,0.71560000,0.52510000,0.59960000,31985844.10000000
1762473600000,0.59970000,0.71700000,0.59190000,0.69650000,26898912.60000000
1762560000000,0.69640000,0.74920000,0.63310000,0.65160000,12407710.40000000
1762646400000,0.65170000,0.65170000,0.61500000,0.62810000,4204477.60000000
1762732800000,0.62820000,0.66380000,0.61920000,0.62710000,4416673.40000000
1762819200000,0.62750000,0.64050000,0.59050000,0.59350000,4996144.90000000
1762905600000,0.59360000,0.60690000,0.57220000,0.58390000,2256670.50000000
1762992000000,0.58390000,0.61060000,0.55660000,0.56760000,3066172.00000000
1763078400000,0.56710000,0.57500000,0.54600000,0.55600000,4054696.80000000
1763164800000,0.55650000,0.58970000,0.55630000,0.57320000,2197302.90000000
1763251200000,0.57330000,0.58310000,0.53700000,0.55190000,3800568.10000000
1763337600000,0.55200000,0.56120000,0.52220000,0.53040000,3125082.20000000
1763424000000,0.53050000,0.55180000,0.51980000,0.54600000,2403547.70000000
1763510400000,0.54610000,0.54700000,0.51030000,0.53470000,2809922.80000000
1763596800000,0.53480000,0.54820000,0.50150000,0.50840000,3654669.00000000
1763683200000,0.50850000,0.51970000,0.47220000,0.49850000,6480843.70000000
1763769600000,0.49840000,0.50200000,0.48020000,0.48670000,2448034.90000000
1763856000000,0.48660000,0.49940000,0.48260000,0.48870000,1342003.10000000
1763942400000,0.48870000,0.51270000,0.48160000,0.50420000,1870418.90000000
1764028800000,0.50410000,0.51250000,0.48800000,0.50880000,1156069.60000000
1764115200000,0.50940000,0.51910000,0.49180000,0.51000000,3013257.30000000
1764201600000,0.50990000,0.51830000,0.50700000,0.51090000,1499617.90000000
1764288000000,0.51080000,0.51190000,0.49590000,0.50470000,1885719.70000000
1764374400000,0.50470000,0.51120000,0.49080000,0.49240000,2011192.00000000
1764460800000,0.49260000,0.49630000,0.48350000,0.48380000,1751665.10000000
1764547200000,0.48420000,0.48460000,0.45540000,0.47010000,2615047.10000000
1764633600000,0.47000000,0.49350000,0.45690000,0.48530000,2158752.50000000
1764720000000,0.48550000,0.50650000,0.48280000,0.50190000,2304940.50000000
1764806400000,0.50210000,0.50760000,0.49000000,0.49530000,1729247.20000000
1764892800000,0.49520000,0.49930000,0.46500000,0.47850000,2007584.80000000
1764979200000,0.47830000,0.48630000,0.47460000,0.48040000,1616010.40000000
1765065600000,0.48010000,0.48550000,0.46410000,0.47360000,1601895.20000000
1765152000000,0.47340000,0.50280000,0.47250000,0.49260000,2805054.90000000
1765238400000,0.49240000,0.51180000,0.48050000,0.49790000,2028307.80000000
1765324800000,0.49780000,0.51290000,0.49150000,0.49360000,2681212.30000000
1765411200000,0.49350000,0.52940000,0.48390000,0.50640000,9091496.60000000
1765497600000,0.50640000,0.50830000,0.47950000,0.49260000,3640715.80000000
1765584000000,0.49270000,0.50500000,0.49220000,0.50250000,1713774.90000000
1765670400000,0.50240000,0.50570000,0.47480000,0.47940000,1665158.80000000
1765756800000,0.47950000,0.49070000,0.45640000,0.46210000,1839036.70000000
1765843200000,0.46200000,0.46790000,0.45180000,0.46070000,1301009.20000000
1765929600000,0.46050000,0.46640000,0.43770000,0.44170000,1621999.40000000
1766016000000,0.44160000,0.45110000,0.42060000,0.42950000,1999404.90000000
1766102400000,0.42930000,0.44660000,0.42110000,0.44310000,2419505.10000000
1766188800000,0.44290000,0.45450000,0.44000000,0.45190000,1018684.20000000
1766275200000,0.45180000,0.45390000,0.43110000,0.43860000,1161991.80000000
1766361600000,0.43880000,0.45450000,0.43620000,0.44330000,942814.30000000
1766448000000,0.44320000,0.44740000,0.43380000,0.44370000,2246019.60000000
1766534400000,0.44380000,0.44540000,0.42710000,0.44410000,1117070.20000000
1766620800000,0.44420000,0.47330000,0.44140000,0.44380000,2785056.90000000
1766707200000,0.44370000,0.49780000,0.44170000,0.47570000,11971318.40000000
1766793600000,0.47570000,0.48660000,0.46840000,0.48550000,4123266.30000000
1766880000000,0.48550000,0.50030000,0.48210000,0.50020000,2204158.90000000
1766966400000,0.50020000,0.51300000,0.49160000,0.49160000,2398131.40000000
1767052800000,0.49150000,0.53530000,0.48570000,0.51870000,4049487.60000000
1767139200000,0.51870000,0.53250000,0.49440000,0.49560000,4419957.90000000
1767225600000,0.49560000,0.50870000,0.48600000,0.50730000,988770.30000000
1767312000000,0.50740000,0.52990000,0.49670000,0.52890000,1982879.50000000
1767398400000,0.52890000,0.54540000,0.52540000,0.53260000,2001729.00000000
1767484800000,0.53250000,0.56110000,0.53170000,0.54390000,1446372.50000000
1767571200000,0.54400000,0.56340000,0.53550000,0.55840000,2214985.30000000
1767657600000,0.55840000,0.59950000,0.55520000,0.59800000,3092672.80000000
1767744000000,0.59800000,0.59950000,0.56110000,0.56790000,1507153.00000000
1767830400000,0.56790000,0.59830000,0.54800000,0.58720000,3512232.30000000
1767916800000,0.58720000,0.60520000,0.57300000,0.58160000,3195060.60000000
1768003200000,0.58160000,0.59990000,0.57860000,0.58150000,1995725.60000000
1768089600000,0.58160000,0.58580000,0.56440000,0.57040000,1308233.40000000
1768176000000,0.57050000,0.58480000,0.55140000,0.55620000,2295457.70000000
1768262400000,0.55600000,0.60720000,0.55350000,0.59420000,2774701.00000000
1768348800000,0.59400000,0.60190000,0.57430000,0.57810000,2991996.40000000
1768435200000,0.57810000,0.61000000,0.56910000,0.58170000,8104534.60000000
1768521600000,0.58170000,0.62730000,0.56990000,0.61910000,7561212.40000000
1768608000000,0.61920000,0.62890000,0.59650000,0.60200000,4494299.50000000
1768694400000,0.60200000,0.64000000,0.58170000,0.58260000,8135247.00000000
1768780800000,0.58250000,0.64180000,0.52900000,0.61040000,10953247.70000000
1768867200000,0.61080000,0.61380000,0.55260000,0.55410000,4288718.50000000
1768953600000,0.55410000,0.61970000,0.55270000,0.59440000,7965243.40000000
1769040000000,0.59450000,0.60090000,0.56980000,0.57990000,4540343.20000000
1769126400000,0.58000000,0.60280000,0.57920000,0.58890000,6196188.40000000
1769212800000,0.58880000,0.59170000,0.57170000,0.58560000,2164327.70000000
1769299200000,0.58550000,0.59340000,0.55680000,0.56270000,2746644.10000000
1769385600000,0.56260000,0.58620000,0.55920000,0.56650000,3012979.30000000
1769472000000,0.56640000,0.57630000,0.54940000,0.57090000,2785613.70000000
1769558400000,0.57090000,0.57120000,0.53540000,0.53660000,2645169.40000000
1769644800000,0.53660000,0.53830000,0.50240000,0.51000000,3379571.20000000
1769731200000,0.51010000,0.51490000,0.49330000,0.50590000,3825172.40000000
1769817600000,0.50580000,0.51010000,0.43390000,0.46710000,4859840.80000000
1769904000000,0.46700000,0.47420000,0.45180000,0.46200000,2283905.90000000
1769990400000,0.46210000,0.48510000,0.44850000,0.47930000,1946171.70000000
1770076800000,0.47940000,0.49160000,0.45450000,0.47400000,3242175.50000000
1770163200000,0.47380000,0.48480000,0.45700000,0.46860000,2535152.80000000
1770249600000,0.46870000,0.47400000,0.39000000,0.39430000,6030421.40000000
1770336000000,0.39420000,0.44920000,0.35840000,0.43010000,6535470.70000000
1770422400000,0.43000000,0.43100000,0.40840000,0.42200000,3238024.00000000
1770508800000,0.42210000,0.42860000,0.40600000,0.41250000,1988116.40000000
1770595200000,0.41240000,0.42120000,0.39650000,0.41080000,2538589.60000000
1770681600000,0.41100000,0.41320000,0.39900000,0.40230000,1815995.50000000
1770768000000,0.40230000,0.40320000,0.38600000,0.39450000,2546898.90000000
1770854400000,0.39470000,0.40620000,0.38640000,0.40060000,1539053.60000000
1770940800000,0.40040000,0.40790000,0.39280000,0.40650000,2270533.00000000
1771027200000,0.40680000,0.42760000,0.40640000,0.42320000,2199920.20000000
1771113600000,0.42310000,0.42470000,0.39370000,0.39840000,1915245.60000000
1771200000000,0.39820000,0.40780000,0.39510000,0.39930000,1826980.10000000
1771286400000,0.39930000,0.40100000,0.38800000,0.39540000,1142695.80000000
1771372800000,0.39500000,0.40190000,0.38300000,0.38500000,1560880.70000000
1771459200000,0.38520000,0.38850000,0.37300000,0.38260000,1853697.90000000
1771545600000,0.38310000,0.39440000,0.38060000,0.39290000,1664774.60000000
1771632000000,0.39250000,0.40010000,0.38830000,0.38880000,868076.20000000
1771718400000,0.38880000,0.38910000,0.37410000,0.37950000,1258215.30000000
1771804800000,0.37930000,0.37950000,0.36210000,0.36900000,2013957.00000000
1771891200000,0.36910000,0.37510000,0.36270000,0.36600000,1751165.40000000
1771977600000,0.36640000,0.40860000,0.36640000,0.39570000,2389086.70000000
1772064000000,0.39580000,0.39870000,0.38200000,0.39200000,2014726.70000000
1772150400000,0.39210000,0.40170000,0.37710000,0.38330000,1453610.10000000
1772236800000,0.38310000,0.38610000,0.35820000,0.38440000,1946324.70000000
1772323200000,0.38470000,0.45420000,0.36410000,0.37130000,13726163.10000000
1772409600000,0.37140000,0.38880000,0.36800000,0.37610000,3250000.60000000
1772496000000,0.37620000,0.38300000,0.36390000,0.37630000,3346428.70000000
1772582400000,0.37630000,0.39360000,0.36920000,0.39000000,3309813.10000000
1772668800000,0.38990000,0.39100000,0.37570000,0.38390000,1851645.80000000
1772755200000,0.38390000,0.39120000,0.36580000,0.37080000,2251136.80000000
1772841600000,0.37080000,0.37280000,0.36010000,0.36140000,1929480.40000000
1772928000000,0.36140000,0.36850000,0.35780000,0.35960000,1829215.50000000
1773014400000,0.35960000,0.37270000,0.35700000,0.36310000,2068528.60000000
1773100800000,0.36300000,0.37410000,0.35900000,0.36310000,2553474.70000000
1773187200000,0.36320000,0.37020000,0.35960000,0.36500000,1719570.70000000
1773273600000,0.36540000,0.36910000,0.35820000,0.36660000,1558909.20000000
1773360000000,0.36720000,0.38130000,0.36510000,0.37400000,3162327.50000000
1773446400000,0.37360000,0.37980000,0.36800000,0.37820000,1242133.60000000
1773532800000,0.37810000,0.39030000,0.37570000,0.38690000,2301256.50000000
1773619200000,0.38700000,0.40410000,0.38410000,0.40030000,2229710.30000000
1773705600000,0.40020000,0.40440000,0.39160000,0.39680000,1760990.90000000
1773792000000,0.39700000,0.40500000,0.38040000,0.39330000,2886967.80000000
1773878400000,0.39360000,0.39960000,0.38050000,0.38910000,2064254.70000000
1773964800000,0.38930000,0.41050000,0.38880000,0.40310000,2592038.90000000
1774051200000,0.40320000,0.40440000,0.38730000,0.38950000,1104661.30000000
1774137600000,0.38920000,0.39300000,0.37420000,0.37820000,1250261.20000000
1774224000000,0.37860000,0.39460000,0.37530000,0.39370000,1490879.90000000
1774310400000,0.39380000,0.40140000,0.39020000,0.39990000,1655619.70000000
1774396800000,0.40000000,0.40260000,0.38620000,0.38880000,1905816.60000000
1774483200000,0.38950000,0.38990000,0.36630000,0.37010000,1579608.00000000
1774569600000,0.37040000,0.37490000,0.34870000,0.35150000,2117832.30000000
1774656000000,0.35180000,0.35880000,0.34480000,0.34600000,2582615.00000000
1774742400000,0.34610000,0.34640000,0.33440000,0.34050000,1748573.30000000
1774828800000,0.34070000,0.35710000,0.34010000,0.34710000,2012644.50000000
1774915200000,0.34730000,0.35660000,0.34390000,0.35250000,3250069.90000000
1775001600000,0.35210000,0.35810000,0.34750000,0.35170000,1555660.00000000
1775088000000,0.35170000,0.35300000,0.33870000,0.34250000,1603872.50000000
1775174400000,0.34260000,0.35970000,0.34180000,0.34990000,1810855.90000000
1775260800000,0.34980000,0.35050000,0.34170000,0.34860000,1925035.00000000
1775347200000,0.34870000,0.34900000,0.33820000,0.34490000,1498397.00000000
1775433600000,0.34490000,0.35790000,0.34020000,0.34150000,1875320.40000000
1775520000000,0.34170000,0.36350000,0.33830000,0.36120000,1770905.40000000
1775606400000,0.36100000,0.36710000,0.35120000,0.35190000,1783395.60000000
1775692800000,0.35190000,0.36140000,0.34760000,0.35270000,1974074.50000000
1775779200000,0.35340000,0.36450000,0.35160000,0.35870000,1765251.00000000
1775865600000,0.35870000,0.35940000,0.35110000,0.35360000,1213731.70000000
1775952000000,0.35380000,0.35410000,0.34090000,0.34180000,1329348.70000000
1776038400000,0.34160000,0.36070000,0.33890000,0.35470000,2699013.10000000
1776124800000,0.35470000,0.35600000,0.34140000,0.34610000,2133139.40000000
1776211200000,0.34650000,0.36430000,0.34360000,0.36070000,2035558.00000000
1776297600000,0.36120000,0.37680000,0.35820000,0.37630000,2357485.20000000
1776384000000,0.37610000,0.38840000,0.36650000,0.37950000,1604955.70000000
1776470400000,0.37950000,0.38100000,0.36430000,0.36500000,1896827.10000000
1776556800000,0.36500000,0.36670000,0.35290000,0.35440000,1044354.40000000
1776643200000,0.35450000,0.37240000,0.35450000,0.36630000,1645509.20000000
1776729600000,0.36630000,0.36880000,0.35980000,0.36640000,845739.90000000
1776816000000,0.36660000,0.38130000,0.36490000,0.37230000,1295472.70000000
1776902400000,0.37210000,0.37760000,0.35280000,0.37440000,2438888.70000000
1776988800000,0.37460000,0.37910000,0.37040000,0.37220000,1288224.00000000
1777075200000,0.37220000,0.37590000,0.36520000,0.36940000,783452.40000000
1777161600000,0.36930000,0.37220000,0.36700000,0.37060000,541226.20000000
1777248000000,0.37060000,0.37850000,0.36040000,0.37850000,1150220.00000000
1777334400000,0.37850000,0.40040000,0.37400000,0.38530000,5296628.60000000
1777420800000,0.38520000,0.38900000,0.36380000,0.37140000,1704943.40000000
1777507200000,0.37130000,0.37330000,0.36290000,0.36540000,698571.40000000
1777593600000,0.36530000,0.37150000,0.36400000,0.36660000,514254.00000000
1777680000000,0.36620000,0.37080000,0.36450000,0.36580000,271643.00000000
1777766400000,0.36600000,0.36700000,0.36100000,0.36280000,684580.20000000
1777852800000,0.36290000,0.37290000,0.35890000,0.36260000,1211044.30000000
1777939200000,0.36300000,0.37670000,0.36210000,0.37500000,966177.30000000
1778025600000,0.37490000,0.38570000,0.37300000,0.38320000,1198552.30000000
1778112000000,0.38290000,0.38410000,0.37110000,0.37610000,1153114.00000000
1778198400000,0.37570000,0.39690000,0.37410000,0.39480000,1367822.10000000
1778284800000,0.39500000,0.39960000,0.38610000,0.38740000,971955.90000000
1778371200000,0.38720000,0.40290000,0.38270000,0.40070000,1346169.40000000
1778457600000,0.40070000,0.40270000,0.39170000,0.39700000,1142322.10000000
1778544000000,0.39710000,0.39710000,0.38000000,0.38480000,838766.60000000
1778630400000,0.38500000,0.39250000,0.36960000,0.37520000,1404883.60000000
1778716800000,0.37530000,0.38460000,0.37040000,0.37810000,926359.70000000
1778803200000,0.37820000,0.38150000,0.36080000,0.36540000,925041.90000000
1778889600000,0.36500000,0.37150000,0.35360000,0.35760000,972510.70000000
1778976000000,0.35790000,0.35810000,0.33460000,0.34030000,2037888.20000000
1779062400000,0.34030000,0.34680000,0.33600000,0.34210000,1605698.60000000
1779148800000,0.34210000,0.34460000,0.33070000,0.33390000,1113192.50000000
1779235200000,0.33400000,0.34350000,0.33290000,0.34120000,695209.70000000
1779321600000,0.34110000,0.35390000,0.34080000,0.35000000,1344282.20000000
1779408000000,0.34970000,0.35250000,0.33300000,0.33480000,980551.60000000
1779494400000,0.33500000,0.35170000,0.33180000,0.34580000,1734015.50000000
1779580800000,0.34570000,0.34620000,0.32830000,0.33570000,1187538.10000000
1779667200000,0.33570000,0.34140000,0.33280000,0.33440000,1466722.10000000
1779753600000,0.33410000,0.33740000,0.32640000,0.33220000,945618.90000000
1779840000000,0.33220000,0.33390000,0.31630000,0.31900000,1349396.50000000
1779926400000,0.31890000,0.31990000,0.30520000,0.31030000,1817647.30000000
1780012800000,0.31040000,0.31440000,0.29710000,0.30510000,1319931.40000000
1780099200000,0.30540000,0.33870000,0.30510000,0.33210000,11120549.30000000
1780185600000,0.33230000,0.35190000,0.32310000,0.32830000,6240791.90000000
1780272000000,0.32830000,0.32990000,0.31150000,0.31730000,2803161.80000000
1780358400000,0.31740000,0.31740000,0.29150000,0.29550000,2152018.80000000
1780444800000,0.29580000,0.30800000,0.29140000,0.29550000,1730327.10000000
1780531200000,0.29550000,0.29680000,0.27220000,0.27950000,2657529.50000000
1780617600000,0.27930000,0.27990000,0.23870000,0.24340000,5221627.80000000
1780704000000,0.24350000,0.24760000,0.22870000,0.24570000,2387511.30000000
1780790400000,0.24530000,0.25210000,0.23600000,0.24600000,2860633.60000000
1780876800000,0.24610000,0.25100000,0.23950000,0.24620000,2200365.50000000
1780963200000,0.24640000,0.24640000,0.23380000,0.23780000,1373634.50000000
1781049600000,0.23790000,0.23870000,0.22510000,0.22770000,1467298.40000000
1781136000000,0.22770000,0.24050000,0.22730000,0.23460000,6647550.70000000
1781222400000,0.23450000,0.24100000,0.22970000,0.23410000,3485588.80000000
1781308800000,0.23420000,0.24140000,0.23220000,0.23840000,1458024.80000000
1781395200000,0.23840000,0.24010000,0.22870000,0.23970000,2754859.40000000
1781481600000,0.23960000,0.25050000,0.23760000,0.24150000,2919715.00000000
1781568000000,0.24110000,0.24690000,0.23770000,0.24510000,1772305.60000000
1781654400000,0.24530000,0.25050000,0.23860000,0.24320000,1479088.60000000
1781740800000,0.24330000,0.24460000,0.23590000,0.23950000,257418.10000000
