openTime,open,high,low,close,volume
1577836800000,27.52000000,28.35000000,27.37000000,28.07000000,21929.63069000
1577923200000,28.06000000,28.10000000,26.64000000,27.02000000,26163.59399000
1578009600000,27.02000000,28.69000000,26.75000000,28.41000000,50723.01920000
1578096000000,28.47000000,30.40000000,28.03000000,29.91000000,45486.98255000
1578182400000,29.91000000,32.01000000,29.81000000,30.81000000,90434.77489000
1578268800000,30.81000000,33.25000000,30.50000000,32.86000000,86025.09344000
1578355200000,32.86000000,33.21000000,30.72000000,32.24000000,97297.36007000
1578441600000,32.24000000,33.14000000,30.02000000,30.88000000,65174.58483000
1578528000000,30.86000000,32.02000000,30.15000000,30.83000000,55708.85747000
1578614400000,30.83000000,34.70000000,30.01000000,33.69000000,132574.76034000
1578700800000,33.72000000,36.76000000,33.25000000,34.88000000,164154.67869000
1578787200000,34.87000000,36.39000000,34.53000000,35.52000000,116777.98352000
1578873600000,35.52000000,38.64000000,34.57000000,38.32000000,209510.29316000
1578960000000,38.32000000,45.74000000,38.05000000,43.83000000,481225.48690000
1579046400000,43.81000000,59.00000000,43.00000000,54.97000000,703162.52398000
1579132800000,55.00000000,55.77000000,47.61000000,50.80000000,284208.80885000
1579219200000,50.78000000,65.96000000,48.93000000,61.54000000,479690.22059000
1579305600000,61.50000000,62.69000000,51.00000000,51.16000000,403444.30948000
1579392000000,51.17000000,54.90000000,48.12000000,51.56000000,311212.35856000
1579478400000,51.60000000,56.02000000,48.87000000,53.68000000,234973.82828000
1579564800000,53.67000000,54.16000000,50.79000000,53.26000000,143581.11398000
1579651200000,53.24000000,54.16000000,51.35000000,52.21000000,101496.27263000
1579737600000,52.21000000,52.28000000,48.22000000,49.60000000,102880.22674000
1579824000000,49.58000000,50.89000000,46.22000000,48.82000000,106859.87188000
1579910400000,48.80000000,49.75000000,47.88000000,48.72000000,58724.04594000
1579996800000,48.71000000,54.51000000,48.18000000,53.65000000,159011.05436000
1580083200000,53.67000000,58.08000000,53.65000000,55.18000000,184192.13604000
1580169600000,55.17000000,57.09000000,53.76000000,56.74000000,159010.52026000
1580256000000,56.72000000,64.50000000,56.33000000,61.74000000,284499.25365000
1580342400000,61.71000000,70.42000000,59.68000000,66.30000000,329165.60425000
1580428800000,66.34000000,69.38000000,62.23000000,66.51000000,264827.97776000
1580515200000,66.52000000,69.25000000,64.73000000,66.03000000,138981.40289000
1580601600000,66.02000000,68.00000000,63.57000000,66.36000000,149031.63239000
1580688000000,66.40000000,68.40000000,64.80000000,65.52000000,90900.09051000
1580774400000,65.46000000,66.11000000,62.28000000,64.34000000,129254.19483000
1580860800000,64.33000000,72.97000000,63.58000000,71.19000000,203093.52766000
1580947200000,71.19000000,72.84000000,68.43000000,70.14000000,174752.13115000
1581033600000,70.18000000,71.93000000,67.46000000,68.38000000,190143.78762000
1581120000000,68.38000000,72.07000000,65.91000000,70.02000000,151777.96809000
1581206400000,70.01000000,72.65000000,68.88000000,71.33000000,132482.62698000
1581292800000,71.29000000,71.50000000,67.81000000,69.77000000,185555.30770000
1581379200000,69.77000000,72.99000000,68.01000000,72.68000000,164041.14824000
1581465600000,72.70000000,75.00000000,72.27000000,73.12000000,148411.30939000
1581552000000,73.11000000,75.82000000,69.95000000,72.01000000,164018.45257000
1581638400000,72.01000000,73.10000000,70.57000000,72.92000000,85192.54334000
1581724800000,72.92000000,72.97000000,63.19000000,64.46000000,164973.69980000
1581811200000,64.47000000,66.51000000,54.07000000,60.00000000,275355.52795000
1581897600000,60.01000000,66.13000000,54.76000000,64.20000000,324330.69060000
1581984000000,64.20000000,66.26000000,59.92000000,65.74000000,253961.78823000
1582070400000,65.75000000,68.78000000,61.22000000,62.10000000,112157.38713000
1582156800000,62.09000000,64.11000000,57.93000000,60.79000000,173773.32099000
1582243200000,60.77000000,63.84000000,59.88000000,61.56000000,89755.11095000
1582329600000,61.56000000,62.27000000,60.00000000,60.73000000,81461.47549000
1582416000000,60.75000000,63.70000000,60.72000000,63.32000000,92053.08759000
1582502400000,63.29000000,64.28000000,58.82000000,60.70000000,100003.47672000
1582588800000,60.70000000,60.88000000,56.04000000,57.06000000,135448.25145000
1582675200000,57.06000000,58.00000000,48.11000000,51.33000000,235296.66368000
1582761600000,51.36000000,55.07000000,47.96000000,52.96000000,224335.89820000
1582848000000,52.99000000,54.13000000,48.59000000,50.83000000,199339.60829000
1582934400000,50.82000000,52.11000000,48.90000000,48.96000000,145358.01892000
1583020800000,48.94000000,51.50000000,48.04000000,49.10000000,127737.68674000
1583107200000,49.06000000,52.91000000,48.82000000,52.33000000,90824.60707000
1583193600000,52.38000000,52.41000000,49.80000000,50.78000000,83209.35024000
1583280000000,50.79000000,51.50000000,48.92000000,50.17000000,61835.69884000
1583366400000,50.17000000,53.18000000,50.17000000,51.84000000,99946.31143000
1583452800000,51.83000000,53.53000000,51.01000000,53.30000000,90785.01989000
1583539200000,53.30000000,53.50000000,50.26000000,50.59000000,57118.73274000
1583625600000,50.59000000,50.59000000,42.03000000,42.83000000,196135.96181000
1583712000000,42.82000000,44.16000000,38.73000000,42.18000000,221636.88600000
1583798400000,42.18000000,42.58000000,40.25000000,41.40000000,117207.90203000
1583884800000,41.41000000,42.12000000,37.31000000,40.24000000,98629.64999000
1583971200000,40.24000000,40.39000000,24.17000000,25.45000000,449359.19622000
1584057600000,25.45000000,29.74000000,17.13000000,27.34000000,582130.43886000
1584144000000,27.33000000,27.65000000,24.59000000,24.95000000,329701.55273000
1584230400000,24.94000000,26.98000000,24.58000000,25.68000000,216819.66587000
1584316800000,25.67000000,26.25000000,21.30000000,24.68000000,349043.23602000
1584403200000,24.65000000,25.71000000,23.93000000,25.06000000,258333.63786000
1584489600000,25.05000000,29.99000000,24.33000000,29.73000000,318215.98242000
1584576000000,29.71000000,33.78000000,28.14000000,31.95000000,371372.53386000
1584662400000,31.95000000,36.21000000,29.65000000,33.08000000,316101.09317000
1584748800000,33.09000000,35.58000000,31.98000000,33.03000000,258902.34296000
1584835200000,33.01000000,35.51000000,29.00000000,29.49000000,202874.87748000
1584921600000,29.49000000,33.09000000,29.00000000,32.05000000,171600.98374000
1585008000000,32.04000000,33.17000000,31.77000000,32.79000000,142020.48661000
1585094400000,32.76000000,32.87000000,30.80000000,32.20000000,119825.54488000
1585180800000,32.21000000,32.56000000,31.17000000,32.46000000,90133.19241000
1585267200000,32.47000000,32.94000000,30.81000000,31.01000000,125312.53750000
1585353600000,31.01000000,31.01000000,29.00000000,30.38000000,123995.70622000
1585440000000,30.38000000,30.51000000,28.21000000,28.22000000,84379.08764000
1585526400000,28.21000000,31.59000000,28.21000000,30.54000000,117966.79215000
1585612800000,30.53000000,31.79000000,30.18000000,30.90000000,100924.56460000
1585699200000,30.91000000,31.65000000,29.74000000,31.32000000,98798.51532000
1585785600000,31.32000000,33.91000000,31.00000000,32.23000000,120427.24907000
1585872000000,32.23000000,33.24000000,31.61000000,32.66000000,115186.59688000
1585958400000,32.66000000,33.54000000,31.92000000,33.03000000,123950.36480000
1586044800000,33.03000000,33.39000000,31.89000000,32.52000000,72215.77278000
1586131200000,32.53000000,37.68000000,32.49000000,37.56000000,288607.60682000
1586217600000,37.54000000,38.45000000,35.31000000,36.45000000,212806.30201000
1586304000000,36.44000000,38.22000000,36.29000000,37.86000000,144238.35180000
1586390400000,37.87000000,42.19000000,37.61000000,40.71000000,274137.59213000
1586476800000,40.73000000,41.23000000,34.40000000,36.62000000,463626.35188000
1586563200000,36.63000000,37.54000000,35.30000000,36.20000000,180466.12651000
1586649600000,36.24000000,37.99000000,35.23000000,36.38000000,149782.47415000
1586736000000,36.34000000,36.34000000,34.62000000,35.75000000,162291.98610000
1586822400000,35.71000000,36.28000000,35.05000000,35.51000000,83695.44902000
1586908800000,35.51000000,36.22000000,34.76000000,35.08000000,112826.04551000
1586995200000,35.06000000,40.16000000,33.87000000,38.74000000,339427.03954000
1587081600000,38.76000000,41.40000000,38.04000000,40.40000000,116601.41449000
1587168000000,40.33000000,42.62000000,40.28000000,42.13000000,164788.56761000
1587254400000,42.14000000,47.56000000,41.60000000,46.44000000,370485.85498000
1587340800000,46.44000000,48.83000000,40.92000000,41.89000000,571796.76457000
1587427200000,41.91000000,43.50000000,40.51000000,42.09000000,373963.92410000
1587513600000,42.08000000,45.59000000,41.81000000,45.53000000,213823.04234000
1587600000000,45.52000000,46.59000000,43.74000000,44.46000000,242475.87543000
1587686400000,44.48000000,45.33000000,43.87000000,44.08000000,104624.48252000
1587772800000,44.08000000,45.96000000,43.35000000,44.70000000,121787.57158000
1587859200000,44.69000000,45.50000000,43.88000000,44.59000000,99451.79403000
1587945600000,44.59000000,45.00000000,42.36000000,44.46000000,123886.56144000
1588032000000,44.47000000,44.73000000,42.99000000,44.62000000,127223.49962000
1588118400000,44.63000000,47.72000000,44.56000000,47.07000000,271203.24755000
1588204800000,47.08000000,49.00000000,44.04000000,44.76000000,304871.52746000
1588291200000,44.73000000,46.50000000,44.70000000,45.73000000,115418.85400000
1588377600000,45.72000000,46.80000000,45.05000000,46.50000000,59416.71159000
1588464000000,46.52000000,46.95000000,44.61000000,44.78000000,86548.93590000
1588550400000,44.77000000,44.92000000,42.21000000,44.02000000,114745.87842000
1588636800000,43.98000000,44.86000000,43.15000000,43.84000000,71182.58812000
1588723200000,43.82000000,44.76000000,42.12000000,42.30000000,80351.57554000
1588809600000,42.29000000,44.84000000,41.33000000,44.17000000,127005.21713000
1588896000000,44.17000000,47.50000000,43.44000000,46.76000000,153440.64916000
1588982400000,46.78000000,47.50000000,44.71000000,45.00000000,135836.72965000
1589068800000,44.99000000,45.05000000,38.72000000,40.90000000,221942.72299000
1589155200000,40.87000000,41.78000000,37.85000000,39.68000000,156382.54541000
1589241600000,39.70000000,42.93000000,39.56000000,42.21000000,127588.81806000
1589328000000,42.19000000,43.44000000,41.41000000,42.89000000,72566.54258000
1589414400000,42.89000000,43.59000000,41.98000000,43.20000000,99315.84695000
1589500800000,43.18000000,43.43000000,41.40000000,41.87000000,84542.04138000
1589587200000,41.88000000,42.96000000,41.61000000,42.51000000,94758.42378000
1589673600000,42.50000000,47.50000000,42.45000000,46.25000000,245850.43166000
1589760000000,46.25000000,49.63000000,46.22000000,48.07000000,286614.09528000
1589846400000,48.10000000,49.00000000,46.41000000,48.97000000,169681.93146000
1589932800000,48.95000000,50.45000000,46.56000000,48.39000000,214827.78602000
1590019200000,48.36000000,48.80000000,44.41000000,46.00000000,195565.05932000
1590105600000,45.97000000,48.37000000,45.36000000,47.70000000,140667.95187000
1590192000000,47.68000000,48.42000000,46.56000000,46.91000000,62282.40636000
1590278400000,46.89000000,47.82000000,44.95000000,45.00000000,80511.09555000
1590364800000,44.99000000,46.08000000,44.83000000,45.94000000,69875.09053000
1590451200000,45.98000000,46.20000000,44.15000000,44.85000000,88439.48643000
1590537600000,44.84000000,46.26000000,44.44000000,46.21000000,85189.50163000
1590624000000,46.21000000,47.73000000,45.77000000,47.73000000,69062.69642000
1590710400000,47.74000000,48.01000000,46.14000000,46.60000000,65165.74701000
1590796800000,46.63000000,56.39000000,46.21000000,54.55000000,298240.86080000
1590883200000,54.55000000,55.72000000,50.62000000,51.51000000,236350.78498000
1590969600000,51.53000000,55.03000000,50.84000000,54.65000000,192336.41245000
1591056000000,54.70000000,55.37000000,50.16000000,51.48000000,208835.97288000
1591142400000,51.50000000,53.11000000,50.42000000,52.83000000,124259.88759000
1591228800000,52.88000000,53.45000000,50.94000000,52.24000000,84456.25772000
1591315200000,52.19000000,54.42000000,51.97000000,52.57000000,118203.00944000
1591401600000,52.56000000,53.86000000,51.81000000,52.83000000,72909.62730000
1591488000000,52.82000000,53.15000000,50.59000000,52.21000000,69689.71555000
1591574400000,52.23000000,52.61000000,51.52000000,52.50000000,56876.61185000
1591660800000,52.50000000,53.51000000,51.00000000,51.98000000,74642.31255000
1591747200000,51.99000000,55.51000000,51.76000000,55.21000000,148338.99683000
1591833600000,55.19000000,55.53000000,49.02000000,49.64000000,194244.95201000
1591920000000,49.63000000,52.49000000,48.24000000,51.61000000,117138.00585000
1592006400000,51.61000000,53.04000000,50.82000000,52.81000000,67057.72590000
1592092800000,52.81000000,52.98000000,50.48000000,51.10000000,59972.11993000
1592179200000,51.06000000,53.15000000,48.21000000,52.20000000,161500.26479000
1592265600000,52.20000000,53.80000000,51.74000000,52.97000000,109676.06241000
1592352000000,52.97000000,53.56000000,51.57000000,52.91000000,74637.31188000
1592438400000,52.91000000,53.38000000,51.21000000,51.95000000,55588.00972000
1592524800000,51.95000000,52.44000000,50.88000000,51.41000000,54267.30426000
1592611200000,51.39000000,51.68000000,50.24000000,51.40000000,43184.02837000
1592697600000,51.41000000,52.11000000,50.17000000,50.51000000,50446.63973000
1592784000000,50.50000000,53.67000000,50.30000000,53.53000000,98544.08906000
1592870400000,53.52000000,63.04000000,52.43000000,58.23000000,405043.81877000
1592956800000,58.24000000,59.65000000,53.20000000,55.20000000,311980.07303000
1593043200000,55.16000000,56.84000000,53.02000000,55.81000000,156304.19165000
1593129600000,55.83000000,56.76000000,54.44000000,55.70000000,130497.27168000
1593216000000,55.70000000,55.74000000,50.85000000,52.24000000,139596.35329000
1593302400000,52.22000000,54.00000000,51.01000000,51.81000000,181805.10921000
1593388800000,51.82000000,53.46000000,51.41000000,52.42000000,185930.95355000
1593475200000,52.44000000,52.73000000,50.92000000,51.44000000,117478.62413000
1593561600000,51.43000000,52.50000000,51.17000000,51.86000000,107712.87679000
1593648000000,51.85000000,53.69000000,49.64000000,51.18000000,216227.36651000
1593734400000,51.16000000,51.88000000,50.60000000,51.11000000,110236.71278000
1593820800000,51.10000000,51.84000000,50.64000000,51.43000000,89767.30718000
1593907200000,51.42000000,51.63000000,50.04000000,51.16000000,77594.45786000
1593993600000,51.20000000,55.92000000,51.16000000,55.55000000,169445.75227000
1594080000000,55.54000000,55.91000000,53.61000000,55.08000000,105273.76567000
1594166400000,55.09000000,58.79000000,54.26000000,57.94000000,196681.73374000
1594252800000,57.93000000,58.87000000,55.52000000,56.86000000,126479.70333000
1594339200000,56.86000000,56.89000000,54.12000000,56.07000000,87610.19183000
1594425600000,56.10000000,56.68000000,54.99000000,55.84000000,72865.60253000
1594512000000,55.82000000,61.10000000,55.77000000,58.65000000,246742.20958000
1594598400000,58.70000000,63.95000000,58.52000000,61.26000000,353065.49046000
1594684800000,61.26000000,63.03000000,58.85000000,62.02000000,182144.01934000
1594771200000,62.03000000,63.16000000,60.39000000,61.14000000,175563.20694000
1594857600000,61.14000000,61.72000000,57.11000000,59.10000000,199644.60610000
1594944000000,59.09000000,60.38000000,57.89000000,59.50000000,148038.81846000
1595030400000,59.49000000,59.91000000,58.04000000,59.06000000,86914.04630000
1595116800000,59.06000000,59.48000000,56.79000000,58.38000000,83685.37427000
1595203200000,58.39000000,58.58000000,56.86000000,57.05000000,85821.78851000
1595289600000,57.05000000,62.60000000,56.88000000,62.45000000,187634.05065000
1595376000000,62.41000000,64.77000000,60.83000000,64.28000000,202688.63920000
1595462400000,64.27000000,65.00000000,62.84000000,63.51000000,116787.56468000
1595548800000,63.50000000,64.72000000,61.65000000,63.01000000,165385.97764000
1595635200000,63.01000000,66.09000000,62.86000000,65.69000000,147549.67432000
1595721600000,65.70000000,67.26000000,63.76000000,66.15000000,196560.49726000
1595808000000,66.18000000,72.35000000,66.13000000,70.77000000,353054.17529000
1595894400000,70.80000000,73.42000000,68.43000000,70.57000000,195825.28596000
1595980800000,70.60000000,74.40000000,70.15000000,72.13000000,225725.11792000
1596067200000,72.12000000,72.59000000,69.48000000,70.48000000,177255.73089000
1596153600000,70.51000000,74.95000000,70.30000000,74.90000000,203173.61311000
1596240000000,74.90000000,95.00000000,73.96000000,89.37000000,655401.06347000
1596326400000,89.43000000,91.31000000,73.65000000,84.31000000,743770.81624000
1596412800000,84.27000000,85.94000000,81.31000000,82.30000000,331263.28638000
1596499200000,82.33000000,85.31000000,80.17000000,84.93000000,212735.25361000
1596585600000,84.94000000,98.07000000,84.92000000,97.46000000,512489.74641000
1596672000000,97.46000000,102.74000000,92.01000000,96.75000000,495676.20001000
1596758400000,96.77000000,97.65000000,87.05000000,94.42000000,402314.49164000
1596844800000,94.41000000,99.18000000,91.78000000,97.08000000,209024.58089000
1596931200000,97.06000000,97.45000000,89.48000000,92.01000000,217400.16143000
1597017600000,92.02000000,95.48000000,87.82000000,89.01000000,282726.04132000
1597104000000,89.02000000,90.06000000,78.56000000,80.88000000,411959.87212000
1597190400000,80.88000000,84.89000000,76.20000000,83.52000000,439763.90023000
1597276800000,83.55000000,88.00000000,77.37000000,87.40000000,426046.28222000
1597363200000,87.35000000,87.79000000,82.89000000,85.03000000,277856.41103000
1597449600000,84.98000000,88.55000000,83.73000000,85.12000000,287565.10787000
1597536000000,85.14000000,86.44000000,81.06000000,85.30000000,276974.63875000
1597622400000,85.30000000,90.29000000,82.87000000,86.74000000,371666.61202000
1597708800000,86.74000000,88.93000000,82.00000000,83.14000000,306993.21401000
1597795200000,83.15000000,84.55000000,72.73000000,76.30000000,442712.46491000
1597881600000,76.30000000,80.09000000,75.53000000,78.87000000,267234.21965000
1597968000000,78.86000000,81.53000000,73.15000000,73.56000000,341536.93996000
1598054400000,73.52000000,77.93000000,71.50000000,76.88000000,206926.56248000
1598140800000,76.86000000,84.50000000,74.20000000,84.36000000,323197.07354000
1598227200000,84.40000000,84.78000000,78.90000000,80.26000000,229856.69528000
1598313600000,80.27000000,82.56000000,71.19000000,72.93000000,539701.06081000
1598400000000,72.93000000,77.10000000,72.86000000,75.00000000,310801.24591000
1598486400000,74.99000000,75.56000000,70.29000000,72.13000000,295518.87407000
1598572800000,72.19000000,77.07000000,71.00000000,76.24000000,240097.83573000
1598659200000,76.20000000,80.73000000,74.92000000,78.68000000,189400.87742000
1598745600000,78.66000000,82.48000000,77.99000000,81.11000000,235604.66685000
1598832000000,81.14000000,81.61000000,77.23000000,78.29000000,171079.73877000
1598918400000,78.28000000,85.98000000,77.45000000,83.17000000,328788.34235000
1599004800000,83.16000000,84.69000000,71.87000000,75.90000000,313861.20843000
1599091200000,75.88000000,76.36000000,50.56000000,56.77000000,616897.20271000
1599177600000,56.76000000,61.57000000,53.69000000,59.64000000,625991.10176000
1599264000000,59.65000000,60.81000000,51.50000000,55.98000000,472037.97664000
1599350400000,56.00000000,60.25000000,54.52000000,58.92000000,405333.98147000
1599436800000,58.90000000,63.15000000,55.14000000,61.86000000,434788.88779000
1599523200000,61.86000000,64.34000000,56.72000000,58.69000000,424574.39987000
1599609600000,58.63000000,61.41000000,57.35000000,59.92000000,184798.92524000
1599696000000,59.93000000,62.83000000,59.70000000,62.07000000,224790.91893000
1599782400000,62.07000000,63.87000000,58.69000000,63.32000000,264786.50906000
1599868800000,63.32000000,66.98000000,62.12000000,65.68000000,231042.27451000
1599955200000,65.70000000,66.31000000,60.93000000,62.54000000,203598.27766000
1600041600000,62.54000000,64.29000000,60.80000000,63.28000000,144946.79814000
1600128000000,63.24000000,65.00000000,58.68000000,59.40000000,190500.29798000
1600214400000,59.37000000,59.44000000,56.89000000,58.34000000,224350.22099000
1600300800000,58.35000000,60.03000000,57.38000000,59.65000000,142090.02482000
1600387200000,59.65000000,59.92000000,57.05000000,57.90000000,136403.51744000
1600473600000,57.89000000,59.33000000,57.30000000,57.97000000,108482.12058000
1600560000000,57.97000000,58.17000000,55.17000000,57.60000000,179309.58211000
1600646400000,57.60000000,58.50000000,51.55000000,51.63000000,181717.39859000
1600732800000,51.62000000,54.03000000,51.14000000,53.31000000,138306.25818000
1600819200000,53.31000000,53.86000000,50.31000000,51.84000000,131560.72921000
1600905600000,51.85000000,55.37000000,51.17000000,55.16000000,158714.61484000
1600992000000,55.14000000,55.97000000,53.35000000,54.87000000,137930.71944000
1601078400000,54.87000000,56.85000000,54.01000000,56.20000000,120486.23365000
1601164800000,56.18000000,56.91000000,53.70000000,55.55000000,141064.00212000
1601251200000,55.56000000,58.39000000,55.54000000,56.22000000,199049.84798000
1601337600000,56.20000000,62.30000000,55.97000000,61.25000000,248650.62367000
1601424000000,61.26000000,64.62000000,59.54000000,64.10000000,214341.47178000
1601510400000,64.10000000,68.49000000,61.87000000,64.67000000,406945.65072000
1601596800000,64.65000000,66.52000000,58.41000000,63.85000000,401879.68303000
1601683200000,63.86000000,63.94000000,60.45000000,60.73000000,175228.70236000
1601769600000,60.74000000,63.53000000,59.03000000,63.12000000,149322.46178000
1601856000000,63.11000000,66.16000000,61.76000000,65.76000000,159715.47042000
1601942400000,65.82000000,66.30000000,60.08000000,61.48000000,199666.40951000
1602028800000,61.44000000,62.31000000,59.51000000,61.48000000,171402.91055000
1602115200000,61.49000000,63.39000000,58.77000000,61.99000000,193793.52854000
1602201600000,61.98000000,65.05000000,60.20000000,63.52000000,258915.82694000
1602288000000,63.50000000,67.77000000,63.45000000,66.79000000,246236.40595000
1602374400000,66.76000000,73.60000000,66.34000000,72.46000000,408660.08299000
1602460800000,72.46000000,75.75000000,70.23000000,72.93000000,398286.09967000
1602547200000,72.90000000,73.37000000,68.33000000,70.07000000,272774.58647000
1602633600000,70.09000000,71.39000000,67.19000000,68.75000000,219596.07984000
1602720000000,68.77000000,68.79000000,65.37000000,68.24000000,303582.74722000
1602806400000,68.24000000,69.83000000,60.83000000,62.59000000,382686.35475000
1602892800000,62.57000000,63.47000000,60.92000000,62.99000000,170841.02464000
1602979200000,62.97000000,64.50000000,62.50000000,64.42000000,101464.27639000
1603065600000,64.44000000,65.60000000,62.00000000,64.08000000,204675.80606000
1603152000000,64.06000000,65.00000000,56.50000000,57.85000000,277810.39041000
1603238400000,57.84000000,64.76000000,57.50000000,62.72000000,288370.95073000
1603324800000,62.67000000,67.11000000,62.60000000,65.54000000,262644.44969000
1603411200000,65.52000000,65.54000000,60.68000000,63.26000000,221102.79979000
1603497600000,63.23000000,65.65000000,61.59000000,64.14000000,173358.37966000
1603584000000,64.16000000,65.03000000,61.92000000,62.77000000,151737.68370000
1603670400000,62.68000000,63.82000000,58.45000000,60.20000000,247258.60689000
1603756800000,60.20000000,62.10000000,59.86000000,61.20000000,175863.00249000
1603843200000,61.15000000,61.58000000,55.15000000,56.80000000,271428.52878000
1603929600000,56.79000000,57.88000000,54.53000000,56.87000000,189555.85530000
1604016000000,56.84000000,59.78000000,54.03000000,58.21000000,246568.31783000
1604102400000,58.21000000,59.38000000,57.31000000,58.16000000,149905.99137000
1604188800000,58.16000000,58.70000000,57.15000000,58.17000000,111226.32965000
1604275200000,58.21000000,59.30000000,54.55000000,54.77000000,180991.50627000
1604361600000,54.78000000,54.96000000,51.60000000,53.20000000,206052.69162000
1604448000000,53.21000000,54.59000000,51.91000000,54.09000000,184955.08141000
1604534400000,54.11000000,57.46000000,52.83000000,56.69000000,257735.43768000
1604620800000,56.71000000,61.64000000,56.31000000,61.57000000,283042.28899000
1604707200000,61.57000000,62.89000000,55.67000000,57.40000000,393181.29790000
1604793600000,57.39000000,61.78000000,56.78000000,60.61000000,144750.49810000
1604880000000,60.57000000,61.09000000,55.73000000,58.42000000,251583.19344000
1604966400000,58.41000000,62.50000000,57.77000000,59.06000000,318622.74603000
1605052800000,59.07000000,60.71000000,58.53000000,58.92000000,172076.77395000
1605139200000,58.88000000,63.41000000,57.82000000,62.99000000,414669.94927000
1605225600000,62.99000000,66.02000000,61.64000000,65.80000000,322867.53700000
1605312000000,65.80000000,65.88000000,61.45000000,63.90000000,301856.23836000
1605398400000,63.90000000,64.25000000,59.64000000,61.16000000,221477.80024000
1605484800000,61.13000000,67.35000000,60.53000000,64.55000000,336410.04638000
1605571200000,64.52000000,67.11000000,64.12000000,66.82000000,282115.00969000
1605657600000,66.80000000,67.82000000,60.17000000,63.17000000,459898.13902000
1605744000000,63.17000000,64.04000000,60.35000000,62.38000000,301306.22657000
1605830400000,62.36000000,64.60000000,62.05000000,63.23000000,254819.12283000
1605916800000,63.20000000,73.00000000,62.40000000,72.62000000,700718.48441000
1606003200000,72.65000000,73.99000000,65.05000000,68.79000000,632768.77391000
1606089600000,68.80000000,80.73000000,67.40000000,79.52000000,671981.80046000
1606176000000,79.51000000,90.00000000,76.03000000,86.80000000,960693.04491000
1606262400000,86.81000000,88.31000000,75.20000000,78.15000000,728874.23828000
1606348800000,78.06000000,79.88000000,63.42000000,70.16000000,901564.23103000
1606435200000,70.18000000,71.34000000,66.00000000,69.50000000,246789.61396000
1606521600000,69.55000000,76.48000000,68.88000000,75.31000000,312124.83154000
1606608000000,75.29000000,76.59000000,71.80000000,75.06000000,223615.47033000
1606694400000,75.11000000,79.95000000,73.60000000,78.91000000,329165.41588000
1606780800000,78.95000000,82.12000000,71.40000000,74.82000000,547564.91695000
1606867200000,74.81000000,77.14000000,73.38000000,76.66000000,223551.64837000
1606953600000,76.62000000,77.13000000,74.26000000,75.69000000,183725.31010000
1607040000000,75.65000000,76.11000000,68.34000000,69.01000000,214581.74297000
1607126400000,69.00000000,72.35000000,68.39000000,71.83000000,86155.78905000
1607212800000,71.83000000,74.99000000,69.93000000,74.61000000,125412.26906000
1607299200000,74.65000000,76.84000000,73.53000000,75.57000000,202837.48599000
1607385600000,75.56000000,75.79000000,68.74000000,69.61000000,180111.67791000
1607472000000,69.53000000,71.02000000,65.50000000,69.38000000,223180.89651000
1607558400000,69.39000000,69.91000000,65.20000000,65.96000000,164672.09023000
1607644800000,66.00000000,66.15000000,62.49000000,63.71000000,156879.67318000
1607731200000,63.71000000,66.77000000,63.49000000,65.95000000,98199.33080000
1607817600000,66.03000000,69.43000000,65.20000000,68.25000000,148763.22673000
1607904000000,68.20000000,68.65000000,66.27000000,68.00000000,105432.69447000
1607990400000,68.04000000,69.15000000,66.37000000,67.63000000,100021.70943000
1608076800000,67.64000000,73.28000000,66.86000000,73.21000000,189107.82376000
1608163200000,73.18000000,77.99000000,72.24000000,74.28000000,303384.96125000
1608249600000,74.32000000,76.44000000,71.66000000,73.89000000,165083.77213000
1608336000000,73.89000000,76.16000000,73.01000000,73.50000000,146959.07306000
1608422400000,73.54000000,77.86000000,71.81000000,73.69000000,280028.83653000
1608508800000,73.72000000,77.74000000,67.55000000,67.77000000,293627.70233000
1608595200000,67.75000000,69.08000000,63.44000000,67.64000000,268453.72469000
1608681600000,67.62000000,68.58000000,46.98000000,55.42000000,462141.95194000
1608768000000,55.41000000,62.28000000,53.95000000,62.10000000,336398.21096000
1608854400000,62.11000000,65.20000000,60.38000000,64.27000000,280321.59028000
1608940800000,64.29000000,70.27000000,63.52000000,66.56000000,285733.55040000
1609027200000,66.60000000,71.66000000,62.80000000,66.97000000,358971.73556000
1609113600000,66.95000000,71.43000000,66.20000000,69.04000000,245572.54942000
1609200000000,69.09000000,70.62000000,61.57000000,65.33000000,265016.78123000
1609286400000,65.38000000,66.30000000,62.86000000,64.09000000,158232.83064000
1609372800000,64.09000000,64.55000000,61.17000000,63.91000000,127119.34379000
1609459200000,63.96000000,67.24000000,54.38000000,56.60000000,823695.57676000
1609545600000,56.60000000,59.90000000,55.20000000,57.46000000,468375.73952000
1609632000000,57.48000000,61.88000000,56.22000000,59.35000000,358158.13483000
1609718400000,59.35000000,65.00000000,56.62000000,60.34000000,497967.97236000
1609804800000,60.34000000,61.17000000,57.91000000,59.64000000,231711.56414000
1609891200000,59.63000000,65.35000000,58.95000000,63.92000000,402336.26763000
1609977600000,63.92000000,74.32000000,62.93000000,67.75000000,824291.97475000
1610064000000,67.77000000,70.08000000,61.14000000,68.59000000,536970.73750000
1610150400000,68.62000000,80.00000000,65.77000000,78.44000000,524335.05886000
1610236800000,78.44000000,98.67000000,75.70000000,96.37000000,2044328.41849000
1610323200000,96.45000000,108.97000000,77.59000000,88.24000000,2769183.02089000
1610409600000,88.13000000,105.51000000,84.28000000,99.72000000,1481569.63830000
1610496000000,99.73000000,120.69000000,92.47000000,117.35000000,1133276.73798000
1610582400000,117.33000000,118.89000000,105.90000000,111.71000000,609032.21864000
1610668800000,111.72000000,114.95000000,94.43000000,103.25000000,655505.87085000
1610755200000,103.25000000,113.88000000,101.67000000,108.08000000,517457.16199000
1610841600000,108.11000000,108.95000000,98.14000000,102.25000000,435650.58822000
1610928000000,102.15000000,106.44000000,100.10000000,103.98000000,348740.89628000
1611014400000,104.02000000,113.17000000,102.06000000,102.42000000,451971.85863000
1611100800000,102.43000000,103.99000000,90.57000000,98.99000000,505857.53310000
1611187200000,99.07000000,99.49000000,82.14000000,82.92000000,387507.51162000
1611273600000,82.99000000,91.64000000,76.13000000,86.94000000,364241.91111000
1611360000000,86.96000000,90.49000000,83.73000000,85.95000000,258752.02606000
1611446400000,85.96000000,92.38000000,84.96000000,90.00000000,307171.90955000
1611532800000,89.98000000,96.46000000,87.84000000,87.89000000,418978.31156000
1611619200000,87.88000000,90.35000000,83.74000000,89.26000000,366239.14487000
1611705600000,89.25000000,89.30000000,76.33000000,78.41000000,321826.12984000
1611792000000,78.42000000,88.85000000,77.02000000,86.82000000,334962.45971000
1611878400000,86.82000000,90.31000000,82.26000000,85.49000000,380792.36338000
1611964800000,85.50000000,86.32000000,82.80000000,84.51000000,171706.05362000
1612051200000,84.43000000,87.60000000,82.39000000,85.65000000,227293.07454000
1612137600000,85.58000000,89.64000000,84.07000000,88.69000000,267754.06669000
1612224000000,88.68000000,94.49000000,88.25000000,92.37000000,386477.62340000
1612310400000,92.38000000,96.90000000,92.38000000,95.23000000,198402.67456000
1612396800000,95.28000000,96.68000000,88.73000000,90.00000000,291109.11671000
1612483200000,89.98000000,96.67000000,89.19000000,96.44000000,304478.36032000
1612569600000,96.46000000,98.95000000,91.97000000,94.24000000,392300.42584000
1612656000000,94.25000000,95.60000000,88.75000000,92.30000000,280176.57914000
1612742400000,92.32000000,98.38000000,91.09000000,98.01000000,279810.88419000
1612828800000,98.03000000,110.12000000,97.24000000,108.77000000,532532.45679000
1612915200000,108.75000000,121.93000000,106.36000000,116.41000000,666241.87087000
1613001600000,116.43000000,150.00000000,113.12000000,142.34000000,929185.96710000
1613088000000,142.32000000,149.20000000,132.81000000,142.79000000,517683.32918000
1613174400000,142.79000000,190.64000000,142.71000000,176.11000000,1027568.07171000
1613260800000,176.10000000,179.79000000,152.70000000,156.33000000,626746.45834000
1613347200000,156.20000000,180.00000000,124.60000000,158.61000000,985558.78987000
1613433600000,158.78000000,168.17000000,148.39000000,155.68000000,546444.47056000
1613520000000,155.69000000,173.66000000,147.02000000,168.37000000,496646.43517000
1613606400000,168.36000000,179.50000000,157.40000000,169.25000000,464093.27098000
1613692800000,169.29000000,190.00000000,162.00000000,180.19000000,564027.85724000
1613779200000,180.20000000,185.33000000,155.88000000,164.09000000,533247.10915000
1613865600000,164.08000000,168.01000000,158.29000000,161.87000000,290902.33854000
1613952000000,161.84000000,162.91000000,120.91000000,144.39000000,669913.65604000
1614038400000,144.41000000,145.42000000,103.47000000,127.13000000,911371.88195000
1614124800000,127.12000000,135.30000000,122.07000000,130.96000000,536094.57543000
1614211200000,131.01000000,139.60000000,120.00000000,121.25000000,381626.76442000
1614297600000,121.27000000,125.05000000,113.41000000,118.23000000,393489.94968000
1614384000000,118.23000000,125.03000000,117.42000000,119.78000000,234470.20492000
1614470400000,119.77000000,120.38000000,104.35000000,111.31000000,324743.01275000
1614556800000,111.33000000,126.21000000,110.09000000,124.40000000,317470.70505000
1614643200000,124.42000000,126.80000000,116.38000000,120.51000000,301904.15135000
1614729600000,120.50000000,130.93000000,119.02000000,126.69000000,264703.71143000
1614816000000,126.72000000,129.90000000,117.55000000,122.03000000,213079.72684000
1614902400000,122.06000000,124.32000000,113.08000000,121.12000000,236863.09222000
1614988800000,121.19000000,126.93000000,118.22000000,125.19000000,150497.69450000
1615075200000,125.20000000,130.18000000,124.37000000,130.08000000,123295.99356000
1615161600000,130.08000000,132.80000000,124.36000000,129.55000000,137243.53171000
1615248000000,129.54000000,138.40000000,127.80000000,137.69000000,216384.09227000
1615334400000,137.76000000,142.09000000,131.13000000,139.82000000,207400.73613000
1615420800000,139.77000000,158.51000000,135.65000000,151.86000000,427246.37233000
1615507200000,151.88000000,156.61000000,141.78000000,145.36000000,242654.12709000
1615593600000,145.45000000,160.00000000,137.30000000,156.12000000,283737.32224000
1615680000000,156.15000000,158.20000000,143.13000000,143.18000000,175695.52773000
1615766400000,143.14000000,147.13000000,133.88000000,135.10000000,235868.32921000
1615852800000,135.19000000,140.38000000,130.05000000,139.41000000,147123.29501000
1615939200000,139.37000000,146.97000000,134.47000000,146.02000000,178928.53771000
1616025600000,146.03000000,150.88000000,141.82000000,142.97000000,150347.35330000
1616112000000,142.98000000,153.25000000,140.35000000,150.31000000,131723.47968000
1616198400000,150.23000000,161.20000000,149.29000000,155.03000000,242776.76381000
1616284800000,155.00000000,156.49000000,145.09000000,148.18000000,159080.43693000
1616371200000,148.18000000,149.70000000,139.50000000,139.53000000,149049.89057000
1616457600000,139.55000000,143.47000000,134.98000000,136.02000000,178625.55484000
1616544000000,136.02000000,141.71000000,125.51000000,127.67000000,178440.78474000
1616630400000,127.67000000,128.90000000,116.16000000,123.02000000,295639.20930000
1616716800000,123.04000000,133.55000000,123.00000000,133.46000000,175850.91775000
1616803200000,133.45000000,135.56000000,126.29000000,133.62000000,153349.67785000
1616889600000,133.61000000,145.06000000,129.93000000,144.87000000,315405.00626000
1616976000000,144.84000000,159.75000000,141.84000000,149.18000000,444715.86423000
1617062400000,149.13000000,156.99000000,145.68000000,154.60000000,314913.93614000
1617148800000,154.57000000,158.38000000,146.69000000,158.22000000,240328.98355000
1617235200000,158.16000000,167.00000000,152.71000000,165.53000000,348492.89011000
1617321600000,165.55000000,177.75000000,163.69000000,169.52000000,366357.54787000
1617408000000,169.50000000,179.58000000,163.38000000,171.61000000,349985.68447000
1617494400000,171.49000000,195.00000000,169.00000000,187.14000000,686296.12790000
1617580800000,187.13000000,200.31000000,182.85000000,197.13000000,437637.22934000
1617667200000,197.05000000,200.32000000,181.53000000,191.11000000,329114.01325000
1617753600000,191.17000000,194.23000000,162.34000000,171.26000000,395113.68963000
1617840000000,171.37000000,185.79000000,170.21000000,184.74000000,201058.97799000
1617926400000,184.68000000,198.86000000,183.66000000,194.65000000,309985.54943000
1618012800000,194.57000000,210.00000000,193.49000000,206.15000000,371971.70292000
1618099200000,206.20000000,231.89000000,206.00000000,222.31000000,445002.92701000
1618185600000,222.27000000,237.00000000,209.08000000,221.39000000,565338.00714000
1618272000000,221.36000000,232.50000000,217.14000000,225.98000000,362983.45828000
1618358400000,225.97000000,243.72000000,217.78000000,237.50000000,462214.67424000
1618444800000,237.52000000,255.00000000,235.03000000,252.27000000,398038.67438000
1618531200000,252.22000000,271.86000000,234.92000000,270.03000000,454052.23906000
1618617600000,270.03000000,299.13000000,269.10000000,279.95000000,539859.77947000
1618704000000,279.83000000,285.97000000,186.43000000,260.05000000,905012.30998000
1618790400000,260.04000000,265.78000000,221.00000000,225.55000000,555092.34250000
1618876800000,225.68000000,250.54000000,209.15000000,249.64000000,571925.17001000
1618963200000,249.69000000,256.18000000,231.28000000,237.29000000,347373.04637000
1619049600000,237.30000000,248.28000000,218.35000000,223.91000000,345453.00280000
1619136000000,224.04000000,226.76000000,167.00000000,220.31000000,696492.13867000
1619222400000,220.20000000,220.31000000,196.87000000,198.46000000,308135.62665000
1619308800000,198.45000000,215.71000000,191.18000000,202.31000000,212616.08680000
1619395200000,202.29000000,228.08000000,200.08000000,227.09000000,267001.30641000
1619481600000,226.94000000,242.00000000,222.48000000,241.89000000,231318.51527000
1619568000000,241.78000000,243.50000000,226.16000000,240.65000000,242705.71727000
1619654400000,240.71000000,241.21000000,223.17000000,229.42000000,235590.76044000
1619740800000,229.41000000,249.14000000,223.00000000,245.37000000,236977.08264000
1619827200000,245.42000000,258.65000000,243.30000000,257.40000000,198218.91904000
1619913600000,257.35000000,259.34000000,241.24000000,243.30000000,172409.21675000
1620000000000,243.27000000,254.63000000,242.55000000,250.48000000,202683.08618000
1620086400000,250.44000000,267.87000000,230.32000000,241.00000000,541226.77611000
1620172800000,241.17000000,299.83000000,237.33000000,292.01000000,653270.71265000
1620259200000,292.00000000,325.41000000,271.16000000,308.57000000,667142.06374000
1620345600000,308.68000000,343.10000000,295.62000000,320.01000000,574816.88020000
1620432000000,319.74000000,343.80000000,294.85000000,316.25000000,428819.67483000
1620518400000,316.05000000,318.10000000,287.89000000,305.40000000,287843.62147000
1620604800000,305.48000000,330.57000000,265.20000000,283.76000000,453431.25722000
1620691200000,283.86000000,302.72000000,272.01000000,302.07000000,315060.88203000
1620777600000,302.07000000,372.00000000,272.27000000,280.13000000,1510686.03594000
1620864000000,280.88000000,323.90000000,249.00000000,296.36000000,1006906.54143000
1620950400000,296.47000000,323.00000000,285.56000000,305.67000000,484672.10439000
1621036800000,305.69000000,316.05000000,267.80000000,271.08000000,397487.31384000
1621123200000,271.02000000,291.00000000,245.63000000,262.40000000,408108.58847000
1621209600000,262.25000000,262.33000000,226.33000000,235.52000000,483542.84169000
1621296000000,235.54000000,262.30000000,232.75000000,254.91000000,413659.15194000
1621382400000,254.99000000,262.95000000,100.00000000,146.22000000,1476003.53185000
1621468800000,146.50000000,194.68000000,133.44000000,182.40000000,868476.88428000
1621555200000,182.32000000,191.84000000,136.23000000,156.26000000,932995.38533000
1621641600000,156.17000000,160.94000000,133.02000000,142.57000000,645742.63637000
1621728000000,142.55000000,148.90000000,87.08000000,114.32000000,1216823.33246000
1621814400000,114.53000000,149.45000000,114.40000000,149.16000000,855833.27985000
1621900800000,149.38000000,154.76000000,130.00000000,145.40000000,587340.63037000
1621987200000,145.38000000,159.72000000,143.03000000,158.60000000,436113.62716000
1622073600000,158.62000000,159.50000000,140.62000000,150.27000000,317027.42073000
1622160000000,150.22000000,168.00000000,131.02000000,164.62000000,838095.03278000
1622246400000,164.66000000,186.86000000,141.54000000,149.24000000,962790.51855000
1622332800000,149.22000000,160.00000000,137.46000000,149.84000000,417881.60058000
1622419200000,149.87000000,162.57000000,140.85000000,161.65000000,375823.80953000
1622505600000,161.68000000,164.48000000,148.16000000,154.04000000,262046.70367000
1622592000000,154.03000000,170.45000000,148.85000000,164.35000000,286169.23457000
1622678400000,164.39000000,175.15000000,160.14000000,172.95000000,251658.87753000
1622764800000,173.01000000,173.04000000,146.16000000,155.28000000,376736.75698000
1622851200000,155.26000000,161.31000000,147.63000000,153.17000000,261473.43911000
1622937600000,153.16000000,156.58000000,147.00000000,149.63000000,184617.26286000
1623024000000,149.62000000,154.90000000,134.48000000,135.72000000,207576.89231000
1623110400000,135.79000000,139.15000000,119.14000000,130.88000000,408389.00581000
1623196800000,130.93000000,145.09000000,124.19000000,145.05000000,324389.48712000
1623283200000,145.07000000,151.71000000,131.87000000,134.00000000,281395.88974000
1623369600000,134.11000000,135.78000000,122.57000000,124.74000000,187144.17535000
1623456000000,124.73000000,129.24000000,118.77000000,125.85000000,192471.71228000
1623542400000,125.86000000,133.23000000,120.93000000,133.06000000,169028.37143000
1623628800000,133.04000000,139.31000000,128.58000000,139.00000000,180195.60143000
1623715200000,139.00000000,141.20000000,133.33000000,136.58000000,132763.73567000
1623801600000,136.58000000,143.98000000,132.28000000,137.31000000,290393.20637000
1623888000000,137.25000000,146.72000000,136.48000000,142.27000000,200606.73151000
1623974400000,142.30000000,143.10000000,129.00000000,132.88000000,201411.30461000
1624060800000,132.87000000,134.89000000,127.11000000,127.90000000,128056.31155000
1624147200000,127.90000000,132.33000000,119.47000000,131.81000000,175407.89630000
1624233600000,131.82000000,133.18000000,100.90000000,101.30000000,505453.55752000
1624320000000,101.26000000,110.50000000,86.27000000,106.50000000,683577.57724000
1624406400000,106.50000000,117.61000000,102.56000000,111.79000000,354525.20617000
1624492800000,111.79000000,116.80000000,106.75000000,112.82000000,205422.32703000
1624579200000,112.85000000,116.67000000,99.77000000,100.08000000,363911.86603000
1624665600000,100.10000000,103.61000000,96.57000000,103.61000000,239913.74256000
1624752000000,103.59000000,107.81000000,98.74000000,107.71000000,207999.95086000
1624838400000,107.71000000,118.00000000,104.58000000,118.00000000,239341.47209000
1624924800000,118.00000000,129.67000000,116.10000000,126.49000000,280397.06541000
1625011200000,126.50000000,133.22000000,122.05000000,130.91000000,382664.62464000
1625097600000,130.92000000,130.94000000,118.51000000,120.17000000,191998.97839000
1625184000000,120.15000000,121.66000000,112.43000000,118.50000000,227303.31830000
1625270400000,118.49000000,118.96000000,113.02000000,116.22000000,139816.44933000
1625356800000,116.23000000,125.68000000,113.25000000,120.25000000,224472.68692000
1625443200000,120.28000000,120.30000000,110.28000000,111.17000000,188195.55782000
1625529600000,111.17000000,119.05000000,110.83000000,117.51000000,228450.82023000
1625616000000,117.47000000,122.20000000,115.41000000,118.55000000,190721.93942000
1625702400000,118.56000000,118.73000000,107.04000000,109.46000000,220517.50271000
1625788800000,109.45000000,112.96000000,105.14000000,111.01000000,195088.76356000
1625875200000,111.01000000,113.21000000,106.32000000,108.12000000,127833.95163000
1625961600000,108.14000000,112.54000000,106.08000000,110.84000000,106991.48231000
1626048000000,110.86000000,112.99000000,104.67000000,107.68000000,172514.91370000
1626134400000,107.68000000,108.61000000,101.83000000,104.10000000,165862.04556000
1626220800000,104.10000000,105.88000000,97.47000000,104.55000000,235639.53525000
1626307200000,104.52000000,106.16000000,97.92000000,100.17000000,243951.08162000
1626393600000,100.17000000,102.45000000,92.54000000,93.06000000,224639.58441000
1626480000000,93.07000000,95.84000000,91.84000000,93.16000000,172564.40149000
1626566400000,93.18000000,99.64000000,92.36000000,93.95000000,202755.62653000
1626652800000,93.94000000,100.75000000,88.88000000,89.25000000,517063.83908000
1626739200000,89.29000000,91.80000000,83.02000000,85.65000000,308430.92608000
1626825600000,85.65000000,95.58000000,84.20000000,95.18000000,275778.08049000
1626912000000,95.21000000,97.96000000,91.41000000,97.60000000,181032.74394000
1626998400000,97.60000000,99.10000000,92.10000000,97.73000000,176082.87558000
1627084800000,97.76000000,102.69000000,97.01000000,99.26000000,167070.27543000
1627171200000,99.24000000,100.60000000,95.64000000,100.44000000,163229.60128000
1627257600000,100.42000000,109.68000000,100.07000000,101.33000000,369624.18262000
1627344000000,101.39000000,103.64000000,97.99000000,102.85000000,198183.52290000
1627430400000,102.83000000,106.04000000,101.48000000,105.88000000,208672.87730000
1627516800000,105.90000000,108.85000000,104.30000000,107.84000000,180321.90472000
1627603200000,107.83000000,110.11000000,102.84000000,109.91000000,203720.49417000
1627689600000,109.89000000,112.56000000,108.81000000,111.15000000,150685.75869000
1627776000000,111.15000000,123.54000000,110.39000000,115.53000000,298309.00645000
1627862400000,115.54000000,119.99000000,113.22000000,115.26000000,177191.75191000
1627948800000,115.26000000,116.82000000,109.26000000,114.05000000,165543.90288000
1628035200000,114.08000000,120.74000000,112.62000000,118.08000000,160311.67036000
1628121600000,118.07000000,120.85000000,114.20000000,119.03000000,197031.33494000
1628208000000,119.05000000,128.67000000,117.46000000,126.93000000,181179.95018000
1628294400000,126.93000000,134.92000000,125.42000000,134.17000000,280856.00982000
1628380800000,134.16000000,136.30000000,121.50000000,123.48000000,219997.74515000
1628467200000,123.46000000,132.40000000,118.68000000,130.65000000,226925.45876000
1628553600000,130.65000000,134.39000000,127.96000000,131.87000000,166806.11996000
1628640000000,131.88000000,142.64000000,131.63000000,137.18000000,211598.26419000
1628726400000,137.17000000,142.89000000,130.37000000,133.60000000,218301.28116000
1628812800000,133.59000000,145.23000000,132.67000000,144.93000000,156955.29546000
1628899200000,144.94000000,147.72000000,137.22000000,144.89000000,214549.33964000
1628985600000,144.91000000,156.34000000,140.62000000,154.82000000,248447.96693000
1629072000000,154.82000000,157.92000000,148.45000000,150.12000000,229233.50003000
1629158400000,150.10000000,159.85000000,140.70000000,141.45000000,297791.41626000
1629244800000,141.46000000,144.97000000,134.97000000,140.76000000,274300.86124000
1629331200000,140.79000000,147.82000000,137.59000000,147.37000000,237583.70421000
1629417600000,147.35000000,156.00000000,146.08000000,153.75000000,180134.32841000
1629504000000,153.75000000,157.86000000,147.88000000,155.89000000,235913.54181000
1629590400000,155.92000000,161.60000000,152.61000000,160.54000000,215732.30740000
1629676800000,160.55000000,168.68000000,159.60000000,165.12000000,254311.89325000
1629763200000,165.10000000,170.99000000,152.35000000,155.30000000,296157.86355000
1629849600000,155.29000000,164.55000000,150.59000000,163.80000000,201249.92326000
1629936000000,163.78000000,165.12000000,143.20000000,144.00000000,314148.88651000
1630022400000,144.00000000,152.40000000,139.70000000,152.30000000,253575.81502000
1630108800000,152.30000000,152.60000000,146.80000000,150.50000000,95439.14500000
1630195200000,150.60000000,154.20000000,146.00000000,148.30000000,127014.03800000
1630281600000,148.40000000,149.10000000,140.40000000,141.20000000,132285.85400000
1630368000000,141.10000000,148.30000000,138.99000000,143.80000000,147967.13775000
1630454400000,143.80000000,151.90000000,140.70000000,151.70000000,157409.30700000
1630540800000,151.70000000,155.00000000,150.00000000,150.70000000,127991.63400000
1630627200000,150.60000000,159.90000000,146.80000000,156.40000000,296944.81134000
1630713600000,156.50000000,162.30000000,154.90000000,160.10000000,177625.54575000
1630800000000,160.20000000,175.80000000,159.10000000,172.80000000,275756.13532000
1630886400000,172.90000000,175.90000000,163.90000000,171.10000000,245614.00000000
1630972800000,171.00000000,171.70000000,117.90000000,136.40000000,626530.10005000
1631059200000,136.40000000,139.40000000,120.40000000,135.40000000,462686.70000000
1631145600000,135.50000000,143.40000000,131.70000000,137.60000000,322562.94500000
1631232000000,137.70000000,142.60000000,124.80000000,128.20000000,240179.67200000
1631318400000,128.10000000,134.40000000,126.60000000,128.50000000,206744.83700000
1631404800000,128.50000000,133.70000000,126.10000000,131.30000000,177614.84700000
1631491200000,131.30000000,132.60000000,120.80000000,127.80000000,307059.50900000
1631577600000,127.80000000,133.90000000,126.30000000,133.80000000,146854.21900000
1631664000000,133.80000000,140.10000000,130.80000000,139.80000000,165013.49600000
1631750400000,139.90000000,146.60000000,133.70000000,137.90000000,296179.36000000
1631836800000,137.80000000,140.30000000,132.00000000,134.50000000,152262.86400000
1631923200000,134.50000000,144.00000000,132.70000000,138.60000000,161972.55300000
1632009600000,138.50000000,141.50000000,132.00000000,133.60000000,132657.85600000
1632096000000,133.60000000,134.00000000,115.00000000,119.10000000,377454.76797000
1632182400000,119.10000000,120.90000000,108.10000000,111.70000000,273891.47633000
1632268800000,111.70000000,121.70000000,110.50000000,121.30000000,163718.02000000
1632355200000,121.40000000,123.50000000,118.00000000,122.60000000,140746.05300000
1632441600000,122.60000000,123.40000000,105.00000000,110.60000000,362428.10803000
1632528000000,110.60000000,112.90000000,106.80000000,110.70000000,205594.13500000
1632614400000,110.70000000,113.10000000,101.90000000,111.20000000,326590.92197000
1632700800000,111.10000000,113.80000000,104.40000000,104.50000000,177027.46000000
1632787200000,104.60000000,107.80000000,100.20000000,100.80000000,169388.75988000
1632873600000,100.70000000,108.40000000,100.40000000,103.70000000,182700.17700000
1632960000000,103.60000000,108.00000000,103.00000000,107.10000000,156947.66600000
1633046400000,107.10000000,115.00000000,106.30000000,114.90000000,288995.11700000
1633132800000,114.90000000,117.40000000,111.90000000,114.20000000,146296.86400000
1633219200000,114.10000000,119.40000000,112.40000000,118.70000000,163700.13700000
1633305600000,118.70000000,119.10000000,112.50000000,116.80000000,166118.99100000
1633392000000,116.90000000,124.20000000,115.40000000,123.10000000,183523.33200000
1633478400000,123.10000000,127.10000000,114.70000000,125.40000000,293703.63500000
1633564800000,125.30000000,129.60000000,121.50000000,125.30000000,282987.95800000
1633651200000,125.30000000,127.80000000,122.80000000,123.40000000,167571.27700000
1633737600000,123.50000000,128.30000000,122.10000000,127.60000000,121075.18800000
1633824000000,127.60000000,127.90000000,119.20000000,119.50000000,154673.89400000
1633910400000,119.40000000,125.80000000,116.40000000,119.70000000,160844.06900000
1633996800000,119.60000000,119.70000000,111.40000000,116.30000000,193955.45500000
1634083200000,116.20000000,119.70000000,113.10000000,119.40000000,221619.16900000
1634169600000,119.40000000,122.60000000,119.00000000,121.80000000,112376.18000000
1634256000000,121.80000000,127.00000000,119.10000000,126.20000000,209043.77400000
1634342400000,126.30000000,128.10000000,123.50000000,126.10000000,129237.27100000
1634428800000,126.10000000,141.00000000,124.20000000,137.70000000,368826.67700000
1634515200000,137.80000000,146.50000000,135.10000000,140.70000000,427373.85800000
1634601600000,140.70000000,147.60000000,139.80000000,144.10000000,262495.27300000
1634688000000,144.10000000,151.30000000,144.00000000,149.90000000,233756.88100000
1634774400000,149.90000000,159.00000000,145.70000000,155.00000000,453431.88700000
1634860800000,155.00000000,166.40000000,154.90000000,165.00000000,364209.17000000
1634947200000,165.00000000,174.50000000,164.00000000,173.60000000,358501.35900000
1635033600000,173.60000000,190.40000000,170.60000000,173.00000000,750418.16164000
1635120000000,172.90000000,177.30000000,169.20000000,170.10000000,244404.60000000
1635206400000,170.20000000,171.60000000,158.40000000,161.10000000,219980.51400000
1635292800000,161.10000000,162.80000000,142.30000000,147.10000000,346037.03900000
1635379200000,147.20000000,160.50000000,143.70000000,159.00000000,315566.30400000
1635465600000,159.10000000,163.70000000,156.60000000,162.60000000,184005.51900000
1635552000000,162.60000000,162.70000000,149.60000000,153.30000000,159466.47900000
1635638400000,153.30000000,188.00000000,151.70000000,167.00000000,761309.55300000
1635724800000,167.20000000,173.20000000,161.30000000,169.70000000,234847.16800000
1635811200000,169.60000000,180.00000000,167.30000000,171.80000000,255842.13900000
1635897600000,171.70000000,172.20000000,160.20000000,168.30000000,289080.39800000
1635984000000,168.40000000,171.90000000,160.10000000,163.70000000,195359.43000000
1636070400000,163.70000000,169.60000000,160.50000000,162.80000000,172392.92000000
1636156800000,162.70000000,166.40000000,155.30000000,159.60000000,155760.44500000
1636243200000,159.60000000,165.00000000,158.20000000,164.10000000,123865.54800000
1636329600000,164.10000000,171.90000000,163.50000000,170.80000000,156338.34600000
1636416000000,170.70000000,200.50000000,169.40000000,200.10000000,585980.61718000
1636502400000,200.10000000,205.50000000,171.50000000,179.80000000,634279.40422000
1636588800000,179.80000000,219.90000000,176.70000000,204.50000000,842362.80415000
1636675200000,204.40000000,210.50000000,190.60000000,202.10000000,360287.46900000
1636761600000,202.20000000,213.30000000,198.80000000,199.10000000,373436.22800000
1636848000000,199.10000000,202.40000000,192.20000000,201.80000000,196305.60700000
1636934400000,201.80000000,204.40000000,192.30000000,195.50000000,287638.90800000
1637020800000,195.50000000,195.60000000,163.00000000,165.70000000,595208.02100000
1637107200000,165.70000000,167.80000000,153.00000000,159.30000000,494976.79900000
1637193600000,159.20000000,162.20000000,141.20000000,148.20000000,596382.80000000
1637280000000,148.20000000,164.30000000,146.20000000,158.80000000,415595.85800000
1637366400000,158.80000000,188.80000000,158.70000000,179.30000000,954070.58900000
1637452800000,179.40000000,234.20000000,176.80000000,229.40000000,1179779.00710000
1637539200000,229.60000000,237.60000000,197.60000000,206.00000000,895291.27640000
1637625600000,205.90000000,221.00000000,195.30000000,218.70000000,550768.11400000
1637712000000,218.80000000,275.70000000,217.20000000,260.80000000,1375025.16361000
1637798400000,260.90000000,305.00000000,252.00000000,294.50000000,768448.99849000
1637884800000,294.50000000,296.50000000,241.30000000,246.60000000,774688.72300000
1637971200000,246.50000000,272.40000000,239.60000000,243.50000000,437329.63300000
1638057600000,243.40000000,243.60000000,215.00000000,241.20000000,519604.58400000
1638144000000,241.10000000,254.90000000,237.70000000,246.70000000,384722.02000000
1638230400000,246.60000000,247.60000000,213.90000000,220.20000000,618916.02500000
1638316800000,220.30000000,248.50000000,215.80000000,229.80000000,612042.63300000
1638403200000,229.80000000,230.20000000,213.60000000,225.40000000,334159.79800000
1638489600000,225.40000000,238.10000000,200.00000000,206.20000000,475160.31300000
1638576000000,206.10000000,206.60000000,141.90000000,187.60000000,944752.78700000
1638662400000,187.60000000,194.60000000,170.00000000,182.60000000,690909.68900000
1638748800000,182.70000000,184.80000000,160.00000000,179.80000000,657163.00900000
1638835200000,179.80000000,186.00000000,171.50000000,174.10000000,405269.05500000
1638921600000,174.10000000,182.50000000,166.20000000,178.80000000,429752.75100000
1639008000000,178.90000000,186.90000000,161.40000000,164.10000000,462024.16300000
1639094400000,164.00000000,174.10000000,158.70000000,159.40000000,344026.28600000
1639180800000,159.50000000,171.50000000,155.60000000,168.30000000,292791.54200000
1639267200000,168.30000000,173.00000000,160.90000000,169.60000000,187948.39700000
1639353600000,169.60000000,172.30000000,145.80000000,147.90000000,376739.07900000
1639440000000,147.90000000,155.90000000,143.50000000,151.60000000,320545.66900000
1639526400000,151.50000000,162.50000000,143.30000000,159.50000000,328395.04100000
1639612800000,159.60000000,166.90000000,151.20000000,152.30000000,231841.42500000
1639699200000,152.20000000,154.20000000,145.10000000,149.90000000,203427.11700000
1639785600000,149.90000000,165.30000000,149.20000000,157.60000000,216533.31100000
1639872000000,157.60000000,167.10000000,155.40000000,157.80000000,192280.57200000
1639958400000,157.70000000,164.40000000,149.20000000,156.70000000,278122.89500000
1640044800000,156.70000000,162.80000000,155.70000000,162.20000000,149048.73200000
1640131200000,162.30000000,169.00000000,160.20000000,165.50000000,194542.62700000
1640217600000,165.50000000,170.00000000,156.60000000,167.60000000,207711.62800000
1640304000000,167.60000000,171.00000000,162.50000000,165.00000000,183212.04700000
1640390400000,165.10000000,172.60000000,164.10000000,169.50000000,170570.16400000
1640476800000,169.50000000,172.30000000,163.40000000,167.50000000,149916.03300000
1640563200000,167.60000000,173.60000000,166.30000000,169.50000000,140547.51400000
1640649600000,169.60000000,170.60000000,148.40000000,149.70000000,265409.00500000
1640736000000,149.70000000,151.50000000,140.90000000,146.60000000,251112.55600000
1640822400000,146.60000000,154.00000000,143.70000000,153.70000000,208241.03500000
1640908800000,153.70000000,157.20000000,143.20000000,146.50000000,162571.66500000
1640995200000,146.50000000,151.00000000,145.60000000,150.30000000,84406.95300000
1641081600000,150.30000000,155.60000000,147.20000000,153.00000000,113366.19800000
1641168000000,153.00000000,154.20000000,146.80000000,150.50000000,82365.79300000
1641254400000,150.50000000,156.20000000,147.20000000,147.30000000,172926.13800000
1641340800000,147.30000000,151.30000000,127.50000000,136.80000000,250219.67500000
1641427200000,136.90000000,138.80000000,129.70000000,137.40000000,280815.01800000
1641513600000,137.30000000,143.50000000,130.60000000,139.60000000,446165.96400000
1641600000000,139.60000000,156.10000000,136.00000000,143.60000000,497296.56600000
1641686400000,143.50000000,147.00000000,133.30000000,144.10000000,447964.64000000
1641772800000,144.20000000,148.90000000,136.30000000,141.30000000,478153.14400000
1641859200000,141.30000000,145.60000000,137.80000000,141.30000000,250264.33100000
1641945600000,141.30000000,147.80000000,140.70000000,144.50000000,184369.80200000
1642032000000,144.40000000,149.90000000,140.50000000,143.30000000,229378.04200000
1642118400000,143.20000000,144.90000000,136.70000000,142.40000000,201280.79300000
1642204800000,142.50000000,146.70000000,141.00000000,144.40000000,120500.25800000
1642291200000,144.40000000,145.90000000,140.20000000,141.20000000,71880.78300000
1642377600000,141.20000000,143.00000000,134.60000000,138.90000000,139791.21700000
1642464000000,138.80000000,140.70000000,128.50000000,131.80000000,204500.72200000
1642550400000,131.70000000,132.30000000,125.60000000,125.90000000,168679.52100000
1642636800000,125.80000000,131.90000000,118.70000000,118.80000000,197818.90100000
1642723200000,118.80000000,120.50000000,100.20000000,102.30000000,403601.32300000
1642809600000,102.20000000,104.50000000,82.80000000,94.60000000,583258.53642000
1642896000000,94.50000000,98.10000000,90.70000000,97.50000000,242882.34400000
1642982400000,97.40000000,97.90000000,81.40000000,94.40000000,407214.07575000
1643068800000,94.40000000,96.60000000,88.90000000,90.30000000,261013.71200000
1643155200000,90.40000000,100.30000000,86.40000000,89.80000000,368688.61600000
1643241600000,89.80000000,90.60000000,82.50000000,88.70000000,272315.64100000
1643328000000,88.80000000,91.80000000,86.20000000,91.20000000,180751.08600000
1643414400000,91.20000000,97.10000000,90.60000000,96.30000000,169779.93200000
1643500800000,96.20000000,98.00000000,91.40000000,93.10000000,121625.62100000
1643587200000,93.00000000,94.90000000,88.20000000,94.50000000,118543.86200000
1643673600000,94.50000000,99.70000000,94.00000000,98.90000000,107061.59700000
1643760000000,98.90000000,103.80000000,97.40000000,98.30000000,211910.40400000
1643846400000,98.30000000,102.30000000,94.90000000,100.90000000,214374.84700000
1643932800000,100.80000000,107.60000000,99.50000000,107.10000000,164853.26900000
1644019200000,107.10000000,122.90000000,106.10000000,116.00000000,295072.57700000
1644105600000,115.90000000,126.10000000,115.90000000,124.30000000,235861.59700000
1644192000000,124.40000000,130.80000000,121.20000000,128.80000000,250249.13500000
1644278400000,128.80000000,135.00000000,121.50000000,133.10000000,341338.43700000
1644364800000,133.10000000,134.50000000,125.70000000,126.00000000,230596.09300000
1644451200000,125.80000000,129.00000000,119.80000000,124.80000000,273555.51500000
1644537600000,124.80000000,131.00000000,115.00000000,116.50000000,305400.61200000
1644624000000,116.50000000,123.50000000,113.30000000,117.80000000,193672.88900000
1644710400000,117.90000000,118.70000000,114.90000000,117.00000000,108579.65400000
1644796800000,117.00000000,122.10000000,112.50000000,120.50000000,170036.98800000
1644883200000,120.50000000,130.00000000,120.10000000,125.90000000,178139.07100000
1644969600000,125.90000000,126.60000000,119.60000000,125.30000000,152359.86200000
1645056000000,125.40000000,127.40000000,111.70000000,113.60000000,250427.41300000
1645142400000,113.50000000,118.00000000,107.70000000,109.00000000,180882.82600000
1645228800000,109.10000000,116.00000000,106.90000000,112.10000000,194355.49500000
1645315200000,112.10000000,112.30000000,103.60000000,107.90000000,176686.91600000
1645401600000,107.90000000,115.20000000,99.70000000,100.30000000,309826.97800000
1645488000000,100.30000000,103.30000000,94.80000000,103.00000000,270356.77900000
1645574400000,103.00000000,106.20000000,97.00000000,97.40000000,158637.12400000
1645660800000,97.40000000,105.20000000,84.70000000,102.60000000,324634.61000000
1645747200000,102.60000000,109.90000000,98.40000000,106.80000000,255764.02800000
1645833600000,106.90000000,110.60000000,105.40000000,107.80000000,125407.36700000
1645920000000,107.90000000,110.60000000,99.00000000,102.60000000,178214.26800000
1646006400000,102.50000000,119.40000000,100.10000000,118.70000000,192550.08500000
1646092800000,118.70000000,121.60000000,115.20000000,119.00000000,157743.44400000
1646179200000,119.00000000,129.00000000,115.00000000,125.80000000,212519.14900000
1646265600000,125.90000000,131.00000000,121.10000000,129.10000000,181105.62900000
1646352000000,129.10000000,129.50000000,115.90000000,117.00000000,206536.85100000
1646438400000,116.90000000,119.20000000,112.40000000,116.40000000,98684.26700000
1646524800000,116.30000000,119.60000000,107.10000000,107.40000000,185394.70900000
1646611200000,107.30000000,113.80000000,103.70000000,109.60000000,236165.08700000
1646697600000,109.50000000,141.20000000,108.90000000,138.50000000,629326.15800000
1646784000000,138.50000000,146.70000000,135.80000000,141.50000000,585209.48400000
1646870400000,141.50000000,160.70000000,130.40000000,157.20000000,778506.89900000
1646956800000,157.30000000,158.80000000,145.90000000,153.40000000,522704.41400000
1647043200000,153.40000000,159.80000000,143.60000000,151.70000000,280789.83600000
1647129600000,151.70000000,158.70000000,144.70000000,154.80000000,298228.40100000
1647216000000,154.90000000,156.40000000,142.90000000,149.50000000,313282.24800000
1647302400000,149.50000000,150.00000000,135.40000000,136.30000000,279332.91400000
1647388800000,136.30000000,154.00000000,135.50000000,154.00000000,298548.43600000
1647475200000,153.90000000,166.80000000,148.20000000,152.50000000,336143.71100000
1647561600000,152.50000000,172.50000000,147.30000000,171.90000000,311958.97400000
1647648000000,171.90000000,183.00000000,167.10000000,179.90000000,338970.86500000
1647734400000,179.90000000,181.30000000,169.30000000,173.80000000,168115.76200000
1647820800000,173.80000000,184.80000000,155.50000000,181.50000000,299108.63600000
1647907200000,181.50000000,183.90000000,172.90000000,174.40000000,136797.54800000
1647993600000,174.40000000,188.00000000,171.20000000,181.90000000,144600.38900000
1648080000000,182.10000000,196.90000000,177.30000000,192.80000000,176239.85400000
1648166400000,192.90000000,200.60000000,188.40000000,195.10000000,179382.73500000
1648252800000,195.10000000,216.60000000,195.00000000,204.80000000,218136.73500000
1648339200000,204.70000000,210.80000000,195.60000000,210.30000000,136828.85300000
1648425600000,210.30000000,211.60000000,190.00000000,192.20000000,151935.32900000
1648512000000,192.30000000,199.80000000,188.90000000,196.30000000,119109.89000000
1648598400000,196.20000000,199.00000000,186.40000000,191.90000000,113766.03000000
1648684800000,192.00000000,196.20000000,176.20000000,178.20000000,144361.10600000
1648771200000,178.20000000,193.60000000,170.90000000,186.20000000,169655.53400000
1648857600000,186.20000000,191.80000000,177.10000000,177.70000000,111452.72600000
1648944000000,177.70000000,182.30000000,173.70000000,179.70000000,97165.58900000
1649030400000,179.70000000,180.10000000,163.00000000,173.70000000,129987.16100000
1649116800000,173.70000000,178.80000000,165.00000000,165.60000000,102318.48300000
1649203200000,165.60000000,177.60000000,158.00000000,161.00000000,239900.52800000
1649289600000,160.80000000,174.30000000,158.50000000,172.60000000,153534.76800000
1649376000000,172.50000000,183.90000000,164.10000000,165.70000000,331404.47900000
1649462400000,165.70000000,174.70000000,161.30000000,169.30000000,188172.44500000
1649548800000,169.20000000,170.00000000,160.10000000,161.10000000,92920.82100000
1649635200000,161.10000000,163.70000000,141.70000000,142.80000000,187289.78600000
1649721600000,142.70000000,149.90000000,141.30000000,147.40000000,120194.93300000
1649808000000,147.40000000,152.90000000,144.20000000,152.70000000,92495.74900000
1649894400000,152.70000000,155.80000000,141.50000000,144.20000000,81422.70400000
1649980800000,144.20000000,149.90000000,143.70000000,146.60000000,73899.34600000
1650067200000,146.50000000,147.80000000,141.40000000,143.90000000,48244.78800000
1650153600000,143.90000000,145.80000000,137.20000000,137.40000000,59829.57500000
1650240000000,137.40000000,157.50000000,130.00000000,156.10000000,218130.80500000
1650326400000,156.20000000,163.80000000,153.20000000,158.60000000,154781.53700000
1650412800000,158.60000000,162.00000000,154.70000000,156.80000000,144711.07200000
1650499200000,156.80000000,171.10000000,156.60000000,159.50000000,197556.15400000
1650585600000,159.60000000,172.80000000,156.80000000,157.10000000,158474.70000000
1650672000000,157.10000000,158.40000000,152.70000000,153.20000000,53280.76300000
1650758400000,153.20000000,163.70000000,152.80000000,160.80000000,109167.08300000
1650844800000,160.90000000,166.80000000,146.80000000,166.00000000,172683.28200000
1650931200000,166.00000000,170.50000000,143.10000000,146.10000000,188229.81400000
1651017600000,146.00000000,151.60000000,143.30000000,149.30000000,135302.31000000
1651104000000,149.30000000,152.20000000,144.90000000,146.90000000,130031.76200000
1651190400000,146.90000000,147.80000000,125.70000000,128.30000000,191736.40500000
1651276800000,128.30000000,133.70000000,108.50000000,113.80000000,186872.59300000
1651363200000,113.90000000,126.10000000,111.10000000,124.20000000,142580.10400000
1651449600000,124.10000000,125.80000000,115.70000000,124.80000000,131412.29800000
1651536000000,124.80000000,127.50000000,117.50000000,119.80000000,96669.99900000
1651622400000,119.80000000,142.00000000,118.90000000,134.40000000,136656.45800000
1651708800000,134.40000000,139.90000000,119.00000000,125.50000000,178517.86400000
1651795200000,125.50000000,128.70000000,119.70000000,123.80000000,154466.11300000
1651881600000,123.70000000,124.50000000,110.00000000,112.70000000,141990.19000000
1651968000000,112.70000000,116.50000000,108.90000000,114.10000000,132240.58100000
1652054400000,114.20000000,116.90000000,92.10000000,92.80000000,324783.94500000
1652140800000,92.60000000,105.00000000,88.00000000,93.00000000,307489.02300000
1652227200000,93.00000000,96.90000000,75.30000000,83.40000000,464273.36744000
1652313600000,83.30000000,89.60000000,69.50000000,86.70000000,481541.91323000
1652400000000,86.60000000,100.00000000,85.70000000,93.90000000,263075.61900000
1652486400000,93.90000000,107.60000000,87.00000000,105.60000000,323152.68000000
1652572800000,105.60000000,114.20000000,102.50000000,112.40000000,176986.30600000
1652659200000,112.30000000,112.40000000,101.40000000,102.80000000,181523.75400000
1652745600000,102.90000000,116.60000000,99.70000000,114.70000000,152765.43800000
1652832000000,114.60000000,116.20000000,98.90000000,99.70000000,203729.47300000
1652918400000,99.70000000,109.50000000,94.10000000,104.70000000,212332.03000000
1653004800000,104.70000000,111.60000000,101.00000000,107.30000000,236492.46500000
1653091200000,107.10000000,107.90000000,101.40000000,104.50000000,118392.31600000
1653177600000,104.60000000,110.50000000,102.00000000,106.80000000,120777.94300000
1653264000000,106.70000000,112.30000000,97.40000000,99.30000000,214674.63200000
1653350400000,99.40000000,101.80000000,92.00000000,100.20000000,223932.79600000
1653436800000,100.20000000,102.50000000,94.80000000,95.60000000,122747.44600000
1653523200000,95.70000000,97.40000000,82.10000000,87.50000000,353102.13600000
1653609600000,87.40000000,89.40000000,82.30000000,86.10000000,215475.23100000
1653696000000,86.10000000,88.90000000,85.00000000,86.70000000,97390.04800000
1653782400000,86.70000000,92.40000000,84.30000000,92.40000000,92111.14400000
1653868800000,92.30000000,99.70000000,89.80000000,98.80000000,153853.59200000
1653955200000,98.70000000,100.20000000,91.00000000,93.30000000,206448.67000000
1654041600000,93.30000000,96.40000000,87.50000000,89.50000000,172711.56300000
1654128000000,89.50000000,92.10000000,88.00000000,91.30000000,89913.41000000
1654214400000,91.30000000,91.70000000,85.60000000,89.40000000,73024.33200000
1654300800000,89.50000000,90.40000000,87.40000000,89.60000000,50596.17300000
1654387200000,89.70000000,90.70000000,88.70000000,89.40000000,34863.40900000
1654473600000,89.40000000,95.50000000,89.10000000,93.90000000,86089.42700000
1654560000000,93.90000000,95.30000000,88.10000000,92.90000000,116887.74200000
1654646400000,92.90000000,94.40000000,89.40000000,92.60000000,100535.94900000
1654732800000,92.70000000,94.00000000,90.60000000,91.20000000,71176.39600000
1654819200000,91.30000000,93.10000000,85.80000000,86.40000000,81793.61600000
1654905600000,86.30000000,88.40000000,77.20000000,79.60000000,132925.69700000
1654992000000,79.70000000,84.80000000,73.90000000,79.10000000,173455.50900000
1655078400000,79.10000000,80.70000000,62.90000000,65.70000000,297229.99214000
1655164800000,65.70000000,67.70000000,60.00000000,64.10000000,253688.45200000
1655251200000,64.00000000,69.00000000,57.30000000,68.40000000,238428.08800000
1655337600000,68.50000000,70.20000000,57.90000000,59.00000000,138711.30400000
1655424000000,59.00000000,64.80000000,58.20000000,62.70000000,134892.42300000
1655510400000,62.60000000,63.60000000,53.20000000,59.50000000,181991.90400000
1655596800000,59.30000000,69.00000000,56.60000000,67.50000000,161788.11300000
1655683200000,67.60000000,68.80000000,63.20000000,65.10000000,121599.61300000
1655769600000,65.00000000,70.30000000,63.90000000,65.80000000,114060.14400000
1655856000000,65.80000000,67.20000000,62.40000000,63.10000000,94776.11800000
1655942400000,63.30000000,66.20000000,62.40000000,65.70000000,146364.37000000
1656028800000,65.60000000,71.00000000,64.20000000,69.10000000,160214.41000000
1656115200000,69.20000000,70.90000000,64.30000000,68.20000000,73971.02900000
1656201600000,68.20000000,70.70000000,63.50000000,63.70000000,88562.64100000
1656288000000,63.80000000,67.30000000,61.80000000,62.30000000,83415.64000000
1656374400000,62.30000000,63.40000000,58.40000000,58.90000000,71329.86000000
1656460800000,58.90000000,61.20000000,56.90000000,57.60000000,113896.66700000
1656547200000,57.60000000,58.20000000,51.80000000,54.50000000,142355.30500000
1656633600000,54.60000000,56.70000000,52.00000000,53.50000000,106109.30600000
1656720000000,53.50000000,54.90000000,51.90000000,54.00000000,62892.90700000
1656806400000,54.10000000,55.20000000,52.20000000,54.50000000,48389.55000000
1656892800000,54.50000000,58.70000000,52.90000000,58.10000000,113465.97300000
1656979200000,58.10000000,58.80000000,54.80000000,57.10000000,121213.70200000
1657065600000,57.00000000,58.60000000,55.80000000,58.20000000,94695.33200000
1657152000000,58.30000000,60.60000000,57.20000000,59.90000000,94944.57600000
1657238400000,59.90000000,61.60000000,57.70000000,59.40000000,87731.14700000
1657324800000,59.50000000,62.50000000,59.50000000,61.20000000,60108.17900000
1657411200000,61.20000000,61.30000000,58.10000000,59.80000000,61885.30000000
1657497600000,59.80000000,59.80000000,55.40000000,55.70000000,63970.31300000
1657584000000,55.70000000,55.70000000,51.90000000,52.10000000,115691.00100000
1657670400000,52.10000000,55.10000000,50.00000000,55.10000000,108784.47962000
1657756800000,55.00000000,59.60000000,52.70000000,57.70000000,129203.22900000
1657843200000,57.70000000,60.00000000,57.00000000,58.40000000,115566.69100000
1657929600000,58.50000000,64.10000000,57.70000000,63.30000000,134279.74700000
1658016000000,63.20000000,64.00000000,59.20000000,59.50000000,123322.46700000
1658102400000,59.50000000,66.20000000,59.30000000,65.60000000,184068.67800000
1658188800000,65.60000000,67.20000000,62.10000000,64.70000000,189537.51500000
1658275200000,64.80000000,67.30000000,61.00000000,62.10000000,181758.73800000
1658361600000,62.20000000,62.70000000,59.10000000,62.00000000,103496.99300000
1658448000000,61.90000000,64.50000000,59.40000000,60.00000000,127272.80300000
1658534400000,59.90000000,63.00000000,57.20000000,59.20000000,106453.41000000
1658620800000,59.20000000,60.70000000,58.50000000,59.00000000,65151.91100000
1658707200000,59.10000000,59.60000000,54.20000000,54.30000000,97977.57100000
1658793600000,54.30000000,55.80000000,52.90000000,55.80000000,98335.97300000
1658880000000,55.70000000,61.80000000,54.50000000,61.60000000,262961.06200000
1658966400000,61.80000000,65.30000000,59.70000000,63.70000000,206940.14600000
1659052800000,63.60000000,66.80000000,61.90000000,63.50000000,193474.38400000
1659139200000,63.60000000,68.60000000,62.90000000,65.10000000,144740.85400000
1659225600000,65.20000000,70.00000000,64.10000000,64.50000000,161274.22500000
1659312000000,64.40000000,66.10000000,61.40000000,62.80000000,130115.28400000
1659398400000,62.80000000,63.50000000,58.90000000,61.50000000,120147.94900000
1659484800000,61.50000000,64.10000000,59.90000000,61.90000000,93930.63700000
1659571200000,61.80000000,65.50000000,61.70000000,64.40000000,97705.24200000
1659657600000,64.40000000,69.30000000,64.30000000,69.10000000,126443.23100000
1659744000000,69.00000000,69.60000000,66.90000000,67.60000000,84214.53300000
1659830400000,67.70000000,72.90000000,66.30000000,70.30000000,155245.20000000
1659916800000,70.30000000,79.00000000,69.70000000,77.40000000,236014.46200000
1660003200000,77.50000000,82.00000000,74.60000000,79.80000000,466592.31600000
1660089600000,79.80000000,79.90000000,72.70000000,78.70000000,358506.07400000
1660176000000,78.60000000,82.80000000,77.60000000,79.30000000,188565.35200000
1660262400000,79.20000000,81.10000000,76.50000000,77.30000000,114033.06500000
1660348800000,77.20000000,79.30000000,75.30000000,76.20000000,99399.79800000
1660435200000,76.10000000,77.70000000,72.60000000,73.80000000,100050.08000000
1660521600000,73.80000000,75.70000000,71.80000000,73.80000000,129982.48800000
1660608000000,73.70000000,76.80000000,72.30000000,76.00000000,120520.23500000
1660694400000,76.00000000,77.90000000,71.60000000,74.20000000,170825.35800000
1660780800000,74.20000000,76.80000000,69.80000000,70.10000000,123238.40700000
1660867200000,70.10000000,70.50000000,61.50000000,62.20000000,258711.09900000
1660953600000,62.30000000,64.60000000,61.40000000,63.00000000,116238.17900000
1661040000000,63.00000000,66.10000000,63.00000000,64.70000000,82946.72600000
1661126400000,64.70000000,65.10000000,60.70000000,65.00000000,91642.32600000
1661212800000,65.00000000,67.00000000,62.70000000,66.40000000,95312.89400000
1661299200000,66.40000000,69.60000000,64.70000000,67.60000000,90298.02200000
1661385600000,67.60000000,69.90000000,66.70000000,67.80000000,63575.88200000
1661472000000,67.80000000,68.20000000,60.30000000,61.10000000,134533.83700000
1661558400000,61.10000000,62.20000000,59.80000000,61.40000000,65263.87300000
1661644800000,61.50000000,62.90000000,60.80000000,61.20000000,65553.22800000
1661731200000,61.20000000,64.20000000,60.10000000,63.80000000,91933.77500000
1661817600000,63.80000000,64.60000000,59.70000000,60.00000000,85034.33400000
1661904000000,60.00000000,62.20000000,59.50000000,59.90000000,91014.96300000
1661990400000,59.90000000,60.20000000,56.90000000,59.00000000,102573.52800000
1662076800000,59.00000000,62.00000000,58.10000000,60.40000000,94849.83100000
1662163200000,60.40000000,62.70000000,59.90000000,62.70000000,78749.08900000
1662249600000,62.60000000,64.30000000,62.00000000,63.90000000,51355.26900000
1662336000000,64.00000000,64.40000000,62.10000000,63.30000000,47505.07300000
1662422400000,63.40000000,66.20000000,57.90000000,58.10000000,100893.00800000
1662508800000,58.00000000,60.00000000,57.00000000,59.30000000,72529.15800000
1662595200000,59.40000000,61.60000000,58.00000000,61.00000000,80675.47000000
1662681600000,61.10000000,66.90000000,61.00000000,66.00000000,116628.76000000
1662768000000,66.00000000,66.20000000,64.30000000,65.40000000,56819.04700000
1662854400000,65.20000000,66.00000000,63.10000000,64.30000000,55766.83400000
1662940800000,64.30000000,66.50000000,61.80000000,63.00000000,107225.24100000
1663027200000,63.10000000,64.00000000,58.60000000,58.90000000,155460.55400000
1663113600000,58.90000000,62.30000000,58.60000000,62.00000000,75578.83300000
1663200000000,61.90000000,62.10000000,58.10000000,58.30000000,92000.93800000
1663286400000,58.30000000,58.80000000,55.70000000,56.80000000,89308.81200000
1663372800000,56.70000000,58.80000000,56.60000000,58.70000000,36731.39500000
1663459200000,58.80000000,58.80000000,51.90000000,53.40000000,84641.35300000
1663545600000,53.30000000,55.60000000,51.80000000,55.20000000,84838.11100000
1663632000000,55.30000000,55.90000000,53.20000000,53.50000000,40897.46600000
1663718400000,53.50000000,57.60000000,52.20000000,53.50000000,95538.49600000
1663804800000,53.50000000,57.10000000,53.20000000,56.70000000,44309.10800000
1663891200000,56.70000000,58.50000000,54.40000000,56.00000000,78871.49200000
1663977600000,56.00000000,58.40000000,55.30000000,55.70000000,38720.73800000
1664064000000,55.70000000,57.20000000,55.20000000,56.20000000,29595.32900000
1664150400000,56.20000000,59.10000000,55.10000000,58.90000000,88791.31400000
1664236800000,58.90000000,61.60000000,56.20000000,57.00000000,86924.84200000
1664323200000,57.00000000,57.40000000,53.40000000,55.40000000,63761.78000000
1664409600000,55.40000000,56.90000000,54.50000000,56.70000000,41173.55700000
1664496000000,56.70000000,57.10000000,55.50000000,55.60000000,43971.93000000
1664582400000,55.70000000,57.30000000,55.20000000,55.30000000,41329.23300000
1664668800000,55.20000000,55.70000000,53.50000000,53.60000000,37257.14300000
1664755200000,53.60000000,56.20000000,53.00000000,55.90000000,30838.50700000
1664841600000,55.90000000,57.30000000,55.70000000,56.80000000,41315.60400000
1664928000000,56.80000000,58.20000000,56.10000000,56.70000000,63677.64900000
1665014400000,56.60000000,57.50000000,55.10000000,55.20000000,54209.34400000
1665100800000,55.10000000,55.70000000,54.10000000,54.70000000,36109.42900000
1665187200000,54.70000000,55.40000000,54.00000000,54.40000000,29124.92200000
1665273600000,54.40000000,55.20000000,53.80000000,54.80000000,37911.00300000
1665360000000,54.80000000,55.40000000,52.30000000,52.70000000,44723.15600000
1665446400000,52.60000000,52.70000000,51.20000000,51.50000000,35205.53500000
1665532800000,51.60000000,52.40000000,51.00000000,51.80000000,28849.19000000
1665619200000,51.80000000,52.00000000,47.50000000,51.00000000,82258.92000000
1665705600000,50.90000000,52.40000000,49.50000000,50.10000000,32681.43400000
1665792000000,50.00000000,51.70000000,49.60000000,50.90000000,24903.86000000
1665878400000,50.90000000,52.90000000,50.80000000,51.80000000,74983.56800000
1665964800000,51.90000000,53.50000000,51.30000000,52.80000000,33499.00600000
1666051200000,52.90000000,53.30000000,51.10000000,52.40000000,45695.45100000
1666137600000,52.50000000,53.00000000,50.30000000,50.70000000,52300.09600000
1666224000000,50.70000000,52.80000000,50.10000000,51.90000000,38633.05200000
1666310400000,51.90000000,52.60000000,49.80000000,52.10000000,40089.35900000
1666396800000,52.20000000,53.00000000,51.40000000,52.40000000,20059.04100000
1666483200000,52.40000000,53.20000000,51.50000000,53.10000000,38317.59100000
1666569600000,53.20000000,53.40000000,51.10000000,52.00000000,33738.21900000
1666656000000,51.90000000,54.00000000,51.70000000,53.20000000,49264.57300000
1666742400000,53.30000000,55.80000000,53.10000000,55.20000000,75309.20400000
1666828800000,55.00000000,56.60000000,52.70000000,52.90000000,54975.69400000
1666915200000,52.80000000,54.30000000,52.00000000,53.80000000,44644.14100000
1667001600000,53.90000000,55.40000000,53.50000000,54.30000000,49132.66700000
1667088000000,54.30000000,55.70000000,53.00000000,53.70000000,40771.69300000
1667174400000,53.60000000,54.00000000,51.80000000,52.60000000,42891.47100000
1667260800000,52.50000000,53.20000000,49.80000000,50.20000000,125496.13800000
1667347200000,50.20000000,52.30000000,49.40000000,50.30000000,92501.02200000
1667433600000,50.20000000,52.20000000,49.80000000,50.40000000,105146.17600000
1667520000000,50.40000000,54.00000000,50.00000000,53.80000000,116011.32600000
1667606400000,53.70000000,54.80000000,52.70000000,53.70000000,74639.03100000
1667692800000,53.60000000,53.90000000,50.10000000,50.30000000,65617.06100000
1667779200000,50.30000000,53.00000000,49.80000000,51.10000000,89763.11100000
1667865600000,51.10000000,51.80000000,36.00000000,42.20000000,273051.62500000
1667952000000,42.30000000,42.70000000,33.00000000,35.20000000,286259.42400000
1668038400000,35.20000000,40.60000000,34.20000000,39.20000000,221904.78200000
1668124800000,39.20000000,40.00000000,37.40000000,39.40000000,151356.98400000
1668211200000,39.40000000,40.70000000,36.70000000,40.10000000,95607.24300000
1668297600000,40.10000000,41.40000000,38.80000000,40.60000000,95580.97200000
1668384000000,40.50000000,42.00000000,38.10000000,40.50000000,93488.20700000
1668470400000,40.50000000,41.80000000,40.10000000,40.90000000,49452.66000000
1668556800000,40.80000000,41.30000000,38.60000000,39.00000000,89806.23600000
1668643200000,39.10000000,40.50000000,38.50000000,39.70000000,57178.33600000
1668729600000,39.70000000,40.30000000,38.70000000,39.20000000,33348.00700000
1668816000000,39.20000000,39.90000000,38.20000000,39.80000000,51957.66100000
1668902400000,39.80000000,41.20000000,37.80000000,38.00000000,56229.60300000
1668988800000,38.00000000,38.80000000,36.90000000,37.60000000,63001.64000000
1669075200000,37.60000000,40.00000000,37.10000000,40.00000000,50232.23700000
1669161600000,40.00000000,44.50000000,39.70000000,43.10000000,117848.99100000
1669248000000,43.10000000,43.80000000,42.30000000,43.70000000,41172.39000000
1669334400000,43.80000000,43.80000000,41.20000000,41.50000000,37277.46800000
1669420800000,41.40000000,42.60000000,41.10000000,41.40000000,33995.32600000
1669507200000,41.30000000,42.30000000,40.40000000,40.70000000,37849.41600000
1669593600000,40.70000000,41.10000000,38.80000000,39.60000000,50057.66100000
1669680000000,39.50000000,40.80000000,39.20000000,40.00000000,43286.55900000
1669766400000,40.10000000,44.00000000,40.10000000,43.40000000,93189.80300000
1669852800000,43.40000000,46.80000000,42.70000000,44.90000000,100879.69100000
1669939200000,45.00000000,46.70000000,44.30000000,46.10000000,49735.49100000
1670025600000,46.20000000,46.60000000,45.10000000,45.40000000,26705.84600000
1670112000000,45.50000000,46.10000000,44.80000000,45.90000000,48003.14800000
1670198400000,45.90000000,47.20000000,45.20000000,46.40000000,43008.73300000
1670284800000,46.40000000,46.70000000,45.10000000,46.20000000,36437.61500000
1670371200000,46.20000000,46.40000000,43.30000000,43.70000000,55272.61600000
1670457600000,43.70000000,45.20000000,43.30000000,45.00000000,35018.81500000
1670544000000,45.00000000,46.10000000,44.80000000,45.70000000,31286.69300000
1670630400000,45.70000000,46.30000000,45.40000000,45.50000000,17075.97200000
1670716800000,45.50000000,46.30000000,44.80000000,44.80000000,29248.85400000
1670803200000,44.80000000,46.60000000,43.60000000,46.00000000,57413.92800000
1670889600000,45.90000000,47.80000000,45.20000000,46.30000000,75801.97500000
1670976000000,46.30000000,47.60000000,46.20000000,46.30000000,47697.55000000
1671062400000,46.40000000,47.60000000,45.70000000,46.00000000,68348.75000000
1671148800000,45.90000000,47.20000000,40.10000000,41.00000000,104066.63600000
1671235200000,41.10000000,43.20000000,39.90000000,43.00000000,63490.90300000
1671321600000,43.00000000,46.60000000,42.50000000,43.40000000,74493.67600000
1671408000000,43.50000000,45.70000000,41.30000000,42.10000000,142722.52000000
1671494400000,42.20000000,43.00000000,41.50000000,42.10000000,41228.65800000
1671580800000,42.10000000,43.00000000,41.10000000,41.40000000,55333.31500000
1671667200000,41.50000000,41.80000000,38.60000000,39.40000000,88053.54600000
1671753600000,39.40000000,40.10000000,39.00000000,39.40000000,55613.25000000
1671840000000,39.40000000,40.10000000,39.00000000,39.70000000,34594.38800000
1671926400000,39.80000000,40.30000000,39.40000000,39.90000000,37159.70500000
1672012800000,39.90000000,40.50000000,39.80000000,40.30000000,41425.98200000
1672099200000,40.40000000,40.50000000,37.90000000,38.80000000,55415.44200000
1672185600000,38.80000000,39.00000000,37.00000000,37.40000000,82022.54700000
1672272000000,37.40000000,38.40000000,37.20000000,38.00000000,51675.83700000
1672358400000,38.00000000,38.20000000,36.90000000,37.90000000,65796.72800000
1672444800000,38.00000000,38.50000000,37.20000000,37.30000000,17428.83900000
1672531200000,37.30000000,37.50000000,36.50000000,37.20000000,28106.21200000
1672617600000,37.30000000,40.20000000,36.50000000,39.50000000,93721.68000000
1672704000000,39.60000000,40.60000000,39.40000000,40.10000000,73150.34800000
1672790400000,40.10000000,42.00000000,39.90000000,40.70000000,107173.83100000
1672876800000,40.80000000,41.20000000,39.40000000,39.80000000,62867.55500000
1672963200000,39.80000000,41.70000000,38.70000000,41.40000000,90260.53400000
1673049600000,41.40000000,43.00000000,40.80000000,41.50000000,77679.33100000
1673136000000,41.60000000,42.80000000,41.00000000,42.70000000,51391.26400000
1673222400000,42.80000000,44.80000000,42.50000000,43.10000000,89111.84100000
1673308800000,43.00000000,44.20000000,42.10000000,44.00000000,58476.74000000
1673395200000,44.00000000,44.60000000,42.60000000,44.30000000,67245.94800000
1673481600000,44.30000000,46.00000000,43.00000000,45.30000000,81687.59000000
1673568000000,45.30000000,45.90000000,43.90000000,45.40000000,89947.89300000
1673654400000,45.30000000,48.60000000,44.20000000,46.70000000,154572.59100000
1673740800000,46.60000000,47.00000000,44.30000000,44.80000000,152788.14500000
1673827200000,44.80000000,46.00000000,41.40000000,42.60000000,261573.37400000
1673913600000,42.50000000,45.50000000,41.80000000,44.60000000,186665.19600000
1674000000000,44.60000000,46.10000000,41.20000000,42.80000000,164881.86500000
1674086400000,42.80000000,45.20000000,42.70000000,44.40000000,104468.77500000
1674172800000,44.40000000,48.70000000,44.10000000,48.20000000,122299.58700000
1674259200000,48.10000000,50.10000000,47.30000000,48.00000000,144870.47500000
1674345600000,47.90000000,49.10000000,46.30000000,47.30000000,77045.27100000
1674432000000,47.20000000,48.50000000,46.50000000,47.00000000,82092.36300000
1674518400000,46.90000000,48.30000000,43.60000000,44.40000000,143608.09400000
1674604800000,44.40000000,46.50000000,43.50000000,45.40000000,102812.63100000
1674691200000,45.40000000,47.10000000,44.50000000,46.80000000,107415.96500000
1674777600000,46.80000000,47.20000000,45.40000000,46.50000000,68469.84100000
1674864000000,46.60000000,47.00000000,44.60000000,45.30000000,70842.93500000
1674950400000,45.30000000,48.10000000,45.00000000,47.10000000,133233.97400000
1675036800000,47.10000000,47.40000000,43.60000000,44.60000000,157015.15200000
1675123200000,44.60000000,46.00000000,44.10000000,45.20000000,86846.54300000
1675209600000,45.10000000,48.80000000,43.90000000,47.10000000,130466.79900000
1675296000000,47.10000000,48.40000000,45.40000000,45.90000000,170937.83300000
1675382400000,45.90000000,47.70000000,45.50000000,47.00000000,89697.35900000
1675468800000,47.00000000,47.40000000,46.10000000,46.60000000,73868.39700000
1675555200000,46.50000000,46.70000000,43.50000000,44.20000000,121799.64300000
1675641600000,44.30000000,44.90000000,42.60000000,43.40000000,87227.39800000
1675728000000,43.30000000,47.10000000,43.20000000,46.80000000,127058.43200000
1675814400000,46.70000000,47.20000000,44.50000000,45.30000000,120205.96300000
1675900800000,45.30000000,45.70000000,41.80000000,42.90000000,198144.57100000
1675987200000,42.80000000,44.70000000,42.30000000,43.60000000,134287.57600000
1676073600000,43.50000000,47.00000000,43.30000000,45.70000000,168639.41900000
1676160000000,45.70000000,48.70000000,44.40000000,46.30000000,219257.60900000
1676246400000,46.30000000,46.80000000,42.20000000,43.60000000,228128.60000000
1676332800000,43.50000000,44.20000000,41.90000000,43.60000000,177373.62700000
1676419200000,43.70000000,46.50000000,43.00000000,46.30000000,157857.81400000
1676505600000,46.20000000,47.10000000,43.10000000,43.50000000,231366.21300000
1676592000000,43.50000000,45.90000000,43.20000000,45.30000000,162226.03000000
1676678400000,45.30000000,47.10000000,45.30000000,46.10000000,145335.22000000
1676764800000,46.00000000,49.70000000,45.80000000,47.90000000,283074.33400000
1676851200000,47.80000000,51.30000000,46.60000000,50.30000000,322606.45700000
1676937600000,50.20000000,50.60000000,47.20000000,49.40000000,267078.72800000
1677024000000,49.50000000,50.00000000,45.70000000,48.00000000,190317.26900000
1677110400000,47.90000000,48.40000000,46.40000000,48.00000000,127476.72600000
1677196800000,47.90000000,48.70000000,44.30000000,45.30000000,139605.99200000
1677283200000,45.20000000,45.40000000,43.40000000,44.50000000,106036.08900000
1677369600000,44.50000000,45.40000000,44.10000000,45.20000000,82896.58900000
1677456000000,45.20000000,45.30000000,43.30000000,44.20000000,116606.38900000
1677542400000,44.20000000,44.60000000,42.70000000,43.00000000,81697.17600000
1677628800000,43.10000000,44.80000000,42.80000000,44.40000000,102591.83000000
1677715200000,44.30000000,44.50000000,42.90000000,43.60000000,64073.95700000
1677801600000,43.70000000,43.70000000,36.70000000,39.60000000,193227.94800000
1677888000000,39.60000000,40.00000000,37.30000000,38.60000000,90428.20800000
1677974400000,38.50000000,39.30000000,37.80000000,38.10000000,62980.31800000
1678060800000,38.10000000,38.80000000,37.30000000,38.50000000,106618.88300000
1678147200000,38.50000000,38.90000000,36.50000000,37.70000000,120369.33800000
1678233600000,37.70000000,37.90000000,35.00000000,35.60000000,99570.11500000
1678320000000,35.70000000,37.10000000,33.00000000,34.20000000,136764.16800000
1678406400000,34.10000000,34.30000000,30.50000000,32.10000000,304332.22400000
1678492800000,32.00000000,32.90000000,29.70000000,31.40000000,147130.33500000
1678579200000,31.40000000,34.40000000,30.40000000,34.20000000,178342.90600000
1678665600000,34.20000000,35.70000000,32.50000000,35.30000000,195069.91500000
1678752000000,35.30000000,37.80000000,34.30000000,36.10000000,236236.12300000
1678838400000,36.10000000,37.10000000,32.50000000,33.30000000,221663.56000000
1678924800000,33.20000000,34.30000000,32.70000000,33.90000000,168971.01000000
1679011200000,33.90000000,37.10000000,33.40000000,37.10000000,211671.20200000
1679097600000,37.10000000,38.00000000,35.20000000,35.90000000,190297.79300000
1679184000000,35.90000000,37.60000000,35.60000000,36.60000000,123556.61200000
1679270400000,36.60000000,37.80000000,34.00000000,34.30000000,185178.05300000
1679356800000,34.20000000,37.10000000,31.90000000,36.40000000,208943.15100000
1679443200000,36.30000000,36.50000000,33.50000000,34.70000000,169713.13900000
1679529600000,34.60000000,38.30000000,34.20000000,38.10000000,158824.14800000
1679616000000,38.00000000,38.60000000,35.00000000,35.90000000,157164.81200000
1679702400000,35.90000000,36.10000000,34.70000000,35.50000000,84947.97600000
1679788800000,35.50000000,36.90000000,35.20000000,36.30000000,72196.03100000
1679875200000,36.20000000,37.40000000,34.50000000,35.90000000,183685.31100000
1679961600000,35.90000000,37.20000000,35.40000000,36.30000000,123663.96900000
1680048000000,36.40000000,38.10000000,36.20000000,37.20000000,124783.24900000
1680134400000,37.20000000,38.00000000,36.10000000,37.80000000,141742.17900000
1680220800000,37.80000000,39.30000000,37.40000000,38.70000000,147565.32400000
1680307200000,38.80000000,38.90000000,37.30000000,38.30000000,104685.96200000
1680393600000,38.20000000,38.30000000,35.90000000,36.60000000,73875.44700000
1680480000000,36.50000000,37.20000000,35.00000000,36.40000000,125919.23200000
1680566400000,36.40000000,38.00000000,36.10000000,37.80000000,72075.10100000
1680652800000,37.70000000,38.70000000,37.40000000,38.00000000,87239.19400000
1680739200000,38.00000000,38.20000000,37.00000000,37.80000000,78460.41300000
1680825600000,37.70000000,39.00000000,36.60000000,37.70000000,79434.65300000
1680912000000,37.80000000,38.80000000,37.40000000,38.40000000,63888.61500000
1680998400000,38.40000000,40.10000000,37.50000000,39.80000000,151217.25900000
1681084800000,39.70000000,40.00000000,38.20000000,39.60000000,120009.88600000
1681171200000,39.60000000,41.20000000,39.00000000,39.70000000,125995.16600000
1681257600000,39.80000000,39.90000000,38.10000000,39.70000000,122198.30800000
1681344000000,39.70000000,42.20000000,39.50000000,41.20000000,189320.07600000
1681430400000,41.20000000,42.80000000,40.60000000,42.20000000,171103.75400000
1681516800000,42.10000000,43.30000000,41.10000000,42.90000000,133110.33200000
1681603200000,42.80000000,43.30000000,41.90000000,42.70000000,80032.33000000
1681689600000,42.60000000,42.70000000,41.30000000,41.60000000,74275.01900000
1681776000000,41.60000000,43.20000000,41.00000000,42.60000000,74054.39700000
1681862400000,42.60000000,42.70000000,37.20000000,38.20000000,168284.82000000
1681948800000,38.20000000,38.90000000,36.80000000,37.80000000,103765.69000000
1682035200000,37.70000000,38.50000000,35.60000000,36.60000000,81575.90500000
1682121600000,36.60000000,37.80000000,36.20000000,37.70000000,42830.72400000
1682208000000,37.80000000,37.90000000,35.50000000,37.10000000,44161.09700000
1682294400000,37.10000000,37.70000000,35.90000000,36.90000000,60180.82000000
1682380800000,36.90000000,37.50000000,35.60000000,37.30000000,85764.50200000
1682467200000,37.40000000,39.30000000,34.70000000,36.50000000,174515.23100000
1682553600000,36.50000000,38.70000000,36.20000000,38.10000000,141901.88100000
1682640000000,38.10000000,38.30000000,37.20000000,37.80000000,58110.20100000
1682726400000,37.80000000,38.70000000,37.50000000,38.60000000,47212.43300000
1682812800000,38.60000000,38.60000000,37.30000000,37.60000000,38261.75400000
1682899200000,37.60000000,38.00000000,36.00000000,36.40000000,101300.58200000
1682985600000,36.40000000,37.10000000,36.10000000,36.70000000,63990.79400000
1683072000000,36.70000000,37.20000000,36.10000000,37.00000000,109073.34400000
1683158400000,37.10000000,37.20000000,36.10000000,36.30000000,63847.25400000
1683244800000,36.40000000,37.70000000,36.20000000,37.10000000,81332.17900000
1683331200000,37.10000000,37.40000000,35.20000000,35.90000000,87594.88500000
1683417600000,35.80000000,36.10000000,35.10000000,35.30000000,63276.04600000
1683504000000,35.30000000,35.60000000,31.40000000,33.20000000,212939.55300000
1683590400000,33.10000000,33.40000000,32.50000000,33.30000000,91907.96300000
1683676800000,33.30000000,34.10000000,31.50000000,33.40000000,113067.61800000
1683763200000,33.40000000,33.40000000,31.40000000,32.60000000,87668.47000000
1683849600000,32.60000000,33.10000000,31.50000000,33.00000000,86014.13600000
1683936000000,33.00000000,33.10000000,32.30000000,32.70000000,37847.25000000
1684022400000,32.60000000,33.20000000,32.20000000,33.00000000,41762.00800000
1684108800000,33.00000000,33.60000000,32.40000000,32.90000000,62808.53600000
1684195200000,32.90000000,33.30000000,32.60000000,33.10000000,47209.57900000
1684281600000,33.10000000,34.20000000,32.80000000,33.90000000,109240.16100000
1684368000000,34.00000000,34.10000000,32.80000000,33.60000000,38787.90000000
1684454400000,33.60000000,33.80000000,33.30000000,33.50000000,41283.18100000
1684540800000,33.40000000,33.50000000,32.50000000,33.20000000,62342.43200000
1684627200000,33.10000000,33.30000000,32.00000000,32.10000000,73418.18900000
1684713600000,32.10000000,32.40000000,31.80000000,32.00000000,54787.66000000
1684800000000,32.10000000,32.80000000,31.90000000,32.30000000,40035.10200000
1684886400000,32.30000000,32.30000000,30.50000000,31.00000000,78768.50500000
1684972800000,31.00000000,32.20000000,30.10000000,31.30000000,86023.21100000
1685059200000,31.20000000,33.50000000,31.00000000,32.50000000,144860.65900000
1685145600000,32.60000000,32.90000000,32.10000000,32.80000000,39967.18300000
1685232000000,32.80000000,34.50000000,32.60000000,34.20000000,67620.39300000
1685318400000,34.20000000,34.30000000,33.40000000,33.60000000,41949.05900000
1685404800000,33.60000000,34.20000000,33.40000000,33.80000000,47157.39300000
1685491200000,33.80000000,34.10000000,31.90000000,32.20000000,62401.92100000
1685577600000,32.20000000,32.40000000,31.30000000,31.50000000,48235.99500000
1685664000000,31.50000000,32.30000000,31.20000000,32.20000000,30497.00900000
1685750400000,32.10000000,32.40000000,31.80000000,32.20000000,22996.78600000
1685836800000,32.20000000,32.40000000,31.80000000,31.90000000,25822.25600000
1685923200000,31.90000000,31.90000000,28.20000000,29.30000000,126690.62900000
1686009600000,29.40000000,30.40000000,29.00000000,30.00000000,103575.62200000
1686096000000,30.00000000,30.10000000,28.50000000,28.70000000,74973.93900000
1686182400000,28.80000000,29.40000000,28.20000000,29.00000000,62464.65100000
1686268800000,29.00000000,29.20000000,28.60000000,29.00000000,46418.41100000
1686355200000,29.10000000,29.10000000,21.70000000,23.90000000,380731.04900000
1686441600000,24.00000000,25.40000000,23.50000000,24.80000000,123518.79200000
1686528000000,24.80000000,25.20000000,23.90000000,25.20000000,110929.75400000
1686614400000,25.20000000,25.80000000,24.80000000,25.40000000,121221.24900000
1686700800000,25.40000000,25.80000000,23.90000000,24.40000000,102354.45000000
1686787200000,24.50000000,25.20000000,24.10000000,24.80000000,46237.99600000
1686873600000,24.80000000,25.31000000,23.91000000,25.23000000,88446.01500000
1686960000000,25.23000000,26.35000000,25.12000000,25.56000000,69460.25100000
1687046400000,25.57000000,26.54000000,25.37000000,25.76000000,59024.19700000
1687132800000,25.76000000,26.70000000,25.53000000,26.26000000,73629.00600000
1687219200000,26.27000000,26.81000000,25.72000000,26.41000000,157373.04800000
1687305600000,26.41000000,27.70000000,26.31000000,27.33000000,134286.41800000
1687392000000,27.33000000,28.07000000,26.13000000,26.16000000,112811.79600000
1687478400000,26.16000000,29.98000000,26.13000000,28.76000000,205679.99600000
1687564800000,28.76000000,29.67000000,28.15000000,29.42000000,96930.06100000
1687651200000,29.43000000,31.43000000,29.31000000,30.52000000,136323.58500000
1687737600000,30.51000000,32.14000000,29.68000000,30.34000000,136777.12800000
1687824000000,30.35000000,30.82000000,29.80000000,30.27000000,91317.45700000
1687910400000,30.27000000,30.28000000,27.57000000,28.89000000,114593.19900000
1687996800000,28.88000000,30.63000000,28.87000000,29.61000000,109450.82600000
1688083200000,29.61000000,34.72000000,29.56000000,33.84000000,364934.52600000
1688169600000,33.83000000,34.78000000,33.06000000,34.08000000,169872.20000000
1688256000000,34.06000000,34.11000000,32.26000000,32.78000000,82262.37200000
1688342400000,32.77000000,34.13000000,32.60000000,33.25000000,139122.47600000
1688428800000,33.24000000,33.95000000,32.37000000,33.14000000,95659.27900000
1688515200000,33.17000000,34.38000000,31.18000000,31.77000000,180052.03700000
1688601600000,31.79000000,33.35000000,30.36000000,30.37000000,127985.31100000
1688688000000,30.39000000,31.46000000,29.19000000,29.58000000,227609.57700000
1688774400000,29.58000000,29.79000000,27.78000000,28.77000000,154945.30200000
1688860800000,28.77000000,29.15000000,28.35000000,28.54000000,66843.13200000
1688947200000,28.54000000,29.52000000,27.46000000,28.89000000,119511.71600000
1689033600000,28.89000000,29.23000000,28.43000000,28.94000000,69967.58000000
1689120000000,28.95000000,29.80000000,28.38000000,29.22000000,89612.15500000
1689206400000,29.22000000,33.05000000,28.90000000,32.86000000,210261.72600000
1689292800000,32.86000000,33.64000000,30.47000000,31.86000000,148983.10500000
1689379200000,31.86000000,32.27000000,30.97000000,31.27000000,80978.43200000
1689465600000,31.27000000,31.59000000,30.45000000,30.84000000,67897.51400000
1689552000000,30.84000000,32.52000000,30.30000000,32.41000000,127894.86700000
1689638400000,32.41000000,32.93000000,30.59000000,31.23000000,91984.62500000
1689724800000,31.23000000,31.83000000,30.87000000,31.30000000,64057.89500000
1689811200000,31.32000000,32.14000000,30.54000000,31.18000000,80756.98900000
1689897600000,31.19000000,31.97000000,30.95000000,31.45000000,91002.34200000
1689984000000,31.45000000,32.08000000,30.95000000,31.36000000,82034.24100000
1690070400000,31.36000000,32.49000000,31.02000000,31.75000000,88445.72000000
1690156800000,31.74000000,31.78000000,29.40000000,29.92000000,130562.16000000
1690243200000,29.94000000,30.25000000,29.51000000,29.81000000,71729.07700000
1690329600000,29.81000000,30.57000000,29.35000000,29.99000000,77924.65900000
1690416000000,29.99000000,30.53000000,29.66000000,30.09000000,52052.88200000
1690502400000,30.07000000,30.85000000,30.00000000,30.65000000,46986.66300000
1690588800000,30.64000000,30.78000000,30.23000000,30.37000000,49604.95100000
1690675200000,30.38000000,30.44000000,28.79000000,29.90000000,69275.40900000
1690761600000,29.89000000,30.40000000,29.65000000,30.29000000,74597.41600000
1690848000000,30.29000000,30.57000000,29.24000000,30.54000000,66121.58500000
1690934400000,30.55000000,30.74000000,29.32000000,29.68000000,83290.26600000
1691020800000,29.66000000,30.00000000,29.37000000,29.69000000,47178.84400000
1691107200000,29.70000000,29.84000000,28.84000000,29.14000000,44595.40300000
1691193600000,29.14000000,29.34000000,28.67000000,29.29000000,44212.82000000
1691280000000,29.29000000,29.79000000,29.23000000,29.36000000,57048.69500000
1691366400000,29.35000000,29.76000000,28.75000000,29.20000000,81517.64500000
1691452800000,29.20000000,29.94000000,29.11000000,29.53000000,54843.40200000
1691539200000,29.52000000,29.72000000,29.24000000,29.51000000,42186.57900000
1691625600000,29.51000000,29.87000000,29.39000000,29.47000000,42507.24500000
1691712000000,29.47000000,29.83000000,29.32000000,29.63000000,41159.98200000
1691798400000,29.63000000,29.78000000,29.09000000,29.23000000,45136.48600000
1691884800000,29.24000000,30.72000000,29.13000000,29.93000000,66358.82500000
1691971200000,29.92000000,30.08000000,29.42000000,29.63000000,56119.81400000
1692057600000,29.61000000,29.62000000,26.41000000,28.14000000,95053.69900000
1692144000000,28.12000000,28.19000000,25.96000000,26.73000000,83259.69600000
1692230400000,26.74000000,27.13000000,21.70000000,24.31000000,141404.80800000
1692316800000,24.36000000,25.05000000,24.15000000,24.39000000,84770.28600000
1692403200000,24.39000000,25.11000000,24.30000000,24.90000000,52595.14900000
1692489600000,24.89000000,25.50000000,24.67000000,25.13000000,47119.96500000
1692576000000,25.13000000,25.28000000,24.08000000,24.85000000,37285.64900000
1692662400000,24.84000000,25.77000000,24.12000000,24.98000000,95269.26900000
1692748800000,25.00000000,25.88000000,24.64000000,25.48000000,99785.47000000
1692835200000,25.49000000,25.58000000,24.07000000,24.79000000,68579.34300000
1692921600000,24.80000000,25.40000000,24.30000000,25.03000000,76230.41500000
1693008000000,25.03000000,25.10000000,24.69000000,24.90000000,54021.19100000
1693094400000,24.90000000,25.23000000,24.52000000,25.10000000,50437.03700000
1693180800000,25.10000000,25.44000000,24.70000000,25.35000000,53417.21100000
1693267200000,25.36000000,27.25000000,24.70000000,26.39000000,162981.17400000
1693353600000,26.40000000,26.43000000,25.42000000,26.25000000,66939.29400000
1693440000000,26.23000000,26.26000000,24.15000000,24.76000000,60445.53300000
1693526400000,24.76000000,24.93000000,23.60000000,24.22000000,72631.03300000
1693612800000,24.22000000,24.75000000,24.03000000,24.74000000,60059.62100000
1693699200000,24.75000000,25.03000000,24.60000000,24.75000000,45490.75300000
1693785600000,24.76000000,25.23000000,24.12000000,24.54000000,50395.01200000
1693872000000,24.53000000,24.89000000,24.28000000,24.64000000,38424.33100000
1693958400000,24.63000000,25.21000000,24.55000000,25.15000000,56917.74200000
1694044800000,25.15000000,25.51000000,24.69000000,25.34000000,67209.24300000
1694131200000,25.35000000,25.93000000,24.76000000,25.04000000,79211.40500000
1694217600000,25.04000000,25.46000000,24.95000000,25.35000000,30998.84700000
1694304000000,25.38000000,25.38000000,24.25000000,24.80000000,69853.99400000
1694390400000,24.80000000,25.16000000,23.85000000,24.60000000,83752.42700000
1694476800000,24.60000000,25.66000000,24.52000000,24.78000000,97495.89000000
1694563200000,24.78000000,25.77000000,24.74000000,25.33000000,67880.90400000
1694649600000,25.34000000,25.80000000,25.14000000,25.32000000,59811.46900000
1694736000000,25.33000000,26.24000000,25.22000000,26.07000000,71678.35900000
1694822400000,26.09000000,26.52000000,25.82000000,26.05000000,31683.19600000
1694908800000,26.05000000,26.07000000,25.09000000,25.48000000,39882.21600000
1694995200000,25.45000000,26.23000000,25.24000000,25.39000000,53989.77400000
1695081600000,25.37000000,26.16000000,25.25000000,25.83000000,45979.22500000
1695168000000,25.81000000,28.17000000,25.69000000,26.10000000,63656.15500000
1695254400000,26.14000000,26.35000000,25.60000000,26.09000000,51991.85300000
1695340800000,26.11000000,26.76000000,25.86000000,26.68000000,59871.52000000
1695427200000,26.70000000,26.90000000,26.42000000,26.62000000,30337.49100000
1695513600000,26.61000000,26.79000000,25.72000000,25.86000000,34590.85500000
1695600000000,25.83000000,26.50000000,25.60000000,26.13000000,32152.68200000
1695686400000,26.11000000,26.38000000,25.81000000,26.24000000,43449.86900000
1695772800000,26.23000000,26.51000000,25.86000000,26.07000000,32935.14100000
1695859200000,26.06000000,26.47000000,25.92000000,26.43000000,30411.53700000
1695945600000,26.44000000,27.04000000,26.38000000,26.69000000,62715.97100000
1696032000000,26.70000000,27.26000000,26.54000000,26.91000000,35583.06400000
1696118400000,26.91000000,28.23000000,26.89000000,28.06000000,46959.50900000
1696204800000,28.06000000,28.31000000,26.89000000,27.29000000,58749.31900000
1696291200000,27.30000000,27.79000000,26.64000000,26.90000000,41168.76000000
1696377600000,26.92000000,27.27000000,26.00000000,27.13000000,61765.34100000
1696464000000,27.12000000,27.35000000,26.79000000,27.11000000,28883.67900000
1696550400000,27.14000000,27.54000000,26.67000000,26.73000000,43311.75400000
1696636800000,26.73000000,27.23000000,26.55000000,27.00000000,44798.23300000
1696723200000,26.99000000,27.15000000,26.04000000,26.22000000,42499.92300000
1696809600000,26.20000000,26.46000000,24.75000000,25.57000000,66542.40100000
1696896000000,25.58000000,25.85000000,25.12000000,25.48000000,33148.26500000
1696982400000,25.49000000,25.61000000,24.68000000,25.11000000,77046.53400000
1697068800000,25.10000000,25.29000000,24.50000000,24.52000000,49475.24500000
1697155200000,24.53000000,25.26000000,24.38000000,24.97000000,49707.52400000
1697241600000,24.94000000,25.27000000,24.93000000,24.95000000,22496.22900000
1697328000000,24.95000000,25.30000000,24.85000000,25.13000000,34239.17700000
1697414400000,25.14000000,26.30000000,25.13000000,25.60000000,74700.56400000
1697500800000,25.61000000,25.68000000,24.40000000,24.61000000,61563.75600000
1697587200000,24.59000000,25.11000000,24.48000000,24.77000000,105836.16500000
1697673600000,24.76000000,25.13000000,24.41000000,25.01000000,73652.97600000
1697760000000,25.01000000,25.79000000,24.95000000,25.26000000,68557.21400000
1697846400000,25.30000000,25.94000000,25.23000000,25.65000000,69676.66000000
1697932800000,25.65000000,26.00000000,25.10000000,25.87000000,58930.06800000
1698019200000,25.88000000,27.67000000,25.75000000,27.26000000,134745.69100000
1698105600000,27.30000000,28.18000000,26.55000000,27.51000000,130300.77500000
1698192000000,27.50000000,27.95000000,26.93000000,27.42000000,94387.03900000
1698278400000,27.42000000,29.00000000,26.93000000,27.78000000,123868.31000000
1698364800000,27.76000000,27.90000000,26.40000000,27.31000000,76713.44200000
1698451200000,27.31000000,28.08000000,27.24000000,27.86000000,77501.33500000
1698537600000,27.86000000,28.38000000,27.50000000,28.22000000,56601.29400000
1698624000000,28.22000000,28.72000000,27.82000000,28.49000000,79602.62400000
1698710400000,28.49000000,28.95000000,27.45000000,28.32000000,135459.23000000
1698796800000,28.32000000,28.99000000,27.39000000,28.66000000,95948.91400000
1698883200000,28.66000000,29.28000000,27.10000000,27.50000000,119762.52700000
1698969600000,27.50000000,27.69000000,26.58000000,27.67000000,109659.57400000
1699056000000,27.65000000,28.30000000,27.51000000,28.16000000,77628.62600000
1699142400000,28.18000000,28.91000000,27.97000000,28.64000000,114774.39100000
1699228800000,28.63000000,29.88000000,28.20000000,29.85000000,95318.96000000
1699315200000,29.83000000,30.24000000,28.28000000,29.26000000,116234.04500000
1699401600000,29.23000000,30.37000000,28.96000000,30.04000000,112835.85200000
1699488000000,30.06000000,31.00000000,25.63000000,29.52000000,288497.44800000
1699574400000,29.51000000,30.65000000,28.82000000,30.36000000,150764.76200000
1699660800000,30.37000000,30.77000000,28.92000000,30.43000000,208514.27300000
1699747200000,30.43000000,31.66000000,29.22000000,31.18000000,202212.18600000
1699833600000,31.20000000,31.77000000,29.50000000,29.60000000,166842.23300000
1699920000000,29.60000000,30.49000000,28.10000000,29.39000000,169562.04600000
1700006400000,29.36000000,31.00000000,29.22000000,30.37000000,122370.06200000
1700092800000,30.37000000,31.00000000,28.88000000,29.54000000,146249.92300000
1700179200000,29.54000000,30.38000000,28.18000000,29.33000000,131762.03700000
1700265600000,29.32000000,29.32000000,27.67000000,28.89000000,83304.45200000
1700352000000,28.89000000,29.36000000,28.17000000,29.23000000,90336.25700000
1700438400000,29.25000000,29.64000000,28.40000000,28.92000000,108151.20900000
1700524800000,28.96000000,29.33000000,26.53000000,26.80000000,145364.20900000
1700611200000,26.78000000,28.72000000,26.72000000,28.50000000,145593.40400000
1700697600000,28.50000000,28.91000000,28.15000000,28.83000000,57210.56100000
1700784000000,28.83000000,30.31000000,28.73000000,29.63000000,160127.01200000
1700870400000,29.62000000,30.43000000,29.46000000,30.14000000,68834.16700000
1700956800000,30.13000000,30.23000000,28.74000000,29.55000000,66806.69800000
1701043200000,29.56000000,29.75000000,28.28000000,28.78000000,78766.24800000
1701129600000,28.79000000,29.50000000,28.11000000,29.02000000,107692.81200000
1701216000000,29.03000000,29.36000000,28.72000000,29.07000000,70193.83500000
1701302400000,29.07000000,29.89000000,28.92000000,29.54000000,79293.53700000
1701388800000,29.54000000,29.90000000,29.22000000,29.80000000,57224.51500000
1701475200000,29.79000000,31.74000000,29.76000000,31.40000000,110181.13600000
1701561600000,31.40000000,32.13000000,30.48000000,30.84000000,217224.51600000
1701648000000,30.84000000,31.88000000,30.00000000,31.71000000,156934.70100000
1701734400000,31.72000000,32.09000000,30.41000000,31.73000000,125195.30500000
1701820800000,31.74000000,31.99000000,30.45000000,31.20000000,146257.81000000
1701907200000,31.19000000,32.43000000,30.78000000,32.03000000,138149.97700000
1701993600000,32.05000000,33.81000000,31.77000000,33.45000000,146891.94800000
1702080000000,33.44000000,34.77000000,33.03000000,33.47000000,159639.20600000
1702166400000,33.46000000,34.24000000,32.92000000,33.62000000,103777.23200000
1702252800000,33.63000000,33.73000000,28.90000000,30.40000000,299736.03100000
1702339200000,30.40000000,31.20000000,30.13000000,30.99000000,154820.98400000
1702425600000,30.99000000,31.27000000,29.42000000,30.67000000,143863.81800000
1702512000000,30.68000000,31.05000000,29.55000000,30.63000000,121777.59900000
1702598400000,30.62000000,30.69000000,29.28000000,29.51000000,112225.91900000
1702684800000,29.50000000,30.44000000,29.23000000,29.99000000,100866.60500000
1702771200000,29.98000000,30.44000000,29.49000000,29.76000000,106703.75700000
1702857600000,29.74000000,29.91000000,27.48000000,28.93000000,208094.98000000
1702944000000,28.95000000,29.60000000,27.45000000,27.89000000,219561.45300000
1703030400000,27.86000000,30.54000000,27.62000000,29.16000000,233774.54100000
1703116800000,29.19000000,30.41000000,28.91000000,29.98000000,129263.06500000
1703203200000,29.99000000,30.48000000,29.59000000,30.40000000,149223.76400000
1703289600000,30.39000000,30.50000000,29.64000000,30.38000000,131064.55000000
1703376000000,30.38000000,31.07000000,29.37000000,30.14000000,209864.12100000
1703462400000,30.14000000,31.66000000,29.96000000,31.25000000,195256.21200000
1703548800000,31.23000000,31.77000000,29.12000000,30.37000000,294466.00500000
1703635200000,30.40000000,32.30000000,29.23000000,31.81000000,273432.77300000
1703721600000,31.81000000,32.80000000,31.43000000,31.90000000,257863.42000000
1703808000000,31.88000000,32.05000000,28.00000000,28.65000000,725854.95000000
1703894400000,28.63000000,29.08000000,28.14000000,28.63000000,192183.77800000
1703980800000,28.63000000,28.80000000,25.69000000,26.92000000,226971.04900000
1704067200000,26.92000000,27.87000000,26.29000000,27.78000000,226145.90900000
1704153600000,27.78000000,28.30000000,27.11000000,27.59000000,166609.48000000
1704240000000,27.62000000,28.25000000,21.00000000,25.03000000,452012.71700000
1704326400000,25.02000000,25.40000000,23.94000000,24.17000000,394982.25900000
1704412800000,24.13000000,24.36000000,22.02000000,23.54000000,320263.15500000
1704499200000,23.55000000,23.60000000,22.03000000,23.08000000,183733.70000000
1704585600000,23.05000000,23.40000000,21.66000000,21.92000000,168731.37600000
1704672000000,21.92000000,21.99000000,20.19000000,21.25000000,613787.70100000
1704758400000,21.25000000,21.31000000,18.50000000,19.66000000,684949.30700000
1704844800000,19.67000000,22.68000000,19.39000000,22.31000000,437350.76600000
1704931200000,22.30000000,24.99000000,21.99000000,24.43000000,589622.11500000
1705017600000,24.42000000,25.50000000,22.54000000,23.75000000,439324.39900000
1705104000000,23.74000000,23.91000000,22.85000000,23.37000000,147310.41400000
1705190400000,23.38000000,24.15000000,22.65000000,22.72000000,157236.37200000
1705276800000,22.72000000,24.56000000,22.72000000,23.64000000,291142.16900000
1705363200000,23.64000000,23.84000000,22.78000000,23.18000000,127349.36200000
1705449600000,23.18000000,23.42000000,22.55000000,22.92000000,89240.53200000
1705536000000,22.92000000,23.28000000,21.92000000,22.50000000,188986.24000000
1705622400000,22.51000000,23.69000000,21.66000000,23.62000000,155555.31600000
1705708800000,23.61000000,24.00000000,23.23000000,23.61000000,102940.24200000
1705795200000,23.58000000,24.27000000,22.80000000,23.37000000,128298.50500000
1705881600000,23.38000000,23.54000000,22.12000000,22.26000000,168722.80300000
1705968000000,22.25000000,22.55000000,20.52000000,21.43000000,161993.20100000
1706054400000,21.45000000,22.50000000,21.33000000,21.94000000,134537.13600000
1706140800000,21.94000000,22.55000000,21.70000000,22.40000000,96186.76400000
1706227200000,22.39000000,22.89000000,22.07000000,22.70000000,78635.10200000
1706313600000,22.70000000,22.88000000,22.27000000,22.72000000,57361.72300000
1706400000000,22.74000000,23.00000000,21.83000000,22.17000000,71086.51500000
1706486400000,22.18000000,23.02000000,22.08000000,22.99000000,75677.57800000
1706572800000,23.01000000,23.26000000,22.44000000,22.58000000,87217.00000000
1706659200000,22.60000000,22.76000000,21.30000000,21.70000000,102556.62900000
1706745600000,21.69000000,21.86000000,21.21000000,21.71000000,69994.23500000
1706832000000,21.70000000,22.11000000,21.63000000,22.07000000,55961.22700000
1706918400000,22.07000000,22.23000000,21.90000000,22.09000000,39457.76000000
1707004800000,22.09000000,22.13000000,21.25000000,21.42000000,48222.40200000
1707091200000,21.41000000,21.68000000,21.08000000,21.37000000,62752.96700000
1707177600000,21.37000000,21.56000000,19.18000000,19.22000000,390480.12100000
1707264000000,19.23000000,20.97000000,19.09000000,20.82000000,222119.41400000
1707350400000,20.82000000,20.91000000,20.47000000,20.87000000,117463.48100000
1707436800000,20.86000000,21.21000000,20.59000000,21.09000000,111343.05200000
1707523200000,21.13000000,21.21000000,20.35000000,20.89000000,138912.58600000
1707609600000,20.90000000,21.30000000,20.21000000,20.34000000,113545.03200000
1707696000000,20.34000000,21.19000000,20.00000000,21.07000000,127624.36600000
1707782400000,21.09000000,21.21000000,20.23000000,20.83000000,149337.06700000
1707868800000,20.84000000,21.41000000,20.61000000,21.30000000,117913.42300000
1707955200000,21.30000000,22.39000000,21.18000000,22.30000000,178698.94800000
1708041600000,22.33000000,22.93000000,21.97000000,22.66000000,130591.37700000
1708128000000,22.65000000,24.98000000,22.46000000,24.84000000,521669.63500000
1708214400000,24.83000000,27.12000000,24.60000000,25.64000000,516547.62800000
1708300800000,25.64000000,27.25000000,25.11000000,26.87000000,284072.95100000
1708387200000,26.87000000,27.35000000,23.19000000,24.81000000,316362.33400000
1708473600000,24.82000000,25.14000000,23.43000000,24.48000000,160874.61200000
1708560000000,24.48000000,29.87000000,23.71000000,26.74000000,873038.91200000
1708646400000,26.73000000,27.89000000,26.03000000,26.83000000,335250.50300000
1708732800000,26.80000000,28.15000000,26.80000000,27.95000000,165872.17200000
1708819200000,27.96000000,28.25000000,27.33000000,27.73000000,138840.51800000
1708905600000,27.71000000,28.97000000,27.64000000,28.06000000,183141.08100000
1708992000000,28.10000000,30.00000000,27.97000000,28.76000000,240725.46100000
1709078400000,28.74000000,29.68000000,26.00000000,28.31000000,427446.50100000
1709164800000,28.31000000,30.44000000,27.00000000,27.89000000,309601.02700000
1709251200000,27.92000000,30.00000000,27.88000000,29.54000000,187102.64900000
1709337600000,29.54000000,33.35000000,29.20000000,33.09000000,336389.23300000
1709424000000,33.05000000,33.30000000,29.50000000,31.60000000,306880.00400000
1709510400000,31.62000000,33.25000000,30.80000000,32.79000000,324965.64400000
1709596800000,32.79000000,35.00000000,26.26000000,30.32000000,575026.29100000
1709683200000,30.32000000,33.04000000,28.99000000,32.82000000,240410.01500000
1709769600000,32.87000000,34.48000000,32.59000000,34.04000000,250215.69400000
1709856000000,34.06000000,35.00000000,32.20000000,34.58000000,277453.63900000
1709942400000,34.58000000,35.62000000,33.72000000,34.24000000,258484.32200000
1710028800000,34.25000000,34.89000000,32.07000000,33.75000000,306180.68600000
1710115200000,33.75000000,35.11000000,31.31000000,34.85000000,419903.14200000
1710201600000,34.85000000,35.11000000,31.16000000,34.19000000,286520.01500000
1710288000000,34.17000000,35.65000000,33.04000000,34.85000000,369302.36200000
1710374400000,34.85000000,35.60000000,31.83000000,34.07000000,341427.27500000
1710460800000,34.06000000,35.10000000,29.06000000,31.49000000,324663.37900000
1710547200000,31.50000000,32.18000000,28.20000000,29.08000000,254577.80300000
1710633600000,29.08000000,29.90000000,27.22000000,29.26000000,209065.61400000
1710720000000,29.25000000,29.49000000,26.94000000,27.54000000,225631.47600000
1710806400000,27.55000000,27.85000000,24.36000000,25.03000000,369893.73100000
1710892800000,25.01000000,28.51000000,24.30000000,28.31000000,320513.05300000
1710979200000,28.29000000,30.00000000,28.21000000,29.38000000,232709.34900000
1711065600000,29.39000000,29.70000000,27.79000000,28.76000000,190588.16000000
1711152000000,28.78000000,29.52000000,28.23000000,28.69000000,108530.24000000
1711238400000,28.68000000,29.89000000,28.59000000,29.79000000,103022.26000000
1711324800000,29.79000000,30.71000000,29.49000000,30.34000000,137785.24000000
1711411200000,30.34000000,31.90000000,30.34000000,31.63000000,173958.07500000
1711497600000,31.64000000,32.00000000,29.75000000,31.00000000,148533.27400000
1711584000000,31.03000000,31.70000000,30.37000000,30.78000000,77553.89100000
1711670400000,30.78000000,31.49000000,29.94000000,30.71000000,170028.88500000
1711756800000,30.72000000,30.88000000,29.80000000,30.08000000,104328.66100000
1711843200000,30.07000000,30.83000000,29.97000000,30.44000000,112832.56200000
1711929600000,30.44000000,30.54000000,27.91000000,28.94000000,231835.67700000
1712016000000,28.96000000,28.98000000,27.00000000,27.66000000,216704.51000000
1712102400000,27.66000000,28.42000000,26.70000000,27.17000000,167701.39600000
1712188800000,27.16000000,28.21000000,26.75000000,27.66000000,137887.30300000
1712275200000,27.64000000,27.72000000,26.50000000,27.29000000,94781.45100000
1712361600000,27.29000000,27.86000000,27.15000000,27.49000000,58876.58100000
1712448000000,27.50000000,28.14000000,27.44000000,27.86000000,74027.20900000
1712534400000,27.84000000,28.70000000,27.32000000,28.52000000,126665.97000000
1712620800000,28.53000000,28.81000000,27.42000000,27.62000000,146435.69100000
1712707200000,27.61000000,27.78000000,26.00000000,27.05000000,173922.43500000
1712793600000,27.06000000,27.21000000,26.23000000,26.52000000,91083.90400000
1712880000000,26.52000000,27.03000000,21.50000000,23.23000000,363584.13800000
1712966400000,23.21000000,23.90000000,17.94000000,20.48000000,468660.01900000
1713052800000,20.44000000,22.13000000,19.73000000,21.97000000,275015.59900000
1713139200000,21.97000000,22.95000000,20.39000000,21.20000000,232187.37000000
1713225600000,21.23000000,21.81000000,20.30000000,21.43000000,142744.92500000
1713312000000,21.39000000,22.09000000,20.05000000,21.05000000,182300.39400000
1713398400000,21.04000000,22.16000000,20.44000000,22.02000000,155605.87800000
1713484800000,22.00000000,22.88000000,20.23000000,22.25000000,168904.36200000
1713571200000,22.25000000,23.41000000,21.93000000,23.24000000,87665.60400000
1713657600000,23.23000000,24.08000000,22.39000000,22.73000000,127527.07400000
1713744000000,22.75000000,24.55000000,22.65000000,24.30000000,146152.91200000
1713830400000,24.30000000,24.48000000,23.55000000,23.97000000,100402.22800000
1713916800000,23.95000000,24.45000000,22.61000000,22.91000000,95861.08900000
1714003200000,22.88000000,23.62000000,22.28000000,23.34000000,96254.30300000
1714089600000,23.34000000,23.42000000,22.57000000,22.88000000,84781.17000000
1714176000000,22.89000000,23.27000000,22.12000000,23.22000000,76733.45900000
1714262400000,23.26000000,23.65000000,22.39000000,22.48000000,94618.27100000
1714348800000,22.47000000,22.79000000,21.79000000,22.36000000,131748.50100000
1714435200000,22.36000000,22.56000000,20.46000000,21.35000000,129303.20900000
1714521600000,21.34000000,22.34000000,20.18000000,22.23000000,146149.89600000
1714608000000,22.22000000,23.07000000,21.57000000,22.76000000,111159.35000000
1714694400000,22.76000000,23.44000000,22.17000000,23.02000000,89052.68800000
1714780800000,23.03000000,23.35000000,22.72000000,23.10000000,62830.11900000
1714867200000,23.10000000,23.32000000,22.63000000,23.09000000,91418.04800000
1714953600000,23.09000000,24.01000000,22.82000000,22.86000000,125890.56700000
1715040000000,22.86000000,23.60000000,22.37000000,22.42000000,122726.51300000
1715126400000,22.43000000,23.71000000,22.25000000,23.49000000,150918.40700000
1715212800000,23.49000000,23.86000000,22.88000000,23.46000000,95702.09900000
1715299200000,23.46000000,24.07000000,22.70000000,22.85000000,109901.35500000
1715385600000,22.86000000,23.05000000,22.45000000,22.50000000,57952.09900000
1715472000000,22.50000000,22.99000000,22.31000000,22.36000000,43130.46400000
1715558400000,22.36000000,22.73000000,21.55000000,22.19000000,120239.36000000
1715644800000,22.19000000,22.58000000,21.84000000,21.94000000,79885.01800000
1715731200000,21.94000000,23.38000000,21.89000000,23.24000000,136854.86100000
1715817600000,23.24000000,23.90000000,22.87000000,23.69000000,94057.01100000
1715904000000,23.68000000,23.95000000,23.18000000,23.58000000,79832.06400000
1715990400000,23.58000000,23.73000000,23.17000000,23.57000000,43993.57900000
1716076800000,23.58000000,23.88000000,22.97000000,23.25000000,72876.68000000
1716163200000,23.24000000,25.09000000,23.02000000,25.03000000,143613.48000000
1716249600000,25.03000000,25.50000000,24.22000000,24.62000000,147738.59400000
1716336000000,24.61000000,24.96000000,24.10000000,24.70000000,79301.05200000
1716422400000,24.70000000,26.13000000,23.42000000,25.33000000,188213.69300000
1716508800000,25.31000000,28.00000000,25.20000000,27.75000000,340846.45900000
1716595200000,27.74000000,27.82000000,26.47000000,26.91000000,81386.51900000
1716681600000,26.87000000,27.18000000,26.17000000,26.52000000,49296.64200000
1716768000000,26.55000000,28.14000000,26.00000000,27.00000000,127186.03300000
1716854400000,26.98000000,27.06000000,26.18000000,26.66000000,74806.48400000
1716940800000,26.64000000,27.43000000,26.35000000,26.83000000,73733.93500000
1717027200000,26.82000000,27.25000000,26.20000000,26.72000000,81177.12400000
1717113600000,26.73000000,27.17000000,26.34000000,26.97000000,60968.18300000
1717200000000,26.98000000,27.08000000,26.32000000,27.06000000,54652.91800000
1717286400000,27.05000000,27.35000000,26.22000000,26.41000000,101286.53500000
1717372800000,26.37000000,26.85000000,25.31000000,25.50000000,127680.72000000
1717459200000,25.52000000,28.65000000,25.03000000,27.57000000,219157.24400000
1717545600000,27.58000000,27.79000000,26.38000000,26.51000000,117629.41800000
1717632000000,26.52000000,27.39000000,26.02000000,26.76000000,75706.49300000
1717718400000,26.77000000,27.03000000,23.00000000,24.89000000,175714.21600000
1717804800000,24.90000000,25.30000000,22.73000000,22.97000000,133434.25200000
1717891200000,22.97000000,23.78000000,22.94000000,23.74000000,71941.48100000
1717977600000,23.73000000,24.40000000,23.26000000,23.56000000,79804.97000000
1718064000000,23.55000000,23.83000000,21.91000000,22.77000000,129815.50400000
1718150400000,22.77000000,24.12000000,22.35000000,23.60000000,97503.28900000
1718236800000,23.60000000,23.96000000,22.66000000,22.76000000,78672.43600000
1718323200000,22.78000000,23.75000000,21.84000000,22.76000000,116123.97100000
1718409600000,22.75000000,23.10000000,22.41000000,22.65000000,57468.73700000
1718496000000,22.68000000,23.07000000,22.34000000,22.86000000,72992.50100000
1718582400000,22.88000000,23.29000000,21.04000000,21.72000000,141086.60700000
1718668800000,21.75000000,21.81000000,18.80000000,20.50000000,260409.89600000
1718755200000,20.50000000,21.88000000,19.74000000,20.07000000,156938.43000000
1718841600000,20.07000000,20.76000000,19.75000000,20.03000000,92239.94900000
1718928000000,20.01000000,20.43000000,19.57000000,20.07000000,100369.62100000
1719014400000,20.07000000,20.16000000,19.80000000,19.99000000,49781.20200000
1719100800000,19.98000000,20.42000000,19.35000000,19.59000000,73344.04000000
1719187200000,19.58000000,19.93000000,18.88000000,19.82000000,134955.67600000
1719273600000,19.83000000,20.36000000,19.47000000,20.14000000,72297.78600000
1719360000000,20.14000000,20.45000000,19.47000000,19.91000000,97459.30300000
1719446400000,19.89000000,20.96000000,19.75000000,20.87000000,115615.32600000
1719532800000,20.87000000,21.24000000,20.62000000,20.66000000,84155.87400000
1719619200000,20.65000000,20.88000000,20.18000000,20.24000000,47851.87600000
1719705600000,20.21000000,21.00000000,19.83000000,20.94000000,74842.50000000
1719792000000,20.95000000,21.36000000,20.25000000,20.74000000,95296.36000000
1719878400000,20.74000000,20.86000000,18.75000000,20.86000000,78890.12700000
1719964800000,20.82000000,21.03000000,19.86000000,20.80000000,118228.15100000
1720051200000,20.81000000,20.89000000,18.33000000,18.40000000,176807.45900000
1720137600000,18.38000000,18.39000000,15.78000000,18.30000000,295482.98200000
1720224000000,18.27000000,20.80000000,18.23000000,19.84000000,112979.23000000
1720310400000,19.84000000,20.30000000,18.55000000,18.67000000,177275.44000000
1720396800000,18.68000000,20.69000000,17.67000000,20.47000000,218866.60900000
1720483200000,20.48000000,23.02000000,20.32000000,22.61000000,346316.43800000
1720569600000,22.60000000,23.67000000,22.26000000,23.40000000,205546.51800000
1720656000000,23.40000000,24.40000000,21.28000000,24.20000000,167613.59000000
1720742400000,24.21000000,24.39000000,23.35000000,24.06000000,125474.71400000
1720828800000,24.07000000,27.24000000,23.93000000,26.77000000,208432.59800000
1720915200000,26.76000000,30.01000000,26.60000000,29.36000000,378472.75200000
1721001600000,29.37000000,30.07000000,28.17000000,28.22000000,210655.73500000
1721088000000,28.20000000,32.42000000,27.71000000,30.29000000,468941.77000000
1721174400000,30.30000000,32.50000000,29.84000000,31.06000000,218515.89700000
1721260800000,31.08000000,32.55000000,30.23000000,30.79000000,196390.20600000
1721347200000,30.80000000,31.66000000,28.94000000,29.53000000,148071.04200000
1721433600000,29.51000000,29.95000000,28.80000000,29.62000000,72028.16600000
1721520000000,29.62000000,32.72000000,29.37000000,32.07000000,318043.74200000
1721606400000,32.07000000,32.42000000,30.25000000,30.36000000,110470.79200000
1721692800000,30.35000000,31.51000000,29.41000000,29.69000000,102649.67200000
1721779200000,29.67000000,30.47000000,29.32000000,30.13000000,76873.93800000
1721865600000,30.09000000,30.65000000,28.20000000,30.15000000,201823.20500000
1721952000000,30.15000000,32.89000000,30.14000000,32.49000000,168113.17200000
1722038400000,32.49000000,32.56000000,30.75000000,31.72000000,112422.92300000
1722124800000,31.73000000,33.00000000,31.08000000,32.01000000,154031.01300000
1722211200000,32.00000000,33.74000000,31.54000000,32.92000000,204015.91600000
1722297600000,32.92000000,33.60000000,31.30000000,32.14000000,165088.24700000
1722384000000,32.14000000,33.80000000,30.96000000,33.60000000,170413.51900000
1722470400000,33.60000000,33.68000000,30.58000000,32.45000000,181154.41700000
1722556800000,32.45000000,34.52000000,29.35000000,32.68000000,302553.83500000
1722643200000,32.67000000,34.79000000,31.63000000,31.78000000,348643.09000000
1722729600000,31.77000000,32.61000000,30.04000000,30.79000000,171012.34000000
1722816000000,30.78000000,31.99000000,25.35000000,30.06000000,531371.65400000
1722902400000,30.06000000,32.83000000,29.13000000,31.82000000,250130.81900000
1722988800000,31.84000000,34.30000000,31.15000000,32.50000000,342095.21400000
1723075200000,32.51000000,36.46000000,31.54000000,35.84000000,291543.66600000
1723161600000,35.84000000,41.20000000,35.31000000,40.81000000,491295.97600000
1723248000000,40.81000000,42.07000000,40.13000000,41.29000000,277864.84300000
1723334400000,41.27000000,41.78000000,39.30000000,41.10000000,229064.31500000
1723420800000,41.09000000,43.99000000,40.06000000,43.44000000,296406.23500000
1723507200000,43.42000000,44.13000000,40.06000000,43.02000000,210678.23900000
1723593600000,43.01000000,45.39000000,42.14000000,42.19000000,188993.77700000
1723680000000,42.20000000,43.79000000,40.50000000,42.83000000,178105.54100000
1723766400000,42.82000000,42.96000000,41.39000000,42.36000000,78758.63500000
1723852800000,42.39000000,44.34000000,41.80000000,43.63000000,74281.47400000
1723939200000,43.64000000,44.20000000,42.02000000,42.77000000,78023.94400000
1724025600000,42.77000000,43.56000000,40.85000000,41.92000000,95180.57100000
1724112000000,41.93000000,42.51000000,41.16000000,41.56000000,68262.65100000
1724198400000,41.53000000,43.09000000,40.94000000,41.50000000,93181.21000000
1724284800000,41.51000000,42.26000000,41.07000000,41.43000000,51890.46300000
1724371200000,41.45000000,42.47000000,39.70000000,42.43000000,151579.89500000
1724457600000,42.41000000,44.45000000,41.00000000,43.03000000,147068.34000000
1724544000000,43.01000000,43.02000000,39.63000000,39.78000000,104648.33200000
1724630400000,39.79000000,41.30000000,36.40000000,36.74000000,157568.33700000
1724716800000,36.74000000,37.26000000,34.85000000,35.47000000,133102.57500000
1724803200000,35.47000000,35.76000000,32.56000000,33.51000000,127897.65700000
1724889600000,33.54000000,34.55000000,32.90000000,33.24000000,67658.52900000
1724976000000,33.23000000,33.53000000,31.87000000,33.02000000,67525.02300000
1725062400000,33.01000000,33.13000000,32.00000000,32.19000000,56718.85000000
1725148800000,32.19000000,32.54000000,29.08000000,29.40000000,102684.94500000
1725235200000,29.38000000,29.79000000,28.22000000,29.49000000,140785.09100000
1725321600000,29.53000000,30.38000000,28.69000000,28.76000000,80444.09100000
1725408000000,28.77000000,30.00000000,27.30000000,29.59000000,92630.64400000
1725494400000,29.57000000,29.83000000,28.71000000,28.90000000,47090.03800000
1725580800000,28.88000000,29.40000000,26.16000000,26.97000000,259940.10600000
1725667200000,26.99000000,28.99000000,26.92000000,27.75000000,81843.98700000
1725753600000,27.76000000,28.13000000,27.15000000,27.73000000,83337.35800000
1725840000000,27.72000000,29.47000000,27.40000000,29.36000000,103650.86500000
1725926400000,29.36000000,31.19000000,29.00000000,30.82000000,100653.82100000
1726012800000,30.82000000,30.83000000,29.13000000,29.64000000,136638.48100000
1726099200000,29.66000000,30.41000000,29.19000000,29.37000000,75119.69400000
1726185600000,29.33000000,30.86000000,29.29000000,30.54000000,60750.26400000
1726272000000,30.55000000,31.10000000,30.13000000,30.59000000,31399.28200000
1726358400000,30.59000000,31.60000000,29.02000000,29.22000000,52477.10500000
1726444800000,29.21000000,29.64000000,28.69000000,29.15000000,67181.16600000
1726531200000,29.10000000,30.69000000,28.90000000,29.81000000,40881.36500000
1726617600000,29.82000000,30.66000000,28.96000000,30.61000000,43079.45800000
1726704000000,30.64000000,32.34000000,30.50000000,31.62000000,82861.44700000
1726790400000,31.61000000,32.54000000,30.26000000,31.28000000,57055.38500000
1726876800000,31.28000000,31.56000000,30.48000000,31.34000000,30346.63900000
1726963200000,31.34000000,31.45000000,29.39000000,30.19000000,61055.31300000
1727049600000,30.23000000,31.06000000,28.61000000,29.63000000,81049.94600000
1727136000000,29.62000000,30.09000000,28.80000000,29.36000000,64575.53100000
1727222400000,29.37000000,29.92000000,28.12000000,28.37000000,62711.94800000
1727308800000,28.40000000,31.50000000,28.07000000,30.24000000,128566.33000000
1727395200000,30.22000000,31.41000000,30.09000000,30.43000000,63707.08800000
1727481600000,30.43000000,31.39000000,28.82000000,29.50000000,78232.37700000
1727568000000,29.50000000,29.54000000,29.00000000,29.08000000,54515.07700000
1727654400000,29.07000000,29.09000000,27.47000000,27.76000000,69345.30200000
1727740800000,27.79000000,28.61000000,25.05000000,26.64000000,108226.91100000
1727827200000,26.63000000,27.58000000,25.30000000,25.92000000,57735.36400000
1727913600000,25.93000000,26.40000000,24.40000000,25.64000000,62868.23300000
1728000000000,25.65000000,27.10000000,25.36000000,26.81000000,41500.74500000
1728086400000,26.83000000,28.43000000,26.59000000,27.39000000,82804.70100000
1728172800000,27.41000000,29.49000000,27.33000000,29.27000000,164208.90600000
1728259200000,29.29000000,30.21000000,28.66000000,28.99000000,82158.71900000
1728345600000,29.01000000,29.56000000,27.66000000,29.01000000,77225.24600000
1728432000000,29.01000000,29.42000000,28.59000000,29.08000000,60739.20800000
1728518400000,29.08000000,34.17000000,29.06000000,33.85000000,236739.75800000
1728604800000,33.83000000,37.52000000,33.13000000,36.32000000,514015.38400000
1728691200000,36.33000000,36.56000000,34.19000000,34.55000000,176105.08500000
1728777600000,34.55000000,37.52000000,33.95000000,35.43000000,156742.71300000
1728864000000,35.40000000,38.39000000,34.98000000,36.17000000,118726.91800000
1728950400000,36.21000000,38.41000000,36.02000000,37.43000000,129731.17400000
1729036800000,37.43000000,40.81000000,36.69000000,36.95000000,177368.29000000
1729123200000,36.95000000,37.65000000,34.88000000,36.14000000,96928.18800000
1729209600000,36.10000000,37.55000000,35.45000000,35.82000000,70347.96700000
1729296000000,35.80000000,37.14000000,35.14000000,37.09000000,52495.84700000
1729382400000,37.12000000,37.55000000,35.89000000,36.91000000,50302.51200000
1729468800000,36.91000000,39.68000000,36.07000000,37.43000000,122556.40700000
1729555200000,37.53000000,38.87000000,36.52000000,37.95000000,96225.81600000
1729641600000,37.96000000,38.69000000,37.10000000,37.89000000,63339.39700000
1729728000000,37.89000000,38.74000000,35.88000000,37.20000000,82650.61400000
1729814400000,37.24000000,37.95000000,34.13000000,35.99000000,85872.00300000
1729900800000,35.97000000,36.68000000,34.49000000,34.56000000,52251.32900000
1729987200000,34.59000000,38.73000000,33.07000000,38.38000000,141477.96700000
1730073600000,38.36000000,39.40000000,36.95000000,38.32000000,213532.73900000
1730160000000,38.37000000,41.12000000,35.81000000,38.47000000,196724.26700000
1730246400000,38.48000000,39.87000000,37.91000000,38.44000000,80255.69900000
1730332800000,38.40000000,38.50000000,36.63000000,36.82000000,41987.49200000
1730419200000,36.81000000,38.14000000,36.43000000,37.88000000,61071.59900000
1730505600000,37.86000000,38.79000000,36.16000000,36.87000000,44276.77900000
1730592000000,36.90000000,37.87000000,35.60000000,37.22000000,62404.51200000
1730678400000,37.19000000,38.36000000,36.21000000,36.93000000,79234.95900000
1730764800000,36.89000000,38.91000000,36.61000000,38.21000000,61514.02000000
1730851200000,38.21000000,43.33000000,37.62000000,43.24000000,253469.01100000
1730937600000,43.25000000,45.81000000,42.75000000,44.07000000,166142.25500000
1731024000000,44.08000000,46.66000000,42.12000000,46.19000000,187578.16100000
1731110400000,46.15000000,47.98000000,44.13000000,46.08000000,137217.09400000
1731196800000,46.08000000,48.20000000,44.03000000,45.49000000,176897.75600000
1731283200000,45.53000000,48.00000000,43.29000000,45.29000000,220471.09100000
1731369600000,45.31000000,45.34000000,39.75000000,41.98000000,307739.23300000
1731456000000,41.94000000,42.49000000,37.16000000,38.67000000,349820.42800000
1731542400000,38.65000000,39.49000000,36.40000000,36.77000000,146563.16100000
1731628800000,36.78000000,39.06000000,36.42000000,38.49000000,107236.88500000
1731715200000,38.45000000,46.97000000,37.98000000,44.98000000,272710.67200000
1731801600000,44.96000000,45.89000000,42.15000000,44.50000000,216691.28100000
1731888000000,44.50000000,47.97000000,44.16000000,44.85000000,179325.34000000
1731974400000,44.85000000,45.98000000,42.31000000,42.78000000,109604.97700000
1732060800000,42.74000000,43.64000000,40.49000000,41.45000000,152359.78700000
1732147200000,41.44000000,46.78000000,40.55000000,45.37000000,159335.19800000
1732233600000,45.36000000,47.08000000,43.28000000,45.85000000,185103.42400000
1732320000000,45.85000000,50.17000000,45.67000000,48.82000000,211305.50600000
1732406400000,48.83000000,57.50000000,48.21000000,52.60000000,239097.39900000
1732492800000,52.57000000,53.93000000,46.57000000,47.81000000,131875.16200000
1732579200000,47.80000000,52.53000000,43.83000000,51.24000000,178136.78200000
1732665600000,51.22000000,58.59000000,50.23000000,56.49000000,537425.50600000
1732752000000,56.49000000,59.07000000,54.95000000,55.72000000,156052.52100000
1732838400000,55.71000000,56.62000000,54.11000000,54.48000000,118094.11800000
1732924800000,54.48000000,62.23000000,53.39000000,59.26000000,173277.70800000
1733011200000,59.30000000,60.31000000,52.37000000,60.04000000,185601.54300000
1733097600000,60.10000000,77.40000000,57.26000000,74.59000000,756111.25700000
1733184000000,74.57000000,79.33000000,67.00000000,73.20000000,385962.80700000
1733270400000,73.20000000,76.81000000,68.48000000,69.60000000,222855.42900000
1733356800000,69.61000000,75.46000000,67.13000000,70.64000000,317928.89100000
1733443200000,70.67000000,74.47000000,68.19000000,70.36000000,171578.85300000
1733529600000,70.32000000,72.78000000,69.75000000,70.28000000,84019.01000000
1733616000000,70.27000000,74.99000000,68.60000000,74.25000000,191692.72100000
1733702400000,74.26000000,74.79000000,50.00000000,58.52000000,466625.79900000
1733788800000,58.53000000,60.84000000,53.53000000,58.73000000,298226.16000000
1733875200000,58.77000000,66.00000000,56.43000000,63.75000000,104627.38700000
1733961600000,63.70000000,67.53000000,58.62000000,59.43000000,292657.97300000
1734048000000,59.47000000,60.15000000,57.37000000,60.04000000,92226.87800000
1734134400000,60.07000000,60.60000000,57.00000000,58.38000000,75404.30900000
1734220800000,58.34000000,59.76000000,56.26000000,59.06000000,79457.12800000
1734307200000,59.08000000,61.05000000,56.15000000,56.45000000,106708.06600000
1734393600000,56.41000000,57.90000000,54.49000000,55.28000000,97302.59100000
1734480000000,55.30000000,56.37000000,50.50000000,50.69000000,132808.65200000
1734566400000,50.61000000,54.72000000,46.15000000,48.29000000,304052.92200000
1734652800000,48.29000000,56.05000000,41.10000000,54.41000000,581814.53800000
1734739200000,54.42000000,56.99000000,51.93000000,53.64000000,249281.01300000
1734825600000,53.69000000,59.90000000,50.47000000,58.58000000,344872.20000000
1734912000000,58.55000000,68.43000000,54.92000000,65.84000000,410698.51800000
1734998400000,65.81000000,71.85000000,64.19000000,69.31000000,421871.09100000
1735084800000,69.27000000,78.31000000,68.69000000,73.53000000,370272.06800000
1735171200000,73.53000000,74.14000000,66.23000000,68.94000000,246703.11000000
1735257600000,68.95000000,70.47000000,61.37000000,62.16000000,186847.68300000
1735344000000,62.13000000,64.21000000,59.67000000,62.77000000,115915.12700000
1735430400000,62.78000000,66.31000000,59.82000000,60.65000000,151146.29800000
1735516800000,60.66000000,62.54000000,57.07000000,58.29000000,152507.19300000
1735603200000,58.28000000,59.79000000,55.59000000,56.27000000,104528.85100000
1735689600000,56.29000000,59.40000000,55.08000000,58.22000000,105290.44700000
1735776000000,58.26000000,61.41000000,57.90000000,59.48000000,144000.88900000
1735862400000,59.50000000,62.05000000,56.68000000,60.91000000,126185.81700000
1735948800000,60.93000000,61.12000000,58.71000000,59.21000000,62020.78700000
1736035200000,59.20000000,59.73000000,57.12000000,58.45000000,70065.85100000
1736121600000,58.51000000,61.50000000,57.25000000,60.41000000,97062.85300000
1736208000000,60.40000000,60.40000000,51.40000000,52.27000000,156877.17600000
1736294400000,52.25000000,53.40000000,47.40000000,50.24000000,110725.63400000
1736380800000,50.24000000,50.96000000,46.19000000,46.99000000,160406.38500000
1736467200000,46.99000000,48.82000000,46.56000000,48.27000000,111256.10500000
1736553600000,48.25000000,49.55000000,47.22000000,48.54000000,53918.78300000
1736640000000,48.54000000,48.96000000,47.32000000,48.02000000,54645.26900000
1736726400000,48.01000000,49.24000000,43.92000000,48.44000000,148331.22100000
1736812800000,48.44000000,51.59000000,48.20000000,51.13000000,77980.17600000
1736899200000,51.12000000,55.45000000,50.06000000,55.37000000,128052.73700000
1736985600000,55.34000000,55.50000000,52.60000000,54.07000000,87151.91000000
1737072000000,54.10000000,56.86000000,53.92000000,54.86000000,83151.73300000
1737158400000,54.88000000,55.07000000,50.48000000,51.98000000,111978.17300000
1737244800000,51.98000000,52.53000000,45.77000000,46.93000000,193072.89700000
1737331200000,46.87000000,51.86000000,45.57000000,47.55000000,124892.84500000
1737417600000,47.54000000,50.83000000,45.60000000,49.10000000,63890.73400000
1737504000000,49.08000000,50.08000000,48.18000000,48.48000000,46931.87700000
1737590400000,48.48000000,49.49000000,46.82000000,48.61000000,57976.81300000
1737676800000,48.68000000,49.44000000,46.01000000,46.24000000,46903.24100000
1737763200000,46.24000000,46.97000000,45.68000000,46.42000000,35301.66600000
1737849600000,46.43000000,47.26000000,44.71000000,44.81000000,24184.63400000
1737936000000,44.77000000,45.31000000,40.85000000,43.18000000,116000.45100000
1738022400000,43.17000000,44.87000000,41.32000000,41.73000000,57131.98000000
1738108800000,41.68000000,43.96000000,40.95000000,42.41000000,49969.53900000
1738195200000,42.44000000,45.83000000,42.06000000,43.94000000,55502.47000000
1738281600000,43.94000000,45.37000000,42.42000000,43.24000000,51962.12100000
1738368000000,43.18000000,43.77000000,39.16000000,39.17000000,49831.71800000
1738454400000,39.19000000,40.01000000,31.49000000,33.24000000,234272.51700000
1738540800000,33.24000000,35.99000000,24.44000000,35.48000000,466708.95600000
1738627200000,35.49000000,35.75000000,31.07000000,32.13000000,144482.48200000
1738713600000,32.12000000,33.63000000,31.56000000,32.13000000,81108.58100000
1738800000000,32.11000000,32.63000000,29.51000000,29.87000000,94909.23400000
1738886400000,29.84000000,32.27000000,29.09000000,30.11000000,97780.80400000
1738972800000,30.09000000,32.00000000,29.56000000,31.90000000,61860.97700000
1739059200000,31.91000000,34.20000000,30.80000000,32.47000000,77647.53000000
1739145600000,32.44000000,33.17000000,31.15000000,32.50000000,76421.09100000
1739232000000,32.52000000,34.84000000,32.29000000,33.09000000,85701.89900000
1739318400000,32.98000000,33.39000000,30.22000000,32.68000000,142658.13500000
1739404800000,32.72000000,33.90000000,31.08000000,32.46000000,98969.91100000
1739491200000,32.46000000,33.81000000,32.19000000,33.04000000,60290.28500000
1739577600000,33.03000000,33.52000000,31.94000000,32.19000000,33425.82400000
1739664000000,32.16000000,35.74000000,31.45000000,34.16000000,118971.58700000
1739750400000,34.18000000,36.68000000,34.07000000,36.48000000,160240.14600000
1739836800000,36.46000000,36.78000000,32.54000000,33.86000000,98948.10500000
1739923200000,33.89000000,36.82000000,33.39000000,36.15000000,101366.93300000
1740009600000,36.14000000,38.98000000,35.73000000,36.60000000,100433.75400000
1740096000000,36.61000000,38.20000000,34.23000000,35.15000000,91127.66500000
1740182400000,35.16000000,36.66000000,34.96000000,35.91000000,43925.08700000
1740268800000,35.92000000,37.88000000,35.42000000,35.90000000,58344.69400000
1740355200000,35.92000000,35.92000000,31.77000000,33.03000000,138109.14400000
1740441600000,33.03000000,34.78000000,30.60000000,33.54000000,162986.83800000
1740528000000,33.55000000,36.97000000,33.21000000,36.10000000,124852.80800000
1740614400000,36.11000000,37.67000000,35.58000000,36.71000000,67611.56700000
1740700800000,36.71000000,37.70000000,34.96000000,37.62000000,108056.18100000
1740787200000,37.62000000,37.99000000,36.60000000,37.81000000,58064.29200000
1740873600000,37.80000000,43.19000000,37.34000000,41.27000000,135746.48500000
1740960000000,41.29000000,42.89000000,36.30000000,36.35000000,94742.09500000
1741046400000,36.34000000,36.66000000,33.09000000,35.06000000,82678.22800000
1741132800000,35.06000000,37.47000000,34.94000000,36.42000000,62818.68900000
1741219200000,36.42000000,36.77000000,33.83000000,34.11000000,48829.42600000
1741305600000,34.12000000,34.50000000,32.80000000,32.99000000,58257.71600000
1741392000000,32.92000000,33.35000000,32.30000000,32.59000000,30224.81000000
1741478400000,32.60000000,32.65000000,29.17000000,29.84000000,64412.70500000
1741564800000,29.87000000,32.01000000,28.04000000,29.17000000,75508.56000000
1741651200000,29.19000000,31.10000000,27.92000000,30.29000000,83852.13800000
1741737600000,30.26000000,30.72000000,28.23000000,30.23000000,107204.49100000
1741824000000,30.27000000,31.19000000,29.74000000,31.02000000,64715.88100000
1741910400000,30.98000000,32.60000000,30.80000000,32.32000000,57929.20100000
1741996800000,32.31000000,32.54000000,31.47000000,32.30000000,45720.80300000
1742083200000,32.32000000,34.04000000,32.10000000,32.80000000,74907.68300000
1742169600000,32.79000000,34.93000000,32.73000000,34.25000000,57179.26200000
1742256000000,34.22000000,34.25000000,32.28000000,33.14000000,36733.89200000
1742342400000,33.14000000,34.42000000,32.93000000,34.27000000,46838.09000000
1742428800000,34.30000000,34.73000000,32.17000000,33.91000000,52033.56900000
1742515200000,33.92000000,33.98000000,29.66000000,30.85000000,174123.46000000
1742601600000,30.91000000,31.35000000,29.84000000,31.09000000,88372.09700000
1742688000000,31.09000000,31.99000000,30.63000000,31.04000000,67100.03400000
1742774400000,31.02000000,32.95000000,30.84000000,32.44000000,54252.11700000
1742860800000,32.41000000,37.29000000,31.78000000,36.51000000,191082.83500000
1742947200000,36.52000000,39.04000000,35.96000000,39.02000000,156554.14800000
1743033600000,39.03000000,39.63000000,37.13000000,37.19000000,113084.96900000
1743120000000,37.17000000,37.67000000,35.33000000,36.90000000,64628.09900000
1743206400000,36.91000000,37.19000000,34.84000000,36.27000000,55485.58300000
1743292800000,36.28000000,37.93000000,35.70000000,37.44000000,41460.55800000
1743379200000,37.51000000,39.38000000,36.81000000,39.37000000,108188.02100000
1743465600000,39.37000000,42.55000000,38.33000000,40.64000000,138487.64100000
1743552000000,40.63000000,41.34000000,38.56000000,38.87000000,99492.83400000
1743638400000,38.87000000,40.80000000,37.42000000,38.86000000,96223.78200000
1743724800000,38.85000000,41.25000000,38.23000000,39.43000000,91180.23400000
1743811200000,39.44000000,40.22000000,36.66000000,37.52000000,93456.20200000
1743897600000,37.51000000,38.58000000,35.56000000,35.79000000,94036.77900000
1743984000000,35.77000000,36.92000000,20.71000000,33.84000000,748426.93400000
1744070400000,33.78000000,36.04000000,33.60000000,35.03000000,304681.00000000
1744156800000,35.01000000,38.35000000,33.72000000,36.45000000,687551.74900000
1744243200000,36.50000000,36.64000000,31.28000000,36.29000000,578040.29500000
1744329600000,36.26000000,38.06000000,35.24000000,35.39000000,547827.46800000
1744416000000,35.39000000,35.68000000,34.64000000,34.83000000,183295.37800000
1744502400000,34.82000000,35.46000000,29.78000000,31.04000000,424721.99900000
1744588800000,31.04000000,34.81000000,30.69000000,31.14000000,410606.13000000
1744675200000,31.15000000,32.26000000,30.19000000,30.80000000,181669.60600000
1744761600000,30.79000000,32.19000000,30.34000000,31.08000000,74587.28100000
1744848000000,31.07000000,31.58000000,30.05000000,30.75000000,56855.42000000
1744934400000,30.74000000,31.80000000,29.76000000,30.88000000,65656.27700000
1745020800000,30.88000000,31.93000000,30.82000000,31.67000000,34743.67600000
1745107200000,31.68000000,32.47000000,30.42000000,31.00000000,43467.58400000
1745193600000,31.00000000,32.20000000,30.99000000,31.21000000,47789.74300000
1745280000000,31.20000000,33.34000000,30.76000000,33.03000000,75160.09700000
1745366400000,33.02000000,34.49000000,32.41000000,34.25000000,78674.98800000
1745452800000,34.26000000,34.45000000,32.11000000,34.28000000,72616.46300000
1745539200000,34.28000000,34.96000000,33.85000000,34.18000000,45132.95400000
1745625600000,34.20000000,35.09000000,32.80000000,33.43000000,61499.40400000
1745712000000,33.50000000,33.83000000,32.50000000,32.55000000,22397.51100000
1745798400000,32.57000000,40.12000000,32.16000000,35.63000000,277644.80800000
1745884800000,35.66000000,36.80000000,33.88000000,34.56000000,121496.24700000
1745971200000,34.56000000,36.60000000,34.28000000,36.09000000,56423.76600000
1746057600000,36.00000000,38.17000000,34.75000000,37.41000000,73141.80400000
1746144000000,37.45000000,37.63000000,35.80000000,36.28000000,60310.16500000
1746230400000,36.25000000,36.88000000,35.20000000,35.82000000,21851.16400000
1746316800000,35.79000000,36.29000000,34.18000000,35.63000000,49862.33300000
1746403200000,35.63000000,37.37000000,35.45000000,36.56000000,49187.12400000
1746489600000,36.57000000,38.88000000,34.63000000,38.09000000,78617.44400000
1746576000000,38.10000000,41.30000000,37.23000000,40.49000000,129707.77100000
1746662400000,40.49000000,42.00000000,39.24000000,42.00000000,76898.14200000
1746748800000,42.00000000,43.33000000,40.99000000,41.88000000,87108.84500000
1746835200000,41.88000000,43.89000000,40.57000000,43.59000000,72715.22600000
1746921600000,43.61000000,45.83000000,41.34000000,45.23000000,87375.09700000
1747008000000,45.18000000,45.86000000,41.57000000,44.46000000,66622.06800000
1747094400000,44.44000000,44.45000000,41.62000000,43.52000000,51626.45500000
1747180800000,43.50000000,43.81000000,40.48000000,42.00000000,56484.68600000
1747267200000,42.01000000,42.88000000,39.77000000,41.80000000,82848.50700000
1747353600000,41.79000000,42.28000000,40.24000000,40.36000000,27426.82800000
1747440000000,40.37000000,41.72000000,39.67000000,40.48000000,48887.74000000
1747526400000,40.47000000,42.27000000,39.59000000,41.41000000,41014.10300000
1747612800000,41.42000000,41.47000000,38.99000000,40.68000000,45825.14300000
1747699200000,40.75000000,41.22000000,39.32000000,41.18000000,35752.32700000
1747785600000,41.18000000,43.60000000,40.77000000,42.96000000,48643.17600000
1747872000000,42.89000000,51.00000000,42.83000000,48.97000000,121668.05000000
1747958400000,48.98000000,50.65000000,46.57000000,46.91000000,76430.05400000
1748044800000,46.92000000,49.75000000,46.42000000,49.49000000,36860.30500000
1748131200000,49.52000000,55.00000000,46.80000000,54.58000000,149164.04400000
1748217600000,54.63000000,56.79000000,50.41000000,54.33000000,140640.01500000
1748304000000,54.33000000,56.17000000,50.79000000,51.89000000,118410.31300000
1748390400000,51.88000000,54.94000000,50.07000000,53.28000000,90064.66500000
1748476800000,53.29000000,56.00000000,52.94000000,53.20000000,83984.61300000
1748563200000,53.24000000,53.96000000,47.38000000,47.43000000,67548.28300000
1748649600000,47.39000000,51.10000000,45.00000000,50.18000000,75305.11100000
1748736000000,50.18000000,53.50000000,49.05000000,53.10000000,85760.36200000
1748822400000,53.13000000,54.44000000,52.15000000,54.00000000,65656.63400000
1748908800000,54.06000000,56.14000000,52.34000000,54.39000000,79126.95200000
1748995200000,54.40000000,54.58000000,49.85000000,50.32000000,43049.11400000
1749081600000,50.21000000,51.09000000,47.43000000,47.57000000,76988.44000000
1749168000000,47.51000000,50.06000000,46.07000000,48.17000000,37949.42000000
1749254400000,48.04000000,50.88000000,47.29000000,50.24000000,31315.24400000
1749340800000,50.24000000,50.98000000,48.65000000,48.73000000,33634.54200000
1749427200000,48.72000000,52.50000000,48.41000000,51.62000000,43435.47600000
1749513600000,51.59000000,53.31000000,49.90000000,51.90000000,43912.10900000
1749600000000,51.85000000,51.91000000,49.00000000,50.06000000,53553.68100000
1749686400000,50.02000000,52.16000000,47.58000000,48.00000000,62672.12400000
1749772800000,47.94000000,47.96000000,43.59000000,45.27000000,59077.08500000
1749859200000,45.24000000,45.45000000,43.33000000,44.19000000,33748.42100000
1749945600000,44.22000000,44.67000000,42.83000000,43.45000000,27627.72600000
1750032000000,43.45000000,46.63000000,43.00000000,43.10000000,62256.50800000
1750118400000,43.06000000,43.23000000,40.49000000,41.20000000,52205.92100000
1750204800000,41.19000000,43.11000000,40.72000000,42.08000000,42429.68400000
1750291200000,42.19000000,42.35000000,41.10000000,41.68000000,15546.36100000
1750377600000,41.67000000,42.21000000,39.22000000,40.34000000,30679.57600000
1750464000000,40.33000000,41.74000000,38.52000000,39.52000000,56687.16000000
1750550400000,39.56000000,40.18000000,36.39000000,38.19000000,71949.01000000
1750636800000,38.18000000,41.81000000,37.73000000,41.55000000,63225.73300000
1750723200000,41.52000000,43.07000000,41.36000000,42.80000000,64383.09700000
1750809600000,42.80000000,43.30000000,40.98000000,41.43000000,53813.21500000
1750896000000,41.43000000,41.92000000,38.79000000,39.25000000,79043.81800000
1750982400000,39.23000000,40.15000000,38.47000000,38.54000000,78536.93500000
1751068800000,38.58000000,39.50000000,37.44000000,39.02000000,43206.77800000
1751155200000,39.02000000,40.34000000,38.66000000,40.10000000,41267.97300000
1751241600000,40.11000000,40.55000000,38.23000000,38.27000000,47790.18900000
1751328000000,38.24000000,38.51000000,36.19000000,36.92000000,50127.18400000
1751414400000,36.93000000,39.12000000,36.71000000,38.92000000,46652.67500000
1751500800000,38.94000000,40.94000000,38.45000000,40.92000000,66320.96500000
1751587200000,40.95000000,42.10000000,39.11000000,40.11000000,81516.60500000
1751673600000,40.11000000,40.77000000,38.49000000,39.24000000,27794.15500000
1751760000000,39.20000000,40.16000000,37.58000000,39.33000000,37616.99500000
1751846400000,39.34000000,39.72000000,38.07000000,38.77000000,32063.84200000
1751932800000,38.75000000,43.73000000,38.26000000,43.70000000,67487.01800000
1752019200000,43.73000000,46.16000000,38.80000000,41.02000000,162968.33700000
1752105600000,41.02000000,43.00000000,40.15000000,42.08000000,71734.48300000
1752192000000,42.04000000,44.00000000,41.30000000,42.05000000,78433.30100000
1752278400000,42.07000000,43.03000000,40.40000000,42.28000000,46636.63200000
1752364800000,42.31000000,43.85000000,41.78000000,42.37000000,42167.84800000
1752451200000,42.40000000,44.69000000,42.22000000,43.17000000,55815.72800000
1752537600000,43.17000000,44.07000000,41.36000000,43.78000000,47431.17700000
1752624000000,43.80000000,45.00000000,43.03000000,44.24000000,42561.59900000
1752710400000,44.23000000,46.10000000,43.43000000,45.42000000,52952.65900000
1752796800000,45.43000000,47.15000000,43.70000000,44.29000000,71899.36200000
1752883200000,44.29000000,45.43000000,42.90000000,44.72000000,32688.13100000
1752969600000,44.71000000,46.00000000,43.85000000,44.99000000,46431.84700000
1753056000000,45.03000000,46.01000000,43.91000000,44.59000000,47203.28900000
1753142400000,44.60000000,44.69000000,42.26000000,44.10000000,67520.70400000
1753228800000,44.10000000,44.17000000,40.34000000,41.33000000,53944.85800000
1753315200000,41.33000000,41.92000000,39.32000000,40.21000000,56673.04900000
1753401600000,40.18000000,40.96000000,38.53000000,40.80000000,49529.56200000
1753488000000,40.78000000,41.77000000,40.46000000,41.20000000,18164.25100000
1753574400000,41.19000000,41.97000000,40.97000000,41.90000000,29434.17900000
1753660800000,41.82000000,43.50000000,40.10000000,40.67000000,54480.16200000
1753747200000,40.60000000,41.90000000,39.72000000,40.50000000,34460.86200000
1753833600000,40.47000000,40.71000000,37.05000000,38.45000000,57704.12100000
1753920000000,38.47000000,39.62000000,36.63000000,36.96000000,41888.33000000
1754006400000,36.94000000,37.41000000,35.18000000,35.94000000,42893.04200000
1754092800000,35.88000000,36.16000000,34.58000000,35.42000000,23411.29800000
1754179200000,35.37000000,36.46000000,34.87000000,36.15000000,25062.52500000
1754265600000,36.16000000,37.38000000,35.92000000,37.06000000,28982.60700000
1754352000000,37.11000000,37.17000000,34.96000000,35.51000000,36517.41800000
1754438400000,35.50000000,36.33000000,34.85000000,36.14000000,29339.86700000
1754524800000,36.08000000,38.17000000,35.89000000,38.12000000,29894.78800000
1754611200000,38.09000000,39.29000000,37.53000000,38.75000000,39336.71000000
1754697600000,38.77000000,40.45000000,38.76000000,39.70000000,27211.72400000
1754784000000,39.69000000,40.28000000,38.46000000,39.53000000,26636.63800000
1754870400000,39.52000000,40.40000000,35.00000000,36.65000000,48708.31900000
1754956800000,36.65000000,41.10000000,36.60000000,39.54000000,63174.27800000
1755043200000,39.60000000,41.01000000,38.06000000,39.35000000,119621.71900000
1755129600000,39.36000000,41.20000000,36.41000000,36.62000000,113329.48600000
1755216000000,36.62000000,40.25000000,35.79000000,36.43000000,61304.74100000
1755302400000,36.46000000,37.20000000,35.85000000,36.77000000,39525.62400000
1755388800000,36.77000000,38.01000000,36.26000000,37.03000000,26253.92000000
1755475200000,37.05000000,37.07000000,35.13000000,35.34000000,50645.38000000
1755561600000,35.30000000,36.23000000,34.56000000,34.66000000,44338.61100000
1755648000000,34.65000000,39.60000000,34.45000000,39.05000000,144886.13600000
1755734400000,39.06000000,43.00000000,37.70000000,42.56000000,148623.18400000
1755820800000,42.56000000,45.99000000,41.18000000,43.95000000,163258.72100000
1755907200000,43.92000000,46.80000000,42.08000000,44.82000000,75651.71800000
1755993600000,44.84000000,45.06000000,42.10000000,42.57000000,92150.93000000
1756080000000,42.57000000,42.82000000,38.84000000,39.78000000,101957.32900000
1756166400000,39.76000000,43.17000000,39.10000000,42.80000000,53145.44200000
1756252800000,42.83000000,43.57000000,41.56000000,42.27000000,48888.85400000
1756339200000,42.20000000,43.53000000,41.15000000,42.47000000,58359.57200000
1756425600000,42.44000000,43.82000000,40.08000000,40.21000000,65677.84300000
1756512000000,40.17000000,40.34000000,39.53000000,40.05000000,37553.20500000
1756598400000,40.05000000,41.44000000,39.91000000,40.43000000,34049.29300000
1756684800000,40.42000000,41.21000000,38.69000000,40.55000000,80230.26100000
1756771200000,40.55000000,41.86000000,39.81000000,41.57000000,67557.60900000
1756857600000,41.56000000,43.24000000,40.85000000,41.57000000,59567.92500000
1756944000000,41.63000000,41.68000000,40.19000000,40.77000000,31098.44600000
1757030400000,40.73000000,42.00000000,40.56000000,41.10000000,40297.13200000
1757116800000,41.10000000,47.89000000,40.86000000,47.46000000,93862.47500000
1757203200000,47.48000000,48.63000000,45.54000000,48.40000000,135911.39800000
1757289600000,48.35000000,52.00000000,47.83000000,50.66000000,129134.44900000
1757376000000,50.66000000,51.36000000,47.63000000,48.32000000,92823.72100000
1757462400000,48.33000000,49.18000000,47.14000000,47.87000000,51811.40700000
1757548800000,47.86000000,48.38000000,46.63000000,47.94000000,53760.19400000
1757635200000,47.92000000,50.41000000,47.20000000,49.75000000,56313.08800000
1757721600000,49.75000000,53.13000000,48.78000000,52.85000000,69465.03400000
1757808000000,52.87000000,55.59000000,50.03000000,50.47000000,148790.52200000
1757894400000,50.47000000,52.06000000,48.97000000,49.93000000,70590.05200000
1757980800000,49.94000000,53.44000000,49.60000000,51.38000000,36918.41600000
1758067200000,51.38000000,52.49000000,50.09000000,51.21000000,54194.65900000
1758153600000,51.23000000,51.55000000,49.83000000,50.39000000,60871.12000000
1758240000000,50.40000000,51.02000000,48.18000000,48.96000000,61996.90100000
1758326400000,48.97000000,51.29000000,48.50000000,50.62000000,54368.57300000
1758412800000,50.65000000,52.31000000,50.41000000,51.84000000,52333.80400000
1758499200000,51.80000000,52.17000000,46.21000000,48.61000000,88628.23800000
1758585600000,48.61000000,55.29000000,47.66000000,55.12000000,154796.46700000
1758672000000,55.14000000,61.40000000,52.30000000,58.73000000,266239.19500000
1758758400000,58.72000000,60.81000000,54.08000000,54.50000000,212359.49200000
1758844800000,54.53000000,56.37000000,53.06000000,56.27000000,79658.77600000
1758931200000,56.30000000,56.94000000,53.50000000,55.64000000,52843.91900000
1759017600000,55.63000000,61.59000000,53.97000000,61.08000000,131372.74000000
1759104000000,61.11000000,73.38000000,61.09000000,72.06000000,526656.94000000
1759190400000,72.04000000,77.65000000,63.10000000,74.32000000,577141.75900000
1759276800000,74.30000000,129.20000000,74.21000000,120.76000000,1642866.47800000
1759363200000,120.84000000,159.84000000,116.39000000,131.39000000,2054196.07600000
1759449600000,131.39000000,158.00000000,123.54000000,127.32000000,968818.09900000
1759536000000,127.34000000,176.20000000,124.03000000,156.78000000,847191.49300000
1759622400000,156.78000000,173.00000000,143.58000000,165.35000000,829478.36100000
1759708800000,165.41000000,177.36000000,154.58000000,155.96000000,550127.03500000
1759795200000,156.06000000,161.08000000,120.67000000,127.26000000,824838.15900000
1759881600000,127.26000000,185.57000000,125.90000000,177.56000000,987237.45800000
1759968000000,177.60000000,217.89000000,163.20000000,212.57000000,1247733.78400000
1760054400000,212.69000000,274.00000000,147.55000000,225.28000000,1985117.40100000
1760140800000,225.72000000,298.05000000,207.27000000,291.00000000,1492233.99900000
1760227200000,291.00000000,296.31000000,245.28000000,260.42000000,921752.17200000
1760313600000,260.37000000,290.00000000,235.00000000,249.13000000,660813.44300000
1760400000000,249.16000000,264.89000000,217.59000000,247.78000000,777335.22100000
1760486400000,247.74000000,278.00000000,224.21000000,230.01000000,663046.14300000
1760572800000,230.05000000,246.03000000,202.44000000,205.07000000,785961.72100000
1760659200000,205.06000000,234.75000000,187.02000000,217.80000000,848854.79500000
1760745600000,217.84000000,226.98000000,210.00000000,221.36000000,325012.35900000
1760832000000,221.39000000,244.83000000,211.20000000,235.77000000,416878.54900000
1760918400000,235.80000000,284.56000000,229.53000000,268.61000000,684152.62400000
1761004800000,268.57000000,310.00000000,245.58000000,262.93000000,858539.20574000
1761091200000,262.90000000,281.95000000,226.26000000,238.65000000,826999.67300000
1761177600000,238.77000000,252.78000000,228.62000000,243.56000000,563400.87900000
1761264000000,243.49000000,273.37000000,239.99000000,269.94000000,565929.28900000
1761350400000,269.94000000,284.75000000,265.50000000,276.12000000,336768.92900000
1761436800000,276.14000000,359.42000000,272.00000000,325.24000000,1217866.01402000
1761523200000,325.28000000,374.74000000,325.28000000,341.75000000,829003.08719000
1761609600000,341.78000000,343.88000000,307.84000000,315.85000000,653957.06800000
1761696000000,315.85000000,363.46000000,309.77000000,351.59000000,653900.98200000
1761782400000,351.63000000,368.47000000,298.03000000,345.56000000,912172.88500000
1761868800000,345.56000000,414.23000000,339.45000000,404.54000000,1210070.29182000
1761955200000,404.57000000,449.80000000,393.38000000,412.13000000,895709.10169000
1762041600000,412.07000000,432.50000000,367.20000000,418.52000000,711885.50800000
1762128000000,418.40000000,435.93000000,374.68000000,433.88000000,724827.14200000
1762214400000,433.83000000,485.03000000,370.32000000,441.80000000,2031384.97896000
1762300800000,441.90000000,507.99000000,411.16000000,478.33000000,958728.95264000
1762387200000,478.34000000,551.59000000,469.08000000,535.84000000,912589.70241000
1762473600000,535.83000000,750.00000000,525.17000000,645.44000000,2439893.99571000
1762560000000,645.48000000,658.93000000,488.07000000,600.77000000,2383707.38800000
1762646400000,600.71000000,669.39000000,529.34000000,615.80000000,1147156.28800000
1762732800000,615.80000000,684.28000000,512.37000000,522.13000000,3330198.35400000
1762819200000,522.18000000,600.00000000,440.44000000,443.43000000,1728719.40200000
1762905600000,443.48000000,547.76000000,424.15000000,504.91000000,1428576.42700000
1762992000000,504.91000000,536.97000000,469.71000000,519.51000000,997308.20400000
1763078400000,519.60000000,614.93000000,483.51000000,608.68000000,1197395.95000000
1763164800000,608.71000000,743.00000000,598.56000000,670.84000000,1437574.48500000
1763251200000,670.78000000,740.00000000,649.00000000,699.00000000,2092839.03600000
1763337600000,699.15000000,728.66000000,605.61000000,610.54000000,1201239.35700000
1763424000000,610.54000000,654.95000000,545.00000000,625.26000000,1192416.18600000
1763510400000,625.08000000,685.99000000,581.74000000,674.70000000,1083565.65000000
1763596800000,674.71000000,718.00000000,653.37000000,655.82000000,1085459.82300000
1763683200000,655.82000000,699.00000000,512.75000000,550.76000000,1218266.78800000
1763769600000,550.76000000,550.90000000,470.32000000,518.00000000,1781968.61600000
1763856000000,518.00000000,610.92000000,514.48000000,572.91000000,760639.74900000
1763942400000,572.80000000,595.00000000,515.58000000,519.94000000,626507.94000000
1764028800000,519.92000000,534.37000000,481.52000000,511.31000000,642322.71800000
1764115200000,511.31000000,535.97000000,491.52000000,527.05000000,451737.79700000
1764201600000,527.09000000,549.86000000,482.18000000,490.07000000,428977.86900000
1764288000000,490.07000000,490.51000000,448.00000000,452.02000000,434920.06200000
1764374400000,452.06000000,474.28000000,438.18000000,460.48000000,273572.46400000
1764460800000,460.43000000,470.59000000,425.48000000,427.94000000,377681.76200000
1764547200000,427.82000000,430.16000000,321.52000000,343.91000000,1236191.37200000
1764633600000,343.94000000,385.44000000,305.37000000,312.81000000,1145570.13200000
1764720000000,312.86000000,380.00000000,301.14000000,338.72000000,1250494.78000000
1764806400000,338.81000000,369.53000000,335.11000000,367.57000000,615619.67500000
1764892800000,367.58000000,409.32000000,351.88000000,360.07000000,929001.34700000
1764979200000,360.08000000,362.21000000,326.19000000,341.55000000,542773.99600000
1765065600000,341.52000000,353.80000000,331.39000000,342.78000000,462805.39800000
1765152000000,342.81000000,426.15000000,341.26000000,405.48000000,865784.15100000
1765238400000,405.31000000,449.99000000,390.40000000,433.02000000,758580.50900000
1765324800000,433.00000000,448.14000000,396.55000000,404.43000000,496256.29200000
1765411200000,404.45000000,469.98000000,390.28000000,450.89000000,740659.83100000
1765497600000,450.80000000,470.58000000,445.54000000,454.99000000,437154.77400000
1765584000000,454.96000000,476.76000000,422.41000000,443.10000000,577315.20800000
1765670400000,443.07000000,444.24000000,395.57000000,404.31000000,401073.71600000
1765756800000,404.16000000,418.49000000,386.45000000,413.57000000,572674.00500000
1765843200000,413.56000000,416.81000000,373.93000000,404.61000000,467339.65500000
1765929600000,404.58000000,411.51000000,371.25000000,376.62000000,377409.97300000
1766016000000,376.61000000,404.77000000,371.96000000,388.45000000,496268.60700000
1766102400000,388.45000000,457.79000000,384.53000000,444.02000000,392718.95100000
1766188800000,444.03000000,456.20000000,434.80000000,447.10000000,228674.58800000
1766275200000,447.09000000,451.64000000,428.50000000,441.32000000,231077.57000000
1766361600000,441.24000000,457.58000000,426.48000000,431.58000000,276001.27600000
1766448000000,431.58000000,438.71000000,410.36000000,417.41000000,236887.56100000
1766534400000,417.42000000,451.91000000,404.60000000,448.67000000,345793.18800000
1766620800000,448.66000000,455.69000000,434.65000000,438.08000000,242599.88400000
1766707200000,438.07000000,449.63000000,435.57000000,448.15000000,216960.48500000
1766793600000,448.14000000,528.17000000,444.52000000,516.10000000,508362.06000000
1766880000000,516.06000000,544.04000000,510.38000000,530.05000000,255401.85400000
1766966400000,530.08000000,560.00000000,508.38000000,540.49000000,485072.06400000
1767052800000,540.54000000,545.10000000,522.45000000,529.61000000,242085.56200000
1767139200000,529.60000000,533.79000000,500.00000000,512.31000000,500445.82700000
1767225600000,512.35000000,537.36000000,507.00000000,526.06000000,149716.00100000
1767312000000,526.05000000,534.18000000,481.58000000,488.52000000,310605.69600000
1767398400000,488.52000000,520.40000000,488.29000000,511.51000000,258615.98400000
1767484800000,511.61000000,517.92000000,494.26000000,502.21000000,187713.05900000
1767571200000,502.26000000,509.74000000,485.51000000,503.50000000,206460.26700000
1767657600000,503.48000000,530.00000000,491.95000000,501.99000000,384647.48100000
1767744000000,501.94000000,507.32000000,467.30000000,469.52000000,250487.31500000
1767830400000,469.54000000,483.63000000,381.00000000,421.96000000,1056078.83900000
1767916800000,421.94000000,449.80000000,413.17000000,418.47000000,402704.86300000
1768003200000,418.47000000,419.51000000,361.01000000,375.76000000,448166.19600000
1768089600000,375.78000000,400.60000000,371.96000000,381.62000000,237211.44500000
1768176000000,381.64000000,418.75000000,379.56000000,407.00000000,386902.77300000
1768262400000,407.01000000,413.44000000,383.26000000,404.27000000,391212.13700000
1768348800000,404.28000000,449.26000000,403.54000000,447.21000000,437452.89700000
1768435200000,447.23000000,449.00000000,402.80000000,414.37000000,340738.02200000
1768521600000,414.38000000,417.80000000,399.62000000,411.15000000,188589.91600000
1768608000000,411.12000000,412.15000000,396.39000000,400.26000000,111851.67800000
1768694400000,400.18000000,401.62000000,374.31000000,376.62000000,151154.34300000
1768780800000,376.60000000,381.42000000,336.00000000,369.23000000,305739.69700000
1768867200000,369.23000000,371.69000000,342.01000000,349.78000000,357692.39600000
1768953600000,349.73000000,375.98000000,349.22000000,355.74000000,244527.26200000
1769040000000,355.75000000,369.10000000,352.75000000,365.52000000,164805.51300000
1769126400000,365.52000000,375.07000000,355.05000000,367.91000000,152486.02200000
1769212800000,367.90000000,387.49000000,357.81000000,359.79000000,107579.45800000
1769299200000,359.79000000,364.98000000,325.00000000,329.39000000,180742.75400000
1769385600000,329.37000000,375.29000000,328.01000000,367.63000000,287249.25600000
1769472000000,367.61000000,404.98000000,364.30000000,399.83000000,307153.33600000
1769558400000,399.82000000,402.31000000,370.10000000,371.06000000,226123.55600000
1769644800000,371.06000000,373.40000000,346.27000000,353.49000000,181408.05100000
1769731200000,353.54000000,356.43000000,320.73000000,340.66000000,240962.23900000
1769817600000,340.68000000,341.61000000,274.40000000,303.07000000,350078.45100000
1769904000000,303.07000000,310.39000000,286.74000000,305.98000000,246735.51600000
1769990400000,306.00000000,320.78000000,290.44000000,295.73000000,276544.83900000
1770076800000,295.73000000,296.20000000,266.21000000,270.70000000,278067.82700000
1770163200000,270.71000000,283.18000000,251.29000000,251.84000000,300026.51200000
1770249600000,251.78000000,256.09000000,203.17000000,205.00000000,658259.77800000
1770336000000,204.98000000,255.00000000,184.57000000,240.61000000,737936.41200000
1770422400000,240.62000000,248.37000000,225.73000000,240.45000000,354648.00300000
1770508800000,240.49000000,247.67000000,232.67000000,239.91000000,216596.12400000
1770595200000,239.80000000,245.41000000,228.01000000,240.34000000,242039.93000000
1770681600000,240.34000000,244.96000000,228.29000000,233.91000000,178374.43200000
1770768000000,233.86000000,253.03000000,220.67000000,240.43000000,343179.99100000
1770854400000,240.47000000,245.11000000,228.24000000,233.07000000,191837.21600000
1770940800000,233.11000000,281.68000000,228.81000000,267.31000000,294978.98600000
1771027200000,267.28000000,333.06000000,266.93000000,323.52000000,456828.12500000
1771113600000,323.47000000,332.88000000,287.67000000,297.77000000,326534.80700000
1771200000000,297.73000000,310.99000000,281.83000000,294.13000000,241945.64200000
1771286400000,294.13000000,297.50000000,278.20000000,296.38000000,194380.40400000
1771372800000,296.38000000,304.17000000,262.05000000,264.62000000,228075.51600000
1771459200000,264.64000000,267.71000000,253.68000000,262.17000000,126223.13000000
1771545600000,262.16000000,267.46000000,250.20000000,258.97000000,133945.16500000
1771632000000,258.97000000,264.93000000,257.94000000,259.92000000,62503.97300000
1771718400000,259.91000000,261.28000000,241.72000000,244.64000000,148726.49600000
1771804800000,244.61000000,252.93000000,230.10000000,237.56000000,178868.80200000
1771891200000,237.60000000,247.87000000,229.56000000,242.78000000,132712.71000000
1771977600000,242.83000000,261.82000000,234.91000000,244.21000000,281230.03500000
1772064000000,244.22000000,257.43000000,235.50000000,238.96000000,208037.20700000
1772150400000,238.97000000,244.98000000,214.46000000,219.35000000,177451.12900000
1772236800000,219.34000000,224.24000000,203.50000000,220.27000000,250544.84600000
1772323200000,220.30000000,234.00000000,211.89000000,213.38000000,222419.18100000
1772409600000,213.38000000,226.28000000,211.29000000,223.85000000,203982.96700000
1772496000000,223.86000000,224.60000000,211.01000000,220.93000000,224043.53200000
1772582400000,221.01000000,251.42000000,215.53000000,243.52000000,319119.87100000
1772668800000,243.48000000,244.08000000,225.59000000,226.48000000,167329.83200000
1772755200000,226.48000000,229.49000000,205.52000000,210.10000000,159273.24900000
1772841600000,210.13000000,211.24000000,193.54000000,197.25000000,143948.30200000
1772928000000,197.28000000,204.01000000,192.04000000,197.90000000,120178.99700000
1773014400000,197.87000000,219.32000000,197.47000000,214.52000000,210797.25400000
1773100800000,214.52000000,230.88000000,213.28000000,222.64000000,250923.30300000
1773187200000,222.62000000,222.62000000,209.15000000,212.87000000,177180.24100000
1773273600000,212.87000000,214.48000000,203.58000000,208.47000000,138902.12300000
1773360000000,208.47000000,224.79000000,206.52000000,208.22000000,252926.41700000
1773446400000,208.20000000,213.81000000,205.78000000,213.18000000,98580.98900000
1773532800000,213.19000000,239.39000000,211.42000000,229.66000000,298418.06700000
1773619200000,229.69000000,290.31000000,227.42000000,276.87000000,497457.28700000
1773705600000,276.90000000,287.85000000,263.81000000,272.64000000,429527.83600000
1773792000000,272.65000000,284.81000000,243.58000000,248.71000000,436087.00500000
1773878400000,248.71000000,255.69000000,230.70000000,234.66000000,250138.78800000
1773964800000,234.63000000,250.43000000,228.53000000,234.53000000,243288.34400000
1774051200000,234.52000000,237.65000000,218.13000000,219.79000000,131767.78900000
1774137600000,219.87000000,223.46000000,213.57000000,217.37000000,134189.22400000
1774224000000,217.39000000,234.88000000,215.24000000,228.53000000,284867.77100000
1774310400000,228.52000000,243.37000000,222.00000000,242.09000000,223932.89500000
1774396800000,242.09000000,247.68000000,229.18000000,231.89000000,245238.10400000
1774483200000,231.87000000,234.46000000,218.82000000,222.12000000,162305.78500000
1774569600000,222.11000000,226.24000000,212.37000000,215.67000000,144119.66500000
1774656000000,215.58000000,223.85000000,209.09000000,213.59000000,140247.52300000
1774742400000,213.59000000,220.62000000,207.88000000,215.04000000,114488.59600000
1774828800000,215.06000000,231.77000000,214.23000000,225.74000000,214411.66400000
1774915200000,225.75000000,257.86000000,223.51000000,248.51000000,472716.26900000
1775001600000,248.48000000,258.48000000,232.95000000,251.40000000,303383.21900000
1775088000000,251.43000000,255.60000000,231.30000000,240.84000000,276951.47800000
1775174400000,240.85000000,241.40000000,232.15000000,234.41000000,89658.51400000
1775260800000,234.42000000,253.93000000,233.65000000,251.14000000,136962.50900000
1775347200000,251.16000000,251.44000000,236.89000000,245.08000000,121927.91100000
1775433600000,245.10000000,260.78000000,244.99000000,251.54000000,205209.24600000
1775520000000,251.53000000,325.41000000,250.54000000,320.78000000,545541.34700000
1775606400000,320.72000000,340.16000000,312.66000000,323.48000000,396281.25100000
1775692800000,323.51000000,388.82000000,308.38000000,366.68000000,527025.88100000
1775779200000,366.72000000,394.14000000,363.48000000,375.46000000,309926.97900000
1775865600000,375.46000000,382.19000000,364.69000000,370.70000000,183678.23400000
1775952000000,370.74000000,374.30000000,355.59000000,362.27000000,202409.95800000
1776038400000,362.30000000,386.25000000,342.80000000,368.08000000,341505.16600000
1776124800000,368.12000000,380.62000000,345.50000000,354.17000000,253339.33200000
1776211200000,354.18000000,363.75000000,343.89000000,345.87000000,197701.41300000
1776297600000,345.86000000,349.44000000,332.73000000,340.17000000,201245.78600000
1776384000000,340.17000000,356.21000000,322.70000000,328.90000000,238234.39800000
1776470400000,328.90000000,341.50000000,318.29000000,323.15000000,128469.03900000
1776556800000,323.12000000,337.89000000,299.58000000,301.41000000,263291.39900000
1776643200000,301.47000000,322.98000000,301.14000000,312.19000000,147070.48500000
1776729600000,312.15000000,335.82000000,306.46000000,316.75000000,231692.67600000
1776816000000,316.77000000,331.64000000,313.81000000,316.52000000,165306.37900000
1776902400000,316.51000000,349.25000000,311.34000000,342.56000000,228036.92900000
1776988800000,342.64000000,367.18000000,335.11000000,359.28000000,192802.33800000
1777075200000,359.24000000,361.63000000,351.28000000,358.88000000,74882.49600000
1777161600000,358.87000000,362.88000000,348.75000000,355.09000000,70010.34900000
1777248000000,355.17000000,364.80000000,349.17000000,355.33000000,116269.70500000
1777334400000,355.29000000,355.35000000,330.60000000,336.26000000,109454.02500000
1777420800000,336.21000000,340.40000000,318.00000000,327.43000000,99192.14000000
1777507200000,327.48000000,356.83000000,324.54000000,350.55000000,131077.12500000
1777593600000,350.64000000,393.00000000,342.56000000,384.97000000,253259.88100000
1777680000000,385.00000000,394.90000000,371.38000000,387.85000000,95360.60200000
1777766400000,387.89000000,416.87000000,379.17000000,413.20000000,184579.55800000
1777852800000,413.28000000,436.99000000,397.34000000,422.67000000,376672.27000000
1777939200000,422.72000000,550.00000000,415.86000000,517.03000000,444278.31200000
1778025600000,516.97000000,607.26000000,504.25000000,554.24000000,494074.17800000
1778112000000,554.24000000,585.00000000,533.05000000,574.70000000,294711.42900000
1778198400000,574.74000000,626.40000000,554.80000000,613.09000000,273741.46900000
1778284800000,613.12000000,643.00000000,584.19000000,594.59000000,209611.96600000
1778371200000,594.59000000,619.00000000,555.00000000,592.80000000,180317.86700000
1778457600000,592.80000000,594.82000000,548.67000000,556.86000000,159480.80300000
1778544000000,556.89000000,576.29000000,541.57000000,571.25000000,133156.85000000
1778630400000,571.28000000,591.92000000,514.60000000,524.58000000,300851.21200000
1778716800000,524.55000000,569.56000000,517.59000000,560.43000000,239753.81600000
1778803200000,560.53000000,564.43000000,510.63000000,515.40000000,136882.24000000
1778889600000,515.43000000,519.75000000,486.61000000,511.34000000,143518.40200000
1778976000000,511.27000000,554.92000000,496.47000000,535.95000000,193244.13100000
1779062400000,535.93000000,572.00000000,515.39000000,563.48000000,243579.92200000
1779148800000,563.43000000,582.74000000,551.00000000,573.98000000,208634.21400000
1779235200000,573.93000000,690.00000000,568.78000000,673.54000000,359672.02200000
1779321600000,673.47000000,686.76000000,645.06000000,664.45000000,197434.42800000
1779408000000,664.34000000,666.26000000,580.79000000,582.87000000,207431.55300000
1779494400000,582.84000000,669.67000000,570.68000000,630.78000000,284666.35700000
1779580800000,630.81000000,687.00000000,623.66000000,662.87000000,260456.82600000
1779667200000,663.05000000,683.00000000,645.25000000,652.57000000,155637.66700000
1779753600000,652.44000000,652.74000000,566.46000000,568.77000000,385789.94300000
1779840000000,568.79000000,582.86000000,539.66000000,542.28000000,238229.82200000
1779926400000,542.34000000,564.10000000,518.71000000,547.53000000,254683.39500000
1780012800000,547.52000000,563.56000000,523.28000000,529.89000000,218075.55300000
1780099200000,529.85000000,542.39000000,502.60000000,528.49000000,149569.06500000
1780185600000,528.49000000,575.14000000,526.74000000,569.01000000,226452.55900000
1780272000000,568.99000000,597.39000000,526.66000000,544.59000000,265832.60200000
1780358400000,544.65000000,628.74000000,531.37000000,609.69000000,519685.96900000
1780444800000,609.64000000,644.51000000,587.52000000,620.54000000,481480.45200000
1780531200000,620.55000000,630.00000000,442.51000000,459.44000000,701344.62300000
1780617600000,459.43000000,459.43000000,250.12000000,389.43000000,2827195.74100000
1780704000000,389.46000000,400.46000000,336.82000000,362.36000000,818105.23000000
1780790400000,362.40000000,446.99000000,361.59000000,440.60000000,846952.75600000
1780876800000,440.50000000,477.02000000,414.91000000,459.04000000,478063.86000000
1780963200000,459.04000000,482.20000000,422.71000000,430.02000000,520037.84100000
1781049600000,429.95000000,449.13000000,401.87000000,408.61000000,416997.16100000
1781136000000,408.65000000,443.00000000,408.39000000,428.26000000,297125.88100000
1781222400000,428.29000000,444.00000000,403.26000000,411.96000000,307766.07200000
1781308800000,412.02000000,429.35000000,405.28000000,421.00000000,229718.94200000
1781395200000,421.04000000,477.31000000,416.01000000,472.64000000,258854.06100000
1781481600000,472.63000000,544.28000000,466.78000000,518.68000000,482417.13200000
1781568000000,518.73000000,534.50000000,482.17000000,505.09000000,401494.56000000
1781654400000,505.11000000,520.00000000,471.00000000,477.23000000,357145.51300000
1781740800000,477.30000000,489.36000000,455.95000000,469.15000000,94815.43600000
