openTime,open,high,low,close,volume
1577836800000,0.00448000,0.00458000,0.00446000,0.00454000,25680636.40000000
1577923200000,0.00454000,0.00465000,0.00431000,0.00438000,30445004.30000000
1578009600000,0.00439000,0.00459000,0.00430000,0.00454000,43348167.30000000
1578096000000,0.00455000,0.00462000,0.00446000,0.00461000,33554065.10000000
1578182400000,0.00460000,0.00471000,0.00457000,0.00463000,28268826.50000000
1578268800000,0.00463000,0.00493000,0.00463000,0.00489000,79102920.60000000
1578355200000,0.00490000,0.00496000,0.00473000,0.00481000,68474027.50000000
1578441600000,0.00481000,0.00488000,0.00455000,0.00469000,69003470.00000000
1578528000000,0.00469000,0.00473000,0.00452000,0.00459000,48883781.20000000
1578614400000,0.00459000,0.00469000,0.00453000,0.00469000,45945526.70000000
1578700800000,0.00469000,0.00474000,0.00459000,0.00465000,42797223.90000000
1578787200000,0.00465000,0.00480000,0.00463000,0.00478000,25102431.30000000
1578873600000,0.00478000,0.00479000,0.00463000,0.00467000,24226849.50000000
1578960000000,0.00467000,0.00512000,0.00460000,0.00507000,128174106.70000000
1579046400000,0.00505000,0.00534000,0.00499000,0.00523000,108968766.50000000
1579132800000,0.00522000,0.00523000,0.00497000,0.00514000,60951439.30000000
1579219200000,0.00514000,0.00555000,0.00510000,0.00544000,119081793.60000000
1579305600000,0.00544000,0.00555000,0.00524000,0.00528000,81890097.30000000
1579392000000,0.00529000,0.00539000,0.00491000,0.00511000,62914298.90000000
1579478400000,0.00511000,0.00515000,0.00498000,0.00510000,33331047.20000000
1579564800000,0.00508000,0.00518000,0.00498000,0.00512000,30767089.40000000
1579651200000,0.00510000,0.00522000,0.00506000,0.00519000,22777318.50000000
1579737600000,0.00518000,0.00520000,0.00487000,0.00496000,25446908.10000000
1579824000000,0.00497000,0.00500000,0.00479000,0.00494000,20688466.90000000
1579910400000,0.00492000,0.00499000,0.00485000,0.00494000,11471326.80000000
1579996800000,0.00491000,0.00515000,0.00487000,0.00512000,22712809.90000000
1580083200000,0.00513000,0.00517000,0.00503000,0.00511000,22038156.20000000
1580169600000,0.00512000,0.00554000,0.00505000,0.00531000,49438270.70000000
1580256000000,0.00530000,0.00569000,0.00519000,0.00552000,102847172.60000000
1580342400000,0.00552000,0.00563000,0.00541000,0.00554000,49948773.40000000
1580428800000,0.00554000,0.00609000,0.00549000,0.00593000,127286060.10000000
1580515200000,0.00594000,0.00613000,0.00586000,0.00601000,70519076.20000000
1580601600000,0.00600000,0.00636000,0.00583000,0.00620000,84876164.20000000
1580688000000,0.00620000,0.00660000,0.00603000,0.00624000,96607748.50000000
1580774400000,0.00621000,0.00720000,0.00614000,0.00683000,166907114.20000000
1580860800000,0.00688000,0.00705000,0.00660000,0.00688000,132166073.00000000
1580947200000,0.00688000,0.00750000,0.00675000,0.00745000,114293130.50000000
1581033600000,0.00746000,0.00830000,0.00720000,0.00825000,193858509.00000000
1581120000000,0.00822000,0.00825000,0.00722000,0.00751000,151837862.50000000
1581206400000,0.00751000,0.00802000,0.00737000,0.00792000,120940907.90000000
1581292800000,0.00792000,0.00822000,0.00728000,0.00756000,135229722.40000000
1581379200000,0.00759000,0.00823000,0.00729000,0.00819000,128650001.00000000
1581465600000,0.00820000,0.00857000,0.00800000,0.00829000,197122782.10000000
1581552000000,0.00829000,0.00860000,0.00786000,0.00810000,162828151.20000000
1581638400000,0.00813000,0.00920000,0.00800000,0.00898000,167832585.40000000
1581724800000,0.00897000,0.00979000,0.00613000,0.00810000,329832291.90000000
1581811200000,0.00810000,0.00864000,0.00707000,0.00774000,220234736.20000000
1581897600000,0.00769000,0.00785000,0.00668000,0.00744000,218264012.30000000
1581984000000,0.00744000,0.00799000,0.00716000,0.00782000,117589199.40000000
1582070400000,0.00785000,0.00800000,0.00682000,0.00691000,123758164.90000000
1582156800000,0.00689000,0.00774000,0.00685000,0.00725000,123497568.90000000
1582243200000,0.00728000,0.00782000,0.00710000,0.00739000,164278708.90000000
1582329600000,0.00739000,0.00748000,0.00701000,0.00738000,49563469.80000000
1582416000000,0.00738000,0.00780000,0.00730000,0.00778000,95797814.90000000
1582502400000,0.00779000,0.00783000,0.00694000,0.00720000,106707536.00000000
1582588800000,0.00719000,0.00722000,0.00640000,0.00643000,122505549.40000000
1582675200000,0.00643000,0.00652000,0.00532000,0.00570000,235010414.10000000
1582761600000,0.00570000,0.00631000,0.00540000,0.00600000,169418430.70000000
1582848000000,0.00600000,0.00622000,0.00563000,0.00597000,123771002.00000000
1582934400000,0.00595000,0.00616000,0.00580000,0.00589000,56694475.00000000
1583020800000,0.00592000,0.00629000,0.00565000,0.00585000,110664917.30000000
1583107200000,0.00585000,0.00648000,0.00582000,0.00621000,97326483.30000000
1583193600000,0.00621000,0.00635000,0.00600000,0.00603000,89734438.10000000
1583280000000,0.00604000,0.00626000,0.00592000,0.00610000,98222538.60000000
1583366400000,0.00610000,0.00635000,0.00610000,0.00624000,108796170.90000000
1583452800000,0.00624000,0.00721000,0.00619000,0.00701000,266599805.70000000
1583539200000,0.00700000,0.00769000,0.00666000,0.00689000,287775530.60000000
1583625600000,0.00688000,0.00688000,0.00566000,0.00572000,179399912.40000000
1583712000000,0.00573000,0.00604000,0.00549000,0.00591000,237009047.20000000
1583798400000,0.00593000,0.00624000,0.00570000,0.00594000,144513851.30000000
1583884800000,0.00594000,0.00609000,0.00526000,0.00578000,143110634.60000000
1583971200000,0.00575000,0.00577000,0.00283000,0.00314000,316409800.70000000
1584057600000,0.00311000,0.00386000,0.00224000,0.00355000,349725390.20000000
1584144000000,0.00358000,0.00376000,0.00337000,0.00346000,133142380.10000000
1584230400000,0.00344000,0.00398000,0.00342000,0.00368000,146656839.90000000
1584316800000,0.00369000,0.00370000,0.00285000,0.00334000,217116812.80000000
1584403200000,0.00337000,0.00376000,0.00335000,0.00353000,72773159.70000000
1584489600000,0.00353000,0.00359000,0.00327000,0.00352000,58202171.90000000
1584576000000,0.00353000,0.00420000,0.00347000,0.00406000,148620523.30000000
1584662400000,0.00406000,0.00449000,0.00350000,0.00392000,196951664.70000000
1584748800000,0.00391000,0.00410000,0.00366000,0.00392000,79791890.80000000
1584835200000,0.00392000,0.00416000,0.00356000,0.00359000,93552321.40000000
1584921600000,0.00358000,0.00392000,0.00348000,0.00388000,96802325.10000000
1585008000000,0.00390000,0.00401000,0.00375000,0.00393000,89931014.60000000
1585094400000,0.00390000,0.00400000,0.00373000,0.00388000,73748009.70000000
1585180800000,0.00391000,0.00398000,0.00362000,0.00394000,115636755.80000000
1585267200000,0.00392000,0.00398000,0.00365000,0.00370000,102748270.40000000
1585353600000,0.00369000,0.00385000,0.00356000,0.00378000,96086736.00000000
1585440000000,0.00377000,0.00378000,0.00349000,0.00353000,60960582.00000000
1585526400000,0.00352000,0.00388000,0.00351000,0.00379000,78782398.90000000
1585612800000,0.00379000,0.00387000,0.00370000,0.00382000,58391327.30000000
1585699200000,0.00383000,0.00389000,0.00366000,0.00387000,71556832.10000000
1585785600000,0.00388000,0.00415000,0.00388000,0.00396000,94797568.70000000
1585872000000,0.00395000,0.00407000,0.00390000,0.00395000,66084047.80000000
1585958400000,0.00395000,0.00408000,0.00390000,0.00408000,53736147.50000000
1586044800000,0.00408000,0.00437000,0.00401000,0.00433000,179725731.90000000
1586131200000,0.00433000,0.00494000,0.00431000,0.00471000,400247410.80000000
1586217600000,0.00473000,0.00480000,0.00447000,0.00454000,190687421.60000000
1586304000000,0.00454000,0.00473000,0.00450000,0.00463000,90343768.90000000
1586390400000,0.00462000,0.00475000,0.00442000,0.00464000,87799066.50000000
1586476800000,0.00465000,0.00467000,0.00407000,0.00417000,155443902.40000000
1586563200000,0.00420000,0.00428000,0.00411000,0.00426000,50038322.50000000
1586649600000,0.00426000,0.00444000,0.00419000,0.00423000,78468985.20000000
1586736000000,0.00420000,0.00423000,0.00401000,0.00411000,93894598.70000000
1586822400000,0.00412000,0.00422000,0.00400000,0.00414000,62142306.80000000
1586908800000,0.00414000,0.00422000,0.00398000,0.00400000,57579892.70000000
1586995200000,0.00398000,0.00435000,0.00386000,0.00428000,113071555.10000000
1587081600000,0.00430000,0.00432000,0.00417000,0.00420000,59427495.30000000
1587168000000,0.00420000,0.00442000,0.00418000,0.00441000,66346414.50000000
1587254400000,0.00442000,0.00444000,0.00421000,0.00424000,55153448.90000000
1587340800000,0.00423000,0.00442000,0.00403000,0.00403000,87880945.40000000
1587427200000,0.00404000,0.00422000,0.00400000,0.00412000,51911361.90000000
1587513600000,0.00412000,0.00430000,0.00404000,0.00422000,61260462.90000000
1587600000000,0.00420000,0.00444000,0.00409000,0.00433000,130868711.00000000
1587686400000,0.00434000,0.00476000,0.00434000,0.00465000,143305143.60000000
1587772800000,0.00465000,0.00483000,0.00460000,0.00479000,100135170.40000000
1587859200000,0.00479000,0.00528000,0.00479000,0.00507000,216487227.70000000
1587945600000,0.00507000,0.00527000,0.00478000,0.00503000,163531369.50000000
1588032000000,0.00501000,0.00508000,0.00484000,0.00498000,66439824.70000000
1588118400000,0.00498000,0.00541000,0.00496000,0.00537000,155861951.40000000
1588204800000,0.00537000,0.00578000,0.00509000,0.00553000,269284322.10000000
1588291200000,0.00550000,0.00617000,0.00549000,0.00595000,266840826.40000000
1588377600000,0.00594000,0.00627000,0.00580000,0.00621000,185264500.50000000
1588464000000,0.00621000,0.00631000,0.00580000,0.00606000,136010921.20000000
1588550400000,0.00608000,0.00769000,0.00591000,0.00710000,810075635.40000000
1588636800000,0.00711000,0.00849000,0.00690000,0.00826000,369724842.60000000
1588723200000,0.00825000,0.00838000,0.00694000,0.00706000,438750687.30000000
1588809600000,0.00702000,0.00747000,0.00674000,0.00709000,365211287.70000000
1588896000000,0.00708000,0.00770000,0.00686000,0.00702000,304763350.90000000
1588982400000,0.00700000,0.00735000,0.00694000,0.00717000,140087068.50000000
1589068800000,0.00716000,0.00736000,0.00607000,0.00688000,431189694.30000000
1589155200000,0.00684000,0.00737000,0.00632000,0.00701000,285090650.80000000
1589241600000,0.00699000,0.00783000,0.00686000,0.00762000,251973124.10000000
1589328000000,0.00763000,0.00955000,0.00760000,0.00942000,948107452.50000000
1589414400000,0.00944000,0.01120000,0.00862000,0.01046000,839047881.20000000
1589500800000,0.01046000,0.01105000,0.00980000,0.01004000,763649394.40000000
1589587200000,0.01005000,0.01112000,0.00995000,0.01089000,367206774.80000000
1589673600000,0.01092000,0.01094000,0.01040000,0.01058000,290106028.50000000
1589760000000,0.01056000,0.01059000,0.00971000,0.00997000,366487581.10000000
1589846400000,0.00995000,0.01033000,0.00938000,0.00979000,387364266.00000000
1589932800000,0.00979000,0.01010000,0.00932000,0.00962000,287512869.30000000
1590019200000,0.00960000,0.01025000,0.00850000,0.00975000,569619197.30000000
1590105600000,0.00974000,0.01059000,0.00928000,0.01003000,489849708.10000000
1590192000000,0.01004000,0.01052000,0.00962000,0.00985000,246157982.70000000
1590278400000,0.00985000,0.01087000,0.00939000,0.00985000,517444086.30000000
1590364800000,0.00984000,0.01390000,0.00971000,0.01246000,1669887467.70000000
1590451200000,0.01248000,0.01339000,0.01156000,0.01237000,761163964.20000000
1590537600000,0.01237000,0.01279000,0.01160000,0.01228000,454142426.10000000
1590624000000,0.01223000,0.01310000,0.01195000,0.01237000,362770793.20000000
1590710400000,0.01239000,0.01263000,0.01188000,0.01248000,255713962.60000000
1590796800000,0.01249000,0.01425000,0.01215000,0.01339000,445916680.40000000
1590883200000,0.01342000,0.01550000,0.01337000,0.01475000,682906982.20000000
1590969600000,0.01471000,0.01765000,0.01421000,0.01626000,1422667794.60000000
1591056000000,0.01624000,0.01976000,0.01624000,0.01824000,1136482681.50000000
1591142400000,0.01824000,0.01850000,0.01685000,0.01804000,477720989.00000000
1591228800000,0.01803000,0.01806000,0.01633000,0.01641000,322954926.20000000
1591315200000,0.01641000,0.01825000,0.01631000,0.01799000,371677952.80000000
1591401600000,0.01796000,0.02257000,0.01788000,0.02121000,1071002172.60000000
1591488000000,0.02123000,0.02268000,0.01975000,0.02231000,794464664.30000000
1591574400000,0.02231000,0.02244000,0.02089000,0.02132000,291470548.30000000
1591660800000,0.02132000,0.02466000,0.02070000,0.02443000,559626622.70000000
1591747200000,0.02443000,0.02896000,0.02374000,0.02730000,1153412910.60000000
1591833600000,0.02730000,0.02990000,0.02368000,0.02497000,1592897200.20000000
1591920000000,0.02500000,0.02679000,0.02456000,0.02594000,681395463.90000000
1592006400000,0.02595000,0.02605000,0.02170000,0.02273000,863248949.40000000
1592092800000,0.02273000,0.02445000,0.02134000,0.02291000,745736444.20000000
1592179200000,0.02291000,0.02575000,0.02025000,0.02513000,1199144868.90000000
1592265600000,0.02512000,0.02654000,0.02432000,0.02515000,572435017.40000000
1592352000000,0.02515000,0.02516000,0.02290000,0.02330000,507659798.90000000
1592438400000,0.02330000,0.02335000,0.02034000,0.02082000,688591267.70000000
1592524800000,0.02084000,0.02196000,0.01841000,0.01875000,1023057484.90000000
1592611200000,0.01876000,0.01945000,0.01744000,0.01917000,868306085.90000000
1592697600000,0.01917000,0.02123000,0.01907000,0.01987000,972731750.70000000
1592784000000,0.01986000,0.02061000,0.01927000,0.02005000,487508716.70000000
1592870400000,0.02005000,0.02019000,0.01881000,0.01946000,458235925.50000000
1592956800000,0.01945000,0.02045000,0.01866000,0.01953000,551567854.00000000
1593043200000,0.01951000,0.01980000,0.01873000,0.01883000,311205931.20000000
1593129600000,0.01886000,0.01899000,0.01776000,0.01784000,291187445.20000000
1593216000000,0.01784000,0.01785000,0.01490000,0.01585000,584467459.40000000
1593302400000,0.01585000,0.01860000,0.01570000,0.01791000,832978732.90000000
1593388800000,0.01794000,0.01836000,0.01695000,0.01803000,443213622.40000000
1593475200000,0.01803000,0.01810000,0.01732000,0.01740000,237394395.30000000
1593561600000,0.01740000,0.01782000,0.01700000,0.01743000,218194361.30000000
1593648000000,0.01743000,0.01803000,0.01650000,0.01731000,292408455.20000000
1593734400000,0.01731000,0.01745000,0.01664000,0.01703000,228121810.50000000
1593820800000,0.01702000,0.01955000,0.01690000,0.01917000,697538200.80000000
1593907200000,0.01918000,0.01944000,0.01757000,0.01869000,576596174.90000000
1593993600000,0.01864000,0.01934000,0.01844000,0.01902000,313009598.40000000
1594080000000,0.01902000,0.02081000,0.01868000,0.02042000,529625106.50000000
1594166400000,0.02042000,0.02133000,0.02020000,0.02088000,522745131.00000000
1594252800000,0.02087000,0.02096000,0.01918000,0.01980000,369811666.10000000
1594339200000,0.01983000,0.01998000,0.01866000,0.01967000,230657953.60000000
1594425600000,0.01969000,0.02040000,0.01947000,0.02001000,180931385.50000000
1594512000000,0.02000000,0.02014000,0.01918000,0.01945000,163829946.80000000
1594598400000,0.01945000,0.02100000,0.01900000,0.02003000,421810016.60000000
1594684800000,0.02003000,0.02010000,0.01926000,0.01978000,164376408.40000000
1594771200000,0.01983000,0.02005000,0.01900000,0.01912000,156984892.30000000
1594857600000,0.01912000,0.01912000,0.01722000,0.01800000,375007857.20000000
1594944000000,0.01801000,0.01858000,0.01768000,0.01810000,182223630.70000000
1595030400000,0.01810000,0.01821000,0.01770000,0.01790000,112550501.60000000
1595116800000,0.01791000,0.01825000,0.01747000,0.01790000,124777352.70000000
1595203200000,0.01793000,0.01796000,0.01682000,0.01725000,172166025.60000000
1595289600000,0.01723000,0.01825000,0.01723000,0.01799000,201197811.00000000
1595376000000,0.01799000,0.01886000,0.01764000,0.01882000,219201824.00000000
1595462400000,0.01879000,0.01978000,0.01858000,0.01965000,316630409.20000000
1595548800000,0.01962000,0.01964000,0.01820000,0.01843000,224395262.30000000
1595635200000,0.01844000,0.01872000,0.01828000,0.01858000,239441644.60000000
1595721600000,0.01857000,0.01862000,0.01758000,0.01798000,265120459.20000000
1595808000000,0.01797000,0.01808000,0.01630000,0.01692000,553047177.10000000
1595894400000,0.01693000,0.01806000,0.01671000,0.01800000,348159127.80000000
1595980800000,0.01800000,0.01837000,0.01757000,0.01767000,289460703.60000000
1596067200000,0.01765000,0.01992000,0.01744000,0.01819000,499608203.80000000
1596153600000,0.01816000,0.01899000,0.01774000,0.01799000,264950351.80000000
1596240000000,0.01799000,0.01876000,0.01788000,0.01867000,379529027.60000000
1596326400000,0.01864000,0.01888000,0.01484000,0.01782000,445479537.60000000
1596412800000,0.01784000,0.01831000,0.01741000,0.01754000,268798003.70000000
1596499200000,0.01753000,0.01849000,0.01753000,0.01842000,253832986.70000000
1596585600000,0.01842000,0.01978000,0.01813000,0.01958000,416743173.20000000
1596672000000,0.01961000,0.02093000,0.01937000,0.02011000,556650625.70000000
1596758400000,0.02012000,0.02275000,0.02002000,0.02183000,781033154.20000000
1596844800000,0.02183000,0.02678000,0.02134000,0.02608000,937195406.00000000
1596931200000,0.02612000,0.02612000,0.02310000,0.02515000,551837470.60000000
1597017600000,0.02514000,0.02590000,0.02276000,0.02497000,578344899.90000000
1597104000000,0.02491000,0.02839000,0.02403000,0.02606000,1092953330.20000000
1597190400000,0.02605000,0.02763000,0.02346000,0.02554000,567252375.50000000
1597276800000,0.02554000,0.02750000,0.02429000,0.02546000,547235921.80000000
1597363200000,0.02546000,0.02650000,0.02477000,0.02505000,421479665.30000000
1597449600000,0.02505000,0.02558000,0.02356000,0.02470000,400016589.00000000
1597536000000,0.02470000,0.02744000,0.02445000,0.02632000,600638379.10000000
1597622400000,0.02635000,0.02688000,0.02480000,0.02520000,473025711.80000000
1597708800000,0.02517000,0.02577000,0.02243000,0.02315000,435336959.00000000
1597795200000,0.02315000,0.02395000,0.02088000,0.02185000,504228142.20000000
1597881600000,0.02185000,0.02315000,0.02171000,0.02276000,262493012.50000000
1597968000000,0.02276000,0.02470000,0.02100000,0.02118000,468672963.70000000
1598054400000,0.02119000,0.02201000,0.02000000,0.02189000,394064810.30000000
1598140800000,0.02191000,0.02220000,0.02081000,0.02144000,184478850.70000000
1598227200000,0.02144000,0.02428000,0.02111000,0.02372000,341475355.90000000
1598313600000,0.02367000,0.02415000,0.02046000,0.02135000,310740011.10000000
1598400000000,0.02133000,0.02250000,0.02090000,0.02239000,216213757.50000000
1598486400000,0.02240000,0.02244000,0.01927000,0.02029000,258525387.80000000
1598572800000,0.02032000,0.02119000,0.02001000,0.02096000,181077305.10000000
1598659200000,0.02094000,0.02136000,0.02044000,0.02093000,126997755.80000000
1598745600000,0.02090000,0.02338000,0.02080000,0.02327000,349974851.00000000
1598832000000,0.02328000,0.02437000,0.02240000,0.02241000,625312161.60000000
1598918400000,0.02243000,0.02331000,0.02168000,0.02190000,506495953.70000000
1599004800000,0.02189000,0.02254000,0.01856000,0.02037000,587043274.60000000
1599091200000,0.02037000,0.02056000,0.01503000,0.01587000,670591338.30000000
1599177600000,0.01583000,0.01744000,0.01501000,0.01659000,469101536.20000000
1599264000000,0.01660000,0.01717000,0.01320000,0.01494000,455120968.50000000
1599350400000,0.01492000,0.01573000,0.01391000,0.01528000,308075816.50000000
1599436800000,0.01528000,0.01575000,0.01394000,0.01532000,304323670.80000000
1599523200000,0.01532000,0.01670000,0.01464000,0.01555000,316192129.40000000
1599609600000,0.01554000,0.01693000,0.01522000,0.01647000,257482642.20000000
1599696000000,0.01648000,0.01789000,0.01646000,0.01727000,188567599.50000000
1599782400000,0.01727000,0.01745000,0.01651000,0.01724000,134126743.20000000
1599868800000,0.01724000,0.01795000,0.01685000,0.01778000,112495369.90000000
1599955200000,0.01778000,0.01783000,0.01603000,0.01668000,138356186.30000000
1600041600000,0.01668000,0.01704000,0.01610000,0.01676000,141016774.60000000
1600128000000,0.01679000,0.01696000,0.01557000,0.01564000,219850346.00000000
1600214400000,0.01563000,0.01692000,0.01506000,0.01689000,227284975.40000000
1600300800000,0.01689000,0.01755000,0.01611000,0.01664000,165772180.40000000
1600387200000,0.01663000,0.01741000,0.01641000,0.01706000,178671831.90000000
1600473600000,0.01705000,0.01724000,0.01644000,0.01686000,115390364.60000000
1600560000000,0.01686000,0.01694000,0.01525000,0.01572000,138091093.90000000
1600646400000,0.01571000,0.01607000,0.01268000,0.01380000,519344213.80000000
1600732800000,0.01380000,0.01443000,0.01342000,0.01415000,399914195.30000000
1600819200000,0.01418000,0.01540000,0.01290000,0.01389000,269326447.80000000
1600905600000,0.01388000,0.01472000,0.01358000,0.01460000,211600210.80000000
1600992000000,0.01461000,0.01635000,0.01439000,0.01592000,317136170.60000000
1601078400000,0.01595000,0.01660000,0.01579000,0.01633000,153273368.50000000
1601164800000,0.01633000,0.01659000,0.01507000,0.01548000,172946870.60000000
1601251200000,0.01552000,0.01619000,0.01502000,0.01511000,150050301.60000000
1601337600000,0.01510000,0.01796000,0.01501000,0.01747000,477713211.00000000
1601424000000,0.01747000,0.01988000,0.01687000,0.01955000,774663746.70000000
1601510400000,0.01955000,0.02080000,0.01802000,0.01945000,727442769.00000000
1601596800000,0.01942000,0.01961000,0.01631000,0.01802000,557115808.00000000
1601683200000,0.01804000,0.01963000,0.01740000,0.01857000,294732266.90000000
1601769600000,0.01857000,0.02146000,0.01829000,0.02129000,418884679.90000000
1601856000000,0.02126000,0.02175000,0.02008000,0.02070000,568039913.10000000
1601942400000,0.02070000,0.02075000,0.01774000,0.01818000,513182518.90000000
1602028800000,0.01821000,0.01943000,0.01742000,0.01887000,272069946.50000000
1602115200000,0.01888000,0.01960000,0.01757000,0.01921000,269413348.60000000
1602201600000,0.01924000,0.02048000,0.01855000,0.02016000,234830895.00000000
1602288000000,0.02015000,0.02088000,0.01926000,0.01972000,239346999.30000000
1602374400000,0.01976000,0.02076000,0.01933000,0.02056000,207865934.60000000
1602460800000,0.02056000,0.02109000,0.02001000,0.02026000,254122862.70000000
1602547200000,0.02027000,0.02066000,0.01968000,0.02000000,142998038.90000000
1602633600000,0.02003000,0.02005000,0.01823000,0.01900000,179678338.50000000
1602720000000,0.01900000,0.01929000,0.01835000,0.01865000,136426655.70000000
1602806400000,0.01866000,0.01884000,0.01719000,0.01803000,144448691.40000000
1602892800000,0.01803000,0.01838000,0.01776000,0.01812000,63749447.40000000
1602979200000,0.01811000,0.01853000,0.01804000,0.01840000,159192928.50000000
1603065600000,0.01841000,0.01999000,0.01774000,0.01979000,356609905.50000000
1603152000000,0.01978000,0.02064000,0.01793000,0.01830000,276738202.30000000
1603238400000,0.01827000,0.01911000,0.01817000,0.01854000,176968300.20000000
1603324800000,0.01854000,0.01998000,0.01849000,0.01950000,183648501.50000000
1603411200000,0.01949000,0.01999000,0.01906000,0.01973000,115875318.60000000
1603497600000,0.01970000,0.02019000,0.01928000,0.01944000,99788605.20000000
1603584000000,0.01944000,0.01975000,0.01883000,0.01895000,134296069.90000000
1603670400000,0.01893000,0.01924000,0.01805000,0.01835000,112763527.10000000
1603756800000,0.01834000,0.01907000,0.01825000,0.01860000,210805159.90000000
1603843200000,0.01860000,0.01866000,0.01740000,0.01774000,251607907.00000000
1603929600000,0.01771000,0.01809000,0.01734000,0.01757000,189300216.70000000
1604016000000,0.01755000,0.01803000,0.01663000,0.01749000,134102785.20000000
1604102400000,0.01751000,0.01800000,0.01734000,0.01773000,83933778.80000000
1604188800000,0.01772000,0.01811000,0.01747000,0.01794000,74970082.30000000
1604275200000,0.01794000,0.01819000,0.01713000,0.01719000,121046550.20000000
1604361600000,0.01720000,0.01747000,0.01660000,0.01745000,79691858.20000000
1604448000000,0.01746000,0.01765000,0.01666000,0.01753000,66900578.70000000
1604534400000,0.01753000,0.01890000,0.01751000,0.01886000,137794645.50000000
1604620800000,0.01886000,0.02057000,0.01859000,0.02053000,260348475.50000000
1604707200000,0.02053000,0.02096000,0.01772000,0.01852000,337869712.30000000
1604793600000,0.01851000,0.01967000,0.01828000,0.01930000,116603037.60000000
1604880000000,0.01928000,0.01948000,0.01854000,0.01939000,82941855.50000000
1604966400000,0.01940000,0.02048000,0.01908000,0.02023000,165379975.70000000
1605052800000,0.02021000,0.02089000,0.02007000,0.02021000,114802493.00000000
1605139200000,0.02021000,0.02050000,0.01904000,0.01923000,108867115.70000000
1605225600000,0.01921000,0.02049000,0.01921000,0.02027000,98212978.40000000
1605312000000,0.02029000,0.02040000,0.01950000,0.02014000,75783741.70000000
1605398400000,0.02014000,0.02150000,0.01926000,0.01994000,204772794.40000000
1605484800000,0.01994000,0.02232000,0.01972000,0.02194000,222538342.80000000
1605571200000,0.02194000,0.02313000,0.02124000,0.02287000,282802123.70000000
1605657600000,0.02284000,0.02310000,0.02069000,0.02176000,250473109.60000000
1605744000000,0.02174000,0.02200000,0.02075000,0.02109000,137379607.10000000
1605830400000,0.02111000,0.02268000,0.02095000,0.02249000,125583401.20000000
1605916800000,0.02252000,0.02385000,0.02213000,0.02371000,308450359.60000000
1606003200000,0.02371000,0.02418000,0.02111000,0.02260000,242693682.30000000
1606089600000,0.02262000,0.02450000,0.02217000,0.02442000,220867670.40000000
1606176000000,0.02443000,0.02587000,0.02302000,0.02535000,431994697.90000000
1606262400000,0.02538000,0.03681000,0.02490000,0.02879000,1682762928.70000000
1606348800000,0.02876000,0.03300000,0.02223000,0.02582000,1461119468.20000000
1606435200000,0.02584000,0.02680000,0.02293000,0.02465000,355007375.40000000
1606521600000,0.02463000,0.02846000,0.02401000,0.02673000,472877350.40000000
1606608000000,0.02673000,0.03092000,0.02630000,0.02928000,511569050.30000000
1606694400000,0.02930000,0.03099000,0.02771000,0.02933000,528772837.50000000
1606780800000,0.02934000,0.03138000,0.02647000,0.02796000,447537651.30000000
1606867200000,0.02798000,0.03349000,0.02750000,0.03114000,485463891.90000000
1606953600000,0.03112000,0.03397000,0.03060000,0.03360000,373468058.60000000
1607040000000,0.03360000,0.03490000,0.02887000,0.02954000,387244987.50000000
1607126400000,0.02951000,0.03485000,0.02902000,0.03402000,364215975.00000000
1607212800000,0.03401000,0.03600000,0.03340000,0.03538000,438252286.90000000
1607299200000,0.03536000,0.03649000,0.03345000,0.03555000,379986012.80000000
1607385600000,0.03555000,0.03558000,0.03069000,0.03135000,501573771.80000000
1607472000000,0.03136000,0.03249000,0.02850000,0.03105000,385011734.40000000
1607558400000,0.03103000,0.03360000,0.02951000,0.03265000,355947338.20000000
1607644800000,0.03268000,0.03289000,0.02939000,0.02955000,368731337.90000000
1607731200000,0.02956000,0.03317000,0.02941000,0.03267000,211600918.70000000
1607817600000,0.03268000,0.03400000,0.03225000,0.03278000,224837567.10000000
1607904000000,0.03276000,0.03326000,0.03155000,0.03296000,145426523.60000000
1607990400000,0.03299000,0.03574000,0.03228000,0.03503000,248630787.40000000
1608076800000,0.03503000,0.03975000,0.03416000,0.03921000,613989127.60000000
1608163200000,0.03916000,0.04030000,0.03656000,0.03790000,515656647.20000000
1608249600000,0.03782000,0.04490000,0.03664000,0.04380000,631468119.90000000
1608336000000,0.04381000,0.05485000,0.04375000,0.05009000,1343422130.70000000
1608422400000,0.05013000,0.05495000,0.04449000,0.04627000,890469707.10000000
1608508800000,0.04630000,0.05500000,0.04541000,0.04940000,924502306.00000000
1608595200000,0.04940000,0.05304000,0.04478000,0.05138000,670130818.20000000
1608681600000,0.05134000,0.06505000,0.05087000,0.05727000,1742794256.50000000
1608768000000,0.05727000,0.06200000,0.05023000,0.05938000,1222458342.20000000
1608854400000,0.05932000,0.06611000,0.05775000,0.06327000,713305231.40000000
1608940800000,0.06333000,0.09420000,0.06283000,0.08660000,1886748913.60000000
1609027200000,0.08654000,0.09980000,0.07307000,0.07637000,2394132008.30000000
1609113600000,0.07636000,0.09320000,0.07528000,0.08930000,949652809.00000000
1609200000000,0.08931000,0.09128000,0.07746000,0.08431000,697664214.00000000
1609286400000,0.08431000,0.08444000,0.06989000,0.07734000,912631524.20000000
1609372800000,0.07725000,0.08578000,0.07145000,0.08257000,714590780.90000000
1609459200000,0.08257000,0.08900000,0.07723000,0.07887000,580732126.20000000
1609545600000,0.07896000,0.08128000,0.07026000,0.07219000,494851911.10000000
1609632000000,0.07219000,0.07689000,0.06330000,0.06763000,971917210.90000000
1609718400000,0.06766000,0.07800000,0.06685000,0.06998000,730857823.20000000
1609804800000,0.06998000,0.07495000,0.06517000,0.07023000,556215920.40000000
1609891200000,0.07026000,0.08500000,0.06956000,0.07772000,812528626.60000000
1609977600000,0.07776000,0.08479000,0.07070000,0.07581000,696858168.10000000
1610064000000,0.07584000,0.07750000,0.06800000,0.07337000,398774074.60000000
1610150400000,0.07322000,0.08000000,0.07100000,0.07587000,319075245.10000000
1610236800000,0.07589000,0.08310000,0.06684000,0.07285000,463354814.10000000
1610323200000,0.07284000,0.07326000,0.05131000,0.06481000,900910904.10000000
1610409600000,0.06498000,0.07100000,0.05807000,0.06197000,454342552.10000000
1610496000000,0.06196000,0.07228000,0.05872000,0.07035000,373479935.20000000
1610582400000,0.07045000,0.07234000,0.06500000,0.06906000,461350719.30000000
1610668800000,0.06905000,0.07017000,0.06000000,0.06622000,395566646.60000000
1610755200000,0.06625000,0.07575000,0.06595000,0.07349000,470878746.20000000
1610841600000,0.07347000,0.07950000,0.06962000,0.07341000,451842559.70000000
1610928000000,0.07340000,0.08130000,0.07050000,0.07890000,494553977.40000000
1611014400000,0.07888000,0.07920000,0.07190000,0.07358000,319888811.30000000
1611100800000,0.07362000,0.07555000,0.06780000,0.07413000,303065833.70000000
1611187200000,0.07406000,0.07490000,0.06044000,0.06214000,286445997.90000000
1611273600000,0.06213000,0.06977000,0.05700000,0.06757000,282759185.40000000
1611360000000,0.06757000,0.07050000,0.06522000,0.06781000,189390525.40000000
1611446400000,0.06792000,0.07276000,0.06711000,0.06907000,206100526.50000000
1611532800000,0.06901000,0.07208000,0.06593000,0.06673000,204513619.80000000
1611619200000,0.06673000,0.06864000,0.06362000,0.06785000,185630504.90000000
1611705600000,0.06785000,0.06820000,0.06002000,0.06206000,217731163.40000000
1611792000000,0.06205000,0.06760000,0.06136000,0.06540000,196487222.10000000
1611878400000,0.06540000,0.07123000,0.06304000,0.06717000,425494764.30000000
1611964800000,0.06720000,0.07878000,0.06465000,0.07306000,624004071.20000000
1612051200000,0.07314000,0.08105000,0.06510000,0.06918000,570469660.50000000
1612137600000,0.06911000,0.07743000,0.06690000,0.07504000,390463194.80000000
1612224000000,0.07509000,0.08165000,0.07202000,0.07761000,427026335.60000000
1612310400000,0.07762000,0.08301000,0.07544000,0.07951000,354720308.70000000
1612396800000,0.07957000,0.08060000,0.07138000,0.07633000,339154610.10000000
1612483200000,0.07638000,0.08540000,0.07553000,0.08256000,431427314.10000000
1612569600000,0.08265000,0.08300000,0.07589000,0.07862000,278482751.40000000
1612656000000,0.07875000,0.08148000,0.07276000,0.07598000,278794654.60000000
1612742400000,0.07592000,0.08235000,0.07481000,0.07972000,337460392.20000000
1612828800000,0.07972000,0.10940000,0.07971000,0.10507000,934626494.10000000
1612915200000,0.10492000,0.11430000,0.09100000,0.10409000,783131255.30000000
1613001600000,0.10399000,0.12001000,0.10334000,0.11555000,536382461.60000000
1613088000000,0.11543000,0.11986000,0.10660000,0.11798000,375705599.70000000
1613174400000,0.11788000,0.16111000,0.11696000,0.14755000,1019277813.60000000
1613260800000,0.14776000,0.15900000,0.12596000,0.13325000,583895352.40000000
1613347200000,0.13331000,0.14700000,0.11050000,0.13161000,618356247.60000000
1613433600000,0.13163000,0.14063000,0.12230000,0.13183000,352177916.60000000
1613520000000,0.13162000,0.13980000,0.12086000,0.13734000,299796585.50000000
1613606400000,0.13733000,0.14515000,0.13271000,0.13907000,287684250.90000000
1613692800000,0.13912000,0.15000000,0.12750000,0.14922000,308008718.60000000
1613779200000,0.14922000,0.15700000,0.12341000,0.13506000,484562303.30000000
1613865600000,0.13517000,0.14294000,0.13081000,0.13737000,265041221.00000000
1613952000000,0.13721000,0.14000000,0.10000000,0.12314000,525334346.50000000
1614038400000,0.12322000,0.12443000,0.08100000,0.10557000,676231744.20000000
1614124800000,0.10550000,0.12333000,0.09818000,0.11190000,428385874.20000000
1614211200000,0.11193000,0.12485000,0.10805000,0.10900000,309033982.10000000
1614297600000,0.10885000,0.11605000,0.10141000,0.10944000,273227849.40000000
1614384000000,0.10925000,0.12100000,0.10886000,0.11577000,215325230.80000000
1614470400000,0.11576000,0.11674000,0.09840000,0.10752000,266389729.30000000
1614556800000,0.10768000,0.11865000,0.10650000,0.11600000,221925700.00000000
1614643200000,0.11588000,0.11980000,0.10934000,0.11406000,231604387.40000000
1614729600000,0.11402000,0.13100000,0.11252000,0.12632000,294586961.20000000
1614816000000,0.12633000,0.12878000,0.11311000,0.11836000,302875798.90000000
1614902400000,0.11819000,0.11851000,0.10954000,0.11579000,178321503.30000000
1614988800000,0.11584000,0.11844000,0.11092000,0.11596000,111557840.20000000
1615075200000,0.11596000,0.11949000,0.11450000,0.11801000,135571765.10000000
1615161600000,0.11805000,0.12777000,0.11469000,0.12544000,217317228.40000000
1615248000000,0.12545000,0.13580000,0.12182000,0.13457000,306838521.70000000
1615334400000,0.13463000,0.13530000,0.12251000,0.12759000,242664094.80000000
1615420800000,0.12757000,0.18034000,0.12743000,0.17701000,1322319595.30000000
1615507200000,0.17691000,0.19764000,0.15400000,0.16339000,1028580494.30000000
1615593600000,0.16340000,0.18399000,0.15351000,0.18252000,496348688.20000000
1615680000000,0.18269000,0.18808000,0.16160000,0.16415000,402747196.60000000
1615766400000,0.16415000,0.17367000,0.14631000,0.16109000,445500064.50000000
1615852800000,0.16124000,0.16640000,0.14978000,0.15505000,336684875.40000000
1615939200000,0.15505000,0.19920000,0.15117000,0.19681000,1246280849.10000000
1616025600000,0.19674000,0.20300000,0.17000000,0.17905000,646187685.10000000
1616112000000,0.17907000,0.19400000,0.17318000,0.18397000,334138410.00000000
1616198400000,0.18381000,0.19000000,0.17050000,0.17079000,248765233.50000000
1616284800000,0.17086000,0.17626000,0.16524000,0.17484000,199334250.60000000
1616371200000,0.17484000,0.18299000,0.16031000,0.16179000,274268317.40000000
1616457600000,0.16163000,0.17037000,0.15087000,0.16634000,286610062.50000000
1616544000000,0.16634000,0.18500000,0.15000000,0.15667000,412087972.20000000
1616630400000,0.15675000,0.16235000,0.14475000,0.15388000,368428985.00000000
1616716800000,0.15402000,0.16875000,0.15368000,0.16729000,219201528.60000000
1616803200000,0.16718000,0.17259000,0.15930000,0.16685000,175957786.40000000
1616889600000,0.16688000,0.17628000,0.16297000,0.17151000,218101104.10000000
1616976000000,0.17151000,0.18030000,0.17000000,0.17802000,188519632.50000000
1617062400000,0.17798000,0.18907000,0.17368000,0.18328000,208784301.70000000
1617148800000,0.18313000,0.18900000,0.16700000,0.17646000,221050342.50000000
1617235200000,0.17646000,0.18165000,0.17043000,0.17746000,159351968.00000000
1617321600000,0.17746000,0.21538000,0.17596000,0.20231000,525502874.50000000
1617408000000,0.20238000,0.20885000,0.18007000,0.18160000,335947856.00000000
1617494400000,0.18140000,0.22426000,0.17852000,0.22159000,489345720.10000000
1617580800000,0.22181000,0.22788000,0.20713000,0.21171000,436441295.40000000
1617667200000,0.21171000,0.22200000,0.19320000,0.20503000,331367739.20000000
1617753600000,0.20509000,0.20596000,0.18132000,0.19096000,324074158.20000000
1617840000000,0.19117000,0.20925000,0.18927000,0.20628000,204687132.60000000
1617926400000,0.20614000,0.21964000,0.20000000,0.21908000,202853513.00000000
1618012800000,0.21908000,0.21952000,0.20207000,0.20802000,191358563.00000000
1618099200000,0.20808000,0.20993000,0.20105000,0.20445000,151474157.20000000
1618185600000,0.20458000,0.20553000,0.19284000,0.19651000,171192208.30000000
1618272000000,0.19637000,0.20596000,0.19044000,0.20278000,220982906.50000000
1618358400000,0.20278000,0.20334000,0.18994000,0.20020000,229676542.30000000
1618444800000,0.20034000,0.21990000,0.19666000,0.21575000,279385521.50000000
1618531200000,0.21566000,0.24300000,0.19499000,0.23657000,438548184.20000000
1618617600000,0.23666000,0.25477000,0.21444000,0.22020000,463689230.20000000
1618704000000,0.22024000,0.22439000,0.17403000,0.20169000,415948837.40000000
1618790400000,0.20179000,0.20910000,0.17756000,0.18120000,288178435.10000000
1618876800000,0.18126000,0.19593000,0.16415000,0.19255000,362119352.50000000
1618963200000,0.19235000,0.19499000,0.17432000,0.17570000,226993419.60000000
1619049600000,0.17591000,0.19150000,0.15700000,0.16199000,334451547.40000000
1619136000000,0.16194000,0.16627000,0.11750000,0.15918000,559303978.50000000
1619222400000,0.15892000,0.15980000,0.14220000,0.14354000,170838962.70000000
1619308800000,0.14352000,0.16000000,0.13206000,0.14111000,186732539.10000000
1619395200000,0.14138000,0.16749000,0.13958000,0.16438000,260643269.60000000
1619481600000,0.16455000,0.21700000,0.16051000,0.21270000,761508039.00000000
1619568000000,0.21266000,0.22355000,0.18329000,0.19856000,531601163.50000000
1619654400000,0.19850000,0.20228000,0.18271000,0.19186000,268326660.80000000
1619740800000,0.19200000,0.21000000,0.18814000,0.20508000,251171025.70000000
1619827200000,0.20509000,0.21720000,0.20081000,0.21025000,269231027.80000000
1619913600000,0.21025000,0.21082000,0.19804000,0.20442000,175380229.00000000
1620000000000,0.20441000,0.22500000,0.20352000,0.21163000,315993852.00000000
1620086400000,0.21179000,0.21236000,0.19073000,0.19301000,336291243.30000000
1620172800000,0.19319000,0.21765000,0.19120000,0.21168000,289196485.70000000
1620259200000,0.21153000,0.25691000,0.20739000,0.23355000,934150613.40000000
1620345600000,0.23351000,0.24505000,0.21900000,0.22552000,393732068.80000000
1620432000000,0.22582000,0.24088000,0.22300000,0.23446000,294765840.50000000
1620518400000,0.23451000,0.24200000,0.21653000,0.23506000,350855314.40000000
1620604800000,0.23500000,0.25000000,0.19463000,0.20761000,488625029.10000000
1620691200000,0.20741000,0.22338000,0.20198000,0.21950000,255941972.80000000
1620777600000,0.21937000,0.22280000,0.17657000,0.18052000,302769977.60000000
1620864000000,0.18034000,0.19826000,0.17000000,0.18542000,382023095.90000000
1620950400000,0.18572000,0.20689000,0.18460000,0.20074000,220231645.80000000
1621036800000,0.20066000,0.20500000,0.18284000,0.18546000,226193813.70000000
1621123200000,0.18540000,0.20388000,0.17198000,0.18295000,288338660.60000000
1621209600000,0.18281000,0.18300000,0.16080000,0.16912000,281593163.30000000
1621296000000,0.16930000,0.18642000,0.16630000,0.17523000,231926897.50000000
1621382400000,0.17518000,0.17781000,0.06082000,0.11079000,898510106.00000000
1621468800000,0.11086000,0.14688000,0.10000000,0.14346000,540108707.10000000
1621555200000,0.14339000,0.14601000,0.09694000,0.11380000,490348416.30000000
1621641600000,0.11390000,0.12069000,0.09821000,0.10459000,376895947.80000000
1621728000000,0.10465000,0.11012000,0.06928000,0.08698000,621089141.00000000
1621814400000,0.08706000,0.11000000,0.08427000,0.10935000,390303375.30000000
1621900800000,0.10939000,0.11384000,0.09764000,0.10751000,311205897.00000000
1621987200000,0.10747000,0.13400000,0.10535000,0.13354000,417781207.40000000
1622073600000,0.13354000,0.13538000,0.11884000,0.12156000,262001741.60000000
1622160000000,0.12156000,0.12293000,0.10050000,0.11085000,363765082.30000000
1622246400000,0.11101000,0.11551000,0.09384000,0.09952000,280785558.60000000
1622332800000,0.09966000,0.11099000,0.09357000,0.10546000,225098049.90000000
1622419200000,0.10542000,0.11599000,0.10047000,0.11584000,204377628.30000000
1622505600000,0.11584000,0.12082000,0.10924000,0.11807000,241099577.10000000
1622592000000,0.11807000,0.12979000,0.11743000,0.12325000,276689572.90000000
1622678400000,0.12321000,0.15482000,0.12112000,0.13955000,838521329.90000000
1622764800000,0.13957000,0.13958000,0.11912000,0.12624000,385012182.20000000
1622851200000,0.12641000,0.13687000,0.11503000,0.12037000,330799957.90000000
1622937600000,0.12037000,0.13150000,0.11941000,0.12362000,298291753.00000000
1623024000000,0.12357000,0.12900000,0.10800000,0.11112000,295326123.30000000
1623110400000,0.11100000,0.11347000,0.09841000,0.10809000,409008708.10000000
1623196800000,0.10809000,0.11600000,0.10342000,0.11500000,251329172.20000000
1623283200000,0.11511000,0.11706000,0.10462000,0.10851000,218822767.00000000
1623369600000,0.10854000,0.11650000,0.10059000,0.10228000,361770498.80000000
1623456000000,0.10224000,0.10300000,0.09191000,0.09881000,285862805.40000000
1623542400000,0.09879000,0.10988000,0.09554000,0.10765000,222260077.10000000
1623628800000,0.10764000,0.11149000,0.10441000,0.11048000,235377628.40000000
1623715200000,0.11048000,0.11449000,0.10577000,0.10735000,243095299.60000000
1623801600000,0.10735000,0.11450000,0.10270000,0.10410000,253943596.90000000
1623888000000,0.10406000,0.11000000,0.10158000,0.10350000,187161891.90000000
1623974400000,0.10345000,0.10361000,0.09213000,0.09630000,178661892.40000000
1624060800000,0.09632000,0.09900000,0.09284000,0.09304000,109294063.80000000
1624147200000,0.09296000,0.09740000,0.08588000,0.09567000,162321917.60000000
1624233600000,0.09565000,0.09619000,0.07201000,0.07225000,361574298.70000000
1624320000000,0.07226000,0.07895000,0.05970000,0.06863000,524260052.20000000
1624406400000,0.06866000,0.07946000,0.06515000,0.07368000,294397457.70000000
1624492800000,0.07366000,0.07997000,0.07033000,0.07898000,187492615.50000000
1624579200000,0.07891000,0.08168000,0.06877000,0.06936000,229604326.40000000
1624665600000,0.06940000,0.07163000,0.06579000,0.07002000,185595711.00000000
1624752000000,0.07002000,0.07232000,0.06700000,0.07213000,138572523.90000000
1624838400000,0.07213000,0.08500000,0.07109000,0.08006000,376571766.20000000
1624924800000,0.08004000,0.08869000,0.07940000,0.08619000,339593194.60000000
1625011200000,0.08614000,0.09600000,0.07974000,0.08791000,262637647.90000000
1625097600000,0.08791000,0.08804000,0.07963000,0.08205000,172434359.50000000
1625184000000,0.08195000,0.08325000,0.07719000,0.08151000,125320314.30000000
1625270400000,0.08152000,0.08281000,0.07880000,0.08230000,102808717.30000000
1625356800000,0.08231000,0.08449000,0.07892000,0.08300000,166431628.80000000
1625443200000,0.08298000,0.08298000,0.07700000,0.07964000,176984829.30000000
1625529600000,0.07970000,0.08265000,0.07800000,0.08083000,165970163.90000000
1625616000000,0.08083000,0.08542000,0.07910000,0.08135000,232855272.10000000
1625702400000,0.08128000,0.08136000,0.07372000,0.07484000,172743453.70000000
1625788800000,0.07491000,0.07569000,0.07073000,0.07503000,132555011.50000000
1625875200000,0.07498000,0.07588000,0.07132000,0.07295000,84565280.30000000
1625961600000,0.07297000,0.07459000,0.07155000,0.07395000,88694438.40000000
1626048000000,0.07397000,0.07502000,0.07016000,0.07179000,85198798.90000000
1626134400000,0.07176000,0.07224000,0.06770000,0.06916000,105142682.90000000
1626220800000,0.06918000,0.07135000,0.06454000,0.07127000,142644793.50000000
1626307200000,0.07125000,0.07151000,0.06500000,0.06734000,130086331.70000000
1626393600000,0.06739000,0.06833000,0.06139000,0.06174000,140663510.90000000
1626480000000,0.06173000,0.06339000,0.06033000,0.06220000,102328241.10000000
1626566400000,0.06224000,0.06504000,0.06142000,0.06325000,90316325.50000000
1626652800000,0.06327000,0.06368000,0.05777000,0.05811000,110019627.80000000
1626739200000,0.05809000,0.05915000,0.05070000,0.05340000,220076607.60000000
1626825600000,0.05339000,0.06032000,0.05186000,0.05862000,173014431.00000000
1626912000000,0.05861000,0.06403000,0.05778000,0.06207000,180239410.40000000
1626998400000,0.06203000,0.06365000,0.05938000,0.06305000,118617965.80000000
1627084800000,0.06304000,0.06646000,0.06259000,0.06458000,138153806.90000000
1627171200000,0.06460000,0.07533000,0.06219000,0.07420000,547294043.10000000
1627257600000,0.07424000,0.08500000,0.07318000,0.07424000,673971744.30000000
1627344000000,0.07425000,0.07836000,0.06956000,0.07648000,303215326.10000000
1627430400000,0.07647000,0.07698000,0.07254000,0.07420000,185390183.10000000
1627516800000,0.07416000,0.07870000,0.07289000,0.07592000,190117050.30000000
1627603200000,0.07587000,0.08075000,0.07316000,0.08048000,255032111.70000000
1627689600000,0.08047000,0.08500000,0.07785000,0.08365000,275583009.00000000
1627776000000,0.08372000,0.08846000,0.07850000,0.07955000,253612136.30000000
1627862400000,0.07960000,0.08510000,0.07771000,0.08158000,167603170.80000000
1627948800000,0.08163000,0.08204000,0.07670000,0.07885000,134878903.20000000
1628035200000,0.07887000,0.08167000,0.07684000,0.08121000,118478988.50000000
1628121600000,0.08127000,0.08740000,0.07800000,0.08607000,296358158.20000000
1628208000000,0.08604000,0.09136000,0.08350000,0.09123000,307174672.50000000
1628294400000,0.09125000,0.09611000,0.08883000,0.09321000,317082641.50000000
1628380800000,0.09323000,0.09490000,0.08545000,0.08709000,185874239.10000000
1628467200000,0.08699000,0.09329000,0.08351000,0.09169000,212212843.60000000
1628553600000,0.09165000,0.10000000,0.09046000,0.09771000,247760803.10000000
1628640000000,0.09767000,0.10680000,0.09692000,0.10444000,283222619.00000000
1628726400000,0.10449000,0.10650000,0.09475000,0.09914000,237563194.40000000
1628812800000,0.09918000,0.10710000,0.09754000,0.10577000,175563372.90000000
1628899200000,0.10581000,0.11633000,0.10408000,0.11165000,351139908.70000000
1628985600000,0.11159000,0.11304000,0.10491000,0.11150000,189875082.90000000
1629072000000,0.11158000,0.11691000,0.10550000,0.10664000,252798328.40000000
1629158400000,0.10680000,0.11292000,0.09833000,0.09954000,265095218.20000000
1629244800000,0.09945000,0.10184000,0.09320000,0.09745000,230048154.60000000
1629331200000,0.09745000,0.10461000,0.09555000,0.10442000,194790560.90000000
1629417600000,0.10445000,0.11081000,0.10286000,0.10800000,181952863.70000000
1629504000000,0.10800000,0.11280000,0.10300000,0.10701000,265686697.60000000
1629590400000,0.10689000,0.11139000,0.10516000,0.10950000,195710654.10000000
1629676800000,0.10950000,0.12231000,0.10820000,0.11526000,411109969.80000000
1629763200000,0.11509000,0.12438000,0.10471000,0.10724000,433777527.60000000
1629849600000,0.10719000,0.11394000,0.10345000,0.11288000,269933825.50000000
1629936000000,0.11284000,0.11850000,0.10421000,0.10571000,331325875.30000000
1630022400000,0.10551000,0.11395000,0.10173000,0.11266000,327454810.80000000
1630108800000,0.11273000,0.11405000,0.10885000,0.11336000,175645276.70000000
1630195200000,0.11342000,0.11476000,0.10763000,0.10997000,170996663.80000000
1630281600000,0.10994000,0.11317000,0.10511000,0.10716000,213887872.90000000
1630368000000,0.10725000,0.11249000,0.10416000,0.10800000,190191693.90000000
1630454400000,0.10803000,0.11592000,0.10546000,0.11516000,208482133.90000000
1630540800000,0.11507000,0.11600000,0.11153000,0.11388000,194417708.30000000
1630627200000,0.11390000,0.12304000,0.11161000,0.11940000,352023386.60000000
1630713600000,0.11938000,0.12588000,0.11806000,0.12219000,303983563.90000000
1630800000000,0.12221000,0.13661000,0.12049000,0.13274000,309368799.10000000
1630886400000,0.13274000,0.13484000,0.12250000,0.13082000,285039173.00000000
1630972800000,0.13075000,0.13099000,0.08562000,0.10186000,611575512.40000000
1631059200000,0.10182000,0.10600000,0.09161000,0.10335000,352610244.90000000
1631145600000,0.10333000,0.11096000,0.10133000,0.10818000,284479893.20000000
1631232000000,0.10818000,0.12111000,0.10314000,0.10638000,567748417.60000000
1631318400000,0.10636000,0.11190000,0.10412000,0.10696000,228714414.50000000
1631404800000,0.10696000,0.11299000,0.10429000,0.11178000,229914729.40000000
1631491200000,0.11195000,0.11390000,0.09623000,0.10256000,289228917.90000000
1631577600000,0.10253000,0.10719000,0.10074000,0.10679000,174350593.10000000
1631664000000,0.10668000,0.11262000,0.10457000,0.11123000,198007130.60000000
1631750400000,0.11127000,0.11620000,0.10714000,0.11191000,273517056.00000000
1631836800000,0.11190000,0.11686000,0.10569000,0.10767000,266146164.40000000
1631923200000,0.10767000,0.11151000,0.10583000,0.10832000,106982395.00000000
1632009600000,0.10833000,0.10858000,0.10080000,0.10252000,90973722.10000000
1632096000000,0.10248000,0.10269000,0.08428000,0.08708000,292029748.40000000
1632182400000,0.08707000,0.09174000,0.07827000,0.08071000,246348738.80000000
1632268800000,0.08086000,0.09229000,0.07890000,0.09197000,156113285.50000000
1632355200000,0.09194000,0.09669000,0.08843000,0.09304000,181085647.60000000
1632441600000,0.09305000,0.09342000,0.07928000,0.08492000,199496399.80000000
1632528000000,0.08490000,0.09350000,0.08155000,0.08402000,153900412.10000000
1632614400000,0.08393000,0.08459000,0.07650000,0.08351000,166189132.50000000
1632700800000,0.08342000,0.08575000,0.07911000,0.07937000,135840228.50000000
1632787200000,0.07937000,0.08039000,0.07489000,0.07531000,165395729.20000000
1632873600000,0.07520000,0.08535000,0.07465000,0.08253000,362676081.30000000
1632960000000,0.08256000,0.08962000,0.08231000,0.08577000,344419125.80000000
1633046400000,0.08579000,0.09585000,0.08414000,0.09464000,312314024.80000000
1633132800000,0.09465000,0.10198000,0.09303000,0.09640000,258138529.40000000
1633219200000,0.09643000,0.10314000,0.09429000,0.09962000,200924790.60000000
1633305600000,0.09964000,0.10170000,0.09454000,0.09699000,214916198.50000000
1633392000000,0.09699000,0.10770000,0.09625000,0.10311000,349085541.20000000
1633478400000,0.10316000,0.10348000,0.09356000,0.09872000,311661211.90000000
1633564800000,0.09872000,0.10000000,0.09500000,0.09837000,199134154.20000000
1633651200000,0.09838000,0.10280000,0.09761000,0.09996000,203283414.80000000
1633737600000,0.09996000,0.10764000,0.09902000,0.10296000,208717781.20000000
1633824000000,0.10299000,0.10306000,0.09508000,0.09558000,139508081.50000000
1633910400000,0.09553000,0.09915000,0.09155000,0.09435000,140382270.10000000
1633996800000,0.09435000,0.09440000,0.08644000,0.09150000,172519213.80000000
1634083200000,0.09150000,0.09535000,0.08949000,0.09421000,141595959.60000000
1634169600000,0.09422000,0.09922000,0.09363000,0.09864000,157101250.40000000
1634256000000,0.09864000,0.10000000,0.09231000,0.09633000,257557703.20000000
1634342400000,0.09633000,0.10050000,0.09517000,0.09750000,192511911.70000000
1634428800000,0.09750000,0.09818000,0.09056000,0.09391000,135777889.80000000
1634515200000,0.09388000,0.09455000,0.09077000,0.09316000,111401824.10000000
1634601600000,0.09313000,0.09399000,0.09000000,0.09154000,127187441.50000000
1634688000000,0.09152000,0.09650000,0.09069000,0.09582000,134019915.40000000
1634774400000,0.09584000,0.10077000,0.09316000,0.09451000,231817586.40000000
1634860800000,0.09457000,0.10433000,0.09383000,0.10179000,374157334.50000000
1634947200000,0.10180000,0.10587000,0.10004000,0.10325000,269348652.30000000
1635033600000,0.10325000,0.10669000,0.09950000,0.10185000,225687323.40000000
1635120000000,0.10186000,0.11408000,0.10142000,0.11068000,332882732.50000000
1635206400000,0.11068000,0.11250000,0.10550000,0.10685000,222346656.00000000
1635292800000,0.10690000,0.11052000,0.09000000,0.09348000,370584047.70000000
1635379200000,0.09351000,0.10128000,0.09339000,0.09823000,222628594.70000000
1635465600000,0.09825000,0.10249000,0.09752000,0.10116000,166463179.30000000
1635552000000,0.10119000,0.10389000,0.09758000,0.10161000,208015406.80000000
1635638400000,0.10176000,0.12500000,0.10133000,0.11233000,1051701018.00000000
1635724800000,0.11245000,0.11286000,0.10404000,0.11241000,267292363.60000000
1635811200000,0.11241000,0.11667000,0.10989000,0.11457000,259543692.50000000
1635897600000,0.11459000,0.11484000,0.10600000,0.10966000,232896207.10000000
1635984000000,0.10955000,0.11300000,0.10534000,0.10895000,223530382.00000000
1636070400000,0.10895000,0.11300000,0.10693000,0.10843000,231676876.60000000
1636156800000,0.10843000,0.11103000,0.10367000,0.10749000,167478894.30000000
1636243200000,0.10737000,0.11072000,0.10711000,0.10915000,127668969.80000000
1636329600000,0.10914000,0.11233000,0.10501000,0.11153000,208689706.00000000
1636416000000,0.11151000,0.11569000,0.10965000,0.11272000,289281400.80000000
1636502400000,0.11273000,0.11296000,0.09546000,0.10210000,340608040.20000000
1636588800000,0.10209000,0.10554000,0.10036000,0.10265000,184058023.40000000
1636675200000,0.10277000,0.10389000,0.09700000,0.09991000,163585789.90000000
1636761600000,0.09995000,0.10241000,0.09974000,0.10138000,125308264.40000000
1636848000000,0.10138000,0.10751000,0.09884000,0.10156000,201903735.20000000
1636934400000,0.10157000,0.10548000,0.10006000,0.10165000,159177081.80000000
1637020800000,0.10165000,0.10165000,0.08590000,0.09292000,307562100.70000000
1637107200000,0.09298000,0.09660000,0.09005000,0.09575000,207847828.10000000
1637193600000,0.09571000,0.09693000,0.08454000,0.08706000,216573912.70000000
1637280000000,0.08707000,0.09257000,0.08501000,0.09141000,148358296.80000000
1637366400000,0.09139000,0.09319000,0.08879000,0.09307000,113298220.60000000
1637452800000,0.09306000,0.09485000,0.09199000,0.09283000,127762244.60000000
1637539200000,0.09283000,0.09313000,0.08768000,0.08892000,177103049.90000000
1637625600000,0.08892000,0.09074000,0.08671000,0.08996000,142910419.60000000
1637712000000,0.08997000,0.09154000,0.08492000,0.08704000,166690614.90000000
1637798400000,0.08700000,0.09090000,0.08690000,0.08944000,171876575.30000000
1637884800000,0.08944000,0.09036000,0.07927000,0.08154000,263101940.10000000
1637971200000,0.08148000,0.08524000,0.08114000,0.08355000,117326863.40000000
1638057600000,0.08355000,0.08403000,0.07701000,0.08386000,161870487.70000000
1638144000000,0.08383000,0.09580000,0.08370000,0.09129000,644023226.10000000
1638230400000,0.09133000,0.09219000,0.08638000,0.08745000,210288962.20000000
1638316800000,0.08753000,0.09000000,0.08572000,0.08707000,175021428.90000000
1638403200000,0.08704000,0.08741000,0.08357000,0.08608000,138770511.10000000
1638489600000,0.08610000,0.08907000,0.07872000,0.08185000,257870882.30000000
1638576000000,0.08189000,0.08191000,0.05264000,0.07007000,566355037.70000000
1638662400000,0.07010000,0.07109000,0.06354000,0.06646000,252595332.00000000
1638748800000,0.06649000,0.06960000,0.05995000,0.06885000,261979148.50000000
1638835200000,0.06880000,0.07341000,0.06779000,0.06945000,275316689.80000000
1638921600000,0.06943000,0.07547000,0.06848000,0.07458000,324726517.50000000
1639008000000,0.07460000,0.07498000,0.06626000,0.06637000,175401415.80000000
1639094400000,0.06634000,0.06829000,0.06211000,0.06248000,189512273.60000000
1639180800000,0.06243000,0.06578000,0.06137000,0.06534000,131130197.10000000
1639267200000,0.06536000,0.06618000,0.06311000,0.06537000,100010935.70000000
1639353600000,0.06532000,0.06580000,0.05730000,0.05812000,178403663.60000000
1639440000000,0.05811000,0.06115000,0.05698000,0.06063000,161866982.10000000
1639526400000,0.06062000,0.06281000,0.05793000,0.06208000,155348849.10000000
1639612800000,0.06210000,0.06403000,0.06010000,0.06028000,118946038.30000000
1639699200000,0.06028000,0.06156000,0.05763000,0.05944000,125275876.90000000
1639785600000,0.05939000,0.06576000,0.05853000,0.06303000,269815212.60000000
1639872000000,0.06303000,0.06332000,0.06040000,0.06084000,109472345.90000000
1639958400000,0.06082000,0.06173000,0.05723000,0.05944000,184970597.00000000
1640044800000,0.05942000,0.06525000,0.05851000,0.06313000,158479505.60000000
1640131200000,0.06313000,0.06880000,0.06310000,0.06767000,282571148.50000000
1640217600000,0.06765000,0.07409000,0.06582000,0.07305000,270400495.90000000
1640304000000,0.07306000,0.07614000,0.07061000,0.07184000,219081234.30000000
1640390400000,0.07187000,0.07415000,0.07113000,0.07296000,113321712.20000000
1640476800000,0.07299000,0.07671000,0.07074000,0.07669000,150129622.80000000
1640563200000,0.07670000,0.08534000,0.07611000,0.07915000,469865040.20000000
1640649600000,0.07915000,0.08397000,0.07362000,0.07515000,362513120.90000000
1640736000000,0.07517000,0.08220000,0.07486000,0.08008000,477328404.70000000
1640822400000,0.08016000,0.08336000,0.07534000,0.07829000,389224926.30000000
1640908800000,0.07831000,0.08024000,0.07330000,0.07471000,261495451.00000000
1640995200000,0.07468000,0.07675000,0.07456000,0.07665000,145700825.90000000
1641081600000,0.07666000,0.07795000,0.07462000,0.07705000,164583050.70000000
1641168000000,0.07705000,0.07787000,0.07317000,0.07438000,179049628.60000000
1641254400000,0.07439000,0.07450000,0.07090000,0.07112000,197797575.90000000
1641340800000,0.07109000,0.07330000,0.06220000,0.06667000,242076390.40000000
1641427200000,0.06672000,0.06724000,0.06240000,0.06563000,189146718.60000000
1641513600000,0.06557000,0.06658000,0.06011000,0.06332000,234145359.00000000
1641600000000,0.06333000,0.06518000,0.05920000,0.06073000,167377830.60000000
1641686400000,0.06072000,0.06331000,0.06017000,0.06200000,128272294.70000000
1641772800000,0.06200000,0.06301000,0.05610000,0.05892000,192571455.90000000
1641859200000,0.05891000,0.06137000,0.05828000,0.06085000,133874869.60000000
1641945600000,0.06085000,0.06663000,0.06054000,0.06534000,180572127.40000000
1642032000000,0.06532000,0.06910000,0.06342000,0.06371000,230651898.80000000
1642118400000,0.06366000,0.06550000,0.06200000,0.06411000,137764704.40000000
1642204800000,0.06411000,0.06667000,0.06345000,0.06537000,116599569.90000000
1642291200000,0.06536000,0.06661000,0.06359000,0.06477000,126282365.30000000
1642377600000,0.06475000,0.06496000,0.06069000,0.06193000,146973964.80000000
1642464000000,0.06190000,0.06253000,0.05976000,0.06111000,111326772.00000000
1642550400000,0.06110000,0.06132000,0.05786000,0.05911000,144912544.10000000
1642636800000,0.05911000,0.06280000,0.05668000,0.05697000,241037764.50000000
1642723200000,0.05696000,0.05798000,0.04698000,0.04846000,289077507.20000000
1642809600000,0.04840000,0.04979000,0.03947000,0.04279000,441107944.60000000
1642896000000,0.04286000,0.04511000,0.04215000,0.04436000,215531476.40000000
1642982400000,0.04430000,0.04499000,0.03758000,0.04229000,337706310.70000000
1643068800000,0.04229000,0.04656000,0.04118000,0.04491000,326788062.60000000
1643155200000,0.04493000,0.04847000,0.04355000,0.04482000,290965775.20000000
1643241600000,0.04484000,0.04543000,0.04217000,0.04411000,197639757.70000000
1643328000000,0.04406000,0.04556000,0.04290000,0.04529000,156929320.90000000
1643414400000,0.04527000,0.04637000,0.04474000,0.04569000,106728543.80000000
1643500800000,0.04571000,0.04668000,0.04370000,0.04451000,100328692.50000000
1643587200000,0.04447000,0.04510000,0.04232000,0.04487000,114580547.70000000
1643673600000,0.04488000,0.04666000,0.04470000,0.04552000,137696393.90000000
1643760000000,0.04552000,0.04711000,0.04366000,0.04405000,147823691.10000000
1643846400000,0.04405000,0.04523000,0.04265000,0.04522000,129876310.00000000
1643932800000,0.04518000,0.05023000,0.04480000,0.04989000,370233416.40000000
1644019200000,0.04988000,0.05336000,0.04906000,0.05131000,238444328.70000000
1644105600000,0.05131000,0.05356000,0.05039000,0.05323000,194048944.60000000
1644192000000,0.05323000,0.05877000,0.05191000,0.05744000,297498600.60000000
1644278400000,0.05746000,0.05901000,0.05351000,0.05545000,255188772.40000000
1644364800000,0.05547000,0.05780000,0.05389000,0.05705000,146709444.20000000
1644451200000,0.05705000,0.05756000,0.05300000,0.05333000,178663554.30000000
1644537600000,0.05335000,0.05456000,0.04831000,0.04910000,189603859.50000000
1644624000000,0.04911000,0.04981000,0.04667000,0.04899000,140920825.30000000
1644710400000,0.04899000,0.04945000,0.04668000,0.04768000,93880368.40000000
1644796800000,0.04769000,0.04857000,0.04605000,0.04814000,111869058.10000000
1644883200000,0.04819000,0.05156000,0.04811000,0.05148000,114676359.00000000
1644969600000,0.05150000,0.05177000,0.04923000,0.05108000,133700582.60000000
1645056000000,0.05115000,0.05184000,0.04575000,0.04654000,155082575.80000000
1645142400000,0.04656000,0.04790000,0.04522000,0.04611000,131105501.80000000
1645228800000,0.04611000,0.04709000,0.04458000,0.04606000,88632722.50000000
1645315200000,0.04610000,0.04611000,0.04267000,0.04340000,132604092.40000000
1645401600000,0.04339000,0.04546000,0.03931000,0.03958000,200976273.60000000
1645488000000,0.03956000,0.04089000,0.03815000,0.04080000,214770809.40000000
1645574400000,0.04078000,0.04224000,0.03866000,0.03888000,143505637.30000000
1645660800000,0.03889000,0.03921000,0.03317000,0.03819000,336569228.30000000
1645747200000,0.03819000,0.04139000,0.03772000,0.04092000,154908077.30000000
1645833600000,0.04090000,0.04248000,0.04047000,0.04100000,108815624.20000000
1645920000000,0.04103000,0.04181000,0.03812000,0.03902000,126717757.90000000
1646006400000,0.03902000,0.04326000,0.03824000,0.04320000,134735750.40000000
1646092800000,0.04320000,0.04586000,0.04297000,0.04413000,231699081.90000000
1646179200000,0.04414000,0.04440000,0.04191000,0.04301000,138334235.90000000
1646265600000,0.04302000,0.04387000,0.04094000,0.04200000,131544474.30000000
1646352000000,0.04196000,0.04214000,0.03807000,0.03869000,128186446.10000000
1646438400000,0.03869000,0.04019000,0.03762000,0.03987000,81831672.90000000
1646524800000,0.03988000,0.04050000,0.03778000,0.03796000,101236455.10000000
1646611200000,0.03798000,0.03998000,0.03655000,0.03790000,180754839.50000000
1646697600000,0.03792000,0.03965000,0.03765000,0.03923000,125350788.20000000
1646784000000,0.03921000,0.04215000,0.03911000,0.04139000,205735470.70000000
1646870400000,0.04137000,0.04420000,0.03913000,0.04225000,566412311.60000000
1646956800000,0.04225000,0.04229000,0.03990000,0.04057000,263808564.50000000
1647043200000,0.04057000,0.04202000,0.04039000,0.04056000,158723357.20000000
1647129600000,0.04058000,0.04142000,0.03842000,0.03853000,110399478.20000000
1647216000000,0.03854000,0.03989000,0.03803000,0.03943000,109424046.70000000
1647302400000,0.03943000,0.04003000,0.03805000,0.03983000,115183354.40000000
1647388800000,0.03981000,0.04126000,0.03891000,0.04109000,139680528.50000000
1647475200000,0.04109000,0.04244000,0.04045000,0.04118000,101218082.50000000
1647561600000,0.04118000,0.04280000,0.04024000,0.04234000,114490909.70000000
1647648000000,0.04233000,0.04442000,0.04227000,0.04400000,151626425.20000000
1647734400000,0.04399000,0.04499000,0.04197000,0.04266000,138931851.20000000
1647820800000,0.04264000,0.04423000,0.04107000,0.04331000,133314497.80000000
1647907200000,0.04331000,0.04750000,0.04310000,0.04501000,237796299.20000000
1647993600000,0.04499000,0.04995000,0.04480000,0.04903000,262709412.00000000
1648080000000,0.04905000,0.05000000,0.04756000,0.04944000,177318021.60000000
1648166400000,0.04942000,0.05085000,0.04683000,0.04787000,157081875.40000000
1648252800000,0.04786000,0.09700000,0.04763000,0.09558000,3791261649.90000000
1648339200000,0.09523000,0.12528000,0.08468000,0.10624000,7833651465.90000000
1648425600000,0.10628000,0.12177000,0.09744000,0.09925000,3278826362.00000000
1648512000000,0.09930000,0.10760000,0.09633000,0.10279000,1413376441.90000000
1648598400000,0.10280000,0.18500000,0.09816000,0.18013000,7638846978.60000000
1648684800000,0.18013000,0.22153000,0.17263000,0.17958000,6732946994.70000000
1648771200000,0.17958000,0.23070000,0.17603000,0.18452000,5199857701.60000000
1648857600000,0.18454000,0.20887000,0.16290000,0.16668000,3155167971.40000000
1648944000000,0.16669000,0.17529000,0.14835000,0.15400000,2543353659.70000000
1649030400000,0.15400000,0.16411000,0.13525000,0.14105000,2559205784.70000000
1649116800000,0.14108000,0.14434000,0.12254000,0.12435000,1961395938.20000000
1649203200000,0.12433000,0.14301000,0.12189000,0.13195000,3840159602.10000000
1649289600000,0.13188000,0.13640000,0.12035000,0.13385000,1645883177.00000000
1649376000000,0.13384000,0.13753000,0.11782000,0.12020000,1268019347.20000000
1649462400000,0.12020000,0.12157000,0.11465000,0.12027000,815821888.70000000
1649548800000,0.12030000,0.12663000,0.11693000,0.11908000,1012067073.90000000
1649635200000,0.11908000,0.13082000,0.10874000,0.11041000,2205061019.20000000
1649721600000,0.11043000,0.11292000,0.10361000,0.10744000,1046050561.20000000
1649808000000,0.10744000,0.11255000,0.10308000,0.11123000,707842058.20000000
1649894400000,0.11124000,0.12735000,0.10939000,0.11472000,2252886033.60000000
1649980800000,0.11471000,0.11529000,0.10806000,0.11072000,748260044.80000000
1650067200000,0.11074000,0.11321000,0.10850000,0.11035000,447611099.00000000
1650153600000,0.11034000,0.11680000,0.10869000,0.10941000,803623880.50000000
1650240000000,0.10941000,0.10991000,0.10081000,0.10764000,843353903.60000000
1650326400000,0.10763000,0.11500000,0.10750000,0.11170000,1141144820.10000000
1650412800000,0.11170000,0.12940000,0.10940000,0.12614000,2384171031.70000000
1650499200000,0.12615000,0.13540000,0.11221000,0.11551000,2291305342.30000000
1650585600000,0.11551000,0.11890000,0.11024000,0.11267000,815882674.20000000
1650672000000,0.11267000,0.11326000,0.10764000,0.11054000,531050815.10000000
1650758400000,0.11055000,0.11426000,0.10454000,0.10640000,576481984.30000000
1650844800000,0.10643000,0.10663000,0.09552000,0.10348000,920610092.30000000
1650931200000,0.10347000,0.10594000,0.09001000,0.09235000,835229618.20000000
1651017600000,0.09234000,0.09724000,0.09040000,0.09408000,593207570.80000000
1651104000000,0.09409000,0.09640000,0.08920000,0.09107000,670640012.50000000
1651190400000,0.09110000,0.09286000,0.08179000,0.08367000,654576701.60000000
1651276800000,0.08364000,0.08810000,0.06892000,0.07201000,1147128412.80000000
1651363200000,0.07200000,0.07468000,0.06863000,0.07322000,1070475388.80000000
1651449600000,0.07323000,0.07513000,0.06713000,0.07006000,603404365.30000000
1651536000000,0.07008000,0.07334000,0.06663000,0.06795000,589376408.30000000
1651622400000,0.06796000,0.09500000,0.06735000,0.09400000,2169388777.60000000
1651708800000,0.09400000,0.09855000,0.07600000,0.07855000,3783681215.50000000
1651795200000,0.07852000,0.08583000,0.07100000,0.08151000,2082096210.40000000
1651881600000,0.08152000,0.08454000,0.07422000,0.07624000,1345340520.70000000
1651968000000,0.07622000,0.08041000,0.07342000,0.07718000,1133303336.50000000
1652054400000,0.07721000,0.08036000,0.06200000,0.06247000,1773379073.40000000
1652140800000,0.06248000,0.07721000,0.06018000,0.06890000,2236439835.80000000
1652227200000,0.06878000,0.07184000,0.04876000,0.05366000,2889506653.80000000
1652313600000,0.05352000,0.05600000,0.03999000,0.04539000,2133093521.10000000
1652400000000,0.04542000,0.05686000,0.04430000,0.05026000,1588876027.40000000
1652486400000,0.05025000,0.05479000,0.04594000,0.05276000,1232474779.70000000
1652572800000,0.05277000,0.05509000,0.04867000,0.05491000,959262271.50000000
1652659200000,0.05491000,0.05493000,0.04878000,0.05027000,1112088634.40000000
1652745600000,0.05029000,0.05388000,0.04950000,0.05302000,962341943.10000000
1652832000000,0.05300000,0.05544000,0.04751000,0.04803000,965254610.20000000
1652918400000,0.04805000,0.05103000,0.04595000,0.05055000,655796895.30000000
1653004800000,0.05055000,0.05394000,0.04857000,0.05061000,1007953785.10000000
1653091200000,0.05062000,0.05327000,0.04911000,0.05170000,531963128.50000000
1653177600000,0.05169000,0.06276000,0.05108000,0.05786000,1541702906.00000000
1653264000000,0.05785000,0.05838000,0.05132000,0.05292000,998099364.10000000
1653350400000,0.05290000,0.05393000,0.04883000,0.05252000,717943903.60000000
1653436800000,0.05254000,0.05298000,0.04974000,0.05124000,436339404.10000000
1653523200000,0.05125000,0.05289000,0.04480000,0.04805000,944915456.60000000
1653609600000,0.04804000,0.04956000,0.04564000,0.04707000,853853805.10000000
1653696000000,0.04708000,0.04838000,0.04605000,0.04779000,374347674.20000000
1653782400000,0.04781000,0.04876000,0.04646000,0.04851000,362383574.10000000
1653868800000,0.04854000,0.05593000,0.04811000,0.05512000,698329630.10000000
1653955200000,0.05510000,0.06000000,0.05213000,0.05487000,1126886082.30000000
1654041600000,0.05486000,0.05626000,0.04807000,0.04998000,734013683.50000000
1654128000000,0.04999000,0.05224000,0.04900000,0.05159000,369440971.00000000
1654214400000,0.05158000,0.05294000,0.04847000,0.04998000,341157883.10000000
1654300800000,0.04996000,0.05063000,0.04848000,0.05024000,197675311.50000000
1654387200000,0.05025000,0.05113000,0.04917000,0.05005000,218406506.50000000
1654473600000,0.05003000,0.05391000,0.04974000,0.05171000,496729485.40000000
1654560000000,0.05170000,0.05187000,0.04785000,0.04966000,401983328.50000000
1654646400000,0.04966000,0.05034000,0.04832000,0.04902000,266017752.30000000
1654732800000,0.04904000,0.04980000,0.04836000,0.04894000,192715271.50000000
1654819200000,0.04894000,0.04907000,0.04489000,0.04559000,295905468.80000000
1654905600000,0.04556000,0.04647000,0.04068000,0.04178000,350487180.70000000
1654992000000,0.04180000,0.04243000,0.03702000,0.03720000,502564014.80000000
1655078400000,0.03718000,0.03774000,0.03091000,0.03370000,972426626.10000000
1655164800000,0.03370000,0.03547000,0.03041000,0.03417000,781926390.90000000
1655251200000,0.03415000,0.03737000,0.03012000,0.03737000,798230000.20000000
1655337600000,0.03736000,0.03789000,0.03189000,0.03260000,558746209.60000000
1655424000000,0.03260000,0.03443000,0.03221000,0.03361000,395805832.70000000
1655510400000,0.03361000,0.03411000,0.02937000,0.03196000,584334834.20000000
1655596800000,0.03195000,0.03471000,0.03056000,0.03407000,643491878.20000000
1655683200000,0.03407000,0.03512000,0.03227000,0.03453000,573362111.30000000
1655769600000,0.03451000,0.04550000,0.03365000,0.04209000,2359808980.70000000
1655856000000,0.04210000,0.04212000,0.03769000,0.03870000,1166429609.80000000
1655942400000,0.03870000,0.04238000,0.03862000,0.04164000,729787378.90000000
1656028800000,0.04164000,0.04942000,0.04147000,0.04552000,1338668080.80000000
1656115200000,0.04552000,0.05128000,0.04427000,0.04869000,873402537.50000000
1656201600000,0.04867000,0.05115000,0.04541000,0.04562000,603247043.60000000
1656288000000,0.04562000,0.04779000,0.04376000,0.04491000,365838820.10000000
1656374400000,0.04492000,0.04539000,0.04096000,0.04159000,398346505.10000000
1656460800000,0.04161000,0.04227000,0.03837000,0.03970000,458957124.70000000
1656547200000,0.03972000,0.03980000,0.03514000,0.03874000,536493660.10000000
1656633600000,0.03874000,0.04161000,0.03707000,0.04078000,881785627.70000000
1656720000000,0.04080000,0.04082000,0.03796000,0.03895000,340809338.50000000
1656806400000,0.03897000,0.03935000,0.03774000,0.03868000,223027476.20000000
1656892800000,0.03868000,0.04015000,0.03716000,0.03997000,327181571.60000000
1656979200000,0.03996000,0.04140000,0.03744000,0.03902000,445982864.00000000
1657065600000,0.03904000,0.03995000,0.03850000,0.03946000,255192745.50000000
1657152000000,0.03947000,0.04193000,0.03874000,0.04103000,423684885.90000000
1657238400000,0.04105000,0.04200000,0.03892000,0.03982000,415836554.90000000
1657324800000,0.03983000,0.04150000,0.03982000,0.04071000,248558386.60000000
1657411200000,0.04071000,0.04072000,0.03869000,0.03933000,237164989.30000000
1657497600000,0.03932000,0.03936000,0.03649000,0.03685000,243871751.60000000
1657584000000,0.03685000,0.03772000,0.03606000,0.03618000,273309412.30000000
1657670400000,0.03616000,0.03754000,0.03415000,0.03721000,508219034.60000000
1657756800000,0.03721000,0.03843000,0.03582000,0.03811000,386208552.20000000
1657843200000,0.03811000,0.03892000,0.03737000,0.03817000,333855898.50000000
1657929600000,0.03813000,0.03920000,0.03722000,0.03886000,232066112.70000000
1658016000000,0.03885000,0.03958000,0.03784000,0.03830000,270180535.80000000
1658102400000,0.03831000,0.04131000,0.03814000,0.04095000,523836201.90000000
1658188800000,0.04094000,0.04501000,0.03934000,0.04403000,983655871.70000000
1658275200000,0.04403000,0.04755000,0.04058000,0.04080000,907162727.10000000
1658361600000,0.04080000,0.04200000,0.03911000,0.04158000,408172589.60000000
1658448000000,0.04155000,0.04260000,0.03939000,0.03996000,385286811.20000000
1658534400000,0.03994000,0.04086000,0.03876000,0.04003000,246864211.20000000
1658620800000,0.04001000,0.04084000,0.03962000,0.03980000,181554406.50000000
1658707200000,0.03980000,0.04016000,0.03693000,0.03702000,309197180.90000000
1658793600000,0.03702000,0.03736000,0.03581000,0.03732000,222991973.10000000
1658880000000,0.03731000,0.04039000,0.03669000,0.04028000,252479952.50000000
1658966400000,0.04026000,0.04326000,0.03947000,0.04255000,481147132.90000000
1659052800000,0.04255000,0.04400000,0.04094000,0.04222000,456535825.20000000
1659139200000,0.04223000,0.04485000,0.04155000,0.04203000,558314681.80000000
1659225600000,0.04204000,0.04532000,0.04168000,0.04263000,469389329.70000000
1659312000000,0.04266000,0.04544000,0.04179000,0.04264000,468664253.30000000
1659398400000,0.04264000,0.04342000,0.04029000,0.04154000,391710035.30000000
1659484800000,0.04154000,0.04283000,0.04040000,0.04157000,267932025.80000000
1659571200000,0.04156000,0.04321000,0.04144000,0.04285000,312777569.20000000
1659657600000,0.04289000,0.04553000,0.04241000,0.04549000,400642506.60000000
1659744000000,0.04549000,0.04954000,0.04547000,0.04600000,907923925.80000000
1659830400000,0.04600000,0.04616000,0.04440000,0.04544000,312531787.70000000
1659916800000,0.04545000,0.04683000,0.04473000,0.04562000,272695546.80000000
1660003200000,0.04562000,0.04610000,0.04206000,0.04313000,344647547.40000000
1660089600000,0.04312000,0.04572000,0.04181000,0.04538000,378837935.50000000
1660176000000,0.04538000,0.04921000,0.04536000,0.04595000,586896596.90000000
1660262400000,0.04597000,0.04871000,0.04517000,0.04756000,383107023.70000000
1660348800000,0.04757000,0.04881000,0.04689000,0.04724000,243860594.80000000
1660435200000,0.04727000,0.04852000,0.04545000,0.04666000,321949346.90000000
1660521600000,0.04668000,0.04971000,0.04489000,0.04578000,409556498.60000000
1660608000000,0.04578000,0.04613000,0.04461000,0.04498000,231382665.00000000
1660694400000,0.04498000,0.04655000,0.04245000,0.04317000,324519217.50000000
1660780800000,0.04317000,0.04393000,0.04060000,0.04145000,222544228.80000000
1660867200000,0.04145000,0.04147000,0.03632000,0.03684000,562385804.90000000
1660953600000,0.03685000,0.03818000,0.03614000,0.03726000,272877195.40000000
1661040000000,0.03726000,0.03829000,0.03670000,0.03775000,184128149.00000000
1661126400000,0.03775000,0.03778000,0.03568000,0.03717000,225869143.90000000
1661212800000,0.03718000,0.03820000,0.03607000,0.03800000,191763670.30000000
1661299200000,0.03802000,0.04143000,0.03688000,0.03866000,471761061.70000000
1661385600000,0.03867000,0.04137000,0.03863000,0.03961000,295912862.00000000
1661472000000,0.03960000,0.03978000,0.03546000,0.03594000,378168527.80000000
1661558400000,0.03593000,0.03694000,0.03548000,0.03655000,192450068.90000000
1661644800000,0.03655000,0.03694000,0.03516000,0.03536000,141390267.30000000
1661731200000,0.03536000,0.03715000,0.03488000,0.03706000,187301345.30000000
1661817600000,0.03706000,0.03749000,0.03498000,0.03608000,204546503.20000000
1661904000000,0.03609000,0.03698000,0.03577000,0.03621000,146350073.60000000
1661990400000,0.03620000,0.03645000,0.03480000,0.03643000,161377850.00000000
1662076800000,0.03644000,0.03686000,0.03527000,0.03576000,169627538.00000000
1662163200000,0.03576000,0.03595000,0.03528000,0.03569000,79547387.70000000
1662249600000,0.03569000,0.03657000,0.03554000,0.03657000,114284366.90000000
1662336000000,0.03657000,0.03678000,0.03527000,0.03629000,153144376.10000000
1662422400000,0.03631000,0.03704000,0.03319000,0.03380000,324807500.00000000
1662508800000,0.03380000,0.03505000,0.03293000,0.03478000,200954717.70000000
1662595200000,0.03478000,0.03555000,0.03402000,0.03546000,184706042.00000000
1662681600000,0.03547000,0.03762000,0.03534000,0.03715000,281668932.50000000
1662768000000,0.03715000,0.03846000,0.03652000,0.03750000,284525480.20000000
1662854400000,0.03751000,0.03775000,0.03631000,0.03741000,176762615.40000000
1662940800000,0.03740000,0.03831000,0.03676000,0.03761000,276735984.90000000
1663027200000,0.03761000,0.03812000,0.03417000,0.03434000,352049279.30000000
1663113600000,0.03433000,0.03522000,0.03400000,0.03496000,183413535.00000000
1663200000000,0.03494000,0.03500000,0.03335000,0.03364000,224438012.10000000
1663286400000,0.03365000,0.03418000,0.03320000,0.03390000,156245911.50000000
1663372800000,0.03390000,0.03483000,0.03384000,0.03481000,85828899.20000000
1663459200000,0.03481000,0.03482000,0.03099000,0.03161000,203619243.00000000
1663545600000,0.03162000,0.03256000,0.03069000,0.03230000,205507559.50000000
1663632000000,0.03228000,0.03252000,0.03136000,0.03183000,164431434.90000000
1663718400000,0.03182000,0.03382000,0.03069000,0.03110000,319689000.50000000
1663804800000,0.03109000,0.03363000,0.03099000,0.03315000,266034224.90000000
1663891200000,0.03314000,0.03378000,0.03190000,0.03293000,249936763.60000000
1663977600000,0.03293000,0.03327000,0.03209000,0.03222000,119707050.20000000
1664064000000,0.03222000,0.03267000,0.03122000,0.03163000,131924143.70000000
1664150400000,0.03162000,0.03199000,0.03071000,0.03187000,213221866.20000000
1664236800000,0.03188000,0.03299000,0.03091000,0.03142000,243064649.40000000
1664323200000,0.03142000,0.03175000,0.03031000,0.03133000,177031907.00000000
1664409600000,0.03133000,0.03161000,0.03064000,0.03149000,185507985.60000000
1664496000000,0.03151000,0.03189000,0.03090000,0.03120000,169952225.00000000
1664582400000,0.03119000,0.03139000,0.03092000,0.03121000,69828912.30000000
1664668800000,0.03121000,0.03142000,0.03026000,0.03043000,116814502.70000000
1664755200000,0.03043000,0.03171000,0.03000000,0.03146000,155193794.50000000
1664841600000,0.03146000,0.03211000,0.03118000,0.03190000,172996771.30000000
1664928000000,0.03190000,0.03192000,0.03077000,0.03157000,131834032.80000000
1665014400000,0.03157000,0.03200000,0.03092000,0.03119000,170066826.10000000
1665100800000,0.03119000,0.03207000,0.03080000,0.03171000,155647980.60000000
1665187200000,0.03171000,0.03200000,0.03139000,0.03161000,100611261.30000000
1665273600000,0.03162000,0.03290000,0.03151000,0.03263000,230542503.60000000
1665360000000,0.03263000,0.03267000,0.03094000,0.03096000,176429031.00000000
1665446400000,0.03095000,0.03113000,0.02966000,0.03071000,196819674.40000000
1665532800000,0.03071000,0.03096000,0.03039000,0.03050000,79631046.60000000
1665619200000,0.03049000,0.03060000,0.02776000,0.03035000,323963328.70000000
1665705600000,0.03034000,0.03142000,0.02977000,0.03012000,162205003.40000000
1665792000000,0.03011000,0.03053000,0.02990000,0.03018000,59273707.20000000
1665878400000,0.03018000,0.03095000,0.03013000,0.03061000,62939872.60000000
1665964800000,0.03060000,0.03150000,0.03025000,0.03136000,112225336.80000000
1666051200000,0.03136000,0.03700000,0.03056000,0.03140000,915222524.90000000
1666137600000,0.03140000,0.03150000,0.02921000,0.02954000,400909184.30000000
1666224000000,0.02954000,0.03000000,0.02877000,0.02911000,277971112.30000000
1666310400000,0.02910000,0.02943000,0.02821000,0.02932000,243218677.00000000
1666396800000,0.02932000,0.02951000,0.02893000,0.02929000,100912436.90000000
1666483200000,0.02930000,0.02968000,0.02850000,0.02955000,127472139.10000000
1666569600000,0.02957000,0.02971000,0.02864000,0.02896000,132526149.50000000
1666656000000,0.02896000,0.03037000,0.02883000,0.02966000,185304662.30000000
1666742400000,0.02966000,0.03059000,0.02962000,0.03034000,184575161.80000000
1666828800000,0.03033000,0.03141000,0.02957000,0.02979000,245845971.70000000
1666915200000,0.02979000,0.03071000,0.02949000,0.03044000,157637625.00000000
1667001600000,0.03044000,0.03155000,0.03043000,0.03088000,340631160.90000000
1667088000000,0.03086000,0.03281000,0.03030000,0.03111000,512644799.60000000
1667174400000,0.03110000,0.03239000,0.03003000,0.03093000,420156261.60000000
1667260800000,0.03093000,0.03154000,0.03046000,0.03063000,174370218.20000000
1667347200000,0.03061000,0.03069000,0.02907000,0.02964000,204370912.60000000
1667433600000,0.02964000,0.03111000,0.02945000,0.03047000,220975024.70000000
1667520000000,0.03047000,0.03379000,0.03027000,0.03290000,556604367.00000000
1667606400000,0.03290000,0.03420000,0.03165000,0.03245000,380218078.00000000
1667692800000,0.03245000,0.03373000,0.03120000,0.03124000,391088719.80000000
1667779200000,0.03124000,0.03256000,0.03065000,0.03205000,280592066.60000000
1667865600000,0.03204000,0.03243000,0.02300000,0.02662000,694487985.80000000
1667952000000,0.02660000,0.02689000,0.01974000,0.02051000,647743802.40000000
1668038400000,0.02049000,0.02497000,0.02015000,0.02410000,619291546.80000000
1668124800000,0.02406000,0.02448000,0.02167000,0.02272000,334917798.80000000
1668211200000,0.02273000,0.02283000,0.02124000,0.02146000,200606916.70000000
1668297600000,0.02146000,0.02239000,0.02042000,0.02078000,371886051.40000000
1668384000000,0.02081000,0.02145000,0.01942000,0.02105000,365318333.50000000
1668470400000,0.02106000,0.02240000,0.02074000,0.02172000,240754829.10000000
1668556800000,0.02172000,0.02222000,0.02079000,0.02144000,174903878.60000000
1668643200000,0.02144000,0.02170000,0.02085000,0.02129000,183851142.60000000
1668729600000,0.02129000,0.02169000,0.02111000,0.02145000,121114350.80000000
1668816000000,0.02145000,0.02348000,0.02138000,0.02247000,464682024.60000000
1668902400000,0.02247000,0.02356000,0.02094000,0.02098000,401501654.40000000
1668988800000,0.02098000,0.02143000,0.02025000,0.02104000,239844735.20000000
1669075200000,0.02105000,0.02174000,0.02038000,0.02173000,193049458.80000000
1669161600000,0.02173000,0.02281000,0.02165000,0.02281000,213301555.50000000
1669248000000,0.02281000,0.02469000,0.02253000,0.02334000,407338772.20000000
1669334400000,0.02333000,0.02334000,0.02237000,0.02289000,120997580.90000000
1669420800000,0.02289000,0.02330000,0.02229000,0.02254000,104668632.20000000
1669507200000,0.02254000,0.02360000,0.02239000,0.02272000,162818097.10000000
1669593600000,0.02271000,0.02320000,0.02136000,0.02198000,154251042.80000000
1669680000000,0.02197000,0.02237000,0.02166000,0.02200000,92763005.90000000
1669766400000,0.02200000,0.02299000,0.02194000,0.02287000,154231094.90000000
1669852800000,0.02288000,0.02359000,0.02246000,0.02275000,156354354.60000000
1669939200000,0.02275000,0.02318000,0.02243000,0.02316000,106124664.00000000
1670025600000,0.02316000,0.02327000,0.02250000,0.02263000,61871859.60000000
1670112000000,0.02264000,0.02302000,0.02261000,0.02288000,49980174.70000000
1670198400000,0.02287000,0.02349000,0.02253000,0.02265000,98471250.50000000
1670284800000,0.02266000,0.02286000,0.02219000,0.02251000,141301013.80000000
1670371200000,0.02251000,0.02261000,0.02127000,0.02182000,109713772.60000000
1670457600000,0.02183000,0.02238000,0.02141000,0.02232000,89101125.00000000
1670544000000,0.02232000,0.02250000,0.02197000,0.02230000,92129162.70000000
1670630400000,0.02229000,0.02254000,0.02221000,0.02253000,60385961.10000000
1670716800000,0.02252000,0.02265000,0.02183000,0.02198000,72440430.50000000
1670803200000,0.02197000,0.02217000,0.02134000,0.02181000,97000780.60000000
1670889600000,0.02181000,0.02239000,0.02084000,0.02227000,172288976.50000000
1670976000000,0.02228000,0.02238000,0.02143000,0.02180000,95039350.20000000
1671062400000,0.02181000,0.02186000,0.02097000,0.02110000,95891182.80000000
1671148800000,0.02110000,0.02129000,0.01865000,0.01896000,198874239.80000000
1671235200000,0.01897000,0.01920000,0.01821000,0.01906000,138734631.80000000
1671321600000,0.01907000,0.01911000,0.01854000,0.01857000,71186101.60000000
1671408000000,0.01857000,0.01879000,0.01700000,0.01739000,144113658.30000000
1671494400000,0.01739000,0.01824000,0.01732000,0.01802000,111511358.10000000
1671580800000,0.01802000,0.01805000,0.01753000,0.01790000,74917973.20000000
1671667200000,0.01790000,0.01820000,0.01762000,0.01815000,96373909.80000000
1671753600000,0.01814000,0.01826000,0.01797000,0.01814000,66916842.20000000
1671840000000,0.01813000,0.01819000,0.01789000,0.01796000,40084903.30000000
1671926400000,0.01795000,0.01798000,0.01728000,0.01763000,85060572.30000000
1672012800000,0.01762000,0.01773000,0.01711000,0.01766000,142470349.10000000
1672099200000,0.01766000,0.01774000,0.01675000,0.01723000,107161689.50000000
1672185600000,0.01723000,0.01731000,0.01617000,0.01633000,134800460.90000000
1672272000000,0.01634000,0.01644000,0.01553000,0.01601000,128986980.10000000
1672358400000,0.01600000,0.01608000,0.01527000,0.01586000,105750937.20000000
1672444800000,0.01587000,0.01613000,0.01575000,0.01583000,68038859.50000000
1672531200000,0.01583000,0.01634000,0.01569000,0.01628000,83916520.00000000
1672617600000,0.01629000,0.01675000,0.01595000,0.01658000,128021917.20000000
1672704000000,0.01657000,0.01685000,0.01641000,0.01659000,81966634.10000000
1672790400000,0.01660000,0.01710000,0.01654000,0.01690000,105877370.50000000
1672876800000,0.01690000,0.01706000,0.01661000,0.01697000,128944606.20000000
1672963200000,0.01698000,0.01754000,0.01653000,0.01742000,145610154.80000000
1673049600000,0.01742000,0.01765000,0.01721000,0.01756000,79762076.40000000
1673136000000,0.01757000,0.02250000,0.01726000,0.02180000,949803965.60000000
1673222400000,0.02179000,0.02758000,0.02118000,0.02349000,2963897781.80000000
1673308800000,0.02348000,0.02570000,0.02347000,0.02398000,1103730027.60000000
1673395200000,0.02399000,0.02399000,0.02227000,0.02326000,518751734.30000000
1673481600000,0.02327000,0.02482000,0.02235000,0.02390000,745291264.20000000
1673568000000,0.02389000,0.02706000,0.02373000,0.02589000,937374094.80000000
1673654400000,0.02590000,0.02850000,0.02434000,0.02656000,984363245.20000000
1673740800000,0.02658000,0.02665000,0.02494000,0.02593000,441948033.90000000
1673827200000,0.02592000,0.03080000,0.02554000,0.02734000,1061713170.90000000
1673913600000,0.02733000,0.02856000,0.02650000,0.02718000,436124225.80000000
1674000000000,0.02718000,0.02753000,0.02403000,0.02471000,500966669.50000000
1674086400000,0.02469000,0.02561000,0.02446000,0.02544000,185225457.60000000
1674172800000,0.02545000,0.02776000,0.02488000,0.02760000,300313324.60000000
1674259200000,0.02760000,0.02895000,0.02664000,0.02681000,426032946.00000000
1674345600000,0.02681000,0.02805000,0.02616000,0.02698000,273657095.60000000
1674432000000,0.02700000,0.02881000,0.02692000,0.02866000,515054964.10000000
1674518400000,0.02865000,0.03025000,0.02644000,0.02701000,582431313.30000000
1674604800000,0.02701000,0.02950000,0.02626000,0.02798000,498879557.00000000
1674691200000,0.02800000,0.02854000,0.02700000,0.02780000,297470752.60000000
1674777600000,0.02781000,0.02985000,0.02706000,0.02921000,478467648.70000000
1674864000000,0.02921000,0.03169000,0.02866000,0.02911000,543818181.50000000
1674950400000,0.02911000,0.02972000,0.02863000,0.02954000,265131545.60000000
1675036800000,0.02955000,0.02970000,0.02579000,0.02671000,344094830.40000000
1675123200000,0.02671000,0.02730000,0.02627000,0.02694000,194948522.90000000
1675209600000,0.02693000,0.02883000,0.02616000,0.02812000,529219406.50000000
1675296000000,0.02817000,0.02992000,0.02780000,0.02826000,325555269.00000000
1675382400000,0.02825000,0.02988000,0.02814000,0.02979000,289382553.70000000
1675468800000,0.02979000,0.03210000,0.02904000,0.02984000,644484038.70000000
1675555200000,0.02983000,0.03083000,0.02772000,0.02883000,408219587.90000000
1675641600000,0.02883000,0.02988000,0.02812000,0.02967000,277126859.30000000
1675728000000,0.02966000,0.03095000,0.02878000,0.03088000,408505363.20000000
1675814400000,0.03087000,0.03127000,0.02910000,0.03075000,389656408.40000000
1675900800000,0.03075000,0.03098000,0.02637000,0.02712000,409832327.50000000
1675987200000,0.02712000,0.02839000,0.02673000,0.02780000,284736153.00000000
1676073600000,0.02778000,0.02838000,0.02748000,0.02835000,136064813.90000000
1676160000000,0.02835000,0.03093000,0.02789000,0.02920000,459288103.20000000
1676246400000,0.02920000,0.03299000,0.02761000,0.02916000,1556237218.10000000
1676332800000,0.02916000,0.03030000,0.02760000,0.02961000,519110203.60000000
1676419200000,0.02962000,0.03196000,0.02880000,0.03148000,455860379.40000000
1676505600000,0.03149000,0.03239000,0.02937000,0.02949000,561542973.20000000
1676592000000,0.02950000,0.03252000,0.02941000,0.03191000,509426456.60000000
1676678400000,0.03190000,0.03479000,0.03190000,0.03265000,593553787.30000000
1676764800000,0.03266000,0.03309000,0.03123000,0.03234000,409139834.00000000
1676851200000,0.03236000,0.03576000,0.03111000,0.03429000,648860713.30000000
1676937600000,0.03429000,0.03680000,0.03213000,0.03510000,973684521.50000000
1677024000000,0.03509000,0.03641000,0.03255000,0.03528000,922166040.20000000
1677110400000,0.03529000,0.03696000,0.03453000,0.03539000,561717392.20000000
1677196800000,0.03541000,0.03563000,0.03202000,0.03351000,341873176.00000000
1677283200000,0.03350000,0.03351000,0.03055000,0.03191000,226009635.30000000
1677369600000,0.03191000,0.03304000,0.03149000,0.03282000,149540416.40000000
1677456000000,0.03283000,0.03315000,0.03156000,0.03242000,158072429.20000000
1677542400000,0.03242000,0.03267000,0.03094000,0.03118000,115687632.40000000
1677628800000,0.03117000,0.03227000,0.03086000,0.03211000,96612427.10000000
1677715200000,0.03212000,0.03233000,0.03016000,0.03078000,125904049.10000000
1677801600000,0.03080000,0.03098000,0.02720000,0.02850000,296337417.70000000
1677888000000,0.02851000,0.02859000,0.02656000,0.02740000,148368219.60000000
1677974400000,0.02740000,0.02827000,0.02716000,0.02756000,88427858.40000000
1678060800000,0.02755000,0.02759000,0.02642000,0.02742000,153273227.80000000
1678147200000,0.02743000,0.02781000,0.02584000,0.02666000,175162053.80000000
1678233600000,0.02667000,0.02682000,0.02411000,0.02446000,199232722.40000000
1678320000000,0.02446000,0.02515000,0.02209000,0.02258000,278396541.70000000
1678406400000,0.02258000,0.02315000,0.02128000,0.02303000,313705258.90000000
1678492800000,0.02302000,0.02349000,0.02150000,0.02254000,237727578.40000000
1678579200000,0.02254000,0.02450000,0.02192000,0.02444000,177210205.50000000
1678665600000,0.02445000,0.02659000,0.02361000,0.02621000,329888435.60000000
1678752000000,0.02621000,0.02948000,0.02576000,0.02816000,425076437.90000000
1678838400000,0.02815000,0.03000000,0.02605000,0.02680000,580608800.90000000
1678924800000,0.02678000,0.02742000,0.02613000,0.02737000,262836201.80000000
1679011200000,0.02737000,0.02933000,0.02691000,0.02924000,263668916.70000000
1679097600000,0.02928000,0.02982000,0.02790000,0.02837000,263808995.40000000
1679184000000,0.02836000,0.02975000,0.02808000,0.02938000,215025011.40000000
1679270400000,0.02940000,0.02983000,0.02737000,0.02761000,269279475.00000000
1679356800000,0.02764000,0.02884000,0.02669000,0.02868000,275965109.20000000
1679443200000,0.02871000,0.02880000,0.02605000,0.02718000,222003286.80000000
1679529600000,0.02719000,0.02872000,0.02684000,0.02855000,181486969.60000000
1679616000000,0.02854000,0.02859000,0.02663000,0.02709000,147707269.10000000
1679702400000,0.02709000,0.02745000,0.02620000,0.02679000,88039850.40000000
1679788800000,0.02677000,0.02765000,0.02657000,0.02736000,80338934.70000000
1679875200000,0.02736000,0.02740000,0.02521000,0.02596000,192909402.70000000
1679961600000,0.02596000,0.02756000,0.02555000,0.02730000,141604026.20000000
1680048000000,0.02730000,0.02840000,0.02726000,0.02828000,177429463.90000000
1680134400000,0.02828000,0.02858000,0.02715000,0.02785000,237983846.30000000
1680220800000,0.02785000,0.02961000,0.02712000,0.02914000,292470910.60000000
1680307200000,0.02915000,0.03263000,0.02872000,0.03069000,925846366.70000000
1680393600000,0.03071000,0.03267000,0.02995000,0.03091000,862601449.00000000
1680480000000,0.03092000,0.03147000,0.02869000,0.02954000,453886981.30000000
1680566400000,0.02953000,0.03051000,0.02902000,0.02974000,242490167.80000000
1680652800000,0.02974000,0.03100000,0.02899000,0.03035000,330170445.10000000
1680739200000,0.03034000,0.03034000,0.02904000,0.02947000,183015126.90000000
1680825600000,0.02945000,0.02951000,0.02855000,0.02907000,114912566.20000000
1680912000000,0.02907000,0.02969000,0.02885000,0.02913000,162225232.40000000
1680998400000,0.02913000,0.02948000,0.02847000,0.02924000,121780587.80000000
1681084800000,0.02924000,0.02980000,0.02865000,0.02969000,163354115.10000000
1681171200000,0.02970000,0.03005000,0.02935000,0.02965000,164136009.00000000
1681257600000,0.02966000,0.02972000,0.02826000,0.02934000,202804642.90000000
1681344000000,0.02935000,0.03002000,0.02893000,0.02985000,149990134.50000000
1681430400000,0.02984000,0.03102000,0.02972000,0.03061000,224609123.40000000
1681516800000,0.03063000,0.03131000,0.03005000,0.03082000,217286059.10000000
1681603200000,0.03082000,0.03257000,0.03013000,0.03256000,307593110.90000000
1681689600000,0.03256000,0.03257000,0.03072000,0.03158000,351298378.60000000
1681776000000,0.03158000,0.03424000,0.03101000,0.03359000,578748770.10000000
1681862400000,0.03360000,0.03620000,0.03131000,0.03187000,1442436960.90000000
1681948800000,0.03187000,0.03313000,0.02956000,0.03016000,648256929.30000000
1682035200000,0.03018000,0.03413000,0.02927000,0.03100000,1638776594.80000000
1682121600000,0.03100000,0.03550000,0.03032000,0.03489000,1419660460.10000000
1682208000000,0.03489000,0.03620000,0.03137000,0.03222000,913649669.60000000
1682294400000,0.03221000,0.03283000,0.03037000,0.03108000,430424180.10000000
1682380800000,0.03108000,0.03200000,0.02891000,0.03020000,680584932.00000000
1682467200000,0.03020000,0.03135000,0.02725000,0.02905000,619255990.70000000
1682553600000,0.02905000,0.02980000,0.02846000,0.02922000,318537804.40000000
1682640000000,0.02922000,0.02928000,0.02821000,0.02889000,163655802.60000000
1682726400000,0.02889000,0.02925000,0.02818000,0.02885000,146937958.90000000
1682812800000,0.02882000,0.02897000,0.02800000,0.02803000,146155881.10000000
1682899200000,0.02803000,0.02818000,0.02645000,0.02702000,180666438.20000000
1682985600000,0.02702000,0.02746000,0.02646000,0.02721000,153989147.00000000
1683072000000,0.02721000,0.02770000,0.02633000,0.02749000,191391426.40000000
1683158400000,0.02749000,0.02754000,0.02680000,0.02703000,96301708.90000000
1683244800000,0.02703000,0.02740000,0.02636000,0.02732000,128899433.60000000
1683331200000,0.02732000,0.02745000,0.02587000,0.02639000,147533729.40000000
1683417600000,0.02638000,0.02662000,0.02597000,0.02608000,82194838.00000000
1683504000000,0.02609000,0.02623000,0.02266000,0.02384000,368369593.70000000
1683590400000,0.02384000,0.02416000,0.02341000,0.02398000,115394491.30000000
1683676800000,0.02397000,0.02479000,0.02309000,0.02449000,221016231.50000000
1683763200000,0.02448000,0.02448000,0.02281000,0.02335000,158411302.80000000
1683849600000,0.02336000,0.02376000,0.02256000,0.02374000,167280029.70000000
1683936000000,0.02375000,0.02382000,0.02316000,0.02356000,77461064.70000000
1684022400000,0.02357000,0.02396000,0.02320000,0.02383000,74715689.30000000
1684108800000,0.02382000,0.02462000,0.02344000,0.02414000,122961162.80000000
1684195200000,0.02412000,0.02433000,0.02373000,0.02423000,120553675.00000000
1684281600000,0.02423000,0.02536000,0.02390000,0.02496000,175591294.70000000
1684368000000,0.02496000,0.02497000,0.02357000,0.02397000,147900211.70000000
1684454400000,0.02398000,0.02449000,0.02383000,0.02426000,118274600.50000000
1684540800000,0.02427000,0.02428000,0.02398000,0.02416000,52628922.90000000
1684627200000,0.02417000,0.02425000,0.02326000,0.02350000,69167672.30000000
1684713600000,0.02352000,0.02362000,0.02295000,0.02347000,72748853.50000000
1684800000000,0.02347000,0.02383000,0.02321000,0.02362000,73815773.50000000
1684886400000,0.02362000,0.02363000,0.02237000,0.02281000,127058054.60000000
1684972800000,0.02282000,0.02292000,0.02212000,0.02266000,75741743.40000000
1685059200000,0.02266000,0.02301000,0.02240000,0.02279000,61668060.40000000
1685145600000,0.02279000,0.02340000,0.02264000,0.02336000,100426099.90000000
1685232000000,0.02336000,0.02407000,0.02317000,0.02368000,172538595.10000000
1685318400000,0.02368000,0.02396000,0.02340000,0.02357000,144143612.70000000
1685404800000,0.02358000,0.02378000,0.02323000,0.02367000,104611827.00000000
1685491200000,0.02364000,0.02393000,0.02251000,0.02284000,144997391.10000000
1685577600000,0.02286000,0.02292000,0.02242000,0.02263000,86747308.90000000
1685664000000,0.02263000,0.02342000,0.02238000,0.02337000,99980533.90000000
1685750400000,0.02337000,0.02381000,0.02308000,0.02353000,94325520.10000000
1685836800000,0.02353000,0.02450000,0.02334000,0.02394000,151962576.40000000
1685923200000,0.02394000,0.02406000,0.02057000,0.02132000,347522665.30000000
1686009600000,0.02131000,0.02209000,0.02087000,0.02192000,239125332.20000000
1686096000000,0.02191000,0.02191000,0.02060000,0.02090000,188913927.20000000
1686182400000,0.02088000,0.02181000,0.02069000,0.02124000,146643072.00000000
1686268800000,0.02126000,0.02150000,0.02056000,0.02087000,108369264.60000000
1686355200000,0.02089000,0.02094000,0.01550000,0.01760000,598850939.90000000
1686441600000,0.01760000,0.01780000,0.01713000,0.01748000,176935306.60000000
1686528000000,0.01747000,0.01770000,0.01688000,0.01742000,125659989.40000000
1686614400000,0.01743000,0.01801000,0.01723000,0.01752000,178411615.90000000
1686700800000,0.01753000,0.01769000,0.01629000,0.01681000,145401282.70000000
1686787200000,0.01681000,0.01721000,0.01648000,0.01699000,97837443.10000000
1686873600000,0.01698000,0.01757000,0.01664000,0.01732000,109631838.60000000
1686960000000,0.01733000,0.01795000,0.01723000,0.01764000,99913441.90000000
1687046400000,0.01763000,0.01782000,0.01700000,0.01726000,110964227.70000000
1687132800000,0.01727000,0.01765000,0.01711000,0.01737000,97817358.00000000
1687219200000,0.01737000,0.01830000,0.01704000,0.01824000,174567412.80000000
1687305600000,0.01825000,0.01924000,0.01812000,0.01902000,226195797.00000000
1687392000000,0.01902000,0.01974000,0.01873000,0.01891000,167776358.30000000
1687478400000,0.01890000,0.02179000,0.01883000,0.02054000,766649257.90000000
1687564800000,0.02054000,0.02138000,0.02010000,0.02128000,367963437.50000000
1687651200000,0.02129000,0.02266000,0.02037000,0.02067000,328737505.70000000
1687737600000,0.02066000,0.02095000,0.01994000,0.02038000,184976075.80000000
1687824000000,0.02037000,0.02067000,0.02007000,0.02055000,102775466.40000000
1687910400000,0.02056000,0.02057000,0.01864000,0.01910000,173495721.50000000
1687996800000,0.01909000,0.01991000,0.01903000,0.01960000,101476613.90000000
1688083200000,0.01961000,0.02154000,0.01897000,0.02101000,424663826.60000000
1688169600000,0.02102000,0.02191000,0.02060000,0.02189000,320379484.50000000
1688256000000,0.02190000,0.02191000,0.02095000,0.02149000,158365029.70000000
1688342400000,0.02149000,0.02308000,0.02137000,0.02214000,308875226.10000000
1688428800000,0.02216000,0.02330000,0.02157000,0.02307000,370312999.00000000
1688515200000,0.02307000,0.02500000,0.02132000,0.02193000,805983957.30000000
1688601600000,0.02194000,0.02219000,0.02052000,0.02059000,275647729.30000000
1688688000000,0.02059000,0.02082000,0.02022000,0.02070000,147082841.80000000
1688774400000,0.02069000,0.02077000,0.02014000,0.02053000,109286806.80000000
1688860800000,0.02052000,0.02065000,0.02017000,0.02025000,76758528.30000000
1688947200000,0.02024000,0.02071000,0.01959000,0.02027000,167867081.30000000
1689033600000,0.02029000,0.02107000,0.02004000,0.02101000,146631522.40000000
1689120000000,0.02101000,0.02121000,0.02053000,0.02090000,150568749.90000000
1689206400000,0.02091000,0.02227000,0.02048000,0.02217000,250245834.10000000
1689292800000,0.02219000,0.02273000,0.02046000,0.02153000,315081068.70000000
1689379200000,0.02152000,0.02326000,0.02148000,0.02240000,521653009.70000000
1689465600000,0.02240000,0.02249000,0.02143000,0.02166000,137707127.10000000
1689552000000,0.02166000,0.02254000,0.02147000,0.02236000,201423989.20000000
1689638400000,0.02237000,0.02372000,0.02121000,0.02161000,391642095.80000000
1689724800000,0.02161000,0.02203000,0.02147000,0.02174000,97804584.00000000
1689811200000,0.02176000,0.02225000,0.02130000,0.02159000,121459834.60000000
1689897600000,0.02159000,0.02183000,0.02136000,0.02157000,70587024.50000000
1689984000000,0.02160000,0.02186000,0.02129000,0.02147000,67961749.80000000
1690070400000,0.02147000,0.02236000,0.02136000,0.02220000,131988185.20000000
1690156800000,0.02220000,0.02227000,0.02045000,0.02074000,168509519.00000000
1690243200000,0.02075000,0.02076000,0.02026000,0.02073000,104853722.00000000
1690329600000,0.02074000,0.02114000,0.02043000,0.02081000,148057973.30000000
1690416000000,0.02080000,0.02106000,0.02050000,0.02074000,71373807.10000000
1690502400000,0.02073000,0.02104000,0.02047000,0.02099000,75571971.60000000
1690588800000,0.02099000,0.02161000,0.02093000,0.02151000,136871901.50000000
1690675200000,0.02152000,0.02155000,0.02043000,0.02094000,111165068.10000000
1690761600000,0.02093000,0.02117000,0.02059000,0.02086000,101094698.40000000
1690848000000,0.02085000,0.02109000,0.02008000,0.02108000,243293214.10000000
1690934400000,0.02106000,0.02120000,0.02041000,0.02062000,102241827.70000000
1691020800000,0.02061000,0.02073000,0.02021000,0.02036000,113179684.50000000
1691107200000,0.02035000,0.02052000,0.02011000,0.02032000,80144270.70000000
1691193600000,0.02031000,0.02035000,0.02005000,0.02022000,53795571.20000000
1691280000000,0.02025000,0.02065000,0.02013000,0.02019000,82494620.80000000
1691366400000,0.02018000,0.02038000,0.01956000,0.02004000,139647250.30000000
1691452800000,0.02003000,0.02036000,0.01984000,0.02016000,100817081.10000000
1691539200000,0.02016000,0.02027000,0.01978000,0.01998000,78551476.80000000
1691625600000,0.01999000,0.02017000,0.01990000,0.02004000,53809312.80000000
1691712000000,0.02003000,0.02036000,0.01983000,0.02004000,139303571.30000000
1691798400000,0.02003000,0.02021000,0.01997000,0.02008000,60939255.70000000
1691884800000,0.02008000,0.02030000,0.01990000,0.01999000,62884270.10000000
1691971200000,0.01999000,0.02048000,0.01987000,0.02019000,146565936.50000000
1692057600000,0.02019000,0.02022000,0.01779000,0.01906000,199179637.00000000
1692144000000,0.01906000,0.01908000,0.01747000,0.01787000,230085940.00000000
1692230400000,0.01788000,0.01816000,0.01520000,0.01629000,334575813.80000000
1692316800000,0.01629000,0.01676000,0.01621000,0.01670000,177435303.20000000
1692403200000,0.01669000,0.01704000,0.01662000,0.01702000,62290663.20000000
1692489600000,0.01701000,0.01715000,0.01687000,0.01704000,48217332.20000000
1692576000000,0.01704000,0.01705000,0.01626000,0.01663000,70842162.00000000
1692662400000,0.01664000,0.01691000,0.01603000,0.01669000,103025648.60000000
1692748800000,0.01670000,0.01725000,0.01654000,0.01699000,65713439.00000000
1692835200000,0.01700000,0.01705000,0.01642000,0.01672000,79948810.20000000
1692921600000,0.01672000,0.01683000,0.01642000,0.01676000,66713458.10000000
1693008000000,0.01676000,0.01697000,0.01660000,0.01666000,38688104.30000000
1693094400000,0.01665000,0.01673000,0.01650000,0.01671000,39075781.20000000
1693180800000,0.01670000,0.01674000,0.01621000,0.01672000,66548122.60000000
1693267200000,0.01673000,0.01755000,0.01631000,0.01742000,132085681.90000000
1693353600000,0.01741000,0.01744000,0.01680000,0.01699000,86950098.20000000
1693440000000,0.01698000,0.01704000,0.01595000,0.01616000,112247055.30000000
1693526400000,0.01616000,0.01627000,0.01566000,0.01590000,86101022.40000000
1693612800000,0.01590000,0.01609000,0.01574000,0.01598000,57043883.70000000
1693699200000,0.01598000,0.01615000,0.01591000,0.01610000,53136870.20000000
1693785600000,0.01610000,0.01646000,0.01585000,0.01611000,96141542.00000000
1693872000000,0.01611000,0.01651000,0.01587000,0.01646000,82229770.60000000
1693958400000,0.01647000,0.01659000,0.01595000,0.01638000,84036336.30000000
1694044800000,0.01638000,0.01677000,0.01621000,0.01661000,90762513.50000000
1694131200000,0.01661000,0.01674000,0.01613000,0.01659000,100294290.60000000
1694217600000,0.01658000,0.01660000,0.01629000,0.01642000,55307016.90000000
1694304000000,0.01641000,0.01646000,0.01556000,0.01576000,137545423.60000000
1694390400000,0.01577000,0.01587000,0.01466000,0.01505000,213513117.00000000
1694476800000,0.01506000,0.01574000,0.01492000,0.01523000,154282192.50000000
1694563200000,0.01524000,0.01652000,0.01518000,0.01595000,514312011.20000000
1694649600000,0.01595000,0.01627000,0.01592000,0.01617000,145605034.50000000
1694736000000,0.01617000,0.01686000,0.01598000,0.01665000,167051101.20000000
1694822400000,0.01665000,0.01686000,0.01638000,0.01662000,121768637.60000000
1694908800000,0.01662000,0.01662000,0.01573000,0.01586000,117659821.90000000
1694995200000,0.01586000,0.01653000,0.01573000,0.01614000,109043311.80000000
1695081600000,0.01614000,0.01661000,0.01607000,0.01644000,102784227.10000000
1695168000000,0.01645000,0.01668000,0.01612000,0.01660000,96877892.70000000
1695254400000,0.01660000,0.01755000,0.01627000,0.01692000,408279707.80000000
1695340800000,0.01691000,0.01816000,0.01689000,0.01794000,522322899.80000000
1695427200000,0.01794000,0.01798000,0.01724000,0.01763000,212225967.10000000
1695513600000,0.01764000,0.01766000,0.01685000,0.01697000,118970048.90000000
1695600000000,0.01697000,0.01707000,0.01659000,0.01689000,108428292.60000000
1695686400000,0.01690000,0.01726000,0.01664000,0.01705000,95864525.70000000
1695772800000,0.01705000,0.01715000,0.01662000,0.01677000,95156181.60000000
1695859200000,0.01677000,0.01717000,0.01668000,0.01705000,77036672.30000000
1695945600000,0.01706000,0.01749000,0.01692000,0.01720000,119382060.70000000
1696032000000,0.01720000,0.01800000,0.01720000,0.01777000,156855412.30000000
1696118400000,0.01777000,0.01825000,0.01748000,0.01797000,164282739.80000000
1696204800000,0.01797000,0.01815000,0.01695000,0.01720000,228962635.20000000
1696291200000,0.01719000,0.01734000,0.01681000,0.01689000,115109891.60000000
1696377600000,0.01689000,0.01690000,0.01630000,0.01675000,101740179.70000000
1696464000000,0.01675000,0.01685000,0.01647000,0.01649000,70218444.10000000
1696550400000,0.01650000,0.01729000,0.01646000,0.01699000,165473291.70000000
1696636800000,0.01699000,0.01707000,0.01676000,0.01694000,62370325.60000000
1696723200000,0.01695000,0.01704000,0.01669000,0.01691000,76420627.80000000
1696809600000,0.01689000,0.01701000,0.01570000,0.01607000,129865750.80000000
1696896000000,0.01608000,0.01619000,0.01586000,0.01603000,80878626.00000000
1696982400000,0.01602000,0.01609000,0.01566000,0.01586000,69487413.40000000
1697068800000,0.01586000,0.01600000,0.01566000,0.01582000,63294978.50000000
1697155200000,0.01582000,0.01618000,0.01580000,0.01601000,50878579.50000000
1697241600000,0.01602000,0.01643000,0.01601000,0.01634000,52540919.10000000
1697328000000,0.01635000,0.01686000,0.01625000,0.01654000,98016384.40000000
1697414400000,0.01654000,0.01719000,0.01644000,0.01675000,143767704.40000000
1697500800000,0.01675000,0.01695000,0.01631000,0.01686000,117248561.70000000
1697587200000,0.01686000,0.01717000,0.01646000,0.01657000,137820306.60000000
1697673600000,0.01658000,0.01707000,0.01633000,0.01649000,145377411.00000000
1697760000000,0.01649000,0.01704000,0.01624000,0.01701000,105604759.70000000
1697846400000,0.01702000,0.01754000,0.01692000,0.01738000,115333861.50000000
1697932800000,0.01738000,0.01763000,0.01688000,0.01759000,97479949.90000000
1698019200000,0.01759000,0.01850000,0.01733000,0.01830000,162138177.40000000
1698105600000,0.01830000,0.01885000,0.01772000,0.01840000,319354116.80000000
1698192000000,0.01840000,0.01904000,0.01810000,0.01873000,228730639.60000000
1698278400000,0.01873000,0.01918000,0.01790000,0.01863000,238102557.60000000
1698364800000,0.01862000,0.01865000,0.01790000,0.01818000,104049354.50000000
1698451200000,0.01817000,0.01879000,0.01817000,0.01874000,95321942.20000000
1698537600000,0.01873000,0.01919000,0.01836000,0.01902000,122115508.70000000
1698624000000,0.01902000,0.01933000,0.01878000,0.01931000,118256674.20000000
1698710400000,0.01930000,0.01950000,0.01796000,0.01896000,176606040.10000000
1698796800000,0.01895000,0.02040000,0.01894000,0.02028000,442215023.00000000
1698883200000,0.02028000,0.02034000,0.01919000,0.01981000,198120584.20000000
1698969600000,0.01983000,0.01984000,0.01892000,0.01954000,135617180.30000000
1699056000000,0.01954000,0.02036000,0.01939000,0.02023000,122093264.00000000
1699142400000,0.02022000,0.02064000,0.01982000,0.02041000,197221905.30000000
1699228800000,0.02040000,0.02120000,0.01996000,0.02107000,195342158.90000000
1699315200000,0.02107000,0.02110000,0.01974000,0.02065000,209098351.10000000
1699401600000,0.02065000,0.02134000,0.02041000,0.02110000,154072733.70000000
1699488000000,0.02111000,0.02188000,0.01838000,0.02073000,484330459.00000000
1699574400000,0.02073000,0.02152000,0.02036000,0.02145000,271350508.20000000
1699660800000,0.02146000,0.02324000,0.02059000,0.02257000,548256701.70000000
1699747200000,0.02257000,0.02327000,0.02151000,0.02275000,368050968.40000000
1699833600000,0.02273000,0.02313000,0.02153000,0.02181000,327211146.50000000
1699920000000,0.02179000,0.02194000,0.02002000,0.02098000,323753940.50000000
1700006400000,0.02098000,0.02216000,0.02071000,0.02204000,197569320.30000000
1700092800000,0.02205000,0.02262000,0.02075000,0.02127000,330603742.60000000
1700179200000,0.02126000,0.02183000,0.02042000,0.02141000,227877170.20000000
1700265600000,0.02141000,0.02229000,0.02080000,0.02204000,348437443.30000000
1700352000000,0.02202000,0.02228000,0.02121000,0.02217000,167219284.70000000
1700438400000,0.02219000,0.02236000,0.02155000,0.02206000,237458802.50000000
1700524800000,0.02206000,0.02219000,0.01947000,0.01952000,341039441.50000000
1700611200000,0.01952000,0.02092000,0.01947000,0.02069000,210568807.60000000
1700697600000,0.02069000,0.02113000,0.02049000,0.02092000,123237624.80000000
1700784000000,0.02092000,0.02133000,0.02082000,0.02105000,122764154.00000000
1700870400000,0.02106000,0.02148000,0.02092000,0.02144000,106279628.70000000
1700956800000,0.02144000,0.02157000,0.02058000,0.02118000,197432824.20000000
1701043200000,0.02119000,0.02134000,0.02023000,0.02065000,209273446.40000000
1701129600000,0.02066000,0.02097000,0.02012000,0.02080000,130604374.80000000
1701216000000,0.02080000,0.02177000,0.02054000,0.02157000,307235298.70000000
1701302400000,0.02157000,0.02194000,0.02107000,0.02188000,279647759.20000000
1701388800000,0.02188000,0.02240000,0.02158000,0.02206000,308696090.80000000
1701475200000,0.02205000,0.02238000,0.02171000,0.02220000,190530352.00000000
1701561600000,0.02220000,0.02266000,0.02183000,0.02232000,236086324.80000000
1701648000000,0.02231000,0.02284000,0.02140000,0.02259000,409604098.10000000
1701734400000,0.02260000,0.02361000,0.02247000,0.02336000,522165684.30000000
1701820800000,0.02336000,0.02349000,0.02243000,0.02299000,420341969.80000000
1701907200000,0.02299000,0.02391000,0.02260000,0.02360000,351851897.70000000
1701993600000,0.02360000,0.02516000,0.02334000,0.02469000,385838040.40000000
1702080000000,0.02469000,0.02560000,0.02443000,0.02482000,481646202.10000000
1702166400000,0.02483000,0.02519000,0.02380000,0.02449000,207913699.90000000
1702252800000,0.02450000,0.02458000,0.02078000,0.02240000,474504933.80000000
1702339200000,0.02240000,0.02382000,0.02234000,0.02355000,418611181.60000000
1702425600000,0.02358000,0.02407000,0.02223000,0.02387000,470841156.10000000
1702512000000,0.02389000,0.02474000,0.02300000,0.02449000,349072782.40000000
1702598400000,0.02449000,0.02451000,0.02300000,0.02317000,238728527.70000000
1702684800000,0.02318000,0.02432000,0.02283000,0.02393000,235104812.20000000
1702771200000,0.02393000,0.02397000,0.02296000,0.02308000,206704491.20000000
1702857600000,0.02308000,0.02319000,0.02128000,0.02256000,378111773.90000000
1702944000000,0.02257000,0.02345000,0.02236000,0.02249000,208421457.50000000
1703030400000,0.02247000,0.02364000,0.02234000,0.02324000,215401596.80000000
1703116800000,0.02324000,0.02446000,0.02299000,0.02428000,277416648.70000000
1703203200000,0.02429000,0.02595000,0.02390000,0.02591000,277743812.90000000
1703289600000,0.02591000,0.02600000,0.02473000,0.02541000,291387943.00000000
1703376000000,0.02542000,0.02900000,0.02495000,0.02652000,601533768.20000000
1703462400000,0.02653000,0.02712000,0.02607000,0.02666000,357834382.60000000
1703548800000,0.02666000,0.02758000,0.02458000,0.02744000,422262478.60000000
1703635200000,0.02744000,0.02766000,0.02622000,0.02713000,300496821.00000000
1703721600000,0.02713000,0.02751000,0.02535000,0.02578000,304519871.40000000
1703808000000,0.02576000,0.02601000,0.02438000,0.02522000,344099193.50000000
1703894400000,0.02522000,0.02538000,0.02456000,0.02497000,210007397.80000000
1703980800000,0.02499000,0.02569000,0.02399000,0.02478000,207253121.30000000
1704067200000,0.02478000,0.02562000,0.02454000,0.02561000,150184825.80000000
1704153600000,0.02561000,0.02639000,0.02514000,0.02539000,258134273.10000000
1704240000000,0.02542000,0.02719000,0.02129000,0.02317000,950600557.50000000
1704326400000,0.02318000,0.02434000,0.02264000,0.02375000,232199073.10000000
1704412800000,0.02380000,0.02393000,0.02184000,0.02288000,255867137.30000000
1704499200000,0.02289000,0.02292000,0.02161000,0.02263000,237323548.40000000
1704585600000,0.02263000,0.02296000,0.02089000,0.02113000,225979481.80000000
1704672000000,0.02114000,0.02216000,0.01924000,0.02206000,514031504.30000000
1704758400000,0.02207000,0.02209000,0.02022000,0.02086000,343317430.20000000
1704844800000,0.02086000,0.02282000,0.02022000,0.02246000,360559178.20000000
1704931200000,0.02246000,0.02371000,0.02211000,0.02292000,390031858.10000000
1705017600000,0.02292000,0.02362000,0.02098000,0.02172000,391274291.90000000
1705104000000,0.02172000,0.02216000,0.02102000,0.02199000,156637901.80000000
1705190400000,0.02199000,0.02238000,0.02122000,0.02129000,160753411.30000000
1705276800000,0.02128000,0.02218000,0.02126000,0.02173000,168570397.40000000
1705363200000,0.02170000,0.02335000,0.02165000,0.02293000,342579048.90000000
1705449600000,0.02294000,0.02338000,0.02223000,0.02300000,238046793.70000000
1705536000000,0.02299000,0.02329000,0.02107000,0.02149000,217842566.60000000
1705622400000,0.02150000,0.02157000,0.02019000,0.02125000,196508979.70000000
1705708800000,0.02125000,0.02218000,0.02099000,0.02191000,172126322.30000000
1705795200000,0.02191000,0.02227000,0.02159000,0.02162000,126359363.40000000
1705881600000,0.02163000,0.02175000,0.02016000,0.02031000,196879637.90000000
1705968000000,0.02031000,0.02077000,0.01868000,0.01962000,332751124.50000000
1706054400000,0.01962000,0.02012000,0.01948000,0.02004000,147915860.90000000
1706140800000,0.02004000,0.02008000,0.01940000,0.01992000,122166734.80000000
1706227200000,0.01992000,0.02050000,0.01976000,0.02037000,102120885.60000000
1706313600000,0.02038000,0.02084000,0.02020000,0.02079000,117660832.30000000
1706400000000,0.02079000,0.02102000,0.02023000,0.02043000,93760197.20000000
1706486400000,0.02044000,0.02086000,0.02004000,0.02085000,112610441.20000000
1706572800000,0.02086000,0.02098000,0.02034000,0.02045000,121455627.00000000
1706659200000,0.02045000,0.02059000,0.01969000,0.01991000,137904719.60000000
1706745600000,0.01991000,0.02028000,0.01958000,0.02026000,162135033.90000000
1706832000000,0.02024000,0.02046000,0.01987000,0.02035000,100298491.80000000
1706918400000,0.02035000,0.02046000,0.01992000,0.02021000,81553302.20000000
1707004800000,0.02021000,0.02021000,0.01971000,0.01976000,87430263.60000000
1707091200000,0.01977000,0.02012000,0.01942000,0.01983000,97483480.50000000
1707177600000,0.01983000,0.01994000,0.01961000,0.01974000,102307175.10000000
1707264000000,0.01975000,0.02042000,0.01971000,0.02031000,118490979.80000000
1707350400000,0.02031000,0.02063000,0.02017000,0.02038000,118175443.60000000
1707436800000,0.02039000,0.02129000,0.02038000,0.02118000,158030948.20000000
1707523200000,0.02119000,0.02134000,0.02063000,0.02099000,113751096.90000000
1707609600000,0.02100000,0.02151000,0.02087000,0.02104000,116110755.00000000
1707696000000,0.02104000,0.02165000,0.02064000,0.02152000,143916310.40000000
1707782400000,0.02153000,0.02166000,0.02071000,0.02123000,206601403.10000000
1707868800000,0.02123000,0.02209000,0.02103000,0.02189000,183946205.00000000
1707955200000,0.02189000,0.02339000,0.02100000,0.02281000,451442359.00000000
1708041600000,0.02282000,0.02359000,0.02240000,0.02317000,296485528.70000000
1708128000000,0.02316000,0.02325000,0.02195000,0.02283000,177965157.80000000
1708214400000,0.02284000,0.02400000,0.02256000,0.02369000,277981368.20000000
1708300800000,0.02368000,0.02450000,0.02330000,0.02433000,357584784.30000000
1708387200000,0.02433000,0.02453000,0.02244000,0.02350000,474457114.20000000
1708473600000,0.02350000,0.02439000,0.02205000,0.02290000,344321859.50000000
1708560000000,0.02290000,0.02375000,0.02242000,0.02340000,219446347.50000000
1708646400000,0.02340000,0.02357000,0.02221000,0.02305000,188275730.80000000
1708732800000,0.02306000,0.02438000,0.02258000,0.02404000,221600572.60000000
1708819200000,0.02404000,0.02621000,0.02347000,0.02576000,455773499.10000000
1708905600000,0.02576000,0.02688000,0.02431000,0.02597000,883317698.40000000
1708992000000,0.02597000,0.02743000,0.02530000,0.02623000,613469120.60000000
1709078400000,0.02623000,0.02930000,0.02310000,0.02732000,1080571700.30000000
1709164800000,0.02732000,0.02949000,0.02680000,0.02777000,572038997.20000000
1709251200000,0.02776000,0.02950000,0.02775000,0.02908000,326761110.40000000
1709337600000,0.02907000,0.03152000,0.02905000,0.03133000,589573242.90000000
1709424000000,0.03133000,0.03161000,0.02795000,0.03022000,480209785.30000000
1709510400000,0.03022000,0.03350000,0.02980000,0.03225000,848249507.50000000
1709596800000,0.03225000,0.03660000,0.02515000,0.03016000,1456041383.60000000
1709683200000,0.03016000,0.04024000,0.03016000,0.03672000,1948753653.50000000
1709769600000,0.03671000,0.03679000,0.03374000,0.03538000,626003359.60000000
1709856000000,0.03538000,0.03579000,0.03271000,0.03486000,521543275.30000000
1709942400000,0.03485000,0.03597000,0.03447000,0.03517000,380283808.80000000
1710028800000,0.03517000,0.03790000,0.03440000,0.03607000,809690273.00000000
1710115200000,0.03606000,0.03815000,0.03350000,0.03781000,563223011.00000000
1710201600000,0.03782000,0.03822000,0.03407000,0.03764000,660678775.20000000
1710288000000,0.03764000,0.04494000,0.03713000,0.04046000,1708081232.10000000
1710374400000,0.04046000,0.04143000,0.03675000,0.03939000,902176733.90000000
1710460800000,0.03939000,0.04099000,0.03340000,0.03692000,1061392873.60000000
1710547200000,0.03692000,0.03753000,0.03203000,0.03289000,577429528.10000000
1710633600000,0.03289000,0.03444000,0.03056000,0.03394000,547309779.30000000
1710720000000,0.03395000,0.03440000,0.03104000,0.03178000,366822379.10000000
1710806400000,0.03177000,0.03303000,0.02763000,0.03083000,931821628.40000000
1710892800000,0.03082000,0.03411000,0.02938000,0.03405000,587421494.90000000
1710979200000,0.03406000,0.03469000,0.03275000,0.03366000,367105677.30000000
1711065600000,0.03366000,0.03496000,0.03183000,0.03280000,382030999.50000000
1711152000000,0.03280000,0.03396000,0.03225000,0.03284000,177710034.00000000
1711238400000,0.03283000,0.03405000,0.03221000,0.03393000,208934649.30000000
1711324800000,0.03395000,0.03691000,0.03337000,0.03594000,407771769.50000000
1711411200000,0.03594000,0.03846000,0.03586000,0.03738000,548074204.90000000
1711497600000,0.03737000,0.03783000,0.03467000,0.03548000,338897984.20000000
1711584000000,0.03546000,0.03830000,0.03452000,0.03730000,484782671.10000000
1711670400000,0.03730000,0.03743000,0.03581000,0.03679000,348690116.70000000
1711756800000,0.03679000,0.03827000,0.03629000,0.03711000,380857021.50000000
1711843200000,0.03710000,0.04064000,0.03665000,0.03894000,795956507.00000000
1711929600000,0.03894000,0.03894000,0.03483000,0.03583000,516992730.50000000
1712016000000,0.03584000,0.03584000,0.03197000,0.03254000,568984618.90000000
1712102400000,0.03255000,0.03346000,0.03118000,0.03186000,401643975.90000000
1712188800000,0.03184000,0.03380000,0.03120000,0.03296000,300569912.20000000
1712275200000,0.03296000,0.03301000,0.03111000,0.03226000,216611272.50000000
1712361600000,0.03227000,0.03333000,0.03200000,0.03302000,109965688.20000000
1712448000000,0.03303000,0.03389000,0.03284000,0.03344000,145498427.80000000
1712534400000,0.03345000,0.03545000,0.03254000,0.03540000,265993382.00000000
1712620800000,0.03539000,0.03552000,0.03286000,0.03301000,259936680.10000000
1712707200000,0.03300000,0.03357000,0.03131000,0.03295000,266062467.40000000
1712793600000,0.03295000,0.03414000,0.03272000,0.03362000,278958304.20000000
1712880000000,0.03363000,0.03458000,0.02600000,0.02787000,760664756.30000000
1712966400000,0.02787000,0.02817000,0.02047000,0.02354000,1015579030.70000000
1713052800000,0.02346000,0.02542000,0.02226000,0.02513000,719595311.00000000
1713139200000,0.02511000,0.02642000,0.02327000,0.02426000,435288014.90000000
1713225600000,0.02426000,0.02481000,0.02302000,0.02423000,360799006.50000000
1713312000000,0.02422000,0.02459000,0.02256000,0.02341000,282985604.30000000
1713398400000,0.02340000,0.02457000,0.02264000,0.02432000,221635287.00000000
1713484800000,0.02433000,0.02542000,0.02237000,0.02477000,252707079.90000000
1713571200000,0.02476000,0.02663000,0.02445000,0.02637000,166197462.80000000
1713657600000,0.02637000,0.02669000,0.02531000,0.02588000,134007984.00000000
1713744000000,0.02587000,0.02690000,0.02580000,0.02660000,126320812.60000000
1713830400000,0.02661000,0.02730000,0.02611000,0.02723000,164980859.30000000
1713916800000,0.02723000,0.02848000,0.02524000,0.02562000,440427285.10000000
1714003200000,0.02563000,0.02628000,0.02485000,0.02578000,186390539.50000000
1714089600000,0.02577000,0.02588000,0.02480000,0.02500000,138709027.00000000
1714176000000,0.02500000,0.02543000,0.02399000,0.02515000,117744715.70000000
1714262400000,0.02515000,0.02564000,0.02440000,0.02452000,121299216.50000000
1714348800000,0.02451000,0.02486000,0.02369000,0.02423000,181398580.00000000
1714435200000,0.02423000,0.02459000,0.02197000,0.02279000,194955863.90000000
1714521600000,0.02280000,0.02374000,0.02104000,0.02307000,246135763.90000000
1714608000000,0.02306000,0.02375000,0.02230000,0.02343000,123815967.20000000
1714694400000,0.02342000,0.02473000,0.02320000,0.02458000,125927453.00000000
1714780800000,0.02458000,0.02486000,0.02421000,0.02452000,117753931.50000000
1714867200000,0.02452000,0.02503000,0.02408000,0.02481000,118789297.10000000
1714953600000,0.02481000,0.02550000,0.02404000,0.02409000,143363838.70000000
1715040000000,0.02411000,0.02465000,0.02350000,0.02362000,119729755.90000000
1715126400000,0.02361000,0.02393000,0.02309000,0.02340000,131870269.50000000
1715212800000,0.02338000,0.02441000,0.02296000,0.02428000,98072527.00000000
1715299200000,0.02429000,0.02449000,0.02274000,0.02298000,144172865.10000000
1715385600000,0.02298000,0.02346000,0.02288000,0.02290000,83637066.30000000
1715472000000,0.02290000,0.02314000,0.02256000,0.02268000,80024357.90000000
1715558400000,0.02268000,0.02310000,0.02188000,0.02238000,151449897.60000000
1715644800000,0.02238000,0.02261000,0.02160000,0.02170000,143423375.90000000
1715731200000,0.02169000,0.02322000,0.02166000,0.02311000,147816429.10000000
1715817600000,0.02310000,0.02373000,0.02272000,0.02313000,141803232.70000000
1715904000000,0.02313000,0.02411000,0.02290000,0.02382000,95578021.80000000
1715990400000,0.02381000,0.02398000,0.02344000,0.02361000,76219163.60000000
1716076800000,0.02360000,0.02377000,0.02252000,0.02260000,85383034.70000000
1716163200000,0.02259000,0.02479000,0.02224000,0.02467000,206580080.20000000
1716249600000,0.02467000,0.02518000,0.02423000,0.02473000,238467654.90000000
1716336000000,0.02473000,0.02486000,0.02393000,0.02427000,129680591.40000000
1716422400000,0.02429000,0.02474000,0.02244000,0.02373000,217613007.30000000
1716508800000,0.02373000,0.02412000,0.02307000,0.02407000,127367930.30000000
1716595200000,0.02406000,0.02457000,0.02396000,0.02429000,86971300.90000000
1716681600000,0.02429000,0.02442000,0.02377000,0.02400000,95927366.90000000
1716768000000,0.02398000,0.02564000,0.02385000,0.02503000,252599540.90000000
1716854400000,0.02503000,0.02590000,0.02406000,0.02483000,230091044.70000000
1716940800000,0.02484000,0.02523000,0.02411000,0.02432000,151545822.70000000
1717027200000,0.02432000,0.02468000,0.02351000,0.02396000,129032554.60000000
1717113600000,0.02395000,0.02399000,0.02320000,0.02366000,113167754.80000000
1717200000000,0.02366000,0.02375000,0.02334000,0.02364000,72913219.60000000
1717286400000,0.02361000,0.02385000,0.02290000,0.02310000,111128059.80000000
1717372800000,0.02311000,0.02363000,0.02290000,0.02316000,150052813.20000000
1717459200000,0.02314000,0.02373000,0.02283000,0.02360000,134527735.00000000
1717545600000,0.02360000,0.02412000,0.02340000,0.02409000,155294775.50000000
1717632000000,0.02410000,0.02425000,0.02349000,0.02378000,135160983.60000000
1717718400000,0.02377000,0.02516000,0.02036000,0.02265000,435549899.30000000
1717804800000,0.02264000,0.02270000,0.02090000,0.02109000,201940906.60000000
1717891200000,0.02109000,0.02165000,0.02093000,0.02154000,115309963.00000000
1717977600000,0.02153000,0.02174000,0.02088000,0.02117000,103945570.60000000
1718064000000,0.02118000,0.02132000,0.01975000,0.02010000,156136290.60000000
1718150400000,0.02011000,0.02154000,0.01969000,0.02102000,158845061.10000000
1718236800000,0.02101000,0.02115000,0.01984000,0.01995000,171135478.20000000
1718323200000,0.01997000,0.02040000,0.01882000,0.01934000,187470706.90000000
1718409600000,0.01934000,0.01997000,0.01932000,0.01977000,60404920.20000000
1718496000000,0.01977000,0.01991000,0.01933000,0.01967000,82639489.00000000
1718582400000,0.01968000,0.01994000,0.01769000,0.01794000,231268128.10000000
1718668800000,0.01795000,0.01803000,0.01522000,0.01686000,414914710.80000000
1718755200000,0.01686000,0.01766000,0.01669000,0.01719000,152761547.80000000
1718841600000,0.01718000,0.01845000,0.01708000,0.01719000,181844629.20000000
1718928000000,0.01719000,0.01769000,0.01693000,0.01701000,140762651.10000000
1719014400000,0.01702000,0.01741000,0.01684000,0.01735000,66713210.40000000
1719100800000,0.01733000,0.01773000,0.01656000,0.01694000,65968103.50000000
1719187200000,0.01693000,0.01740000,0.01600000,0.01730000,151518760.50000000
1719273600000,0.01729000,0.01817000,0.01720000,0.01771000,108598166.20000000
1719360000000,0.01772000,0.01803000,0.01734000,0.01771000,91588127.40000000
1719446400000,0.01770000,0.01824000,0.01731000,0.01809000,115134651.20000000
1719532800000,0.01809000,0.01823000,0.01738000,0.01744000,108640878.00000000
1719619200000,0.01744000,0.01798000,0.01704000,0.01712000,91180219.60000000
1719705600000,0.01712000,0.01788000,0.01695000,0.01783000,125455501.40000000
1719792000000,0.01781000,0.01806000,0.01705000,0.01716000,110912170.00000000
1719878400000,0.01716000,0.01778000,0.01705000,0.01769000,141100466.10000000
1719964800000,0.01768000,0.01771000,0.01657000,0.01688000,115369913.20000000
1720051200000,0.01688000,0.01703000,0.01511000,0.01524000,231468825.00000000
1720137600000,0.01524000,0.01525000,0.01306000,0.01488000,550044077.10000000
1720224000000,0.01488000,0.01584000,0.01464000,0.01567000,151443792.10000000
1720310400000,0.01567000,0.01568000,0.01438000,0.01450000,144307266.30000000
1720396800000,0.01450000,0.01542000,0.01385000,0.01487000,212867953.30000000
1720483200000,0.01486000,0.01543000,0.01471000,0.01530000,107867293.60000000
1720569600000,0.01529000,0.01589000,0.01506000,0.01577000,105430304.70000000
1720656000000,0.01577000,0.01610000,0.01534000,0.01543000,133561653.50000000
1720742400000,0.01544000,0.01573000,0.01517000,0.01569000,92583227.40000000
1720828800000,0.01570000,0.01655000,0.01563000,0.01638000,89096779.30000000
1720915200000,0.01638000,0.01652000,0.01612000,0.01641000,85338225.50000000
1721001600000,0.01641000,0.01736000,0.01641000,0.01730000,226497906.50000000
1721088000000,0.01731000,0.01789000,0.01654000,0.01759000,197136822.70000000
1721174400000,0.01758000,0.01803000,0.01728000,0.01739000,166788607.40000000
1721260800000,0.01739000,0.01780000,0.01687000,0.01722000,95048391.40000000
1721347200000,0.01722000,0.01815000,0.01693000,0.01784000,119103834.10000000
1721433600000,0.01784000,0.01810000,0.01765000,0.01791000,71185297.40000000
1721520000000,0.01791000,0.01819000,0.01712000,0.01810000,105510257.10000000
1721606400000,0.01811000,0.01827000,0.01723000,0.01737000,93996006.80000000
1721692800000,0.01738000,0.01773000,0.01669000,0.01689000,103089712.40000000
1721779200000,0.01689000,0.01748000,0.01667000,0.01679000,71413501.60000000
1721865600000,0.01679000,0.01685000,0.01556000,0.01638000,132867482.30000000
1721952000000,0.01636000,0.01725000,0.01633000,0.01724000,77417958.30000000
1722038400000,0.01725000,0.01753000,0.01696000,0.01728000,66358742.00000000
1722124800000,0.01728000,0.01739000,0.01686000,0.01714000,64223336.20000000
1722211200000,0.01713000,0.01757000,0.01685000,0.01717000,96477890.60000000
1722297600000,0.01718000,0.01737000,0.01648000,0.01682000,74624626.40000000
1722384000000,0.01681000,0.01702000,0.01623000,0.01634000,101522260.70000000
1722470400000,0.01633000,0.01648000,0.01493000,0.01611000,144991265.00000000
1722556800000,0.01611000,0.01618000,0.01484000,0.01502000,138163152.90000000
1722643200000,0.01502000,0.01529000,0.01395000,0.01425000,124204377.30000000
1722729600000,0.01425000,0.01443000,0.01304000,0.01351000,169814944.00000000
1722816000000,0.01353000,0.01362000,0.01077000,0.01237000,827521522.50000000
1722902400000,0.01236000,0.01329000,0.01235000,0.01304000,132706549.00000000
1722988800000,0.01306000,0.01341000,0.01239000,0.01262000,160984927.50000000
1723075200000,0.01261000,0.01410000,0.01239000,0.01407000,128102151.80000000
1723161600000,0.01406000,0.01407000,0.01352000,0.01390000,78336502.50000000
1723248000000,0.01389000,0.01428000,0.01375000,0.01424000,59195355.30000000
1723334400000,0.01423000,0.01453000,0.01331000,0.01335000,78245991.30000000
1723420800000,0.01335000,0.01423000,0.01328000,0.01394000,114902306.10000000
1723507200000,0.01395000,0.01413000,0.01350000,0.01399000,59505086.80000000
1723593600000,0.01398000,0.01405000,0.01341000,0.01366000,88676501.80000000
1723680000000,0.01365000,0.01391000,0.01303000,0.01328000,99697312.40000000
1723766400000,0.01328000,0.01343000,0.01277000,0.01319000,65313713.50000000
1723852800000,0.01318000,0.01345000,0.01307000,0.01339000,53374226.30000000
1723939200000,0.01339000,0.01376000,0.01318000,0.01336000,74679484.40000000
1724025600000,0.01336000,0.01374000,0.01305000,0.01370000,167499035.80000000
1724112000000,0.01368000,0.01400000,0.01344000,0.01379000,89475880.90000000
1724198400000,0.01379000,0.01449000,0.01363000,0.01433000,96397593.50000000
1724284800000,0.01433000,0.01475000,0.01411000,0.01469000,112008299.50000000
1724371200000,0.01468000,0.01559000,0.01466000,0.01547000,158889214.20000000
1724457600000,0.01549000,0.01605000,0.01523000,0.01573000,134981291.20000000
1724544000000,0.01573000,0.01578000,0.01501000,0.01545000,96473882.90000000
1724630400000,0.01545000,0.01553000,0.01437000,0.01440000,116792769.70000000
1724716800000,0.01440000,0.01478000,0.01332000,0.01368000,120505897.80000000
1724803200000,0.01368000,0.01404000,0.01310000,0.01353000,121598473.20000000
1724889600000,0.01354000,0.01417000,0.01342000,0.01361000,89823899.80000000
1724976000000,0.01359000,0.01373000,0.01298000,0.01354000,100225674.90000000
1725062400000,0.01354000,0.01363000,0.01316000,0.01330000,33280690.40000000
1725148800000,0.01330000,0.01330000,0.01272000,0.01285000,78292474.80000000
1725235200000,0.01284000,0.01360000,0.01270000,0.01355000,93359421.30000000
1725321600000,0.01355000,0.01390000,0.01309000,0.01313000,142821975.80000000
1725408000000,0.01313000,0.01364000,0.01246000,0.01344000,145260693.60000000
1725494400000,0.01344000,0.01349000,0.01285000,0.01301000,88462044.90000000
1725580800000,0.01299000,0.01336000,0.01213000,0.01254000,153774428.20000000
1725667200000,0.01255000,0.01310000,0.01241000,0.01274000,105252748.60000000
1725753600000,0.01275000,0.01313000,0.01264000,0.01288000,120100395.30000000
1725840000000,0.01288000,0.01342000,0.01273000,0.01328000,149485113.20000000
1725926400000,0.01330000,0.01350000,0.01312000,0.01336000,105261311.20000000
1726012800000,0.01336000,0.01340000,0.01284000,0.01324000,113543835.10000000
1726099200000,0.01324000,0.01359000,0.01323000,0.01355000,104455109.50000000
1726185600000,0.01355000,0.01392000,0.01347000,0.01381000,88494908.60000000
1726272000000,0.01380000,0.01401000,0.01351000,0.01374000,173358465.90000000
1726358400000,0.01375000,0.01394000,0.01312000,0.01328000,110746685.20000000
1726444800000,0.01328000,0.01350000,0.01286000,0.01309000,165132812.80000000
1726531200000,0.01309000,0.01362000,0.01294000,0.01350000,94907253.60000000
1726617600000,0.01352000,0.01381000,0.01298000,0.01381000,134752780.30000000
1726704000000,0.01381000,0.01439000,0.01378000,0.01425000,180176580.20000000
1726790400000,0.01426000,0.01488000,0.01418000,0.01470000,143326732.10000000
1726876800000,0.01470000,0.01581000,0.01466000,0.01554000,292269074.90000000
1726963200000,0.01554000,0.01554000,0.01452000,0.01493000,157705467.10000000
1727049600000,0.01493000,0.01554000,0.01467000,0.01544000,149002109.20000000
1727136000000,0.01545000,0.01594000,0.01506000,0.01588000,160097560.60000000
1727222400000,0.01589000,0.01603000,0.01555000,0.01565000,117793634.80000000
1727308800000,0.01565000,0.01644000,0.01540000,0.01615000,160012279.40000000
1727395200000,0.01615000,0.01687000,0.01599000,0.01670000,274428745.40000000
1727481600000,0.01670000,0.01691000,0.01587000,0.01614000,116796988.30000000
1727568000000,0.01613000,0.01626000,0.01565000,0.01602000,86883752.90000000
1727654400000,0.01604000,0.01609000,0.01484000,0.01499000,183420276.80000000
1727740800000,0.01498000,0.01555000,0.01361000,0.01384000,319222832.50000000
1727827200000,0.01382000,0.01447000,0.01333000,0.01364000,271661713.90000000
1727913600000,0.01364000,0.01395000,0.01320000,0.01363000,186312999.30000000
1728000000000,0.01362000,0.01426000,0.01352000,0.01414000,105240917.50000000
1728086400000,0.01415000,0.01437000,0.01388000,0.01411000,75025682.70000000
1728172800000,0.01412000,0.01454000,0.01405000,0.01449000,65932537.30000000
1728259200000,0.01449000,0.01491000,0.01432000,0.01438000,119731508.40000000
1728345600000,0.01438000,0.01460000,0.01413000,0.01427000,115283653.20000000
1728432000000,0.01428000,0.01486000,0.01379000,0.01400000,188195124.30000000
1728518400000,0.01399000,0.01422000,0.01354000,0.01397000,111967776.10000000
1728604800000,0.01398000,0.01461000,0.01389000,0.01451000,75390870.40000000
1728691200000,0.01452000,0.01506000,0.01451000,0.01482000,112689629.00000000
1728777600000,0.01481000,0.01493000,0.01437000,0.01480000,75922765.40000000
1728864000000,0.01482000,0.01594000,0.01460000,0.01545000,295643860.50000000
1728950400000,0.01545000,0.01574000,0.01465000,0.01531000,270726234.80000000
1729036800000,0.01531000,0.01539000,0.01486000,0.01499000,124976131.60000000
1729123200000,0.01499000,0.01515000,0.01442000,0.01467000,131715168.60000000
1729209600000,0.01467000,0.01516000,0.01461000,0.01513000,80658655.20000000
1729296000000,0.01516000,0.01593000,0.01513000,0.01543000,196816281.10000000
1729382400000,0.01542000,0.01627000,0.01517000,0.01612000,173294153.50000000
1729468800000,0.01612000,0.01640000,0.01530000,0.01573000,357616755.30000000
1729555200000,0.01574000,0.01575000,0.01495000,0.01528000,246657893.00000000
1729641600000,0.01528000,0.01529000,0.01426000,0.01460000,147534177.60000000
1729728000000,0.01460000,0.01548000,0.01450000,0.01520000,222460778.00000000
1729814400000,0.01519000,0.01547000,0.01349000,0.01407000,227742718.40000000
1729900800000,0.01406000,0.01439000,0.01382000,0.01400000,134656253.60000000
1729987200000,0.01401000,0.01444000,0.01390000,0.01426000,133413238.10000000
1730073600000,0.01427000,0.01436000,0.01372000,0.01421000,212689240.50000000
1730160000000,0.01420000,0.01492000,0.01418000,0.01478000,187571763.90000000
1730246400000,0.01478000,0.01534000,0.01458000,0.01465000,260671465.60000000
1730332800000,0.01466000,0.01468000,0.01372000,0.01390000,120530726.70000000
1730419200000,0.01389000,0.01424000,0.01359000,0.01392000,114163336.60000000
1730505600000,0.01391000,0.01421000,0.01348000,0.01365000,83807926.90000000
1730592000000,0.01365000,0.01368000,0.01274000,0.01312000,266086011.90000000
1730678400000,0.01309000,0.01334000,0.01252000,0.01279000,122818556.80000000
1730764800000,0.01279000,0.01353000,0.01279000,0.01339000,147928308.40000000
1730851200000,0.01339000,0.01459000,0.01338000,0.01449000,319239905.30000000
1730937600000,0.01449000,0.01486000,0.01424000,0.01449000,194046161.20000000
1731024000000,0.01451000,0.01478000,0.01419000,0.01478000,164251147.40000000
1731110400000,0.01477000,0.01522000,0.01449000,0.01516000,237345230.60000000
1731196800000,0.01516000,0.01668000,0.01496000,0.01614000,512602124.20000000
1731283200000,0.01615000,0.01916000,0.01578000,0.01828000,1339777182.00000000
1731369600000,0.01828000,0.01879000,0.01659000,0.01761000,1060369513.00000000
1731456000000,0.01760000,0.01786000,0.01605000,0.01714000,550398827.50000000
1731542400000,0.01715000,0.01763000,0.01613000,0.01643000,349980214.00000000
1731628800000,0.01643000,0.01842000,0.01589000,0.01812000,769376983.30000000
1731715200000,0.01812000,0.02112000,0.01797000,0.02059000,954616013.70000000
1731801600000,0.02058000,0.02185000,0.01847000,0.01873000,595144134.30000000
1731888000000,0.01873000,0.02236000,0.01853000,0.02086000,787374847.30000000
1731974400000,0.02084000,0.02165000,0.02006000,0.02076000,460793620.10000000
1732060800000,0.02072000,0.02083000,0.01935000,0.01972000,322747690.90000000
1732147200000,0.01971000,0.02092000,0.01908000,0.02084000,430732704.00000000
1732233600000,0.02084000,0.02226000,0.02045000,0.02223000,483957280.00000000
1732320000000,0.02223000,0.02536000,0.02186000,0.02437000,959189768.60000000
1732406400000,0.02438000,0.02665000,0.02260000,0.02478000,792348407.20000000
1732492800000,0.02479000,0.02575000,0.02288000,0.02345000,559128595.80000000
1732579200000,0.02343000,0.02530000,0.02246000,0.02466000,647155803.90000000
1732665600000,0.02465000,0.02582000,0.02399000,0.02570000,427269884.20000000
1732752000000,0.02571000,0.02571000,0.02429000,0.02506000,296565166.80000000
1732838400000,0.02506000,0.02692000,0.02421000,0.02630000,559120949.60000000
1732924800000,0.02630000,0.02743000,0.02577000,0.02644000,641418639.60000000
1733011200000,0.02645000,0.02735000,0.02544000,0.02685000,440441840.30000000
1733097600000,0.02685000,0.03156000,0.02534000,0.03044000,1768705642.30000000
1733184000000,0.03044000,0.03771000,0.03025000,0.03529000,3165653384.30000000
1733270400000,0.03532000,0.03605000,0.03220000,0.03389000,1181070221.70000000
1733356800000,0.03388000,0.03633000,0.03216000,0.03519000,1245216080.10000000
1733443200000,0.03519000,0.03653000,0.03267000,0.03591000,834117945.30000000
1733529600000,0.03592000,0.03750000,0.03435000,0.03504000,599602562.10000000
1733616000000,0.03505000,0.03544000,0.03373000,0.03483000,339517138.20000000
1733702400000,0.03482000,0.03500000,0.02387000,0.02789000,993217982.60000000
1733788800000,0.02791000,0.02817000,0.02376000,0.02646000,879474171.50000000
1733875200000,0.02646000,0.02878000,0.02524000,0.02832000,406632942.00000000
1733961600000,0.02831000,0.02980000,0.02785000,0.02834000,433656579.70000000
1734048000000,0.02836000,0.02870000,0.02722000,0.02859000,344553599.00000000
1734134400000,0.02862000,0.02876000,0.02618000,0.02680000,216707284.20000000
1734220800000,0.02680000,0.02803000,0.02601000,0.02764000,275932607.30000000
1734307200000,0.02763000,0.02835000,0.02582000,0.02651000,275486592.40000000
1734393600000,0.02651000,0.02678000,0.02496000,0.02530000,300273448.00000000
1734480000000,0.02535000,0.02544000,0.02207000,0.02230000,462691712.70000000
1734566400000,0.02230000,0.02295000,0.01958000,0.02020000,629317888.10000000
1734652800000,0.02023000,0.02182000,0.01785000,0.02145000,564522999.80000000
1734739200000,0.02146000,0.02343000,0.02012000,0.02042000,332570234.10000000
1734825600000,0.02044000,0.02166000,0.02017000,0.02075000,282534871.30000000
1734912000000,0.02076000,0.02260000,0.02022000,0.02238000,304436031.30000000
1734998400000,0.02235000,0.02399000,0.02167000,0.02355000,216261270.00000000
1735084800000,0.02356000,0.02357000,0.02230000,0.02258000,197276481.60000000
1735171200000,0.02258000,0.02283000,0.02070000,0.02098000,165438089.80000000
1735257600000,0.02099000,0.02220000,0.02081000,0.02107000,164049503.90000000
1735344000000,0.02108000,0.02229000,0.02097000,0.02213000,143520928.90000000
1735430400000,0.02213000,0.02219000,0.02057000,0.02091000,109334437.60000000
1735516800000,0.02090000,0.02185000,0.02015000,0.02087000,199198327.10000000
1735603200000,0.02086000,0.02118000,0.01998000,0.02012000,162372117.40000000
1735689600000,0.02012000,0.02141000,0.01970000,0.02119000,188307409.60000000
1735776000000,0.02125000,0.02194000,0.02121000,0.02156000,175426766.60000000
1735862400000,0.02157000,0.02348000,0.02128000,0.02330000,200782139.00000000
1735948800000,0.02329000,0.02345000,0.02266000,0.02319000,164554667.90000000
1736035200000,0.02319000,0.02334000,0.02262000,0.02315000,135585915.70000000
1736121600000,0.02316000,0.02505000,0.02279000,0.02437000,281786820.80000000
1736208000000,0.02437000,0.02449000,0.02137000,0.02137000,295527712.70000000
1736294400000,0.02139000,0.02188000,0.01987000,0.02096000,315303621.30000000
1736380800000,0.02095000,0.02175000,0.02045000,0.02149000,358809919.60000000
1736467200000,0.02149000,0.02230000,0.02077000,0.02201000,253337833.80000000
1736553600000,0.02202000,0.02242000,0.02116000,0.02160000,146742582.60000000
1736640000000,0.02161000,0.02212000,0.02072000,0.02099000,123940142.70000000
1736726400000,0.02100000,0.02164000,0.01860000,0.02014000,248124483.30000000
1736812800000,0.02015000,0.02173000,0.01992000,0.02164000,194500994.20000000
1736899200000,0.02163000,0.02308000,0.02091000,0.02301000,215442786.70000000
1736985600000,0.02303000,0.02315000,0.02186000,0.02251000,223274611.40000000
1737072000000,0.02252000,0.02386000,0.02251000,0.02364000,226847423.60000000
1737158400000,0.02363000,0.02382000,0.02147000,0.02199000,219932993.50000000
1737244800000,0.02198000,0.02260000,0.01936000,0.01980000,482641144.00000000
1737331200000,0.01978000,0.02187000,0.01905000,0.01988000,513695271.70000000
1737417600000,0.01988000,0.02105000,0.01903000,0.02051000,292311248.60000000
1737504000000,0.02051000,0.02066000,0.01985000,0.02000000,136744833.90000000
1737590400000,0.02000000,0.02039000,0.01919000,0.01993000,195464384.90000000
1737676800000,0.01993000,0.02038000,0.01917000,0.01938000,154882261.70000000
1737763200000,0.01937000,0.01970000,0.01913000,0.01944000,85041318.20000000
1737849600000,0.01944000,0.02012000,0.01914000,0.01917000,111033468.80000000
1737936000000,0.01915000,0.01930000,0.01739000,0.01888000,342824581.10000000
1738022400000,0.01887000,0.01908000,0.01766000,0.01781000,122320617.60000000
1738108800000,0.01780000,0.01868000,0.01739000,0.01805000,197093935.70000000
1738195200000,0.01803000,0.01917000,0.01778000,0.01854000,185490479.20000000
1738281600000,0.01854000,0.01953000,0.01823000,0.01879000,146550153.50000000
1738368000000,0.01879000,0.01931000,0.01722000,0.01735000,183784211.80000000
1738454400000,0.01734000,0.01774000,0.01440000,0.01515000,429866151.50000000
1738540800000,0.01517000,0.01563000,0.01124000,0.01545000,948148031.00000000
1738627200000,0.01546000,0.01570000,0.01385000,0.01447000,377258072.20000000
1738713600000,0.01446000,0.01484000,0.01402000,0.01420000,170464018.80000000
1738800000000,0.01420000,0.01457000,0.01345000,0.01366000,197886794.20000000
1738886400000,0.01367000,0.01446000,0.01328000,0.01369000,189461900.00000000
1738972800000,0.01367000,0.01442000,0.01354000,0.01435000,95107186.50000000
1739059200000,0.01436000,0.01486000,0.01361000,0.01428000,305563837.50000000
1739145600000,0.01427000,0.01496000,0.01382000,0.01489000,181253513.40000000
1739232000000,0.01488000,0.01536000,0.01448000,0.01473000,167583147.80000000
1739318400000,0.01473000,0.01566000,0.01411000,0.01550000,207922913.90000000
1739404800000,0.01553000,0.01559000,0.01471000,0.01505000,146696254.20000000
1739491200000,0.01506000,0.01553000,0.01501000,0.01526000,151244087.80000000
1739577600000,0.01526000,0.01538000,0.01458000,0.01473000,114983329.00000000
1739664000000,0.01473000,0.01510000,0.01455000,0.01457000,104841898.30000000
1739750400000,0.01457000,0.01514000,0.01428000,0.01478000,135647512.70000000
1739836800000,0.01477000,0.01486000,0.01370000,0.01413000,144639477.70000000
1739923200000,0.01413000,0.01457000,0.01395000,0.01446000,97354195.00000000
1740009600000,0.01445000,0.01493000,0.01442000,0.01487000,120782472.60000000
1740096000000,0.01488000,0.01552000,0.01417000,0.01444000,189088212.70000000
1740182400000,0.01444000,0.01506000,0.01435000,0.01493000,87618163.40000000
1740268800000,0.01492000,0.01505000,0.01446000,0.01460000,87609610.40000000
1740355200000,0.01461000,0.01468000,0.01286000,0.01312000,200837613.10000000
1740441600000,0.01312000,0.01350000,0.01224000,0.01332000,275493686.60000000
1740528000000,0.01332000,0.01355000,0.01281000,0.01336000,161930509.60000000
1740614400000,0.01336000,0.01408000,0.01323000,0.01377000,159448165.20000000
1740700800000,0.01377000,0.01384000,0.01254000,0.01369000,240831236.30000000
1740787200000,0.01369000,0.01382000,0.01310000,0.01350000,108258429.60000000
1740873600000,0.01349000,0.01500000,0.01330000,0.01485000,245356538.30000000
1740960000000,0.01486000,0.01493000,0.01258000,0.01279000,231337911.70000000
1741046400000,0.01279000,0.01289000,0.01179000,0.01272000,278391798.80000000
1741132800000,0.01273000,0.01313000,0.01243000,0.01306000,103569702.30000000
1741219200000,0.01306000,0.01338000,0.01267000,0.01282000,121707503.60000000
1741305600000,0.01281000,0.01333000,0.01213000,0.01282000,155444633.70000000
1741392000000,0.01281000,0.01304000,0.01248000,0.01258000,94639846.60000000
1741478400000,0.01259000,0.01265000,0.01137000,0.01151000,160204778.10000000
1741564800000,0.01151000,0.01254000,0.01118000,0.01125000,288909698.00000000
1741651200000,0.01125000,0.01209000,0.01052000,0.01185000,246381249.30000000
1741737600000,0.01184000,0.01229000,0.01136000,0.01212000,156579413.20000000
1741824000000,0.01211000,0.01242000,0.01157000,0.01188000,154593829.30000000
1741910400000,0.01187000,0.01248000,0.01186000,0.01216000,88414620.10000000
1741996800000,0.01216000,0.01246000,0.01210000,0.01240000,55804503.60000000
1742083200000,0.01241000,0.01245000,0.01179000,0.01188000,95758658.00000000
1742169600000,0.01189000,0.01263000,0.01189000,0.01246000,98629670.10000000
1742256000000,0.01246000,0.01256000,0.01201000,0.01254000,97071964.70000000
1742342400000,0.01254000,0.01303000,0.01250000,0.01298000,129645614.20000000
1742428800000,0.01299000,0.01300000,0.01257000,0.01281000,166516093.20000000
1742515200000,0.01282000,0.01289000,0.01234000,0.01245000,78181576.40000000
1742601600000,0.01245000,0.01272000,0.01237000,0.01248000,63024694.10000000
1742688000000,0.01249000,0.01260000,0.01215000,0.01229000,52672274.90000000
1742774400000,0.01228000,0.01398000,0.01219000,0.01296000,336467437.40000000
1742860800000,0.01297000,0.01322000,0.01288000,0.01317000,95862501.40000000
1742947200000,0.01317000,0.01345000,0.01268000,0.01280000,121848473.20000000
1743033600000,0.01280000,0.01301000,0.01253000,0.01273000,76789079.50000000
1743120000000,0.01273000,0.01273000,0.01156000,0.01171000,148643704.20000000
1743206400000,0.01171000,0.01175000,0.01105000,0.01118000,101427817.90000000
1743292800000,0.01119000,0.01146000,0.01101000,0.01114000,69645864.70000000
1743379200000,0.01115000,0.01150000,0.01085000,0.01131000,126806395.00000000
1743465600000,0.01130000,0.01180000,0.01127000,0.01153000,128717246.20000000
1743552000000,0.01153000,0.01178000,0.01070000,0.01083000,230266042.70000000
1743638400000,0.01083000,0.01123000,0.01058000,0.01111000,122419823.20000000
1743724800000,0.01112000,0.01136000,0.01082000,0.01130000,100945442.00000000
1743811200000,0.01130000,0.01144000,0.01097000,0.01111000,55662168.80000000
1743897600000,0.01112000,0.01115000,0.00981000,0.01011000,223465668.40000000
1743984000000,0.01011000,0.01069000,0.00919000,0.01008000,445161620.30000000
1744070400000,0.01008000,0.01040000,0.00954000,0.00962000,145750488.00000000
1744156800000,0.00962000,0.01084000,0.00931000,0.01069000,288046898.30000000
1744243200000,0.01069000,0.01084000,0.01019000,0.01064000,176644735.30000000
1744329600000,0.01064000,0.01109000,0.01052000,0.01096000,116709554.10000000
1744416000000,0.01097000,0.01153000,0.01083000,0.01148000,78003072.90000000
1744502400000,0.01147000,0.01154000,0.01085000,0.01103000,109720454.90000000
1744588800000,0.01104000,0.01137000,0.01080000,0.01084000,305691975.10000000
1744675200000,0.01085000,0.01126000,0.01074000,0.01084000,510424107.50000000
1744761600000,0.01085000,0.01121000,0.01072000,0.01100000,156196442.50000000
1744848000000,0.01100000,0.01160000,0.01094000,0.01146000,118822611.80000000
1744934400000,0.01146000,0.01186000,0.01124000,0.01169000,111513695.10000000
1745020800000,0.01167000,0.01252000,0.01161000,0.01185000,220780803.40000000
1745107200000,0.01185000,0.01200000,0.01129000,0.01184000,104587531.50000000
1745193600000,0.01183000,0.01214000,0.01166000,0.01176000,135195874.10000000
1745280000000,0.01177000,0.01271000,0.01158000,0.01266000,184437076.30000000
1745366400000,0.01267000,0.01291000,0.01240000,0.01269000,114994466.10000000
1745452800000,0.01269000,0.01307000,0.01223000,0.01305000,87474750.70000000
1745539200000,0.01304000,0.01328000,0.01269000,0.01316000,106135018.20000000
1745625600000,0.01315000,0.01347000,0.01294000,0.01320000,72033449.70000000
1745712000000,0.01321000,0.01331000,0.01271000,0.01278000,94003957.10000000
1745798400000,0.01279000,0.01325000,0.01241000,0.01305000,115029695.70000000
1745884800000,0.01307000,0.01323000,0.01260000,0.01274000,56417607.70000000
1745971200000,0.01272000,0.01283000,0.01221000,0.01275000,55991331.30000000
1746057600000,0.01276000,0.01324000,0.01272000,0.01314000,157739796.30000000
1746144000000,0.01313000,0.01327000,0.01289000,0.01310000,79811933.10000000
1746230400000,0.01310000,0.01311000,0.01217000,0.01238000,78131397.20000000
1746316800000,0.01238000,0.01248000,0.01183000,0.01191000,61570234.40000000
1746403200000,0.01192000,0.01224000,0.01173000,0.01205000,63717254.50000000
1746489600000,0.01207000,0.01216000,0.01142000,0.01195000,107440910.10000000
1746576000000,0.01195000,0.01210000,0.01180000,0.01199000,68148211.40000000
1746662400000,0.01200000,0.01352000,0.01197000,0.01340000,168613093.70000000
1746748800000,0.01341000,0.01413000,0.01337000,0.01410000,162178511.20000000
1746835200000,0.01410000,0.01493000,0.01396000,0.01488000,127076552.40000000
1746921600000,0.01488000,0.01504000,0.01422000,0.01465000,129184679.30000000
1747008000000,0.01464000,0.01536000,0.01378000,0.01446000,187753026.80000000
1747094400000,0.01446000,0.01506000,0.01368000,0.01494000,159456790.60000000
1747180800000,0.01494000,0.01518000,0.01407000,0.01418000,124420886.90000000
1747267200000,0.01418000,0.01436000,0.01315000,0.01360000,158217258.00000000
1747353600000,0.01360000,0.01385000,0.01302000,0.01319000,115174199.70000000
1747440000000,0.01319000,0.01322000,0.01242000,0.01260000,100708065.10000000
1747526400000,0.01261000,0.01325000,0.01212000,0.01311000,123383191.00000000
1747612800000,0.01311000,0.01318000,0.01211000,0.01262000,102566361.30000000
1747699200000,0.01262000,0.01309000,0.01232000,0.01295000,100873288.30000000
1747785600000,0.01298000,0.01335000,0.01258000,0.01317000,146978986.50000000
1747872000000,0.01317000,0.01375000,0.01317000,0.01371000,97692853.20000000
1747958400000,0.01371000,0.01404000,0.01261000,0.01267000,142331368.70000000
1748044800000,0.01266000,0.01291000,0.01245000,0.01253000,78895298.60000000
1748131200000,0.01253000,0.01260000,0.01200000,0.01259000,89595634.30000000
1748217600000,0.01258000,0.01286000,0.01239000,0.01260000,68893091.60000000
1748304000000,0.01260000,0.01299000,0.01227000,0.01285000,67957851.30000000
1748390400000,0.01286000,0.01293000,0.01227000,0.01267000,69550169.30000000
1748476800000,0.01267000,0.01297000,0.01216000,0.01220000,85449607.40000000
1748563200000,0.01220000,0.01227000,0.01089000,0.01101000,222557622.60000000
1748649600000,0.01102000,0.01144000,0.01071000,0.01129000,130864799.50000000
1748736000000,0.01130000,0.01145000,0.01104000,0.01138000,105796754.60000000
1748822400000,0.01138000,0.01181000,0.01120000,0.01178000,81748429.60000000
1748908800000,0.01177000,0.01202000,0.01161000,0.01171000,65404034.90000000
1748995200000,0.01171000,0.01201000,0.01140000,0.01150000,93231160.90000000
1749081600000,0.01150000,0.01229000,0.01055000,0.01077000,369280710.60000000
1749168000000,0.01077000,0.01149000,0.01072000,0.01116000,106613440.30000000
1749254400000,0.01115000,0.01159000,0.01114000,0.01151000,77322080.10000000
1749340800000,0.01152000,0.01165000,0.01143000,0.01153000,55084239.70000000
1749427200000,0.01153000,0.01224000,0.01131000,0.01221000,86545500.60000000
1749513600000,0.01222000,0.01252000,0.01198000,0.01248000,108312525.40000000
1749600000000,0.01249000,0.01249000,0.01186000,0.01198000,84109588.60000000
1749686400000,0.01198000,0.01202000,0.01130000,0.01137000,116192487.40000000
1749772800000,0.01135000,0.01135000,0.01063000,0.01107000,203508716.80000000
1749859200000,0.01107000,0.01110000,0.01076000,0.01108000,58874476.60000000
1749945600000,0.01107000,0.01122000,0.01081000,0.01105000,81198798.80000000
1750032000000,0.01106000,0.01155000,0.01093000,0.01111000,86363442.80000000
1750118400000,0.01111000,0.01127000,0.01062000,0.01073000,105505276.60000000
1750204800000,0.01072000,0.01093000,0.01039000,0.01076000,97956524.30000000
1750291200000,0.01077000,0.01087000,0.01053000,0.01076000,67220452.90000000
1750377600000,0.01077000,0.01100000,0.01032000,0.01055000,100452957.70000000
1750464000000,0.01056000,0.01070000,0.00984000,0.01010000,120648068.50000000
1750550400000,0.01011000,0.01020000,0.00938000,0.00990000,154172301.90000000
1750636800000,0.00990000,0.01090000,0.00986000,0.01086000,128370931.10000000
1750723200000,0.01087000,0.01111000,0.01081000,0.01107000,88602857.40000000
1750809600000,0.01107000,0.01110000,0.01072000,0.01080000,84852020.70000000
1750896000000,0.01081000,0.01100000,0.01046000,0.01057000,71814096.90000000
1750982400000,0.01058000,0.01075000,0.01044000,0.01064000,63556130.90000000
1751068800000,0.01067000,0.01088000,0.01056000,0.01082000,36833069.80000000
1751155200000,0.01084000,0.01120000,0.01069000,0.01113000,55958634.20000000
1751241600000,0.01114000,0.01117000,0.01062000,0.01070000,71947236.30000000
1751328000000,0.01071000,0.01081000,0.01017000,0.01023000,75014534.10000000
1751414400000,0.01023000,0.01123000,0.01016000,0.01106000,95772714.60000000
1751500800000,0.01106000,0.01133000,0.01091000,0.01105000,199049296.40000000
1751587200000,0.01106000,0.01111000,0.01038000,0.01050000,70077270.80000000
1751673600000,0.01050000,0.01059000,0.01020000,0.01039000,44553834.80000000
1751760000000,0.01039000,0.01062000,0.01026000,0.01047000,46920228.50000000
1751846400000,0.01049000,0.01062000,0.01019000,0.01032000,39334358.90000000
1751932800000,0.01032000,0.01069000,0.01024000,0.01065000,37439756.10000000
1752019200000,0.01066000,0.01144000,0.01054000,0.01131000,94297935.90000000
1752105600000,0.01131000,0.01203000,0.01123000,0.01196000,98131767.90000000
1752192000000,0.01197000,0.01258000,0.01180000,0.01224000,195632490.60000000
1752278400000,0.01225000,0.01261000,0.01187000,0.01221000,129949317.30000000
1752364800000,0.01222000,0.01284000,0.01216000,0.01260000,95694903.80000000
1752451200000,0.01260000,0.01310000,0.01211000,0.01231000,97355020.20000000
1752537600000,0.01231000,0.01277000,0.01180000,0.01275000,123139289.50000000
1752624000000,0.01276000,0.01315000,0.01251000,0.01286000,114789612.80000000
1752710400000,0.01286000,0.01310000,0.01247000,0.01293000,110594330.70000000
1752796800000,0.01295000,0.01364000,0.01200000,0.01283000,252106379.30000000
1752883200000,0.01285000,0.01327000,0.01256000,0.01322000,110899143.20000000
1752969600000,0.01322000,0.01390000,0.01309000,0.01360000,146064347.40000000
1753056000000,0.01360000,0.01395000,0.01332000,0.01359000,152442294.50000000
1753142400000,0.01359000,0.01365000,0.01289000,0.01358000,132051576.70000000
1753228800000,0.01358000,0.01358000,0.01197000,0.01237000,196958492.00000000
1753315200000,0.01237000,0.01251000,0.01153000,0.01199000,172548275.20000000
1753401600000,0.01200000,0.01214000,0.01157000,0.01210000,95950608.40000000
1753488000000,0.01209000,0.01233000,0.01203000,0.01213000,49639672.80000000
1753574400000,0.01214000,0.01259000,0.01211000,0.01249000,89580767.40000000
1753660800000,0.01250000,0.01267000,0.01163000,0.01175000,118827816.00000000
1753747200000,0.01175000,0.01215000,0.01148000,0.01172000,113732026.80000000
1753833600000,0.01172000,0.01178000,0.01098000,0.01153000,114353775.00000000
1753920000000,0.01152000,0.01184000,0.01090000,0.01093000,80472000.10000000
1754006400000,0.01092000,0.01101000,0.01027000,0.01063000,183273417.20000000
1754092800000,0.01063000,0.01077000,0.01018000,0.01038000,97545279.90000000
1754179200000,0.01038000,0.01080000,0.01028000,0.01075000,38740694.20000000
1754265600000,0.01075000,0.01130000,0.01073000,0.01125000,77524229.50000000
1754352000000,0.01126000,0.01128000,0.01064000,0.01086000,66037876.40000000
1754438400000,0.01087000,0.01115000,0.01063000,0.01105000,56218474.30000000
1754524800000,0.01106000,0.01150000,0.01096000,0.01149000,74071292.20000000
1754611200000,0.01149000,0.01175000,0.01136000,0.01167000,81736610.40000000
1754697600000,0.01168000,0.01219000,0.01167000,0.01201000,71718270.10000000
1754784000000,0.01201000,0.01223000,0.01165000,0.01195000,84943861.90000000
1754870400000,0.01196000,0.01231000,0.01114000,0.01125000,117702335.20000000
1754956800000,0.01124000,0.01214000,0.01116000,0.01201000,104829284.50000000
1755043200000,0.01202000,0.01257000,0.01189000,0.01248000,137781823.80000000
1755129600000,0.01248000,0.01265000,0.01119000,0.01136000,182060313.30000000
1755216000000,0.01135000,0.01155000,0.01082000,0.01123000,133999584.50000000
1755302400000,0.01121000,0.01170000,0.01120000,0.01157000,60941460.50000000
1755388800000,0.01157000,0.01187000,0.01142000,0.01149000,58563001.10000000
1755475200000,0.01149000,0.01150000,0.01086000,0.01104000,132285363.80000000
1755561600000,0.01103000,0.01122000,0.01067000,0.01074000,118917716.90000000
1755648000000,0.01074000,0.01144000,0.01069000,0.01137000,145276451.90000000
1755734400000,0.01138000,0.01148000,0.01114000,0.01139000,93388815.10000000
1755820800000,0.01139000,0.01227000,0.01106000,0.01213000,315588410.90000000
1755907200000,0.01215000,0.01230000,0.01189000,0.01219000,157867493.40000000
1755993600000,0.01219000,0.01237000,0.01158000,0.01189000,171784679.60000000
1756080000000,0.01190000,0.01228000,0.01096000,0.01112000,217870860.60000000
1756166400000,0.01112000,0.01162000,0.01096000,0.01153000,114168179.00000000
1756252800000,0.01153000,0.01184000,0.01136000,0.01149000,104198865.40000000
1756339200000,0.01149000,0.01223000,0.01134000,0.01184000,195823204.70000000
1756425600000,0.01185000,0.01191000,0.01101000,0.01117000,130175851.50000000
1756512000000,0.01117000,0.01134000,0.01104000,0.01131000,67121161.10000000
1756598400000,0.01130000,0.01172000,0.01121000,0.01122000,87122059.30000000
1756684800000,0.01121000,0.01150000,0.01081000,0.01106000,125969335.00000000
1756771200000,0.01107000,0.01137000,0.01096000,0.01134000,82558707.50000000
1756857600000,0.01135000,0.01154000,0.01116000,0.01146000,65695290.20000000
1756944000000,0.01147000,0.01151000,0.01089000,0.01099000,104762418.30000000
1757030400000,0.01099000,0.01150000,0.01098000,0.01136000,88144416.30000000
1757116800000,0.01137000,0.01146000,0.01117000,0.01120000,47120745.30000000
1757203200000,0.01121000,0.01140000,0.01120000,0.01133000,38324366.60000000
1757289600000,0.01134000,0.01163000,0.01124000,0.01158000,77213514.80000000
1757376000000,0.01158000,0.01213000,0.01147000,0.01192000,206168686.80000000
1757462400000,0.01194000,0.01203000,0.01159000,0.01177000,117212141.10000000
1757548800000,0.01178000,0.01195000,0.01159000,0.01187000,93045788.40000000
1757635200000,0.01188000,0.01212000,0.01161000,0.01208000,101004512.50000000
1757721600000,0.01209000,0.01235000,0.01200000,0.01229000,153412478.90000000
1757808000000,0.01230000,0.01230000,0.01166000,0.01177000,66422957.70000000
1757894400000,0.01177000,0.01190000,0.01122000,0.01139000,90419067.80000000
1757980800000,0.01138000,0.01191000,0.01121000,0.01174000,123572494.70000000
1758067200000,0.01175000,0.01206000,0.01141000,0.01200000,108516840.10000000
1758153600000,0.01201000,0.01227000,0.01187000,0.01218000,89455025.80000000
1758240000000,0.01219000,0.01239000,0.01178000,0.01186000,119321158.90000000
1758326400000,0.01186000,0.01221000,0.01183000,0.01205000,101122047.90000000
1758412800000,0.01205000,0.01211000,0.01169000,0.01171000,76807624.90000000
1758499200000,0.01170000,0.01176000,0.01042000,0.01085000,184211749.70000000
1758585600000,0.01086000,0.01099000,0.01064000,0.01075000,85549411.20000000
1758672000000,0.01075000,0.01112000,0.01059000,0.01083000,134827935.00000000
1758758400000,0.01082000,0.01084000,0.01003000,0.01018000,159916122.00000000
1758844800000,0.01019000,0.01050000,0.01010000,0.01043000,147630305.30000000
1758931200000,0.01044000,0.01075000,0.01020000,0.01041000,75213271.60000000
1759017600000,0.01041000,0.01060000,0.01016000,0.01057000,101324807.30000000
1759104000000,0.01057000,0.01065000,0.01025000,0.01051000,77359281.70000000
1759190400000,0.01051000,0.01054000,0.01004000,0.01037000,123111968.20000000
1759276800000,0.01037000,0.01105000,0.01024000,0.01105000,140914681.60000000
1759363200000,0.01104000,0.01141000,0.01093000,0.01132000,120984098.30000000
1759449600000,0.01132000,0.01151000,0.01101000,0.01128000,76131977.90000000
1759536000000,0.01128000,0.01130000,0.01068000,0.01089000,83159573.70000000
1759622400000,0.01089000,0.01126000,0.01080000,0.01088000,137578790.80000000
1759708800000,0.01088000,0.01131000,0.01081000,0.01118000,77184476.70000000
1759795200000,0.01118000,0.01124000,0.01053000,0.01055000,106093691.80000000
1759881600000,0.01056000,0.01098000,0.01049000,0.01088000,82151909.30000000
1759968000000,0.01088000,0.01090000,0.01037000,0.01063000,86809290.90000000
1760054400000,0.01064000,0.01099000,0.00451000,0.00758000,645860156.60000000
1760140800000,0.00758000,0.00824000,0.00739000,0.00762000,397413282.90000000
1760227200000,0.00761000,0.00854000,0.00753000,0.00837000,178005180.40000000
1760313600000,0.00837000,0.00891000,0.00827000,0.00886000,231637363.50000000
1760400000000,0.00887000,0.00891000,0.00810000,0.00884000,259441479.00000000
1760486400000,0.00884000,0.00906000,0.00831000,0.00846000,173792319.90000000
1760572800000,0.00845000,0.00856000,0.00794000,0.00804000,150534044.50000000
1760659200000,0.00804000,0.00821000,0.00747000,0.00789000,173655373.10000000
1760745600000,0.00790000,0.00805000,0.00783000,0.00802000,58067186.40000000
1760832000000,0.00802000,0.00822000,0.00785000,0.00800000,75451314.80000000
1760918400000,0.00801000,0.00828000,0.00783000,0.00802000,100097983.40000000
1761004800000,0.00802000,0.00838000,0.00776000,0.00788000,90820966.10000000
1761091200000,0.00787000,0.00798000,0.00748000,0.00770000,211080513.20000000
1761177600000,0.00768000,0.00798000,0.00766000,0.00786000,84136269.10000000
1761264000000,0.00786000,0.00806000,0.00780000,0.00802000,67935929.40000000
1761350400000,0.00802000,0.00803000,0.00787000,0.00800000,33984941.60000000
1761436800000,0.00800000,0.00825000,0.00789000,0.00815000,61008281.70000000
1761523200000,0.00815000,0.00828000,0.00786000,0.00792000,93111986.70000000
1761609600000,0.00793000,0.00808000,0.00760000,0.00770000,121656590.30000000
1761696000000,0.00770000,0.00798000,0.00755000,0.00775000,115649256.60000000
1761782400000,0.00775000,0.00787000,0.00707000,0.00726000,134338793.10000000
1761868800000,0.00725000,0.00752000,0.00722000,0.00746000,108226952.50000000
1761955200000,0.00745000,0.00767000,0.00739000,0.00767000,70535866.40000000
1762041600000,0.00767000,0.00785000,0.00745000,0.00784000,95945819.40000000
1762128000000,0.00784000,0.00784000,0.00657000,0.00681000,239570039.80000000
1762214400000,0.00680000,0.00713000,0.00635000,0.00669000,287777649.70000000
1762300800000,0.00668000,0.00703000,0.00633000,0.00697000,148245080.90000000
1762387200000,0.00697000,0.00702000,0.00668000,0.00697000,171316361.00000000
1762473600000,0.00698000,0.00821000,0.00697000,0.00799000,301253788.00000000
1762560000000,0.00800000,0.00819000,0.00757000,0.00792000,121667572.30000000
1762646400000,0.00791000,0.00799000,0.00752000,0.00784000,141733688.50000000
1762732800000,0.00784000,0.00814000,0.00767000,0.00797000,160686213.40000000
1762819200000,0.00798000,0.00824000,0.00739000,0.00742000,462966341.00000000
1762905600000,0.00741000,0.00792000,0.00713000,0.00729000,216374624.00000000
1762992000000,0.00728000,0.00756000,0.00682000,0.00699000,180021814.90000000
1763078400000,0.00698000,0.00714000,0.00668000,0.00689000,183768395.20000000
1763164800000,0.00689000,0.00717000,0.00685000,0.00693000,78231253.00000000
1763251200000,0.00693000,0.00707000,0.00657000,0.00678000,112852781.10000000
1763337600000,0.00678000,0.00703000,0.00643000,0.00659000,159258100.20000000
1763424000000,0.00658000,0.00690000,0.00645000,0.00683000,95534251.40000000
1763510400000,0.00683000,0.00684000,0.00630000,0.00661000,111296458.50000000
1763596800000,0.00660000,0.00682000,0.00610000,0.00629000,168692533.40000000
1763683200000,0.00630000,0.00640000,0.00556000,0.00584000,376174291.80000000
1763769600000,0.00584000,0.00593000,0.00570000,0.00580000,77158252.80000000
1763856000000,0.00580000,0.00602000,0.00578000,0.00588000,91115205.30000000
1763942400000,0.00588000,0.00624000,0.00581000,0.00612000,93777042.80000000
1764028800000,0.00613000,0.00618000,0.00596000,0.00614000,61541216.90000000
1764115200000,0.00615000,0.00615000,0.00583000,0.00598000,60467612.60000000
1764201600000,0.00597000,0.00607000,0.00591000,0.00601000,78474837.00000000
1764288000000,0.00601000,0.00612000,0.00586000,0.00590000,132700466.70000000
1764374400000,0.00591000,0.00597000,0.00574000,0.00576000,70884580.30000000
1764460800000,0.00576000,0.00580000,0.00555000,0.00557000,70757501.30000000
1764547200000,0.00556000,0.00559000,0.00507000,0.00517000,165900584.60000000
1764633600000,0.00517000,0.00560000,0.00509000,0.00551000,149623620.40000000
1764720000000,0.00551000,0.00565000,0.00547000,0.00560000,136767524.20000000
1764806400000,0.00560000,0.00563000,0.00530000,0.00539000,89760789.50000000
1764892800000,0.00539000,0.00544000,0.00501000,0.00515000,184496325.20000000
1764979200000,0.00516000,0.00602000,0.00515000,0.00558000,607599123.90000000
1765065600000,0.00558000,0.00578000,0.00521000,0.00529000,254650813.80000000
1765152000000,0.00528000,0.00551000,0.00526000,0.00532000,120026392.20000000
1765238400000,0.00532000,0.00583000,0.00526000,0.00571000,136633024.60000000
1765324800000,0.00571000,0.00575000,0.00550000,0.00552000,115033996.90000000
1765411200000,0.00551000,0.00552000,0.00522000,0.00539000,138405613.20000000
1765497600000,0.00539000,0.00543000,0.00508000,0.00523000,93225958.50000000
1765584000000,0.00524000,0.00536000,0.00524000,0.00531000,43977039.70000000
1765670400000,0.00530000,0.00531000,0.00502000,0.00507000,60973427.50000000
1765756800000,0.00507000,0.00520000,0.00473000,0.00487000,108472877.80000000
1765843200000,0.00487000,0.00501000,0.00479000,0.00494000,60956538.00000000
1765929600000,0.00493000,0.00501000,0.00460000,0.00464000,129776909.40000000
1766016000000,0.00465000,0.00471000,0.00429000,0.00437000,211063246.80000000
1766102400000,0.00437000,0.00471000,0.00428000,0.00464000,175833661.90000000
1766188800000,0.00464000,0.00473000,0.00462000,0.00468000,71163203.40000000
1766275200000,0.00469000,0.00469000,0.00445000,0.00452000,112543770.00000000
1766361600000,0.00452000,0.00468000,0.00446000,0.00461000,131672838.70000000
1766448000000,0.00461000,0.00467000,0.00446000,0.00457000,76303515.60000000
1766534400000,0.00458000,0.00460000,0.00444000,0.00459000,60373370.20000000
1766620800000,0.00459000,0.00496000,0.00456000,0.00462000,176244758.10000000
1766707200000,0.00460000,0.00477000,0.00456000,0.00469000,105840273.80000000
1766793600000,0.00468000,0.00490000,0.00464000,0.00489000,72756740.40000000
1766880000000,0.00490000,0.00494000,0.00476000,0.00481000,71350329.50000000
1766966400000,0.00481000,0.00494000,0.00472000,0.00476000,81265379.30000000
1767052800000,0.00475000,0.00498000,0.00473000,0.00485000,165523206.50000000
1767139200000,0.00484000,0.00486000,0.00464000,0.00467000,82614082.90000000
1767225600000,0.00467000,0.00508000,0.00465000,0.00504000,118148766.70000000
1767312000000,0.00505000,0.00515000,0.00491000,0.00512000,106559010.40000000
1767398400000,0.00513000,0.00519000,0.00499000,0.00511000,90792402.80000000
1767484800000,0.00511000,0.00528000,0.00511000,0.00518000,135438763.10000000
1767571200000,0.00518000,0.00536000,0.00507000,0.00530000,112702877.10000000
1767657600000,0.00531000,0.00549000,0.00515000,0.00540000,107060454.70000000
1767744000000,0.00541000,0.00555000,0.00512000,0.00520000,170921503.30000000
1767830400000,0.00519000,0.00542000,0.00514000,0.00530000,130080972.50000000
1767916800000,0.00531000,0.00540000,0.00516000,0.00522000,71408884.60000000
1768003200000,0.00522000,0.00544000,0.00514000,0.00530000,94931716.90000000
1768089600000,0.00529000,0.00536000,0.00509000,0.00516000,52087518.40000000
1768176000000,0.00516000,0.00618000,0.00516000,0.00563000,1235806956.20000000
1768262400000,0.00562000,0.00598000,0.00528000,0.00585000,464305150.20000000
1768348800000,0.00586000,0.00594000,0.00560000,0.00567000,214698124.10000000
1768435200000,0.00567000,0.00570000,0.00542000,0.00548000,148838336.00000000
1768521600000,0.00549000,0.00581000,0.00541000,0.00573000,118646112.00000000
1768608000000,0.00574000,0.00609000,0.00571000,0.00588000,163469166.90000000
1768694400000,0.00588000,0.00594000,0.00545000,0.00546000,102702500.20000000
1768780800000,0.00546000,0.00546000,0.00495000,0.00531000,176748361.20000000
1768867200000,0.00530000,0.00536000,0.00488000,0.00496000,140258957.40000000
1768953600000,0.00495000,0.00518000,0.00490000,0.00506000,116071605.20000000
1769040000000,0.00506000,0.00522000,0.00492000,0.00496000,93886797.20000000
1769126400000,0.00496000,0.00511000,0.00489000,0.00495000,58376279.60000000
1769212800000,0.00496000,0.00506000,0.00490000,0.00498000,44245940.40000000
1769299200000,0.00497000,0.00507000,0.00458000,0.00469000,128099783.40000000
1769385600000,0.00468000,0.00493000,0.00468000,0.00488000,78785423.00000000
1769472000000,0.00488000,0.00497000,0.00479000,0.00494000,76157775.40000000
1769558400000,0.00495000,0.00495000,0.00483000,0.00490000,46349358.80000000
1769644800000,0.00490000,0.00495000,0.00445000,0.00457000,94056496.60000000
1769731200000,0.00459000,0.00464000,0.00440000,0.00458000,78875892.20000000
1769817600000,0.00459000,0.00461000,0.00369000,0.00408000,178891062.60000000
1769904000000,0.00410000,0.00424000,0.00395000,0.00402000,131957375.30000000
1769990400000,0.00403000,0.00623000,0.00391000,0.00538000,3739909055.60000000
1770076800000,0.00538000,0.00799000,0.00501000,0.00553000,4726580926.80000000
1770163200000,0.00552000,0.00690000,0.00518000,0.00540000,1907142652.30000000
1770249600000,0.00538000,0.00607000,0.00423000,0.00426000,1413329566.40000000
1770336000000,0.00426000,0.00464000,0.00381000,0.00447000,822698928.60000000
1770422400000,0.00445000,0.00446000,0.00417000,0.00421000,409866483.10000000
1770508800000,0.00420000,0.00541000,0.00336000,0.00452000,2213365113.20000000
1770595200000,0.00452000,0.00496000,0.00429000,0.00441000,1218217976.70000000
1770681600000,0.00440000,0.00451000,0.00412000,0.00423000,458591232.10000000
1770768000000,0.00422000,0.00469000,0.00401000,0.00437000,611787761.90000000
1770854400000,0.00437000,0.00477000,0.00432000,0.00451000,724029763.70000000
1770940800000,0.00451000,0.00462000,0.00439000,0.00457000,345126047.90000000
1771027200000,0.00456000,0.00467000,0.00447000,0.00462000,343070168.90000000
1771113600000,0.00461000,0.00462000,0.00425000,0.00432000,240703076.50000000
1771200000000,0.00432000,0.00440000,0.00424000,0.00436000,124206653.30000000
1771286400000,0.00437000,0.00438000,0.00423000,0.00425000,163690726.70000000
1771372800000,0.00426000,0.00426000,0.00400000,0.00402000,280092033.40000000
1771459200000,0.00401000,0.00419000,0.00391000,0.00402000,306226327.60000000
1771545600000,0.00402000,0.00413000,0.00399000,0.00413000,195662299.60000000
1771632000000,0.00413000,0.00464000,0.00412000,0.00423000,934546413.80000000
1771718400000,0.00422000,0.00422000,0.00400000,0.00407000,222568474.10000000
1771804800000,0.00407000,0.00440000,0.00392000,0.00408000,593609684.00000000
1771891200000,0.00408000,0.00414000,0.00398000,0.00400000,229873420.20000000
1771977600000,0.00400000,0.00447000,0.00399000,0.00433000,355262310.90000000
1772064000000,0.00433000,0.00436000,0.00407000,0.00416000,270417121.70000000
1772150400000,0.00416000,0.00434000,0.00411000,0.00418000,178221195.90000000
1772236800000,0.00417000,0.00421000,0.00390000,0.00418000,199296256.90000000
1772323200000,0.00419000,0.00437000,0.00404000,0.00413000,173612998.10000000
1772409600000,0.00414000,0.00434000,0.00408000,0.00426000,112619399.70000000
1772496000000,0.00426000,0.00430000,0.00404000,0.00410000,96937413.90000000
1772582400000,0.00410000,0.00442000,0.00400000,0.00433000,200282281.10000000
1772668800000,0.00432000,0.00439000,0.00419000,0.00424000,104935883.70000000
1772755200000,0.00425000,0.00442000,0.00405000,0.00415000,250062980.30000000
1772841600000,0.00413000,0.00416000,0.00404000,0.00408000,68702634.50000000
1772928000000,0.00408000,0.00414000,0.00400000,0.00404000,97159374.20000000
1773014400000,0.00405000,0.00416000,0.00403000,0.00408000,96530778.10000000
1773100800000,0.00408000,0.00422000,0.00408000,0.00410000,81024840.00000000
1773187200000,0.00411000,0.00421000,0.00409000,0.00416000,89049025.80000000
1773273600000,0.00417000,0.00430000,0.00408000,0.00423000,99278984.40000000
1773360000000,0.00422000,0.00430000,0.00407000,0.00408000,122664625.90000000
1773446400000,0.00409000,0.00412000,0.00397000,0.00406000,99179210.50000000
1773532800000,0.00406000,0.00429000,0.00404000,0.00424000,207764293.70000000
1773619200000,0.00425000,0.00440000,0.00422000,0.00439000,148546658.70000000
1773705600000,0.00438000,0.00444000,0.00430000,0.00433000,140561593.20000000
1773792000000,0.00434000,0.00477000,0.00406000,0.00415000,1102341410.20000000
1773878400000,0.00415000,0.00421000,0.00408000,0.00415000,176701873.80000000
1773964800000,0.00415000,0.00423000,0.00405000,0.00414000,111076511.90000000
1774051200000,0.00415000,0.00441000,0.00403000,0.00406000,295725321.60000000
1774137600000,0.00404000,0.00405000,0.00383000,0.00391000,127329698.80000000
1774224000000,0.00390000,0.00412000,0.00386000,0.00405000,109989864.90000000
1774310400000,0.00404000,0.00406000,0.00395000,0.00402000,86108702.30000000
1774396800000,0.00403000,0.00406000,0.00397000,0.00403000,67308828.00000000
1774483200000,0.00403000,0.00404000,0.00383000,0.00386000,95194565.70000000
1774569600000,0.00387000,0.00399000,0.00375000,0.00378000,164394119.00000000
1774656000000,0.00379000,0.00389000,0.00373000,0.00376000,275588153.40000000
1774742400000,0.00376000,0.00381000,0.00359000,0.00366000,138627459.30000000
1774828800000,0.00367000,0.00382000,0.00366000,0.00372000,64920639.00000000
1774915200000,0.00373000,0.00383000,0.00367000,0.00383000,61833480.60000000
1775001600000,0.00382000,0.00394000,0.00380000,0.00389000,84359958.10000000
1775088000000,0.00390000,0.00392000,0.00374000,0.00381000,95737525.40000000
1775174400000,0.00381000,0.00394000,0.00379000,0.00390000,73182034.70000000
1775260800000,0.00389000,0.00392000,0.00383000,0.00383000,58539892.10000000
1775347200000,0.00384000,0.00385000,0.00373000,0.00382000,55000315.70000000
1775433600000,0.00383000,0.00392000,0.00378000,0.00382000,64358735.70000000
1775520000000,0.00382000,0.00406000,0.00378000,0.00405000,91508878.80000000
1775606400000,0.00404000,0.00405000,0.00390000,0.00393000,97648631.30000000
1775692800000,0.00392000,0.00399000,0.00388000,0.00394000,109409875.30000000
1775779200000,0.00394000,0.00400000,0.00390000,0.00396000,80074272.20000000
1775865600000,0.00396000,0.00402000,0.00389000,0.00394000,57027149.30000000
1775952000000,0.00395000,0.00404000,0.00379000,0.00381000,152531238.30000000
1776038400000,0.00381000,0.00399000,0.00381000,0.00399000,71756825.80000000
1776124800000,0.00399000,0.00399000,0.00385000,0.00388000,68575124.70000000
1776211200000,0.00389000,0.00399000,0.00388000,0.00395000,48963067.00000000
1776297600000,0.00395000,0.00412000,0.00394000,0.00410000,101140942.10000000
1776384000000,0.00410000,0.00422000,0.00401000,0.00414000,121689677.80000000
1776470400000,0.00414000,0.00421000,0.00400000,0.00403000,87568138.90000000
1776556800000,0.00403000,0.00405000,0.00388000,0.00389000,135080140.70000000
1776643200000,0.00389000,0.00416000,0.00389000,0.00410000,95925091.00000000
1776729600000,0.00409000,0.00410000,0.00398000,0.00405000,131848898.90000000
1776816000000,0.00406000,0.00417000,0.00403000,0.00405000,61878589.40000000
1776902400000,0.00404000,0.00407000,0.00396000,0.00405000,75716262.90000000
1776988800000,0.00407000,0.00420000,0.00402000,0.00415000,89454074.20000000
1777075200000,0.00414000,0.00419000,0.00406000,0.00411000,42071630.70000000
1777161600000,0.00411000,0.00422000,0.00408000,0.00419000,106680202.20000000
1777248000000,0.00418000,0.00422000,0.00401000,0.00408000,114655485.00000000
1777334400000,0.00408000,0.00411000,0.00402000,0.00404000,62534510.50000000
1777420800000,0.00404000,0.00411000,0.00387000,0.00397000,88743737.30000000
1777507200000,0.00398000,0.00401000,0.00392000,0.00394000,52681747.20000000
1777593600000,0.00394000,0.00404000,0.00394000,0.00399000,47357351.70000000
1777680000000,0.00399000,0.00411000,0.00398000,0.00408000,40363815.00000000
1777766400000,0.00408000,0.00411000,0.00402000,0.00408000,41507923.50000000
1777852800000,0.00408000,0.00422000,0.00406000,0.00413000,127697645.00000000
1777939200000,0.00413000,0.00437000,0.00413000,0.00424000,239077560.40000000
1778025600000,0.00423000,0.00475000,0.00422000,0.00440000,753655994.30000000
1778112000000,0.00439000,0.00439000,0.00421000,0.00426000,202650590.00000000
1778198400000,0.00425000,0.00439000,0.00420000,0.00437000,119631209.10000000
1778284800000,0.00437000,0.00441000,0.00426000,0.00429000,111989277.80000000
1778371200000,0.00429000,0.00446000,0.00422000,0.00441000,121545615.60000000
1778457600000,0.00442000,0.00447000,0.00429000,0.00444000,122413042.90000000
1778544000000,0.00444000,0.00446000,0.00423000,0.00429000,135355735.90000000
1778630400000,0.00428000,0.00438000,0.00412000,0.00416000,68427684.00000000
1778716800000,0.00416000,0.00428000,0.00411000,0.00420000,61837388.60000000
1778803200000,0.00419000,0.00424000,0.00397000,0.00402000,53976223.90000000
1778889600000,0.00403000,0.00406000,0.00387000,0.00397000,35914746.40000000
1778976000000,0.00397000,0.00402000,0.00380000,0.00391000,65305805.20000000
1779062400000,0.00389000,0.00397000,0.00385000,0.00395000,44400756.30000000
1779148800000,0.00394000,0.00398000,0.00385000,0.00388000,31531114.00000000
1779235200000,0.00387000,0.00400000,0.00386000,0.00397000,48678967.30000000
1779321600000,0.00396000,0.00407000,0.00396000,0.00402000,55222441.70000000
1779408000000,0.00402000,0.00408000,0.00387000,0.00388000,68408154.60000000
1779494400000,0.00388000,0.00406000,0.00379000,0.00400000,66439048.70000000
1779580800000,0.00400000,0.00401000,0.00384000,0.00388000,55002569.00000000
1779667200000,0.00388000,0.00396000,0.00387000,0.00391000,25843116.90000000
1779753600000,0.00391000,0.00397000,0.00385000,0.00391000,76301461.40000000
1779840000000,0.00391000,0.00395000,0.00382000,0.00385000,64772537.30000000
1779926400000,0.00386000,0.00391000,0.00366000,0.00377000,95019006.70000000
1780012800000,0.00378000,0.00381000,0.00366000,0.00374000,73336480.90000000
1780099200000,0.00375000,0.00384000,0.00375000,0.00379000,25564882.10000000
1780185600000,0.00379000,0.00384000,0.00373000,0.00380000,37832126.90000000
1780272000000,0.00380000,0.00387000,0.00371000,0.00379000,76659032.20000000
1780358400000,0.00378000,0.00379000,0.00340000,0.00353000,76498802.40000000
1780444800000,0.00352000,0.00363000,0.00348000,0.00354000,58656085.10000000
1780531200000,0.00353000,0.00356000,0.00324000,0.00340000,131192456.20000000
1780617600000,0.00340000,0.00341000,0.00295000,0.00305000,505858233.20000000
1780704000000,0.00306000,0.00310000,0.00287000,0.00303000,186701283.30000000
1780790400000,0.00303000,0.00315000,0.00297000,0.00307000,95231286.30000000
1780876800000,0.00307000,0.00316000,0.00300000,0.00312000,122045318.80000000
1780963200000,0.00311000,0.00311000,0.00299000,0.00306000,114645936.40000000
1781049600000,0.00306000,0.00313000,0.00295000,0.00299000,72675175.10000000
1781136000000,0.00300000,0.00317000,0.00299000,0.00314000,56924953.70000000
1781222400000,0.00315000,0.00317000,0.00309000,0.00310000,62264579.80000000
1781308800000,0.00310000,0.00323000,0.00310000,0.00323000,51545536.70000000
1781395200000,0.00324000,0.00328000,0.00313000,0.00326000,44346807.40000000
1781481600000,0.00326000,0.00339000,0.00324000,0.00329000,89577355.10000000
1781568000000,0.00329000,0.00334000,0.00320000,0.00326000,62896565.60000000
1781654400000,0.00326000,0.00333000,0.00320000,0.00326000,58379648.10000000
1781740800000,0.00326000,0.00328000,0.00318000,0.00320000,17316292.70000000
